/Users/yashcomputers/Desktop/Svara/data/combined/Tamil/spoof_0132.wav,spoof
/Users/yashcomputers/Desktop/Svara/data/combined/Telugu/spoof_0063.wav,spoof
/Users/yashcomputers/Desktop/Svara/data/combined/Malayalam/spoof_0000.wav,spoof
/Users/yashcomputers/Desktop/Svara/data/combined/Telugu/bona_0022.wav,bonafide
/Users/yashcomputers/Desktop/Svara/data/combined/Marathi/spoof_0077.wav,spoof
/Users/yashcomputers/Desktop/Svara/data/combined/Telugu/spoof_0097.wav,spoof
/Users/yashcomputers/Desktop/Svara/data/combined/Marathi/spoof_0023.wav,spoof
/Users/yashcomputers/Desktop/Svara/data/combined/Odia/spoof_0107.wav,spoof
/Users/yashcomputers/Desktop/Svara/data/combined/Punjabi/spoof_0062.wav,spoof
/Users/yashcomputers/Desktop/Svara/data/combined/Tamil/bona_0124.wav,bonafide
/Users/yashcomputers/Desktop/Svara/data/combined/Punjabi/bona_0003.wav,bonafide
/Users/yashcomputers/Desktop/Svara/data/combined/Urdu/spoof_0038.wav,spoof
/Users/yashcomputers/Desktop/Svara/data/combined/Malayalam/bona_0034.wav,bonafide
/Users/yashcomputers/Desktop/Svara/data/combined/Hindi/spoof_0065.wav,spoof
/Users/yashcomputers/Desktop/Svara/data/combined/Punjabi/spoof_0008.wav,spoof
/Users/yashcomputers/Desktop/Svara/data/combined/Hindi/spoof_0001.wav,spoof
/Users/yashcomputers/Desktop/Svara/data/combined/Malayalam/bona_0116.wav,bonafide
/Users/yashcomputers/Desktop/Svara/data/combined/Tamil/bona_0135.wav,bonafide
/Users/yashcomputers/Desktop/Svara/data/combined/Bengali/spoof_0111.wav,spoof
/Users/yashcomputers/Desktop/Svara/data/combined/Gujarati/spoof_0148.wav,spoof
/Users/yashcomputers/Desktop/Svara/data/combined/Malayalam/spoof_0040.wav,spoof
/Users/yashcomputers/Desktop/Svara/data/combined/Telugu/spoof_0094.wav,spoof
/Users/yashcomputers/Desktop/Svara/data/combined/Telugu/bona_0004.wav,bonafide
/Users/yashcomputers/Desktop/Svara/data/combined/Odia/bona_0110.wav,bonafide
/Users/yashcomputers/Desktop/Svara/data/combined/Malayalam/spoof_0087.wav,spoof
/Users/yashcomputers/Desktop/Svara/data/combined/Sanskrit/bona_0008.wav,bonafide
/Users/yashcomputers/Desktop/Svara/data/combined/Odia/bona_0059.wav,bonafide
/Users/yashcomputers/Desktop/Svara/data/combined/Bengali/bona_0063.wav,bonafide
/Users/yashcomputers/Desktop/Svara/data/combined/Telugu/spoof_0007.wav,spoof
/Users/yashcomputers/Desktop/Svara/data/combined/Punjabi/spoof_0091.wav,spoof
/Users/yashcomputers/Desktop/Svara/data/combined/Urdu/spoof_0112.wav,spoof
/Users/yashcomputers/Desktop/Svara/data/combined/Odia/bona_0124.wav,bonafide
/Users/yashcomputers/Desktop/Svara/data/combined/Punjabi/bona_0143.wav,bonafide
/Users/yashcomputers/Desktop/Svara/data/combined/Odia/spoof_0091.wav,spoof
/Users/yashcomputers/Desktop/Svara/data/combined/Gujarati/spoof_0007.wav,spoof
/Users/yashcomputers/Desktop/Svara/data/combined/Punjabi/bona_0140.wav,bonafide
/Users/yashcomputers/Desktop/Svara/data/combined/Urdu/spoof_0050.wav,spoof
/Users/yashcomputers/Desktop/Svara/data/combined/Marathi/spoof_0036.wav,spoof
/Users/yashcomputers/Desktop/Svara/data/combined/Telugu/spoof_0113.wav,spoof
/Users/yashcomputers/Desktop/Svara/data/combined/Hindi/bona_0090.wav,bonafide
/Users/yashcomputers/Desktop/Svara/data/combined/Gujarati/bona_0039.wav,bonafide
/Users/yashcomputers/Desktop/Svara/data/combined/Marathi/bona_0083.wav,bonafide
/Users/yashcomputers/Desktop/Svara/data/combined/Bengali/bona_0141.wav,bonafide
/Users/yashcomputers/Desktop/Svara/data/combined/Kannada/bona_0119.wav,bonafide
/Users/yashcomputers/Desktop/Svara/data/combined/Kannada/spoof_0068.wav,spoof
/Users/yashcomputers/Desktop/Svara/data/combined/Gujarati/spoof_0050.wav,spoof
/Users/yashcomputers/Desktop/Svara/data/combined/Telugu/spoof_0095.wav,spoof
/Users/yashcomputers/Desktop/Svara/data/combined/Hindi/bona_0022.wav,bonafide
/Users/yashcomputers/Desktop/Svara/data/combined/Urdu/spoof_0108.wav,spoof
/Users/yashcomputers/Desktop/Svara/data/combined/Marathi/bona_0114.wav,bonafide
/Users/yashcomputers/Desktop/Svara/data/combined/Odia/bona_0062.wav,bonafide
/Users/yashcomputers/Desktop/Svara/data/combined/Sanskrit/spoof_0016.wav,spoof
/Users/yashcomputers/Desktop/Svara/data/combined/Marathi/spoof_0018.wav,spoof
/Users/yashcomputers/Desktop/Svara/data/combined/Punjabi/bona_0023.wav,bonafide
/Users/yashcomputers/Desktop/Svara/data/combined/Bengali/spoof_0117.wav,spoof
/Users/yashcomputers/Desktop/Svara/data/combined/Kannada/bona_0095.wav,bonafide
/Users/yashcomputers/Desktop/Svara/data/combined/Bengali/spoof_0130.wav,spoof
/Users/yashcomputers/Desktop/Svara/data/combined/Hindi/spoof_0105.wav,spoof
/Users/yashcomputers/Desktop/Svara/data/combined/Marathi/spoof_0010.wav,spoof
/Users/yashcomputers/Desktop/Svara/data/combined/Sanskrit/spoof_0013.wav,spoof
/Users/yashcomputers/Desktop/Svara/data/combined/Urdu/spoof_0044.wav,spoof
/Users/yashcomputers/Desktop/Svara/data/combined/Malayalam/bona_0051.wav,bonafide
/Users/yashcomputers/Desktop/Svara/data/combined/Punjabi/spoof_0032.wav,spoof
/Users/yashcomputers/Desktop/Svara/data/combined/Marathi/bona_0111.wav,bonafide
/Users/yashcomputers/Desktop/Svara/data/combined/Sanskrit/spoof_0081.wav,spoof
/Users/yashcomputers/Desktop/Svara/data/combined/Hindi/bona_0005.wav,bonafide
/Users/yashcomputers/Desktop/Svara/data/combined/Gujarati/bona_0138.wav,bonafide
/Users/yashcomputers/Desktop/Svara/data/combined/Hindi/bona_0018.wav,bonafide
/Users/yashcomputers/Desktop/Svara/data/combined/Bengali/spoof_0012.wav,spoof
/Users/yashcomputers/Desktop/Svara/data/combined/Punjabi/bona_0136.wav,bonafide
/Users/yashcomputers/Desktop/Svara/data/combined/Marathi/spoof_0146.wav,spoof
/Users/yashcomputers/Desktop/Svara/data/combined/Kannada/spoof_0024.wav,spoof
/Users/yashcomputers/Desktop/Svara/data/combined/Urdu/spoof_0013.wav,spoof
/Users/yashcomputers/Desktop/Svara/data/combined/Bengali/bona_0084.wav,bonafide
/Users/yashcomputers/Desktop/Svara/data/combined/Odia/bona_0145.wav,bonafide
/Users/yashcomputers/Desktop/Svara/data/combined/Malayalam/bona_0138.wav,bonafide
/Users/yashcomputers/Desktop/Svara/data/combined/Kannada/bona_0008.wav,bonafide
/Users/yashcomputers/Desktop/Svara/data/combined/Kannada/bona_0133.wav,bonafide
/Users/yashcomputers/Desktop/Svara/data/combined/Sanskrit/spoof_0056.wav,spoof
/Users/yashcomputers/Desktop/Svara/data/combined/Sanskrit/bona_0035.wav,bonafide
/Users/yashcomputers/Desktop/Svara/data/combined/Malayalam/bona_0004.wav,bonafide
/Users/yashcomputers/Desktop/Svara/data/combined/Sanskrit/bona_0051.wav,bonafide
/Users/yashcomputers/Desktop/Svara/data/combined/Bengali/spoof_0037.wav,spoof
/Users/yashcomputers/Desktop/Svara/data/combined/Hindi/bona_0064.wav,bonafide
/Users/yashcomputers/Desktop/Svara/data/combined/Malayalam/spoof_0118.wav,spoof
/Users/yashcomputers/Desktop/Svara/data/combined/Sanskrit/spoof_0084.wav,spoof
/Users/yashcomputers/Desktop/Svara/data/combined/Telugu/bona_0099.wav,bonafide
/Users/yashcomputers/Desktop/Svara/data/combined/Odia/spoof_0106.wav,spoof
/Users/yashcomputers/Desktop/Svara/data/combined/Hindi/spoof_0124.wav,spoof
/Users/yashcomputers/Desktop/Svara/data/combined/Gujarati/spoof_0117.wav,spoof
/Users/yashcomputers/Desktop/Svara/data/combined/Sanskrit/spoof_0103.wav,spoof
/Users/yashcomputers/Desktop/Svara/data/combined/Punjabi/spoof_0019.wav,spoof
/Users/yashcomputers/Desktop/Svara/data/combined/Punjabi/bona_0087.wav,bonafide
/Users/yashcomputers/Desktop/Svara/data/combined/Punjabi/bona_0071.wav,bonafide
/Users/yashcomputers/Desktop/Svara/data/combined/Tamil/bona_0048.wav,bonafide
/Users/yashcomputers/Desktop/Svara/data/combined/Gujarati/bona_0123.wav,bonafide
/Users/yashcomputers/Desktop/Svara/data/combined/Kannada/bona_0130.wav,bonafide
/Users/yashcomputers/Desktop/Svara/data/combined/Marathi/spoof_0090.wav,spoof
/Users/yashcomputers/Desktop/Svara/data/combined/Urdu/spoof_0123.wav,spoof
/Users/yashcomputers/Desktop/Svara/data/combined/Malayalam/bona_0103.wav,bonafide
/Users/yashcomputers/Desktop/Svara/data/combined/Punjabi/spoof_0135.wav,spoof
/Users/yashcomputers/Desktop/Svara/data/combined/Hindi/spoof_0106.wav,spoof
/Users/yashcomputers/Desktop/Svara/data/combined/Urdu/spoof_0137.wav,spoof
/Users/yashcomputers/Desktop/Svara/data/combined/Hindi/bona_0007.wav,bonafide
/Users/yashcomputers/Desktop/Svara/data/combined/Tamil/bona_0137.wav,bonafide
/Users/yashcomputers/Desktop/Svara/data/combined/Tamil/bona_0069.wav,bonafide
/Users/yashcomputers/Desktop/Svara/data/combined/Tamil/bona_0016.wav,bonafide
/Users/yashcomputers/Desktop/Svara/data/combined/Punjabi/bona_0133.wav,bonafide
/Users/yashcomputers/Desktop/Svara/data/combined/Sanskrit/bona_0107.wav,bonafide
/Users/yashcomputers/Desktop/Svara/data/combined/Hindi/spoof_0122.wav,spoof
/Users/yashcomputers/Desktop/Svara/data/combined/Sanskrit/bona_0119.wav,bonafide
/Users/yashcomputers/Desktop/Svara/data/combined/Gujarati/spoof_0000.wav,spoof
/Users/yashcomputers/Desktop/Svara/data/combined/Malayalam/bona_0077.wav,bonafide
/Users/yashcomputers/Desktop/Svara/data/combined/Tamil/bona_0144.wav,bonafide
/Users/yashcomputers/Desktop/Svara/data/combined/Gujarati/bona_0088.wav,bonafide
/Users/yashcomputers/Desktop/Svara/data/combined/Sanskrit/spoof_0139.wav,spoof
/Users/yashcomputers/Desktop/Svara/data/combined/Sanskrit/bona_0077.wav,bonafide
/Users/yashcomputers/Desktop/Svara/data/combined/Telugu/spoof_0077.wav,spoof
/Users/yashcomputers/Desktop/Svara/data/combined/Kannada/spoof_0136.wav,spoof
/Users/yashcomputers/Desktop/Svara/data/combined/Gujarati/bona_0142.wav,bonafide
/Users/yashcomputers/Desktop/Svara/data/combined/Urdu/spoof_0016.wav,spoof
/Users/yashcomputers/Desktop/Svara/data/combined/Gujarati/spoof_0081.wav,spoof
/Users/yashcomputers/Desktop/Svara/data/combined/Hindi/spoof_0100.wav,spoof
/Users/yashcomputers/Desktop/Svara/data/combined/Hindi/spoof_0078.wav,spoof
/Users/yashcomputers/Desktop/Svara/data/combined/Punjabi/spoof_0108.wav,spoof
/Users/yashcomputers/Desktop/Svara/data/combined/Bengali/bona_0020.wav,bonafide
/Users/yashcomputers/Desktop/Svara/data/combined/Urdu/bona_0061.wav,bonafide
/Users/yashcomputers/Desktop/Svara/data/combined/Kannada/bona_0035.wav,bonafide
/Users/yashcomputers/Desktop/Svara/data/combined/Malayalam/bona_0127.wav,bonafide
/Users/yashcomputers/Desktop/Svara/data/combined/Hindi/bona_0091.wav,bonafide
/Users/yashcomputers/Desktop/Svara/data/combined/Bengali/spoof_0022.wav,spoof
/Users/yashcomputers/Desktop/Svara/data/combined/Malayalam/bona_0008.wav,bonafide
/Users/yashcomputers/Desktop/Svara/data/combined/Tamil/bona_0126.wav,bonafide
/Users/yashcomputers/Desktop/Svara/data/combined/Odia/spoof_0119.wav,spoof
/Users/yashcomputers/Desktop/Svara/data/combined/Odia/bona_0125.wav,bonafide
/Users/yashcomputers/Desktop/Svara/data/combined/Malayalam/bona_0068.wav,bonafide
/Users/yashcomputers/Desktop/Svara/data/combined/Punjabi/bona_0108.wav,bonafide
/Users/yashcomputers/Desktop/Svara/data/combined/Urdu/bona_0122.wav,bonafide
/Users/yashcomputers/Desktop/Svara/data/combined/Telugu/spoof_0138.wav,spoof
/Users/yashcomputers/Desktop/Svara/data/combined/Telugu/spoof_0119.wav,spoof
/Users/yashcomputers/Desktop/Svara/data/combined/Punjabi/spoof_0068.wav,spoof
/Users/yashcomputers/Desktop/Svara/data/combined/Punjabi/spoof_0002.wav,spoof
/Users/yashcomputers/Desktop/Svara/data/combined/Kannada/spoof_0034.wav,spoof
/Users/yashcomputers/Desktop/Svara/data/combined/Malayalam/spoof_0002.wav,spoof
/Users/yashcomputers/Desktop/Svara/data/combined/Hindi/bona_0099.wav,bonafide
/Users/yashcomputers/Desktop/Svara/data/combined/Malayalam/spoof_0006.wav,spoof
/Users/yashcomputers/Desktop/Svara/data/combined/Malayalam/bona_0084.wav,bonafide
/Users/yashcomputers/Desktop/Svara/data/combined/Kannada/bona_0041.wav,bonafide
/Users/yashcomputers/Desktop/Svara/data/combined/Marathi/spoof_0100.wav,spoof
/Users/yashcomputers/Desktop/Svara/data/combined/Tamil/spoof_0148.wav,spoof
/Users/yashcomputers/Desktop/Svara/data/combined/Bengali/spoof_0032.wav,spoof
/Users/yashcomputers/Desktop/Svara/data/combined/Kannada/bona_0080.wav,bonafide
/Users/yashcomputers/Desktop/Svara/data/combined/Gujarati/bona_0033.wav,bonafide
/Users/yashcomputers/Desktop/Svara/data/combined/Tamil/spoof_0087.wav,spoof
/Users/yashcomputers/Desktop/Svara/data/combined/Telugu/spoof_0136.wav,spoof
/Users/yashcomputers/Desktop/Svara/data/combined/Tamil/bona_0148.wav,bonafide
/Users/yashcomputers/Desktop/Svara/data/combined/Marathi/spoof_0149.wav,spoof
/Users/yashcomputers/Desktop/Svara/data/combined/Odia/bona_0104.wav,bonafide
/Users/yashcomputers/Desktop/Svara/data/combined/Tamil/bona_0060.wav,bonafide
/Users/yashcomputers/Desktop/Svara/data/combined/Odia/bona_0003.wav,bonafide
/Users/yashcomputers/Desktop/Svara/data/combined/Urdu/spoof_0095.wav,spoof
/Users/yashcomputers/Desktop/Svara/data/combined/Urdu/spoof_0055.wav,spoof
/Users/yashcomputers/Desktop/Svara/data/combined/Hindi/bona_0092.wav,bonafide
/Users/yashcomputers/Desktop/Svara/data/combined/Sanskrit/spoof_0052.wav,spoof
/Users/yashcomputers/Desktop/Svara/data/combined/Tamil/bona_0113.wav,bonafide
/Users/yashcomputers/Desktop/Svara/data/combined/Punjabi/bona_0095.wav,bonafide
/Users/yashcomputers/Desktop/Svara/data/combined/Gujarati/spoof_0113.wav,spoof
/Users/yashcomputers/Desktop/Svara/data/combined/Telugu/spoof_0106.wav,spoof
/Users/yashcomputers/Desktop/Svara/data/combined/Telugu/spoof_0110.wav,spoof
/Users/yashcomputers/Desktop/Svara/data/combined/Sanskrit/bona_0046.wav,bonafide
/Users/yashcomputers/Desktop/Svara/data/combined/Tamil/bona_0077.wav,bonafide
/Users/yashcomputers/Desktop/Svara/data/combined/Odia/spoof_0044.wav,spoof
/Users/yashcomputers/Desktop/Svara/data/combined/Odia/bona_0080.wav,bonafide
/Users/yashcomputers/Desktop/Svara/data/combined/Sanskrit/bona_0016.wav,bonafide
/Users/yashcomputers/Desktop/Svara/data/combined/Tamil/spoof_0013.wav,spoof
/Users/yashcomputers/Desktop/Svara/data/combined/Malayalam/bona_0013.wav,bonafide
/Users/yashcomputers/Desktop/Svara/data/combined/Odia/spoof_0115.wav,spoof
/Users/yashcomputers/Desktop/Svara/data/combined/Gujarati/bona_0023.wav,bonafide
/Users/yashcomputers/Desktop/Svara/data/combined/Kannada/bona_0011.wav,bonafide
/Users/yashcomputers/Desktop/Svara/data/combined/Telugu/bona_0002.wav,bonafide
/Users/yashcomputers/Desktop/Svara/data/combined/Malayalam/spoof_0108.wav,spoof
/Users/yashcomputers/Desktop/Svara/data/combined/Gujarati/spoof_0011.wav,spoof
/Users/yashcomputers/Desktop/Svara/data/combined/Urdu/bona_0049.wav,bonafide
/Users/yashcomputers/Desktop/Svara/data/combined/Bengali/bona_0142.wav,bonafide
/Users/yashcomputers/Desktop/Svara/data/combined/Bengali/spoof_0033.wav,spoof
/Users/yashcomputers/Desktop/Svara/data/combined/Urdu/spoof_0042.wav,spoof
/Users/yashcomputers/Desktop/Svara/data/combined/Urdu/bona_0075.wav,bonafide
/Users/yashcomputers/Desktop/Svara/data/combined/Odia/spoof_0090.wav,spoof
/Users/yashcomputers/Desktop/Svara/data/combined/Odia/spoof_0017.wav,spoof
/Users/yashcomputers/Desktop/Svara/data/combined/Urdu/spoof_0129.wav,spoof
/Users/yashcomputers/Desktop/Svara/data/combined/Kannada/bona_0012.wav,bonafide
/Users/yashcomputers/Desktop/Svara/data/combined/Odia/spoof_0036.wav,spoof
/Users/yashcomputers/Desktop/Svara/data/combined/Tamil/spoof_0010.wav,spoof
/Users/yashcomputers/Desktop/Svara/data/combined/Sanskrit/bona_0024.wav,bonafide
/Users/yashcomputers/Desktop/Svara/data/combined/Tamil/spoof_0080.wav,spoof
/Users/yashcomputers/Desktop/Svara/data/combined/Bengali/spoof_0050.wav,spoof
/Users/yashcomputers/Desktop/Svara/data/combined/Sanskrit/bona_0040.wav,bonafide
/Users/yashcomputers/Desktop/Svara/data/combined/Bengali/bona_0053.wav,bonafide
/Users/yashcomputers/Desktop/Svara/data/combined/Hindi/bona_0078.wav,bonafide
/Users/yashcomputers/Desktop/Svara/data/combined/Bengali/spoof_0128.wav,spoof
/Users/yashcomputers/Desktop/Svara/data/combined/Bengali/bona_0037.wav,bonafide
/Users/yashcomputers/Desktop/Svara/data/combined/Telugu/spoof_0101.wav,spoof
/Users/yashcomputers/Desktop/Svara/data/combined/Gujarati/bona_0148.wav,bonafide
/Users/yashcomputers/Desktop/Svara/data/combined/Telugu/bona_0074.wav,bonafide
/Users/yashcomputers/Desktop/Svara/data/combined/Bengali/bona_0047.wav,bonafide
/Users/yashcomputers/Desktop/Svara/data/combined/Gujarati/spoof_0091.wav,spoof
/Users/yashcomputers/Desktop/Svara/data/combined/Urdu/spoof_0105.wav,spoof
/Users/yashcomputers/Desktop/Svara/data/combined/Tamil/bona_0111.wav,bonafide
/Users/yashcomputers/Desktop/Svara/data/combined/Malayalam/spoof_0090.wav,spoof
/Users/yashcomputers/Desktop/Svara/data/combined/Urdu/spoof_0048.wav,spoof
/Users/yashcomputers/Desktop/Svara/data/combined/Tamil/spoof_0114.wav,spoof
/Users/yashcomputers/Desktop/Svara/data/combined/Odia/bona_0042.wav,bonafide
/Users/yashcomputers/Desktop/Svara/data/combined/Odia/bona_0004.wav,bonafide
/Users/yashcomputers/Desktop/Svara/data/combined/Telugu/bona_0003.wav,bonafide
/Users/yashcomputers/Desktop/Svara/data/combined/Telugu/bona_0081.wav,bonafide
/Users/yashcomputers/Desktop/Svara/data/combined/Kannada/bona_0032.wav,bonafide
/Users/yashcomputers/Desktop/Svara/data/combined/Urdu/bona_0067.wav,bonafide
/Users/yashcomputers/Desktop/Svara/data/combined/Urdu/spoof_0088.wav,spoof
/Users/yashcomputers/Desktop/Svara/data/combined/Sanskrit/spoof_0107.wav,spoof
/Users/yashcomputers/Desktop/Svara/data/combined/Urdu/spoof_0057.wav,spoof
/Users/yashcomputers/Desktop/Svara/data/combined/Marathi/spoof_0121.wav,spoof
/Users/yashcomputers/Desktop/Svara/data/combined/Tamil/bona_0050.wav,bonafide
/Users/yashcomputers/Desktop/Svara/data/combined/Urdu/spoof_0110.wav,spoof
/Users/yashcomputers/Desktop/Svara/data/combined/Gujarati/spoof_0076.wav,spoof
/Users/yashcomputers/Desktop/Svara/data/combined/Punjabi/spoof_0010.wav,spoof
/Users/yashcomputers/Desktop/Svara/data/combined/Gujarati/bona_0101.wav,bonafide
/Users/yashcomputers/Desktop/Svara/data/combined/Odia/bona_0025.wav,bonafide
/Users/yashcomputers/Desktop/Svara/data/combined/Tamil/bona_0136.wav,bonafide
/Users/yashcomputers/Desktop/Svara/data/combined/Odia/bona_0118.wav,bonafide
/Users/yashcomputers/Desktop/Svara/data/combined/Telugu/bona_0070.wav,bonafide
/Users/yashcomputers/Desktop/Svara/data/combined/Bengali/bona_0083.wav,bonafide
/Users/yashcomputers/Desktop/Svara/data/combined/Kannada/spoof_0084.wav,spoof
/Users/yashcomputers/Desktop/Svara/data/combined/Kannada/bona_0029.wav,bonafide
/Users/yashcomputers/Desktop/Svara/data/combined/Telugu/spoof_0020.wav,spoof
/Users/yashcomputers/Desktop/Svara/data/combined/Marathi/bona_0065.wav,bonafide
/Users/yashcomputers/Desktop/Svara/data/combined/Gujarati/bona_0104.wav,bonafide
/Users/yashcomputers/Desktop/Svara/data/combined/Marathi/bona_0134.wav,bonafide
/Users/yashcomputers/Desktop/Svara/data/combined/Urdu/spoof_0024.wav,spoof
/Users/yashcomputers/Desktop/Svara/data/combined/Bengali/spoof_0114.wav,spoof
/Users/yashcomputers/Desktop/Svara/data/combined/Punjabi/bona_0002.wav,bonafide
/Users/yashcomputers/Desktop/Svara/data/combined/Hindi/bona_0137.wav,bonafide
/Users/yashcomputers/Desktop/Svara/data/combined/Sanskrit/spoof_0078.wav,spoof
/Users/yashcomputers/Desktop/Svara/data/combined/Tamil/spoof_0124.wav,spoof
/Users/yashcomputers/Desktop/Svara/data/combined/Kannada/spoof_0054.wav,spoof
/Users/yashcomputers/Desktop/Svara/data/combined/Tamil/bona_0021.wav,bonafide
/Users/yashcomputers/Desktop/Svara/data/combined/Tamil/bona_0019.wav,bonafide
/Users/yashcomputers/Desktop/Svara/data/combined/Gujarati/spoof_0018.wav,spoof
/Users/yashcomputers/Desktop/Svara/data/combined/Hindi/bona_0026.wav,bonafide
/Users/yashcomputers/Desktop/Svara/data/combined/Odia/spoof_0025.wav,spoof
/Users/yashcomputers/Desktop/Svara/data/combined/Malayalam/bona_0017.wav,bonafide
/Users/yashcomputers/Desktop/Svara/data/combined/Tamil/bona_0131.wav,bonafide
/Users/yashcomputers/Desktop/Svara/data/combined/Gujarati/bona_0131.wav,bonafide
/Users/yashcomputers/Desktop/Svara/data/combined/Malayalam/spoof_0114.wav,spoof
/Users/yashcomputers/Desktop/Svara/data/combined/Punjabi/spoof_0144.wav,spoof
/Users/yashcomputers/Desktop/Svara/data/combined/Sanskrit/bona_0074.wav,bonafide
/Users/yashcomputers/Desktop/Svara/data/combined/Telugu/spoof_0022.wav,spoof
/Users/yashcomputers/Desktop/Svara/data/combined/Gujarati/spoof_0077.wav,spoof
/Users/yashcomputers/Desktop/Svara/data/combined/Sanskrit/spoof_0112.wav,spoof
/Users/yashcomputers/Desktop/Svara/data/combined/Kannada/spoof_0124.wav,spoof
/Users/yashcomputers/Desktop/Svara/data/combined/Punjabi/bona_0131.wav,bonafide
/Users/yashcomputers/Desktop/Svara/data/combined/Bengali/bona_0030.wav,bonafide
/Users/yashcomputers/Desktop/Svara/data/combined/Gujarati/bona_0127.wav,bonafide
/Users/yashcomputers/Desktop/Svara/data/combined/Punjabi/bona_0007.wav,bonafide
/Users/yashcomputers/Desktop/Svara/data/combined/Marathi/spoof_0020.wav,spoof
/Users/yashcomputers/Desktop/Svara/data/combined/Telugu/bona_0105.wav,bonafide
/Users/yashcomputers/Desktop/Svara/data/combined/Sanskrit/spoof_0019.wav,spoof
/Users/yashcomputers/Desktop/Svara/data/combined/Hindi/bona_0074.wav,bonafide
/Users/yashcomputers/Desktop/Svara/data/combined/Gujarati/bona_0111.wav,bonafide
/Users/yashcomputers/Desktop/Svara/data/combined/Gujarati/bona_0056.wav,bonafide
/Users/yashcomputers/Desktop/Svara/data/combined/Gujarati/bona_0043.wav,bonafide
/Users/yashcomputers/Desktop/Svara/data/combined/Marathi/bona_0098.wav,bonafide
/Users/yashcomputers/Desktop/Svara/data/combined/Hindi/bona_0127.wav,bonafide
/Users/yashcomputers/Desktop/Svara/data/combined/Gujarati/spoof_0056.wav,spoof
/Users/yashcomputers/Desktop/Svara/data/combined/Odia/bona_0069.wav,bonafide
/Users/yashcomputers/Desktop/Svara/data/combined/Hindi/spoof_0025.wav,spoof
/Users/yashcomputers/Desktop/Svara/data/combined/Bengali/bona_0008.wav,bonafide
/Users/yashcomputers/Desktop/Svara/data/combined/Odia/spoof_0018.wav,spoof
/Users/yashcomputers/Desktop/Svara/data/combined/Hindi/bona_0133.wav,bonafide
/Users/yashcomputers/Desktop/Svara/data/combined/Urdu/spoof_0028.wav,spoof
/Users/yashcomputers/Desktop/Svara/data/combined/Punjabi/bona_0089.wav,bonafide
/Users/yashcomputers/Desktop/Svara/data/combined/Odia/spoof_0118.wav,spoof
/Users/yashcomputers/Desktop/Svara/data/combined/Marathi/bona_0062.wav,bonafide
/Users/yashcomputers/Desktop/Svara/data/combined/Punjabi/spoof_0020.wav,spoof
/Users/yashcomputers/Desktop/Svara/data/combined/Malayalam/spoof_0018.wav,spoof
/Users/yashcomputers/Desktop/Svara/data/combined/Sanskrit/spoof_0108.wav,spoof
/Users/yashcomputers/Desktop/Svara/data/combined/Odia/bona_0121.wav,bonafide
/Users/yashcomputers/Desktop/Svara/data/combined/Malayalam/bona_0022.wav,bonafide
/Users/yashcomputers/Desktop/Svara/data/combined/Telugu/spoof_0036.wav,spoof
/Users/yashcomputers/Desktop/Svara/data/combined/Kannada/bona_0071.wav,bonafide
/Users/yashcomputers/Desktop/Svara/data/combined/Tamil/bona_0046.wav,bonafide
/Users/yashcomputers/Desktop/Svara/data/combined/Bengali/bona_0128.wav,bonafide
/Users/yashcomputers/Desktop/Svara/data/combined/Odia/bona_0127.wav,bonafide
/Users/yashcomputers/Desktop/Svara/data/combined/Sanskrit/spoof_0099.wav,spoof
/Users/yashcomputers/Desktop/Svara/data/combined/Telugu/bona_0047.wav,bonafide
/Users/yashcomputers/Desktop/Svara/data/combined/Kannada/spoof_0012.wav,spoof
/Users/yashcomputers/Desktop/Svara/data/combined/Telugu/spoof_0105.wav,spoof
/Users/yashcomputers/Desktop/Svara/data/combined/Marathi/spoof_0071.wav,spoof
/Users/yashcomputers/Desktop/Svara/data/combined/Sanskrit/bona_0085.wav,bonafide
/Users/yashcomputers/Desktop/Svara/data/combined/Sanskrit/bona_0135.wav,bonafide
/Users/yashcomputers/Desktop/Svara/data/combined/Punjabi/bona_0042.wav,bonafide
/Users/yashcomputers/Desktop/Svara/data/combined/Marathi/spoof_0109.wav,spoof
/Users/yashcomputers/Desktop/Svara/data/combined/Punjabi/bona_0119.wav,bonafide
/Users/yashcomputers/Desktop/Svara/data/combined/Tamil/spoof_0111.wav,spoof
/Users/yashcomputers/Desktop/Svara/data/combined/Bengali/bona_0095.wav,bonafide
/Users/yashcomputers/Desktop/Svara/data/combined/Malayalam/bona_0002.wav,bonafide
/Users/yashcomputers/Desktop/Svara/data/combined/Hindi/spoof_0099.wav,spoof
/Users/yashcomputers/Desktop/Svara/data/combined/Urdu/spoof_0003.wav,spoof
/Users/yashcomputers/Desktop/Svara/data/combined/Marathi/bona_0135.wav,bonafide
/Users/yashcomputers/Desktop/Svara/data/combined/Odia/bona_0077.wav,bonafide
/Users/yashcomputers/Desktop/Svara/data/combined/Sanskrit/spoof_0120.wav,spoof
/Users/yashcomputers/Desktop/Svara/data/combined/Punjabi/spoof_0121.wav,spoof
/Users/yashcomputers/Desktop/Svara/data/combined/Hindi/spoof_0098.wav,spoof
/Users/yashcomputers/Desktop/Svara/data/combined/Punjabi/spoof_0072.wav,spoof
/Users/yashcomputers/Desktop/Svara/data/combined/Malayalam/bona_0049.wav,bonafide
/Users/yashcomputers/Desktop/Svara/data/combined/Hindi/spoof_0063.wav,spoof
/Users/yashcomputers/Desktop/Svara/data/combined/Telugu/spoof_0104.wav,spoof
/Users/yashcomputers/Desktop/Svara/data/combined/Kannada/bona_0086.wav,bonafide
/Users/yashcomputers/Desktop/Svara/data/combined/Tamil/spoof_0012.wav,spoof
/Users/yashcomputers/Desktop/Svara/data/combined/Odia/bona_0103.wav,bonafide
/Users/yashcomputers/Desktop/Svara/data/combined/Sanskrit/bona_0037.wav,bonafide
/Users/yashcomputers/Desktop/Svara/data/combined/Punjabi/bona_0031.wav,bonafide
/Users/yashcomputers/Desktop/Svara/data/combined/Tamil/spoof_0107.wav,spoof
/Users/yashcomputers/Desktop/Svara/data/combined/Marathi/bona_0143.wav,bonafide
/Users/yashcomputers/Desktop/Svara/data/combined/Malayalam/spoof_0132.wav,spoof
/Users/yashcomputers/Desktop/Svara/data/combined/Tamil/spoof_0019.wav,spoof
/Users/yashcomputers/Desktop/Svara/data/combined/Hindi/spoof_0120.wav,spoof
/Users/yashcomputers/Desktop/Svara/data/combined/Tamil/spoof_0003.wav,spoof
/Users/yashcomputers/Desktop/Svara/data/combined/Malayalam/spoof_0016.wav,spoof
/Users/yashcomputers/Desktop/Svara/data/combined/Kannada/spoof_0149.wav,spoof
/Users/yashcomputers/Desktop/Svara/data/combined/Bengali/spoof_0019.wav,spoof
/Users/yashcomputers/Desktop/Svara/data/combined/Hindi/spoof_0111.wav,spoof
/Users/yashcomputers/Desktop/Svara/data/combined/Kannada/spoof_0138.wav,spoof
/Users/yashcomputers/Desktop/Svara/data/combined/Telugu/spoof_0135.wav,spoof
/Users/yashcomputers/Desktop/Svara/data/combined/Odia/spoof_0042.wav,spoof
/Users/yashcomputers/Desktop/Svara/data/combined/Odia/spoof_0068.wav,spoof
/Users/yashcomputers/Desktop/Svara/data/combined/Tamil/spoof_0129.wav,spoof
/Users/yashcomputers/Desktop/Svara/data/combined/Odia/bona_0082.wav,bonafide
/Users/yashcomputers/Desktop/Svara/data/combined/Sanskrit/spoof_0106.wav,spoof
/Users/yashcomputers/Desktop/Svara/data/combined/Bengali/spoof_0093.wav,spoof
/Users/yashcomputers/Desktop/Svara/data/combined/Punjabi/bona_0061.wav,bonafide
/Users/yashcomputers/Desktop/Svara/data/combined/Gujarati/spoof_0095.wav,spoof
/Users/yashcomputers/Desktop/Svara/data/combined/Marathi/bona_0001.wav,bonafide
/Users/yashcomputers/Desktop/Svara/data/combined/Tamil/spoof_0076.wav,spoof
/Users/yashcomputers/Desktop/Svara/data/combined/Punjabi/bona_0054.wav,bonafide
/Users/yashcomputers/Desktop/Svara/data/combined/Tamil/bona_0120.wav,bonafide
/Users/yashcomputers/Desktop/Svara/data/combined/Marathi/spoof_0021.wav,spoof
/Users/yashcomputers/Desktop/Svara/data/combined/Kannada/spoof_0052.wav,spoof
/Users/yashcomputers/Desktop/Svara/data/combined/Tamil/spoof_0016.wav,spoof
/Users/yashcomputers/Desktop/Svara/data/combined/Marathi/spoof_0112.wav,spoof
/Users/yashcomputers/Desktop/Svara/data/combined/Marathi/spoof_0044.wav,spoof
/Users/yashcomputers/Desktop/Svara/data/combined/Bengali/spoof_0023.wav,spoof
/Users/yashcomputers/Desktop/Svara/data/combined/Urdu/spoof_0033.wav,spoof
/Users/yashcomputers/Desktop/Svara/data/combined/Hindi/bona_0008.wav,bonafide
/Users/yashcomputers/Desktop/Svara/data/combined/Kannada/spoof_0004.wav,spoof
/Users/yashcomputers/Desktop/Svara/data/combined/Malayalam/spoof_0049.wav,spoof
/Users/yashcomputers/Desktop/Svara/data/combined/Marathi/bona_0118.wav,bonafide
/Users/yashcomputers/Desktop/Svara/data/combined/Kannada/bona_0099.wav,bonafide
/Users/yashcomputers/Desktop/Svara/data/combined/Hindi/spoof_0144.wav,spoof
/Users/yashcomputers/Desktop/Svara/data/combined/Malayalam/bona_0040.wav,bonafide
/Users/yashcomputers/Desktop/Svara/data/combined/Bengali/spoof_0000.wav,spoof
/Users/yashcomputers/Desktop/Svara/data/combined/Malayalam/bona_0057.wav,bonafide
/Users/yashcomputers/Desktop/Svara/data/combined/Sanskrit/spoof_0070.wav,spoof
/Users/yashcomputers/Desktop/Svara/data/combined/Kannada/bona_0091.wav,bonafide
/Users/yashcomputers/Desktop/Svara/data/combined/Kannada/spoof_0118.wav,spoof
/Users/yashcomputers/Desktop/Svara/data/combined/Telugu/bona_0017.wav,bonafide
/Users/yashcomputers/Desktop/Svara/data/combined/Gujarati/bona_0032.wav,bonafide
/Users/yashcomputers/Desktop/Svara/data/combined/Malayalam/bona_0079.wav,bonafide
/Users/yashcomputers/Desktop/Svara/data/combined/Sanskrit/bona_0134.wav,bonafide
/Users/yashcomputers/Desktop/Svara/data/combined/Sanskrit/spoof_0094.wav,spoof
/Users/yashcomputers/Desktop/Svara/data/combined/Urdu/spoof_0092.wav,spoof
/Users/yashcomputers/Desktop/Svara/data/combined/Gujarati/spoof_0138.wav,spoof
/Users/yashcomputers/Desktop/Svara/data/combined/Hindi/spoof_0022.wav,spoof
/Users/yashcomputers/Desktop/Svara/data/combined/Bengali/bona_0066.wav,bonafide
/Users/yashcomputers/Desktop/Svara/data/combined/Punjabi/bona_0060.wav,bonafide
/Users/yashcomputers/Desktop/Svara/data/combined/Hindi/bona_0009.wav,bonafide
/Users/yashcomputers/Desktop/Svara/data/combined/Marathi/spoof_0085.wav,spoof
/Users/yashcomputers/Desktop/Svara/data/combined/Urdu/bona_0147.wav,bonafide
/Users/yashcomputers/Desktop/Svara/data/combined/Odia/bona_0081.wav,bonafide
/Users/yashcomputers/Desktop/Svara/data/combined/Urdu/spoof_0023.wav,spoof
/Users/yashcomputers/Desktop/Svara/data/combined/Hindi/bona_0094.wav,bonafide
/Users/yashcomputers/Desktop/Svara/data/combined/Gujarati/bona_0140.wav,bonafide
/Users/yashcomputers/Desktop/Svara/data/combined/Punjabi/spoof_0007.wav,spoof
/Users/yashcomputers/Desktop/Svara/data/combined/Kannada/bona_0068.wav,bonafide
/Users/yashcomputers/Desktop/Svara/data/combined/Bengali/bona_0101.wav,bonafide
/Users/yashcomputers/Desktop/Svara/data/combined/Tamil/spoof_0093.wav,spoof
/Users/yashcomputers/Desktop/Svara/data/combined/Malayalam/bona_0007.wav,bonafide
/Users/yashcomputers/Desktop/Svara/data/combined/Kannada/bona_0139.wav,bonafide
/Users/yashcomputers/Desktop/Svara/data/combined/Marathi/bona_0101.wav,bonafide
/Users/yashcomputers/Desktop/Svara/data/combined/Sanskrit/bona_0133.wav,bonafide
/Users/yashcomputers/Desktop/Svara/data/combined/Hindi/spoof_0090.wav,spoof
/Users/yashcomputers/Desktop/Svara/data/combined/Marathi/bona_0080.wav,bonafide
/Users/yashcomputers/Desktop/Svara/data/combined/Gujarati/bona_0089.wav,bonafide
/Users/yashcomputers/Desktop/Svara/data/combined/Odia/bona_0084.wav,bonafide
/Users/yashcomputers/Desktop/Svara/data/combined/Tamil/spoof_0116.wav,spoof
/Users/yashcomputers/Desktop/Svara/data/combined/Marathi/spoof_0029.wav,spoof
/Users/yashcomputers/Desktop/Svara/data/combined/Kannada/spoof_0008.wav,spoof
/Users/yashcomputers/Desktop/Svara/data/combined/Kannada/spoof_0128.wav,spoof
/Users/yashcomputers/Desktop/Svara/data/combined/Gujarati/spoof_0029.wav,spoof
/Users/yashcomputers/Desktop/Svara/data/combined/Sanskrit/bona_0063.wav,bonafide
/Users/yashcomputers/Desktop/Svara/data/combined/Hindi/bona_0068.wav,bonafide
/Users/yashcomputers/Desktop/Svara/data/combined/Malayalam/bona_0128.wav,bonafide
/Users/yashcomputers/Desktop/Svara/data/combined/Punjabi/spoof_0114.wav,spoof
/Users/yashcomputers/Desktop/Svara/data/combined/Gujarati/bona_0080.wav,bonafide
/Users/yashcomputers/Desktop/Svara/data/combined/Gujarati/bona_0103.wav,bonafide
/Users/yashcomputers/Desktop/Svara/data/combined/Odia/spoof_0096.wav,spoof
/Users/yashcomputers/Desktop/Svara/data/combined/Malayalam/bona_0088.wav,bonafide
/Users/yashcomputers/Desktop/Svara/data/combined/Tamil/bona_0085.wav,bonafide
/Users/yashcomputers/Desktop/Svara/data/combined/Malayalam/spoof_0054.wav,spoof
/Users/yashcomputers/Desktop/Svara/data/combined/Gujarati/bona_0054.wav,bonafide
/Users/yashcomputers/Desktop/Svara/data/combined/Urdu/spoof_0115.wav,spoof
/Users/yashcomputers/Desktop/Svara/data/combined/Odia/bona_0086.wav,bonafide
/Users/yashcomputers/Desktop/Svara/data/combined/Bengali/spoof_0065.wav,spoof
/Users/yashcomputers/Desktop/Svara/data/combined/Hindi/bona_0116.wav,bonafide
/Users/yashcomputers/Desktop/Svara/data/combined/Tamil/spoof_0079.wav,spoof
/Users/yashcomputers/Desktop/Svara/data/combined/Hindi/spoof_0107.wav,spoof
/Users/yashcomputers/Desktop/Svara/data/combined/Odia/bona_0098.wav,bonafide
/Users/yashcomputers/Desktop/Svara/data/combined/Malayalam/bona_0095.wav,bonafide
/Users/yashcomputers/Desktop/Svara/data/combined/Urdu/spoof_0124.wav,spoof
/Users/yashcomputers/Desktop/Svara/data/combined/Odia/bona_0113.wav,bonafide
/Users/yashcomputers/Desktop/Svara/data/combined/Tamil/spoof_0042.wav,spoof
/Users/yashcomputers/Desktop/Svara/data/combined/Malayalam/spoof_0041.wav,spoof
/Users/yashcomputers/Desktop/Svara/data/combined/Malayalam/bona_0073.wav,bonafide
/Users/yashcomputers/Desktop/Svara/data/combined/Hindi/spoof_0128.wav,spoof
/Users/yashcomputers/Desktop/Svara/data/combined/Tamil/bona_0023.wav,bonafide
/Users/yashcomputers/Desktop/Svara/data/combined/Kannada/spoof_0013.wav,spoof
/Users/yashcomputers/Desktop/Svara/data/combined/Punjabi/spoof_0122.wav,spoof
/Users/yashcomputers/Desktop/Svara/data/combined/Punjabi/bona_0100.wav,bonafide
/Users/yashcomputers/Desktop/Svara/data/combined/Sanskrit/bona_0005.wav,bonafide
/Users/yashcomputers/Desktop/Svara/data/combined/Urdu/spoof_0011.wav,spoof
/Users/yashcomputers/Desktop/Svara/data/combined/Telugu/spoof_0074.wav,spoof
/Users/yashcomputers/Desktop/Svara/data/combined/Sanskrit/spoof_0009.wav,spoof
/Users/yashcomputers/Desktop/Svara/data/combined/Odia/bona_0117.wav,bonafide
/Users/yashcomputers/Desktop/Svara/data/combined/Kannada/spoof_0132.wav,spoof
/Users/yashcomputers/Desktop/Svara/data/combined/Tamil/bona_0011.wav,bonafide
/Users/yashcomputers/Desktop/Svara/data/combined/Urdu/bona_0041.wav,bonafide
/Users/yashcomputers/Desktop/Svara/data/combined/Malayalam/bona_0112.wav,bonafide
/Users/yashcomputers/Desktop/Svara/data/combined/Odia/spoof_0085.wav,spoof
/Users/yashcomputers/Desktop/Svara/data/combined/Malayalam/bona_0120.wav,bonafide
/Users/yashcomputers/Desktop/Svara/data/combined/Telugu/bona_0011.wav,bonafide
/Users/yashcomputers/Desktop/Svara/data/combined/Marathi/bona_0025.wav,bonafide
/Users/yashcomputers/Desktop/Svara/data/combined/Sanskrit/spoof_0042.wav,spoof
/Users/yashcomputers/Desktop/Svara/data/combined/Kannada/bona_0143.wav,bonafide
/Users/yashcomputers/Desktop/Svara/data/combined/Punjabi/bona_0105.wav,bonafide
/Users/yashcomputers/Desktop/Svara/data/combined/Tamil/bona_0036.wav,bonafide
/Users/yashcomputers/Desktop/Svara/data/combined/Telugu/spoof_0109.wav,spoof
/Users/yashcomputers/Desktop/Svara/data/combined/Kannada/bona_0037.wav,bonafide
/Users/yashcomputers/Desktop/Svara/data/combined/Hindi/spoof_0095.wav,spoof
/Users/yashcomputers/Desktop/Svara/data/combined/Sanskrit/spoof_0024.wav,spoof
/Users/yashcomputers/Desktop/Svara/data/combined/Tamil/bona_0063.wav,bonafide
/Users/yashcomputers/Desktop/Svara/data/combined/Gujarati/spoof_0069.wav,spoof
/Users/yashcomputers/Desktop/Svara/data/combined/Kannada/spoof_0058.wav,spoof
/Users/yashcomputers/Desktop/Svara/data/combined/Sanskrit/spoof_0014.wav,spoof
/Users/yashcomputers/Desktop/Svara/data/combined/Odia/bona_0070.wav,bonafide
/Users/yashcomputers/Desktop/Svara/data/combined/Gujarati/bona_0060.wav,bonafide
/Users/yashcomputers/Desktop/Svara/data/combined/Sanskrit/bona_0025.wav,bonafide
/Users/yashcomputers/Desktop/Svara/data/combined/Marathi/bona_0124.wav,bonafide
/Users/yashcomputers/Desktop/Svara/data/combined/Sanskrit/bona_0049.wav,bonafide
/Users/yashcomputers/Desktop/Svara/data/combined/Bengali/bona_0002.wav,bonafide
/Users/yashcomputers/Desktop/Svara/data/combined/Tamil/spoof_0030.wav,spoof
/Users/yashcomputers/Desktop/Svara/data/combined/Sanskrit/spoof_0044.wav,spoof
/Users/yashcomputers/Desktop/Svara/data/combined/Urdu/spoof_0136.wav,spoof
/Users/yashcomputers/Desktop/Svara/data/combined/Malayalam/spoof_0112.wav,spoof
/Users/yashcomputers/Desktop/Svara/data/combined/Bengali/bona_0045.wav,bonafide
/Users/yashcomputers/Desktop/Svara/data/combined/Gujarati/spoof_0087.wav,spoof
/Users/yashcomputers/Desktop/Svara/data/combined/Telugu/spoof_0147.wav,spoof
/Users/yashcomputers/Desktop/Svara/data/combined/Gujarati/spoof_0132.wav,spoof
/Users/yashcomputers/Desktop/Svara/data/combined/Kannada/spoof_0074.wav,spoof
/Users/yashcomputers/Desktop/Svara/data/combined/Hindi/spoof_0115.wav,spoof
/Users/yashcomputers/Desktop/Svara/data/combined/Gujarati/bona_0107.wav,bonafide
/Users/yashcomputers/Desktop/Svara/data/combined/Urdu/bona_0014.wav,bonafide
/Users/yashcomputers/Desktop/Svara/data/combined/Sanskrit/bona_0091.wav,bonafide
/Users/yashcomputers/Desktop/Svara/data/combined/Punjabi/spoof_0147.wav,spoof
/Users/yashcomputers/Desktop/Svara/data/combined/Urdu/spoof_0146.wav,spoof
/Users/yashcomputers/Desktop/Svara/data/combined/Odia/spoof_0048.wav,spoof
/Users/yashcomputers/Desktop/Svara/data/combined/Bengali/spoof_0081.wav,spoof
/Users/yashcomputers/Desktop/Svara/data/combined/Sanskrit/spoof_0118.wav,spoof
/Users/yashcomputers/Desktop/Svara/data/combined/Urdu/spoof_0139.wav,spoof
/Users/yashcomputers/Desktop/Svara/data/combined/Hindi/bona_0134.wav,bonafide
/Users/yashcomputers/Desktop/Svara/data/combined/Punjabi/bona_0064.wav,bonafide
/Users/yashcomputers/Desktop/Svara/data/combined/Telugu/spoof_0145.wav,spoof
/Users/yashcomputers/Desktop/Svara/data/combined/Punjabi/bona_0027.wav,bonafide
/Users/yashcomputers/Desktop/Svara/data/combined/Marathi/spoof_0148.wav,spoof
/Users/yashcomputers/Desktop/Svara/data/combined/Kannada/spoof_0030.wav,spoof
/Users/yashcomputers/Desktop/Svara/data/combined/Malayalam/spoof_0139.wav,spoof
/Users/yashcomputers/Desktop/Svara/data/combined/Urdu/bona_0009.wav,bonafide
/Users/yashcomputers/Desktop/Svara/data/combined/Sanskrit/bona_0121.wav,bonafide
/Users/yashcomputers/Desktop/Svara/data/combined/Odia/spoof_0027.wav,spoof
/Users/yashcomputers/Desktop/Svara/data/combined/Sanskrit/bona_0036.wav,bonafide
/Users/yashcomputers/Desktop/Svara/data/combined/Punjabi/spoof_0095.wav,spoof
/Users/yashcomputers/Desktop/Svara/data/combined/Sanskrit/spoof_0134.wav,spoof
/Users/yashcomputers/Desktop/Svara/data/combined/Bengali/bona_0041.wav,bonafide
/Users/yashcomputers/Desktop/Svara/data/combined/Telugu/bona_0133.wav,bonafide
/Users/yashcomputers/Desktop/Svara/data/combined/Punjabi/bona_0085.wav,bonafide
/Users/yashcomputers/Desktop/Svara/data/combined/Kannada/bona_0061.wav,bonafide
/Users/yashcomputers/Desktop/Svara/data/combined/Hindi/spoof_0010.wav,spoof
/Users/yashcomputers/Desktop/Svara/data/combined/Sanskrit/spoof_0123.wav,spoof
/Users/yashcomputers/Desktop/Svara/data/combined/Hindi/bona_0002.wav,bonafide
/Users/yashcomputers/Desktop/Svara/data/combined/Hindi/spoof_0110.wav,spoof
/Users/yashcomputers/Desktop/Svara/data/combined/Sanskrit/spoof_0039.wav,spoof
/Users/yashcomputers/Desktop/Svara/data/combined/Bengali/bona_0127.wav,bonafide
/Users/yashcomputers/Desktop/Svara/data/combined/Bengali/bona_0059.wav,bonafide
/Users/yashcomputers/Desktop/Svara/data/combined/Gujarati/spoof_0036.wav,spoof
/Users/yashcomputers/Desktop/Svara/data/combined/Bengali/bona_0050.wav,bonafide
/Users/yashcomputers/Desktop/Svara/data/combined/Marathi/spoof_0072.wav,spoof
/Users/yashcomputers/Desktop/Svara/data/combined/Malayalam/spoof_0023.wav,spoof
/Users/yashcomputers/Desktop/Svara/data/combined/Bengali/spoof_0086.wav,spoof
/Users/yashcomputers/Desktop/Svara/data/combined/Malayalam/bona_0126.wav,bonafide
/Users/yashcomputers/Desktop/Svara/data/combined/Odia/bona_0019.wav,bonafide
/Users/yashcomputers/Desktop/Svara/data/combined/Sanskrit/bona_0115.wav,bonafide
/Users/yashcomputers/Desktop/Svara/data/combined/Bengali/bona_0125.wav,bonafide
/Users/yashcomputers/Desktop/Svara/data/combined/Marathi/bona_0092.wav,bonafide
/Users/yashcomputers/Desktop/Svara/data/combined/Kannada/spoof_0023.wav,spoof
/Users/yashcomputers/Desktop/Svara/data/combined/Urdu/bona_0089.wav,bonafide
/Users/yashcomputers/Desktop/Svara/data/combined/Gujarati/bona_0007.wav,bonafide
/Users/yashcomputers/Desktop/Svara/data/combined/Odia/bona_0096.wav,bonafide
/Users/yashcomputers/Desktop/Svara/data/combined/Bengali/spoof_0127.wav,spoof
/Users/yashcomputers/Desktop/Svara/data/combined/Urdu/bona_0074.wav,bonafide
/Users/yashcomputers/Desktop/Svara/data/combined/Hindi/spoof_0061.wav,spoof
/Users/yashcomputers/Desktop/Svara/data/combined/Tamil/bona_0027.wav,bonafide
/Users/yashcomputers/Desktop/Svara/data/combined/Kannada/spoof_0038.wav,spoof
/Users/yashcomputers/Desktop/Svara/data/combined/Gujarati/spoof_0142.wav,spoof
/Users/yashcomputers/Desktop/Svara/data/combined/Urdu/spoof_0045.wav,spoof
/Users/yashcomputers/Desktop/Svara/data/combined/Kannada/bona_0135.wav,bonafide
/Users/yashcomputers/Desktop/Svara/data/combined/Telugu/spoof_0067.wav,spoof
/Users/yashcomputers/Desktop/Svara/data/combined/Urdu/spoof_0148.wav,spoof
/Users/yashcomputers/Desktop/Svara/data/combined/Sanskrit/spoof_0148.wav,spoof
/Users/yashcomputers/Desktop/Svara/data/combined/Sanskrit/spoof_0088.wav,spoof
/Users/yashcomputers/Desktop/Svara/data/combined/Tamil/bona_0045.wav,bonafide
/Users/yashcomputers/Desktop/Svara/data/combined/Tamil/bona_0015.wav,bonafide
/Users/yashcomputers/Desktop/Svara/data/combined/Bengali/spoof_0089.wav,spoof
/Users/yashcomputers/Desktop/Svara/data/combined/Gujarati/spoof_0053.wav,spoof
/Users/yashcomputers/Desktop/Svara/data/combined/Gujarati/spoof_0019.wav,spoof
/Users/yashcomputers/Desktop/Svara/data/combined/Hindi/bona_0122.wav,bonafide
/Users/yashcomputers/Desktop/Svara/data/combined/Kannada/spoof_0035.wav,spoof
/Users/yashcomputers/Desktop/Svara/data/combined/Urdu/spoof_0012.wav,spoof
/Users/yashcomputers/Desktop/Svara/data/combined/Odia/bona_0001.wav,bonafide
/Users/yashcomputers/Desktop/Svara/data/combined/Sanskrit/spoof_0067.wav,spoof
/Users/yashcomputers/Desktop/Svara/data/combined/Bengali/bona_0067.wav,bonafide
/Users/yashcomputers/Desktop/Svara/data/combined/Urdu/bona_0106.wav,bonafide
/Users/yashcomputers/Desktop/Svara/data/combined/Gujarati/spoof_0071.wav,spoof
/Users/yashcomputers/Desktop/Svara/data/combined/Hindi/spoof_0056.wav,spoof
/Users/yashcomputers/Desktop/Svara/data/combined/Marathi/bona_0084.wav,bonafide
/Users/yashcomputers/Desktop/Svara/data/combined/Hindi/bona_0030.wav,bonafide
/Users/yashcomputers/Desktop/Svara/data/combined/Marathi/spoof_0034.wav,spoof
/Users/yashcomputers/Desktop/Svara/data/combined/Punjabi/spoof_0134.wav,spoof
/Users/yashcomputers/Desktop/Svara/data/combined/Bengali/bona_0088.wav,bonafide
/Users/yashcomputers/Desktop/Svara/data/combined/Punjabi/spoof_0102.wav,spoof
/Users/yashcomputers/Desktop/Svara/data/combined/Gujarati/spoof_0078.wav,spoof
/Users/yashcomputers/Desktop/Svara/data/combined/Kannada/bona_0016.wav,bonafide
/Users/yashcomputers/Desktop/Svara/data/combined/Bengali/bona_0120.wav,bonafide
/Users/yashcomputers/Desktop/Svara/data/combined/Punjabi/spoof_0055.wav,spoof
/Users/yashcomputers/Desktop/Svara/data/combined/Hindi/spoof_0131.wav,spoof
/Users/yashcomputers/Desktop/Svara/data/combined/Telugu/spoof_0085.wav,spoof
/Users/yashcomputers/Desktop/Svara/data/combined/Malayalam/spoof_0047.wav,spoof
/Users/yashcomputers/Desktop/Svara/data/combined/Tamil/spoof_0027.wav,spoof
/Users/yashcomputers/Desktop/Svara/data/combined/Kannada/spoof_0037.wav,spoof
/Users/yashcomputers/Desktop/Svara/data/combined/Gujarati/bona_0050.wav,bonafide
/Users/yashcomputers/Desktop/Svara/data/combined/Sanskrit/bona_0033.wav,bonafide
/Users/yashcomputers/Desktop/Svara/data/combined/Sanskrit/bona_0052.wav,bonafide
/Users/yashcomputers/Desktop/Svara/data/combined/Marathi/bona_0123.wav,bonafide
/Users/yashcomputers/Desktop/Svara/data/combined/Gujarati/bona_0036.wav,bonafide
/Users/yashcomputers/Desktop/Svara/data/combined/Sanskrit/bona_0009.wav,bonafide
/Users/yashcomputers/Desktop/Svara/data/combined/Punjabi/bona_0020.wav,bonafide
/Users/yashcomputers/Desktop/Svara/data/combined/Hindi/spoof_0055.wav,spoof
/Users/yashcomputers/Desktop/Svara/data/combined/Hindi/bona_0082.wav,bonafide
/Users/yashcomputers/Desktop/Svara/data/combined/Malayalam/bona_0091.wav,bonafide
/Users/yashcomputers/Desktop/Svara/data/combined/Urdu/bona_0043.wav,bonafide
/Users/yashcomputers/Desktop/Svara/data/combined/Sanskrit/spoof_0011.wav,spoof
/Users/yashcomputers/Desktop/Svara/data/combined/Sanskrit/spoof_0110.wav,spoof
/Users/yashcomputers/Desktop/Svara/data/combined/Hindi/bona_0017.wav,bonafide
/Users/yashcomputers/Desktop/Svara/data/combined/Gujarati/spoof_0016.wav,spoof
/Users/yashcomputers/Desktop/Svara/data/combined/Kannada/spoof_0066.wav,spoof
/Users/yashcomputers/Desktop/Svara/data/combined/Hindi/spoof_0015.wav,spoof
/Users/yashcomputers/Desktop/Svara/data/combined/Odia/spoof_0002.wav,spoof
/Users/yashcomputers/Desktop/Svara/data/combined/Hindi/spoof_0008.wav,spoof
/Users/yashcomputers/Desktop/Svara/data/combined/Marathi/spoof_0142.wav,spoof
/Users/yashcomputers/Desktop/Svara/data/combined/Tamil/spoof_0140.wav,spoof
/Users/yashcomputers/Desktop/Svara/data/combined/Marathi/spoof_0116.wav,spoof
/Users/yashcomputers/Desktop/Svara/data/combined/Telugu/bona_0139.wav,bonafide
/Users/yashcomputers/Desktop/Svara/data/combined/Punjabi/spoof_0104.wav,spoof
/Users/yashcomputers/Desktop/Svara/data/combined/Kannada/spoof_0021.wav,spoof
/Users/yashcomputers/Desktop/Svara/data/combined/Marathi/spoof_0113.wav,spoof
/Users/yashcomputers/Desktop/Svara/data/combined/Telugu/bona_0019.wav,bonafide
/Users/yashcomputers/Desktop/Svara/data/combined/Punjabi/spoof_0080.wav,spoof
/Users/yashcomputers/Desktop/Svara/data/combined/Odia/bona_0111.wav,bonafide
/Users/yashcomputers/Desktop/Svara/data/combined/Sanskrit/bona_0146.wav,bonafide
/Users/yashcomputers/Desktop/Svara/data/combined/Malayalam/spoof_0088.wav,spoof
/Users/yashcomputers/Desktop/Svara/data/combined/Hindi/bona_0054.wav,bonafide
/Users/yashcomputers/Desktop/Svara/data/combined/Tamil/spoof_0014.wav,spoof
/Users/yashcomputers/Desktop/Svara/data/combined/Malayalam/bona_0139.wav,bonafide
/Users/yashcomputers/Desktop/Svara/data/combined/Kannada/bona_0125.wav,bonafide
/Users/yashcomputers/Desktop/Svara/data/combined/Tamil/bona_0083.wav,bonafide
/Users/yashcomputers/Desktop/Svara/data/combined/Hindi/bona_0045.wav,bonafide
/Users/yashcomputers/Desktop/Svara/data/combined/Punjabi/spoof_0097.wav,spoof
/Users/yashcomputers/Desktop/Svara/data/combined/Malayalam/spoof_0033.wav,spoof
/Users/yashcomputers/Desktop/Svara/data/combined/Odia/bona_0047.wav,bonafide
/Users/yashcomputers/Desktop/Svara/data/combined/Marathi/spoof_0062.wav,spoof
/Users/yashcomputers/Desktop/Svara/data/combined/Kannada/spoof_0020.wav,spoof
/Users/yashcomputers/Desktop/Svara/data/combined/Hindi/spoof_0135.wav,spoof
/Users/yashcomputers/Desktop/Svara/data/combined/Tamil/spoof_0002.wav,spoof
/Users/yashcomputers/Desktop/Svara/data/combined/Odia/bona_0007.wav,bonafide
/Users/yashcomputers/Desktop/Svara/data/combined/Telugu/spoof_0039.wav,spoof
/Users/yashcomputers/Desktop/Svara/data/combined/Sanskrit/bona_0041.wav,bonafide
/Users/yashcomputers/Desktop/Svara/data/combined/Kannada/bona_0116.wav,bonafide
/Users/yashcomputers/Desktop/Svara/data/combined/Marathi/bona_0082.wav,bonafide
/Users/yashcomputers/Desktop/Svara/data/combined/Malayalam/spoof_0017.wav,spoof
/Users/yashcomputers/Desktop/Svara/data/combined/Urdu/spoof_0047.wav,spoof
/Users/yashcomputers/Desktop/Svara/data/combined/Telugu/bona_0073.wav,bonafide
/Users/yashcomputers/Desktop/Svara/data/combined/Sanskrit/spoof_0113.wav,spoof
/Users/yashcomputers/Desktop/Svara/data/combined/Bengali/spoof_0052.wav,spoof
/Users/yashcomputers/Desktop/Svara/data/combined/Hindi/spoof_0146.wav,spoof
/Users/yashcomputers/Desktop/Svara/data/combined/Malayalam/spoof_0025.wav,spoof
/Users/yashcomputers/Desktop/Svara/data/combined/Tamil/spoof_0052.wav,spoof
/Users/yashcomputers/Desktop/Svara/data/combined/Tamil/spoof_0061.wav,spoof
/Users/yashcomputers/Desktop/Svara/data/combined/Malayalam/bona_0018.wav,bonafide
/Users/yashcomputers/Desktop/Svara/data/combined/Marathi/bona_0032.wav,bonafide
/Users/yashcomputers/Desktop/Svara/data/combined/Kannada/spoof_0131.wav,spoof
/Users/yashcomputers/Desktop/Svara/data/combined/Kannada/spoof_0089.wav,spoof
/Users/yashcomputers/Desktop/Svara/data/combined/Punjabi/bona_0041.wav,bonafide
/Users/yashcomputers/Desktop/Svara/data/combined/Telugu/bona_0116.wav,bonafide
/Users/yashcomputers/Desktop/Svara/data/combined/Odia/bona_0132.wav,bonafide
/Users/yashcomputers/Desktop/Svara/data/combined/Telugu/spoof_0058.wav,spoof
/Users/yashcomputers/Desktop/Svara/data/combined/Bengali/bona_0115.wav,bonafide
/Users/yashcomputers/Desktop/Svara/data/combined/Malayalam/spoof_0127.wav,spoof
/Users/yashcomputers/Desktop/Svara/data/combined/Sanskrit/bona_0007.wav,bonafide
/Users/yashcomputers/Desktop/Svara/data/combined/Odia/bona_0024.wav,bonafide
/Users/yashcomputers/Desktop/Svara/data/combined/Gujarati/spoof_0085.wav,spoof
/Users/yashcomputers/Desktop/Svara/data/combined/Marathi/bona_0072.wav,bonafide
/Users/yashcomputers/Desktop/Svara/data/combined/Urdu/spoof_0064.wav,spoof
/Users/yashcomputers/Desktop/Svara/data/combined/Gujarati/spoof_0137.wav,spoof
/Users/yashcomputers/Desktop/Svara/data/combined/Gujarati/spoof_0104.wav,spoof
/Users/yashcomputers/Desktop/Svara/data/combined/Hindi/bona_0103.wav,bonafide
/Users/yashcomputers/Desktop/Svara/data/combined/Telugu/bona_0111.wav,bonafide
/Users/yashcomputers/Desktop/Svara/data/combined/Kannada/spoof_0106.wav,spoof
/Users/yashcomputers/Desktop/Svara/data/combined/Kannada/bona_0077.wav,bonafide
/Users/yashcomputers/Desktop/Svara/data/combined/Gujarati/spoof_0123.wav,spoof
/Users/yashcomputers/Desktop/Svara/data/combined/Gujarati/spoof_0131.wav,spoof
/Users/yashcomputers/Desktop/Svara/data/combined/Urdu/bona_0145.wav,bonafide
/Users/yashcomputers/Desktop/Svara/data/combined/Malayalam/spoof_0074.wav,spoof
/Users/yashcomputers/Desktop/Svara/data/combined/Gujarati/bona_0041.wav,bonafide
/Users/yashcomputers/Desktop/Svara/data/combined/Gujarati/bona_0133.wav,bonafide
/Users/yashcomputers/Desktop/Svara/data/combined/Tamil/spoof_0091.wav,spoof
/Users/yashcomputers/Desktop/Svara/data/combined/Marathi/spoof_0078.wav,spoof
/Users/yashcomputers/Desktop/Svara/data/combined/Malayalam/spoof_0069.wav,spoof
/Users/yashcomputers/Desktop/Svara/data/combined/Telugu/bona_0091.wav,bonafide
/Users/yashcomputers/Desktop/Svara/data/combined/Kannada/spoof_0129.wav,spoof
/Users/yashcomputers/Desktop/Svara/data/combined/Urdu/bona_0094.wav,bonafide
/Users/yashcomputers/Desktop/Svara/data/combined/Hindi/bona_0043.wav,bonafide
/Users/yashcomputers/Desktop/Svara/data/combined/Bengali/spoof_0105.wav,spoof
/Users/yashcomputers/Desktop/Svara/data/combined/Telugu/bona_0094.wav,bonafide
/Users/yashcomputers/Desktop/Svara/data/combined/Urdu/spoof_0117.wav,spoof
/Users/yashcomputers/Desktop/Svara/data/combined/Tamil/spoof_0053.wav,spoof
/Users/yashcomputers/Desktop/Svara/data/combined/Punjabi/spoof_0050.wav,spoof
/Users/yashcomputers/Desktop/Svara/data/combined/Urdu/spoof_0114.wav,spoof
/Users/yashcomputers/Desktop/Svara/data/combined/Tamil/bona_0098.wav,bonafide
/Users/yashcomputers/Desktop/Svara/data/combined/Tamil/bona_0089.wav,bonafide
/Users/yashcomputers/Desktop/Svara/data/combined/Malayalam/spoof_0065.wav,spoof
/Users/yashcomputers/Desktop/Svara/data/combined/Urdu/spoof_0021.wav,spoof
/Users/yashcomputers/Desktop/Svara/data/combined/Sanskrit/spoof_0003.wav,spoof
/Users/yashcomputers/Desktop/Svara/data/combined/Telugu/spoof_0079.wav,spoof
/Users/yashcomputers/Desktop/Svara/data/combined/Kannada/bona_0107.wav,bonafide
/Users/yashcomputers/Desktop/Svara/data/combined/Tamil/bona_0110.wav,bonafide
/Users/yashcomputers/Desktop/Svara/data/combined/Odia/spoof_0069.wav,spoof
/Users/yashcomputers/Desktop/Svara/data/combined/Gujarati/spoof_0127.wav,spoof
/Users/yashcomputers/Desktop/Svara/data/combined/Sanskrit/spoof_0066.wav,spoof
/Users/yashcomputers/Desktop/Svara/data/combined/Punjabi/spoof_0079.wav,spoof
/Users/yashcomputers/Desktop/Svara/data/combined/Tamil/spoof_0090.wav,spoof
/Users/yashcomputers/Desktop/Svara/data/combined/Hindi/bona_0097.wav,bonafide
/Users/yashcomputers/Desktop/Svara/data/combined/Hindi/spoof_0147.wav,spoof
/Users/yashcomputers/Desktop/Svara/data/combined/Sanskrit/bona_0079.wav,bonafide
/Users/yashcomputers/Desktop/Svara/data/combined/Punjabi/spoof_0145.wav,spoof
/Users/yashcomputers/Desktop/Svara/data/combined/Tamil/bona_0104.wav,bonafide
/Users/yashcomputers/Desktop/Svara/data/combined/Gujarati/spoof_0012.wav,spoof
/Users/yashcomputers/Desktop/Svara/data/combined/Kannada/spoof_0051.wav,spoof
/Users/yashcomputers/Desktop/Svara/data/combined/Sanskrit/bona_0144.wav,bonafide
/Users/yashcomputers/Desktop/Svara/data/combined/Sanskrit/bona_0108.wav,bonafide
/Users/yashcomputers/Desktop/Svara/data/combined/Punjabi/spoof_0021.wav,spoof
/Users/yashcomputers/Desktop/Svara/data/combined/Punjabi/bona_0012.wav,bonafide
/Users/yashcomputers/Desktop/Svara/data/combined/Hindi/bona_0077.wav,bonafide
/Users/yashcomputers/Desktop/Svara/data/combined/Urdu/bona_0085.wav,bonafide
/Users/yashcomputers/Desktop/Svara/data/combined/Urdu/bona_0136.wav,bonafide
/Users/yashcomputers/Desktop/Svara/data/combined/Sanskrit/bona_0131.wav,bonafide
/Users/yashcomputers/Desktop/Svara/data/combined/Hindi/bona_0089.wav,bonafide
/Users/yashcomputers/Desktop/Svara/data/combined/Telugu/spoof_0014.wav,spoof
/Users/yashcomputers/Desktop/Svara/data/combined/Hindi/bona_0079.wav,bonafide
/Users/yashcomputers/Desktop/Svara/data/combined/Telugu/spoof_0029.wav,spoof
/Users/yashcomputers/Desktop/Svara/data/combined/Odia/spoof_0065.wav,spoof
/Users/yashcomputers/Desktop/Svara/data/combined/Odia/spoof_0066.wav,spoof
/Users/yashcomputers/Desktop/Svara/data/combined/Odia/spoof_0013.wav,spoof
/Users/yashcomputers/Desktop/Svara/data/combined/Marathi/bona_0089.wav,bonafide
/Users/yashcomputers/Desktop/Svara/data/combined/Odia/bona_0053.wav,bonafide
/Users/yashcomputers/Desktop/Svara/data/combined/Urdu/bona_0148.wav,bonafide
/Users/yashcomputers/Desktop/Svara/data/combined/Gujarati/bona_0114.wav,bonafide
/Users/yashcomputers/Desktop/Svara/data/combined/Bengali/bona_0005.wav,bonafide
/Users/yashcomputers/Desktop/Svara/data/combined/Marathi/spoof_0061.wav,spoof
/Users/yashcomputers/Desktop/Svara/data/combined/Telugu/spoof_0023.wav,spoof
/Users/yashcomputers/Desktop/Svara/data/combined/Gujarati/spoof_0067.wav,spoof
/Users/yashcomputers/Desktop/Svara/data/combined/Telugu/bona_0147.wav,bonafide
/Users/yashcomputers/Desktop/Svara/data/combined/Sanskrit/spoof_0129.wav,spoof
/Users/yashcomputers/Desktop/Svara/data/combined/Gujarati/spoof_0049.wav,spoof
/Users/yashcomputers/Desktop/Svara/data/combined/Odia/bona_0122.wav,bonafide
/Users/yashcomputers/Desktop/Svara/data/combined/Sanskrit/spoof_0064.wav,spoof
/Users/yashcomputers/Desktop/Svara/data/combined/Telugu/spoof_0045.wav,spoof
/Users/yashcomputers/Desktop/Svara/data/combined/Odia/spoof_0074.wav,spoof
/Users/yashcomputers/Desktop/Svara/data/combined/Bengali/spoof_0009.wav,spoof
/Users/yashcomputers/Desktop/Svara/data/combined/Urdu/spoof_0141.wav,spoof
/Users/yashcomputers/Desktop/Svara/data/combined/Odia/spoof_0035.wav,spoof
/Users/yashcomputers/Desktop/Svara/data/combined/Bengali/spoof_0067.wav,spoof
/Users/yashcomputers/Desktop/Svara/data/combined/Sanskrit/spoof_0034.wav,spoof
/Users/yashcomputers/Desktop/Svara/data/combined/Marathi/spoof_0082.wav,spoof
/Users/yashcomputers/Desktop/Svara/data/combined/Punjabi/bona_0034.wav,bonafide
/Users/yashcomputers/Desktop/Svara/data/combined/Kannada/spoof_0135.wav,spoof
/Users/yashcomputers/Desktop/Svara/data/combined/Tamil/spoof_0035.wav,spoof
/Users/yashcomputers/Desktop/Svara/data/combined/Tamil/bona_0094.wav,bonafide
/Users/yashcomputers/Desktop/Svara/data/combined/Bengali/bona_0126.wav,bonafide
/Users/yashcomputers/Desktop/Svara/data/combined/Hindi/spoof_0064.wav,spoof
/Users/yashcomputers/Desktop/Svara/data/combined/Odia/bona_0016.wav,bonafide
/Users/yashcomputers/Desktop/Svara/data/combined/Kannada/bona_0047.wav,bonafide
/Users/yashcomputers/Desktop/Svara/data/combined/Marathi/spoof_0067.wav,spoof
/Users/yashcomputers/Desktop/Svara/data/combined/Gujarati/bona_0012.wav,bonafide
/Users/yashcomputers/Desktop/Svara/data/combined/Punjabi/bona_0093.wav,bonafide
/Users/yashcomputers/Desktop/Svara/data/combined/Gujarati/bona_0044.wav,bonafide
/Users/yashcomputers/Desktop/Svara/data/combined/Kannada/spoof_0108.wav,spoof
/Users/yashcomputers/Desktop/Svara/data/combined/Marathi/bona_0064.wav,bonafide
/Users/yashcomputers/Desktop/Svara/data/combined/Sanskrit/spoof_0089.wav,spoof
/Users/yashcomputers/Desktop/Svara/data/combined/Odia/bona_0023.wav,bonafide
/Users/yashcomputers/Desktop/Svara/data/combined/Gujarati/bona_0074.wav,bonafide
/Users/yashcomputers/Desktop/Svara/data/combined/Hindi/bona_0106.wav,bonafide
/Users/yashcomputers/Desktop/Svara/data/combined/Gujarati/bona_0059.wav,bonafide
/Users/yashcomputers/Desktop/Svara/data/combined/Telugu/spoof_0083.wav,spoof
/Users/yashcomputers/Desktop/Svara/data/combined/Bengali/spoof_0046.wav,spoof
/Users/yashcomputers/Desktop/Svara/data/combined/Urdu/bona_0083.wav,bonafide
/Users/yashcomputers/Desktop/Svara/data/combined/Gujarati/spoof_0084.wav,spoof
/Users/yashcomputers/Desktop/Svara/data/combined/Bengali/spoof_0100.wav,spoof
/Users/yashcomputers/Desktop/Svara/data/combined/Gujarati/spoof_0149.wav,spoof
/Users/yashcomputers/Desktop/Svara/data/combined/Hindi/bona_0088.wav,bonafide
/Users/yashcomputers/Desktop/Svara/data/combined/Marathi/spoof_0016.wav,spoof
/Users/yashcomputers/Desktop/Svara/data/combined/Marathi/bona_0029.wav,bonafide
/Users/yashcomputers/Desktop/Svara/data/combined/Hindi/spoof_0006.wav,spoof
/Users/yashcomputers/Desktop/Svara/data/combined/Gujarati/bona_0062.wav,bonafide
/Users/yashcomputers/Desktop/Svara/data/combined/Telugu/bona_0143.wav,bonafide
/Users/yashcomputers/Desktop/Svara/data/combined/Sanskrit/spoof_0053.wav,spoof
/Users/yashcomputers/Desktop/Svara/data/combined/Odia/spoof_0099.wav,spoof
/Users/yashcomputers/Desktop/Svara/data/combined/Tamil/bona_0129.wav,bonafide
/Users/yashcomputers/Desktop/Svara/data/combined/Gujarati/bona_0110.wav,bonafide
/Users/yashcomputers/Desktop/Svara/data/combined/Punjabi/bona_0030.wav,bonafide
/Users/yashcomputers/Desktop/Svara/data/combined/Urdu/bona_0079.wav,bonafide
/Users/yashcomputers/Desktop/Svara/data/combined/Tamil/bona_0138.wav,bonafide
/Users/yashcomputers/Desktop/Svara/data/combined/Kannada/bona_0146.wav,bonafide
/Users/yashcomputers/Desktop/Svara/data/combined/Hindi/bona_0111.wav,bonafide
/Users/yashcomputers/Desktop/Svara/data/combined/Odia/bona_0029.wav,bonafide
/Users/yashcomputers/Desktop/Svara/data/combined/Malayalam/spoof_0038.wav,spoof
/Users/yashcomputers/Desktop/Svara/data/combined/Sanskrit/bona_0039.wav,bonafide
/Users/yashcomputers/Desktop/Svara/data/combined/Kannada/bona_0055.wav,bonafide
/Users/yashcomputers/Desktop/Svara/data/combined/Sanskrit/spoof_0101.wav,spoof
/Users/yashcomputers/Desktop/Svara/data/combined/Punjabi/bona_0130.wav,bonafide
/Users/yashcomputers/Desktop/Svara/data/combined/Tamil/bona_0084.wav,bonafide
/Users/yashcomputers/Desktop/Svara/data/combined/Urdu/spoof_0087.wav,spoof
/Users/yashcomputers/Desktop/Svara/data/combined/Odia/spoof_0071.wav,spoof
/Users/yashcomputers/Desktop/Svara/data/combined/Bengali/spoof_0137.wav,spoof
/Users/yashcomputers/Desktop/Svara/data/combined/Kannada/bona_0123.wav,bonafide
/Users/yashcomputers/Desktop/Svara/data/combined/Punjabi/spoof_0113.wav,spoof
/Users/yashcomputers/Desktop/Svara/data/combined/Hindi/bona_0048.wav,bonafide
/Users/yashcomputers/Desktop/Svara/data/combined/Punjabi/spoof_0109.wav,spoof
/Users/yashcomputers/Desktop/Svara/data/combined/Tamil/spoof_0050.wav,spoof
/Users/yashcomputers/Desktop/Svara/data/combined/Malayalam/spoof_0128.wav,spoof
/Users/yashcomputers/Desktop/Svara/data/combined/Malayalam/bona_0125.wav,bonafide
/Users/yashcomputers/Desktop/Svara/data/combined/Marathi/spoof_0138.wav,spoof
/Users/yashcomputers/Desktop/Svara/data/combined/Bengali/bona_0001.wav,bonafide
/Users/yashcomputers/Desktop/Svara/data/combined/Kannada/spoof_0044.wav,spoof
/Users/yashcomputers/Desktop/Svara/data/combined/Kannada/bona_0073.wav,bonafide
/Users/yashcomputers/Desktop/Svara/data/combined/Gujarati/bona_0112.wav,bonafide
/Users/yashcomputers/Desktop/Svara/data/combined/Odia/bona_0138.wav,bonafide
/Users/yashcomputers/Desktop/Svara/data/combined/Malayalam/bona_0131.wav,bonafide
/Users/yashcomputers/Desktop/Svara/data/combined/Bengali/spoof_0126.wav,spoof
/Users/yashcomputers/Desktop/Svara/data/combined/Urdu/spoof_0063.wav,spoof
/Users/yashcomputers/Desktop/Svara/data/combined/Malayalam/spoof_0042.wav,spoof
/Users/yashcomputers/Desktop/Svara/data/combined/Odia/bona_0060.wav,bonafide
/Users/yashcomputers/Desktop/Svara/data/combined/Telugu/spoof_0040.wav,spoof
/Users/yashcomputers/Desktop/Svara/data/combined/Gujarati/bona_0095.wav,bonafide
/Users/yashcomputers/Desktop/Svara/data/combined/Kannada/bona_0060.wav,bonafide
/Users/yashcomputers/Desktop/Svara/data/combined/Sanskrit/bona_0100.wav,bonafide
/Users/yashcomputers/Desktop/Svara/data/combined/Sanskrit/bona_0126.wav,bonafide
/Users/yashcomputers/Desktop/Svara/data/combined/Bengali/bona_0106.wav,bonafide
/Users/yashcomputers/Desktop/Svara/data/combined/Punjabi/spoof_0016.wav,spoof
/Users/yashcomputers/Desktop/Svara/data/combined/Malayalam/spoof_0075.wav,spoof
/Users/yashcomputers/Desktop/Svara/data/combined/Gujarati/spoof_0086.wav,spoof
/Users/yashcomputers/Desktop/Svara/data/combined/Punjabi/spoof_0100.wav,spoof
/Users/yashcomputers/Desktop/Svara/data/combined/Kannada/spoof_0025.wav,spoof
/Users/yashcomputers/Desktop/Svara/data/combined/Punjabi/bona_0080.wav,bonafide
/Users/yashcomputers/Desktop/Svara/data/combined/Marathi/bona_0008.wav,bonafide
/Users/yashcomputers/Desktop/Svara/data/combined/Marathi/spoof_0057.wav,spoof
/Users/yashcomputers/Desktop/Svara/data/combined/Odia/spoof_0081.wav,spoof
/Users/yashcomputers/Desktop/Svara/data/combined/Kannada/spoof_0077.wav,spoof
/Users/yashcomputers/Desktop/Svara/data/combined/Tamil/spoof_0130.wav,spoof
/Users/yashcomputers/Desktop/Svara/data/combined/Marathi/spoof_0055.wav,spoof
/Users/yashcomputers/Desktop/Svara/data/combined/Urdu/bona_0114.wav,bonafide
/Users/yashcomputers/Desktop/Svara/data/combined/Hindi/spoof_0057.wav,spoof
/Users/yashcomputers/Desktop/Svara/data/combined/Gujarati/spoof_0098.wav,spoof
/Users/yashcomputers/Desktop/Svara/data/combined/Bengali/spoof_0145.wav,spoof
/Users/yashcomputers/Desktop/Svara/data/combined/Marathi/bona_0130.wav,bonafide
/Users/yashcomputers/Desktop/Svara/data/combined/Telugu/spoof_0059.wav,spoof
/Users/yashcomputers/Desktop/Svara/data/combined/Odia/bona_0102.wav,bonafide
/Users/yashcomputers/Desktop/Svara/data/combined/Urdu/spoof_0074.wav,spoof
/Users/yashcomputers/Desktop/Svara/data/combined/Telugu/spoof_0137.wav,spoof
/Users/yashcomputers/Desktop/Svara/data/combined/Gujarati/bona_0100.wav,bonafide
/Users/yashcomputers/Desktop/Svara/data/combined/Kannada/bona_0026.wav,bonafide
/Users/yashcomputers/Desktop/Svara/data/combined/Odia/spoof_0031.wav,spoof
/Users/yashcomputers/Desktop/Svara/data/combined/Bengali/bona_0146.wav,bonafide
/Users/yashcomputers/Desktop/Svara/data/combined/Urdu/bona_0025.wav,bonafide
/Users/yashcomputers/Desktop/Svara/data/combined/Sanskrit/bona_0004.wav,bonafide
/Users/yashcomputers/Desktop/Svara/data/combined/Bengali/bona_0077.wav,bonafide
/Users/yashcomputers/Desktop/Svara/data/combined/Tamil/spoof_0120.wav,spoof
/Users/yashcomputers/Desktop/Svara/data/combined/Bengali/spoof_0103.wav,spoof
/Users/yashcomputers/Desktop/Svara/data/combined/Sanskrit/spoof_0023.wav,spoof
/Users/yashcomputers/Desktop/Svara/data/combined/Urdu/bona_0097.wav,bonafide
/Users/yashcomputers/Desktop/Svara/data/combined/Sanskrit/bona_0123.wav,bonafide
/Users/yashcomputers/Desktop/Svara/data/combined/Hindi/spoof_0038.wav,spoof
/Users/yashcomputers/Desktop/Svara/data/combined/Telugu/bona_0092.wav,bonafide
/Users/yashcomputers/Desktop/Svara/data/combined/Bengali/spoof_0071.wav,spoof
/Users/yashcomputers/Desktop/Svara/data/combined/Gujarati/spoof_0136.wav,spoof
/Users/yashcomputers/Desktop/Svara/data/combined/Kannada/spoof_0107.wav,spoof
/Users/yashcomputers/Desktop/Svara/data/combined/Gujarati/spoof_0042.wav,spoof
/Users/yashcomputers/Desktop/Svara/data/combined/Malayalam/spoof_0056.wav,spoof
/Users/yashcomputers/Desktop/Svara/data/combined/Bengali/spoof_0110.wav,spoof
/Users/yashcomputers/Desktop/Svara/data/combined/Tamil/bona_0139.wav,bonafide
/Users/yashcomputers/Desktop/Svara/data/combined/Urdu/spoof_0140.wav,spoof
/Users/yashcomputers/Desktop/Svara/data/combined/Sanskrit/bona_0013.wav,bonafide
/Users/yashcomputers/Desktop/Svara/data/combined/Malayalam/bona_0145.wav,bonafide
/Users/yashcomputers/Desktop/Svara/data/combined/Kannada/spoof_0041.wav,spoof
/Users/yashcomputers/Desktop/Svara/data/combined/Malayalam/spoof_0003.wav,spoof
/Users/yashcomputers/Desktop/Svara/data/combined/Marathi/spoof_0066.wav,spoof
/Users/yashcomputers/Desktop/Svara/data/combined/Telugu/spoof_0133.wav,spoof
/Users/yashcomputers/Desktop/Svara/data/combined/Urdu/bona_0140.wav,bonafide
/Users/yashcomputers/Desktop/Svara/data/combined/Sanskrit/bona_0026.wav,bonafide
/Users/yashcomputers/Desktop/Svara/data/combined/Gujarati/bona_0072.wav,bonafide
/Users/yashcomputers/Desktop/Svara/data/combined/Odia/spoof_0073.wav,spoof
/Users/yashcomputers/Desktop/Svara/data/combined/Odia/spoof_0059.wav,spoof
/Users/yashcomputers/Desktop/Svara/data/combined/Hindi/bona_0120.wav,bonafide
/Users/yashcomputers/Desktop/Svara/data/combined/Tamil/spoof_0068.wav,spoof
/Users/yashcomputers/Desktop/Svara/data/combined/Gujarati/bona_0026.wav,bonafide
/Users/yashcomputers/Desktop/Svara/data/combined/Marathi/bona_0074.wav,bonafide
/Users/yashcomputers/Desktop/Svara/data/combined/Marathi/spoof_0137.wav,spoof
/Users/yashcomputers/Desktop/Svara/data/combined/Marathi/spoof_0084.wav,spoof
/Users/yashcomputers/Desktop/Svara/data/combined/Kannada/bona_0106.wav,bonafide
/Users/yashcomputers/Desktop/Svara/data/combined/Punjabi/bona_0037.wav,bonafide
/Users/yashcomputers/Desktop/Svara/data/combined/Gujarati/spoof_0032.wav,spoof
/Users/yashcomputers/Desktop/Svara/data/combined/Punjabi/bona_0059.wav,bonafide
/Users/yashcomputers/Desktop/Svara/data/combined/Odia/spoof_0003.wav,spoof
/Users/yashcomputers/Desktop/Svara/data/combined/Gujarati/spoof_0129.wav,spoof
/Users/yashcomputers/Desktop/Svara/data/combined/Kannada/spoof_0105.wav,spoof
/Users/yashcomputers/Desktop/Svara/data/combined/Gujarati/bona_0106.wav,bonafide
/Users/yashcomputers/Desktop/Svara/data/combined/Bengali/bona_0033.wav,bonafide
/Users/yashcomputers/Desktop/Svara/data/combined/Telugu/bona_0016.wav,bonafide
/Users/yashcomputers/Desktop/Svara/data/combined/Malayalam/bona_0039.wav,bonafide
/Users/yashcomputers/Desktop/Svara/data/combined/Punjabi/bona_0069.wav,bonafide
/Users/yashcomputers/Desktop/Svara/data/combined/Bengali/bona_0016.wav,bonafide
/Users/yashcomputers/Desktop/Svara/data/combined/Urdu/spoof_0015.wav,spoof
/Users/yashcomputers/Desktop/Svara/data/combined/Marathi/bona_0051.wav,bonafide
/Users/yashcomputers/Desktop/Svara/data/combined/Malayalam/spoof_0129.wav,spoof
/Users/yashcomputers/Desktop/Svara/data/combined/Odia/spoof_0122.wav,spoof
/Users/yashcomputers/Desktop/Svara/data/combined/Malayalam/spoof_0081.wav,spoof
/Users/yashcomputers/Desktop/Svara/data/combined/Sanskrit/bona_0088.wav,bonafide
/Users/yashcomputers/Desktop/Svara/data/combined/Gujarati/spoof_0035.wav,spoof
/Users/yashcomputers/Desktop/Svara/data/combined/Tamil/spoof_0018.wav,spoof
/Users/yashcomputers/Desktop/Svara/data/combined/Hindi/bona_0014.wav,bonafide
/Users/yashcomputers/Desktop/Svara/data/combined/Marathi/bona_0105.wav,bonafide
/Users/yashcomputers/Desktop/Svara/data/combined/Punjabi/spoof_0126.wav,spoof
/Users/yashcomputers/Desktop/Svara/data/combined/Urdu/bona_0064.wav,bonafide
/Users/yashcomputers/Desktop/Svara/data/combined/Marathi/bona_0043.wav,bonafide
/Users/yashcomputers/Desktop/Svara/data/combined/Kannada/bona_0098.wav,bonafide
/Users/yashcomputers/Desktop/Svara/data/combined/Bengali/spoof_0131.wav,spoof
/Users/yashcomputers/Desktop/Svara/data/combined/Kannada/spoof_0117.wav,spoof
/Users/yashcomputers/Desktop/Svara/data/combined/Tamil/spoof_0094.wav,spoof
/Users/yashcomputers/Desktop/Svara/data/combined/Telugu/spoof_0046.wav,spoof
/Users/yashcomputers/Desktop/Svara/data/combined/Urdu/spoof_0143.wav,spoof
/Users/yashcomputers/Desktop/Svara/data/combined/Kannada/spoof_0047.wav,spoof
/Users/yashcomputers/Desktop/Svara/data/combined/Bengali/spoof_0029.wav,spoof
/Users/yashcomputers/Desktop/Svara/data/combined/Tamil/bona_0049.wav,bonafide
/Users/yashcomputers/Desktop/Svara/data/combined/Marathi/bona_0054.wav,bonafide
/Users/yashcomputers/Desktop/Svara/data/combined/Telugu/spoof_0141.wav,spoof
/Users/yashcomputers/Desktop/Svara/data/combined/Kannada/bona_0009.wav,bonafide
/Users/yashcomputers/Desktop/Svara/data/combined/Kannada/bona_0142.wav,bonafide
/Users/yashcomputers/Desktop/Svara/data/combined/Gujarati/bona_0085.wav,bonafide
/Users/yashcomputers/Desktop/Svara/data/combined/Kannada/bona_0100.wav,bonafide
/Users/yashcomputers/Desktop/Svara/data/combined/Punjabi/spoof_0123.wav,spoof
/Users/yashcomputers/Desktop/Svara/data/combined/Odia/spoof_0084.wav,spoof
/Users/yashcomputers/Desktop/Svara/data/combined/Odia/spoof_0043.wav,spoof
/Users/yashcomputers/Desktop/Svara/data/combined/Hindi/spoof_0000.wav,spoof
/Users/yashcomputers/Desktop/Svara/data/combined/Marathi/spoof_0088.wav,spoof
/Users/yashcomputers/Desktop/Svara/data/combined/Marathi/spoof_0106.wav,spoof
/Users/yashcomputers/Desktop/Svara/data/combined/Punjabi/spoof_0036.wav,spoof
/Users/yashcomputers/Desktop/Svara/data/combined/Malayalam/spoof_0098.wav,spoof
/Users/yashcomputers/Desktop/Svara/data/combined/Odia/spoof_0125.wav,spoof
/Users/yashcomputers/Desktop/Svara/data/combined/Sanskrit/bona_0148.wav,bonafide
/Users/yashcomputers/Desktop/Svara/data/combined/Gujarati/spoof_0006.wav,spoof
/Users/yashcomputers/Desktop/Svara/data/combined/Urdu/bona_0062.wav,bonafide
/Users/yashcomputers/Desktop/Svara/data/combined/Gujarati/spoof_0025.wav,spoof
/Users/yashcomputers/Desktop/Svara/data/combined/Bengali/bona_0040.wav,bonafide
/Users/yashcomputers/Desktop/Svara/data/combined/Punjabi/spoof_0047.wav,spoof
/Users/yashcomputers/Desktop/Svara/data/combined/Odia/bona_0037.wav,bonafide
/Users/yashcomputers/Desktop/Svara/data/combined/Malayalam/spoof_0073.wav,spoof
/Users/yashcomputers/Desktop/Svara/data/combined/Odia/bona_0136.wav,bonafide
/Users/yashcomputers/Desktop/Svara/data/combined/Punjabi/bona_0106.wav,bonafide
/Users/yashcomputers/Desktop/Svara/data/combined/Tamil/spoof_0071.wav,spoof
/Users/yashcomputers/Desktop/Svara/data/combined/Malayalam/bona_0021.wav,bonafide
/Users/yashcomputers/Desktop/Svara/data/combined/Urdu/spoof_0027.wav,spoof
/Users/yashcomputers/Desktop/Svara/data/combined/Urdu/bona_0091.wav,bonafide
/Users/yashcomputers/Desktop/Svara/data/combined/Telugu/spoof_0034.wav,spoof
/Users/yashcomputers/Desktop/Svara/data/combined/Punjabi/spoof_0013.wav,spoof
/Users/yashcomputers/Desktop/Svara/data/combined/Gujarati/spoof_0141.wav,spoof
/Users/yashcomputers/Desktop/Svara/data/combined/Sanskrit/bona_0090.wav,bonafide
/Users/yashcomputers/Desktop/Svara/data/combined/Marathi/spoof_0047.wav,spoof
/Users/yashcomputers/Desktop/Svara/data/combined/Malayalam/bona_0037.wav,bonafide
/Users/yashcomputers/Desktop/Svara/data/combined/Bengali/bona_0137.wav,bonafide
/Users/yashcomputers/Desktop/Svara/data/combined/Tamil/spoof_0147.wav,spoof
/Users/yashcomputers/Desktop/Svara/data/combined/Hindi/spoof_0069.wav,spoof
/Users/yashcomputers/Desktop/Svara/data/combined/Hindi/bona_0084.wav,bonafide
/Users/yashcomputers/Desktop/Svara/data/combined/Hindi/bona_0093.wav,bonafide
/Users/yashcomputers/Desktop/Svara/data/combined/Malayalam/spoof_0131.wav,spoof
/Users/yashcomputers/Desktop/Svara/data/combined/Hindi/spoof_0007.wav,spoof
/Users/yashcomputers/Desktop/Svara/data/combined/Tamil/spoof_0044.wav,spoof
/Users/yashcomputers/Desktop/Svara/data/combined/Odia/bona_0015.wav,bonafide
/Users/yashcomputers/Desktop/Svara/data/combined/Sanskrit/spoof_0035.wav,spoof
/Users/yashcomputers/Desktop/Svara/data/combined/Marathi/spoof_0054.wav,spoof
/Users/yashcomputers/Desktop/Svara/data/combined/Bengali/bona_0135.wav,bonafide
/Users/yashcomputers/Desktop/Svara/data/combined/Gujarati/bona_0048.wav,bonafide
/Users/yashcomputers/Desktop/Svara/data/combined/Marathi/bona_0033.wav,bonafide
/Users/yashcomputers/Desktop/Svara/data/combined/Marathi/spoof_0141.wav,spoof
/Users/yashcomputers/Desktop/Svara/data/combined/Gujarati/bona_0065.wav,bonafide
/Users/yashcomputers/Desktop/Svara/data/combined/Odia/bona_0067.wav,bonafide
/Users/yashcomputers/Desktop/Svara/data/combined/Tamil/bona_0090.wav,bonafide
/Users/yashcomputers/Desktop/Svara/data/combined/Gujarati/spoof_0026.wav,spoof
/Users/yashcomputers/Desktop/Svara/data/combined/Marathi/spoof_0095.wav,spoof
/Users/yashcomputers/Desktop/Svara/data/combined/Gujarati/bona_0082.wav,bonafide
/Users/yashcomputers/Desktop/Svara/data/combined/Sanskrit/bona_0102.wav,bonafide
/Users/yashcomputers/Desktop/Svara/data/combined/Tamil/spoof_0005.wav,spoof
/Users/yashcomputers/Desktop/Svara/data/combined/Marathi/spoof_0127.wav,spoof
/Users/yashcomputers/Desktop/Svara/data/combined/Bengali/bona_0133.wav,bonafide
/Users/yashcomputers/Desktop/Svara/data/combined/Malayalam/spoof_0070.wav,spoof
/Users/yashcomputers/Desktop/Svara/data/combined/Hindi/bona_0004.wav,bonafide
/Users/yashcomputers/Desktop/Svara/data/combined/Tamil/spoof_0138.wav,spoof
/Users/yashcomputers/Desktop/Svara/data/combined/Odia/spoof_0133.wav,spoof
/Users/yashcomputers/Desktop/Svara/data/combined/Odia/spoof_0132.wav,spoof
/Users/yashcomputers/Desktop/Svara/data/combined/Urdu/spoof_0007.wav,spoof
/Users/yashcomputers/Desktop/Svara/data/combined/Tamil/spoof_0103.wav,spoof
/Users/yashcomputers/Desktop/Svara/data/combined/Punjabi/spoof_0022.wav,spoof
/Users/yashcomputers/Desktop/Svara/data/combined/Bengali/bona_0044.wav,bonafide
/Users/yashcomputers/Desktop/Svara/data/combined/Sanskrit/bona_0017.wav,bonafide
/Users/yashcomputers/Desktop/Svara/data/combined/Odia/bona_0089.wav,bonafide
/Users/yashcomputers/Desktop/Svara/data/combined/Punjabi/bona_0129.wav,bonafide
/Users/yashcomputers/Desktop/Svara/data/combined/Tamil/spoof_0033.wav,spoof
/Users/yashcomputers/Desktop/Svara/data/combined/Kannada/spoof_0078.wav,spoof
/Users/yashcomputers/Desktop/Svara/data/combined/Punjabi/spoof_0031.wav,spoof
/Users/yashcomputers/Desktop/Svara/data/combined/Marathi/spoof_0118.wav,spoof
/Users/yashcomputers/Desktop/Svara/data/combined/Tamil/bona_0067.wav,bonafide
/Users/yashcomputers/Desktop/Svara/data/combined/Marathi/spoof_0043.wav,spoof
/Users/yashcomputers/Desktop/Svara/data/combined/Urdu/spoof_0109.wav,spoof
/Users/yashcomputers/Desktop/Svara/data/combined/Telugu/bona_0132.wav,bonafide
/Users/yashcomputers/Desktop/Svara/data/combined/Punjabi/spoof_0131.wav,spoof
/Users/yashcomputers/Desktop/Svara/data/combined/Urdu/spoof_0100.wav,spoof
/Users/yashcomputers/Desktop/Svara/data/combined/Malayalam/bona_0122.wav,bonafide
/Users/yashcomputers/Desktop/Svara/data/combined/Punjabi/bona_0014.wav,bonafide
/Users/yashcomputers/Desktop/Svara/data/combined/Urdu/spoof_0118.wav,spoof
/Users/yashcomputers/Desktop/Svara/data/combined/Kannada/spoof_0072.wav,spoof
/Users/yashcomputers/Desktop/Svara/data/combined/Odia/bona_0046.wav,bonafide
/Users/yashcomputers/Desktop/Svara/data/combined/Bengali/spoof_0149.wav,spoof
/Users/yashcomputers/Desktop/Svara/data/combined/Tamil/bona_0088.wav,bonafide
/Users/yashcomputers/Desktop/Svara/data/combined/Sanskrit/bona_0092.wav,bonafide
/Users/yashcomputers/Desktop/Svara/data/combined/Urdu/spoof_0149.wav,spoof
/Users/yashcomputers/Desktop/Svara/data/combined/Punjabi/spoof_0141.wav,spoof
/Users/yashcomputers/Desktop/Svara/data/combined/Bengali/bona_0039.wav,bonafide
/Users/yashcomputers/Desktop/Svara/data/combined/Marathi/bona_0066.wav,bonafide
/Users/yashcomputers/Desktop/Svara/data/combined/Kannada/bona_0057.wav,bonafide
/Users/yashcomputers/Desktop/Svara/data/combined/Malayalam/spoof_0004.wav,spoof
/Users/yashcomputers/Desktop/Svara/data/combined/Urdu/bona_0092.wav,bonafide
/Users/yashcomputers/Desktop/Svara/data/combined/Urdu/bona_0021.wav,bonafide
/Users/yashcomputers/Desktop/Svara/data/combined/Tamil/bona_0032.wav,bonafide
/Users/yashcomputers/Desktop/Svara/data/combined/Hindi/spoof_0091.wav,spoof
/Users/yashcomputers/Desktop/Svara/data/combined/Hindi/bona_0010.wav,bonafide
/Users/yashcomputers/Desktop/Svara/data/combined/Punjabi/bona_0086.wav,bonafide
/Users/yashcomputers/Desktop/Svara/data/combined/Odia/bona_0054.wav,bonafide
/Users/yashcomputers/Desktop/Svara/data/combined/Bengali/spoof_0060.wav,spoof
/Users/yashcomputers/Desktop/Svara/data/combined/Telugu/spoof_0037.wav,spoof
/Users/yashcomputers/Desktop/Svara/data/combined/Bengali/spoof_0098.wav,spoof
/Users/yashcomputers/Desktop/Svara/data/combined/Kannada/spoof_0087.wav,spoof
/Users/yashcomputers/Desktop/Svara/data/combined/Urdu/bona_0039.wav,bonafide
/Users/yashcomputers/Desktop/Svara/data/combined/Telugu/bona_0062.wav,bonafide
/Users/yashcomputers/Desktop/Svara/data/combined/Punjabi/spoof_0115.wav,spoof
/Users/yashcomputers/Desktop/Svara/data/combined/Hindi/spoof_0029.wav,spoof
/Users/yashcomputers/Desktop/Svara/data/combined/Kannada/bona_0042.wav,bonafide
/Users/yashcomputers/Desktop/Svara/data/combined/Gujarati/bona_0058.wav,bonafide
/Users/yashcomputers/Desktop/Svara/data/combined/Bengali/spoof_0075.wav,spoof
/Users/yashcomputers/Desktop/Svara/data/combined/Odia/spoof_0135.wav,spoof
/Users/yashcomputers/Desktop/Svara/data/combined/Kannada/spoof_0056.wav,spoof
/Users/yashcomputers/Desktop/Svara/data/combined/Hindi/spoof_0013.wav,spoof
/Users/yashcomputers/Desktop/Svara/data/combined/Kannada/spoof_0003.wav,spoof
/Users/yashcomputers/Desktop/Svara/data/combined/Hindi/spoof_0116.wav,spoof
/Users/yashcomputers/Desktop/Svara/data/combined/Punjabi/spoof_0077.wav,spoof
/Users/yashcomputers/Desktop/Svara/data/combined/Hindi/bona_0027.wav,bonafide
/Users/yashcomputers/Desktop/Svara/data/combined/Hindi/bona_0032.wav,bonafide
/Users/yashcomputers/Desktop/Svara/data/combined/Gujarati/bona_0035.wav,bonafide
/Users/yashcomputers/Desktop/Svara/data/combined/Sanskrit/bona_0000.wav,bonafide
/Users/yashcomputers/Desktop/Svara/data/combined/Hindi/bona_0036.wav,bonafide
/Users/yashcomputers/Desktop/Svara/data/combined/Kannada/spoof_0050.wav,spoof
/Users/yashcomputers/Desktop/Svara/data/combined/Punjabi/bona_0046.wav,bonafide
/Users/yashcomputers/Desktop/Svara/data/combined/Urdu/spoof_0058.wav,spoof
/Users/yashcomputers/Desktop/Svara/data/combined/Tamil/bona_0006.wav,bonafide
/Users/yashcomputers/Desktop/Svara/data/combined/Tamil/spoof_0062.wav,spoof
/Users/yashcomputers/Desktop/Svara/data/combined/Urdu/spoof_0075.wav,spoof
/Users/yashcomputers/Desktop/Svara/data/combined/Gujarati/spoof_0100.wav,spoof
/Users/yashcomputers/Desktop/Svara/data/combined/Marathi/spoof_0065.wav,spoof
/Users/yashcomputers/Desktop/Svara/data/combined/Malayalam/bona_0060.wav,bonafide
/Users/yashcomputers/Desktop/Svara/data/combined/Kannada/bona_0103.wav,bonafide
/Users/yashcomputers/Desktop/Svara/data/combined/Telugu/bona_0130.wav,bonafide
/Users/yashcomputers/Desktop/Svara/data/combined/Odia/spoof_0052.wav,spoof
/Users/yashcomputers/Desktop/Svara/data/combined/Sanskrit/spoof_0036.wav,spoof
/Users/yashcomputers/Desktop/Svara/data/combined/Sanskrit/spoof_0017.wav,spoof
/Users/yashcomputers/Desktop/Svara/data/combined/Telugu/spoof_0100.wav,spoof
/Users/yashcomputers/Desktop/Svara/data/combined/Gujarati/bona_0008.wav,bonafide
/Users/yashcomputers/Desktop/Svara/data/combined/Sanskrit/bona_0117.wav,bonafide
/Users/yashcomputers/Desktop/Svara/data/combined/Telugu/bona_0068.wav,bonafide
/Users/yashcomputers/Desktop/Svara/data/combined/Marathi/bona_0048.wav,bonafide
/Users/yashcomputers/Desktop/Svara/data/combined/Telugu/bona_0010.wav,bonafide
/Users/yashcomputers/Desktop/Svara/data/combined/Sanskrit/bona_0075.wav,bonafide
/Users/yashcomputers/Desktop/Svara/data/combined/Urdu/bona_0081.wav,bonafide
/Users/yashcomputers/Desktop/Svara/data/combined/Odia/bona_0018.wav,bonafide
/Users/yashcomputers/Desktop/Svara/data/combined/Malayalam/spoof_0111.wav,spoof
/Users/yashcomputers/Desktop/Svara/data/combined/Gujarati/spoof_0014.wav,spoof
/Users/yashcomputers/Desktop/Svara/data/combined/Tamil/spoof_0021.wav,spoof
/Users/yashcomputers/Desktop/Svara/data/combined/Odia/spoof_0008.wav,spoof
/Users/yashcomputers/Desktop/Svara/data/combined/Kannada/bona_0147.wav,bonafide
/Users/yashcomputers/Desktop/Svara/data/combined/Sanskrit/bona_0045.wav,bonafide
/Users/yashcomputers/Desktop/Svara/data/combined/Punjabi/spoof_0075.wav,spoof
/Users/yashcomputers/Desktop/Svara/data/combined/Hindi/spoof_0103.wav,spoof
/Users/yashcomputers/Desktop/Svara/data/combined/Gujarati/spoof_0013.wav,spoof
/Users/yashcomputers/Desktop/Svara/data/combined/Marathi/bona_0133.wav,bonafide
/Users/yashcomputers/Desktop/Svara/data/combined/Telugu/bona_0123.wav,bonafide
/Users/yashcomputers/Desktop/Svara/data/combined/Kannada/spoof_0137.wav,spoof
/Users/yashcomputers/Desktop/Svara/data/combined/Telugu/bona_0110.wav,bonafide
/Users/yashcomputers/Desktop/Svara/data/combined/Bengali/bona_0027.wav,bonafide
/Users/yashcomputers/Desktop/Svara/data/combined/Marathi/bona_0015.wav,bonafide
/Users/yashcomputers/Desktop/Svara/data/combined/Kannada/bona_0034.wav,bonafide
/Users/yashcomputers/Desktop/Svara/data/combined/Malayalam/spoof_0024.wav,spoof
/Users/yashcomputers/Desktop/Svara/data/combined/Urdu/spoof_0131.wav,spoof
/Users/yashcomputers/Desktop/Svara/data/combined/Sanskrit/spoof_0076.wav,spoof
/Users/yashcomputers/Desktop/Svara/data/combined/Malayalam/spoof_0066.wav,spoof
/Users/yashcomputers/Desktop/Svara/data/combined/Bengali/bona_0076.wav,bonafide
/Users/yashcomputers/Desktop/Svara/data/combined/Kannada/bona_0081.wav,bonafide
/Users/yashcomputers/Desktop/Svara/data/combined/Marathi/bona_0071.wav,bonafide
/Users/yashcomputers/Desktop/Svara/data/combined/Marathi/spoof_0122.wav,spoof
/Users/yashcomputers/Desktop/Svara/data/combined/Odia/spoof_0072.wav,spoof
/Users/yashcomputers/Desktop/Svara/data/combined/Marathi/bona_0107.wav,bonafide
/Users/yashcomputers/Desktop/Svara/data/combined/Odia/bona_0043.wav,bonafide
/Users/yashcomputers/Desktop/Svara/data/combined/Marathi/bona_0099.wav,bonafide
/Users/yashcomputers/Desktop/Svara/data/combined/Bengali/spoof_0047.wav,spoof
/Users/yashcomputers/Desktop/Svara/data/combined/Gujarati/bona_0000.wav,bonafide
/Users/yashcomputers/Desktop/Svara/data/combined/Gujarati/spoof_0103.wav,spoof
/Users/yashcomputers/Desktop/Svara/data/combined/Odia/spoof_0063.wav,spoof
/Users/yashcomputers/Desktop/Svara/data/combined/Marathi/spoof_0094.wav,spoof
/Users/yashcomputers/Desktop/Svara/data/combined/Gujarati/bona_0141.wav,bonafide
/Users/yashcomputers/Desktop/Svara/data/combined/Malayalam/bona_0001.wav,bonafide
/Users/yashcomputers/Desktop/Svara/data/combined/Urdu/spoof_0002.wav,spoof
/Users/yashcomputers/Desktop/Svara/data/combined/Punjabi/bona_0126.wav,bonafide
/Users/yashcomputers/Desktop/Svara/data/combined/Kannada/spoof_0130.wav,spoof
/Users/yashcomputers/Desktop/Svara/data/combined/Urdu/spoof_0126.wav,spoof
/Users/yashcomputers/Desktop/Svara/data/combined/Odia/spoof_0149.wav,spoof
/Users/yashcomputers/Desktop/Svara/data/combined/Bengali/spoof_0119.wav,spoof
/Users/yashcomputers/Desktop/Svara/data/combined/Malayalam/bona_0148.wav,bonafide
/Users/yashcomputers/Desktop/Svara/data/combined/Sanskrit/spoof_0074.wav,spoof
/Users/yashcomputers/Desktop/Svara/data/combined/Punjabi/spoof_0026.wav,spoof
/Users/yashcomputers/Desktop/Svara/data/combined/Punjabi/bona_0118.wav,bonafide
/Users/yashcomputers/Desktop/Svara/data/combined/Marathi/spoof_0102.wav,spoof
/Users/yashcomputers/Desktop/Svara/data/combined/Telugu/bona_0012.wav,bonafide
/Users/yashcomputers/Desktop/Svara/data/combined/Bengali/spoof_0024.wav,spoof
/Users/yashcomputers/Desktop/Svara/data/combined/Punjabi/spoof_0051.wav,spoof
/Users/yashcomputers/Desktop/Svara/data/combined/Tamil/bona_0025.wav,bonafide
/Users/yashcomputers/Desktop/Svara/data/combined/Tamil/spoof_0031.wav,spoof
/Users/yashcomputers/Desktop/Svara/data/combined/Odia/bona_0052.wav,bonafide
/Users/yashcomputers/Desktop/Svara/data/combined/Sanskrit/bona_0114.wav,bonafide
/Users/yashcomputers/Desktop/Svara/data/combined/Bengali/bona_0144.wav,bonafide
/Users/yashcomputers/Desktop/Svara/data/combined/Urdu/bona_0005.wav,bonafide
/Users/yashcomputers/Desktop/Svara/data/combined/Kannada/bona_0031.wav,bonafide
/Users/yashcomputers/Desktop/Svara/data/combined/Bengali/spoof_0106.wav,spoof
/Users/yashcomputers/Desktop/Svara/data/combined/Sanskrit/bona_0124.wav,bonafide
/Users/yashcomputers/Desktop/Svara/data/combined/Sanskrit/spoof_0005.wav,spoof
/Users/yashcomputers/Desktop/Svara/data/combined/Malayalam/bona_0000.wav,bonafide
/Users/yashcomputers/Desktop/Svara/data/combined/Tamil/bona_0114.wav,bonafide
/Users/yashcomputers/Desktop/Svara/data/combined/Odia/spoof_0098.wav,spoof
/Users/yashcomputers/Desktop/Svara/data/combined/Punjabi/spoof_0129.wav,spoof
/Users/yashcomputers/Desktop/Svara/data/combined/Malayalam/bona_0087.wav,bonafide
/Users/yashcomputers/Desktop/Svara/data/combined/Urdu/spoof_0083.wav,spoof
/Users/yashcomputers/Desktop/Svara/data/combined/Kannada/bona_0090.wav,bonafide
/Users/yashcomputers/Desktop/Svara/data/combined/Urdu/bona_0119.wav,bonafide
/Users/yashcomputers/Desktop/Svara/data/combined/Marathi/bona_0045.wav,bonafide
/Users/yashcomputers/Desktop/Svara/data/combined/Marathi/bona_0011.wav,bonafide
/Users/yashcomputers/Desktop/Svara/data/combined/Malayalam/spoof_0062.wav,spoof
/Users/yashcomputers/Desktop/Svara/data/combined/Gujarati/bona_0025.wav,bonafide
/Users/yashcomputers/Desktop/Svara/data/combined/Malayalam/spoof_0141.wav,spoof
/Users/yashcomputers/Desktop/Svara/data/combined/Sanskrit/spoof_0031.wav,spoof
/Users/yashcomputers/Desktop/Svara/data/combined/Malayalam/bona_0119.wav,bonafide
/Users/yashcomputers/Desktop/Svara/data/combined/Telugu/spoof_0009.wav,spoof
/Users/yashcomputers/Desktop/Svara/data/combined/Tamil/spoof_0000.wav,spoof
/Users/yashcomputers/Desktop/Svara/data/combined/Telugu/spoof_0056.wav,spoof
/Users/yashcomputers/Desktop/Svara/data/combined/Kannada/spoof_0029.wav,spoof
/Users/yashcomputers/Desktop/Svara/data/combined/Marathi/spoof_0104.wav,spoof
/Users/yashcomputers/Desktop/Svara/data/combined/Urdu/bona_0117.wav,bonafide
/Users/yashcomputers/Desktop/Svara/data/combined/Sanskrit/spoof_0090.wav,spoof
/Users/yashcomputers/Desktop/Svara/data/combined/Bengali/bona_0148.wav,bonafide
/Users/yashcomputers/Desktop/Svara/data/combined/Marathi/spoof_0110.wav,spoof
/Users/yashcomputers/Desktop/Svara/data/combined/Urdu/spoof_0039.wav,spoof
/Users/yashcomputers/Desktop/Svara/data/combined/Gujarati/bona_0145.wav,bonafide
/Users/yashcomputers/Desktop/Svara/data/combined/Sanskrit/spoof_0096.wav,spoof
/Users/yashcomputers/Desktop/Svara/data/combined/Sanskrit/spoof_0002.wav,spoof
/Users/yashcomputers/Desktop/Svara/data/combined/Malayalam/spoof_0149.wav,spoof
/Users/yashcomputers/Desktop/Svara/data/combined/Sanskrit/spoof_0104.wav,spoof
/Users/yashcomputers/Desktop/Svara/data/combined/Marathi/bona_0042.wav,bonafide
/Users/yashcomputers/Desktop/Svara/data/combined/Urdu/spoof_0014.wav,spoof
/Users/yashcomputers/Desktop/Svara/data/combined/Marathi/spoof_0009.wav,spoof
/Users/yashcomputers/Desktop/Svara/data/combined/Punjabi/spoof_0025.wav,spoof
/Users/yashcomputers/Desktop/Svara/data/combined/Telugu/bona_0106.wav,bonafide
/Users/yashcomputers/Desktop/Svara/data/combined/Tamil/spoof_0102.wav,spoof
/Users/yashcomputers/Desktop/Svara/data/combined/Hindi/bona_0071.wav,bonafide
/Users/yashcomputers/Desktop/Svara/data/combined/Telugu/bona_0060.wav,bonafide
/Users/yashcomputers/Desktop/Svara/data/combined/Bengali/spoof_0013.wav,spoof
/Users/yashcomputers/Desktop/Svara/data/combined/Hindi/spoof_0034.wav,spoof
/Users/yashcomputers/Desktop/Svara/data/combined/Marathi/spoof_0111.wav,spoof
/Users/yashcomputers/Desktop/Svara/data/combined/Sanskrit/spoof_0007.wav,spoof
/Users/yashcomputers/Desktop/Svara/data/combined/Hindi/bona_0107.wav,bonafide
/Users/yashcomputers/Desktop/Svara/data/combined/Telugu/bona_0038.wav,bonafide
/Users/yashcomputers/Desktop/Svara/data/combined/Urdu/spoof_0043.wav,spoof
/Users/yashcomputers/Desktop/Svara/data/combined/Sanskrit/bona_0098.wav,bonafide
/Users/yashcomputers/Desktop/Svara/data/combined/Kannada/bona_0039.wav,bonafide
/Users/yashcomputers/Desktop/Svara/data/combined/Urdu/bona_0125.wav,bonafide
/Users/yashcomputers/Desktop/Svara/data/combined/Urdu/bona_0012.wav,bonafide
/Users/yashcomputers/Desktop/Svara/data/combined/Telugu/bona_0104.wav,bonafide
/Users/yashcomputers/Desktop/Svara/data/combined/Marathi/spoof_0130.wav,spoof
/Users/yashcomputers/Desktop/Svara/data/combined/Marathi/spoof_0096.wav,spoof
/Users/yashcomputers/Desktop/Svara/data/combined/Marathi/spoof_0002.wav,spoof
/Users/yashcomputers/Desktop/Svara/data/combined/Gujarati/bona_0102.wav,bonafide
/Users/yashcomputers/Desktop/Svara/data/combined/Telugu/spoof_0142.wav,spoof
/Users/yashcomputers/Desktop/Svara/data/combined/Tamil/bona_0081.wav,bonafide
/Users/yashcomputers/Desktop/Svara/data/combined/Telugu/spoof_0090.wav,spoof
/Users/yashcomputers/Desktop/Svara/data/combined/Gujarati/bona_0038.wav,bonafide
/Users/yashcomputers/Desktop/Svara/data/combined/Telugu/bona_0127.wav,bonafide
/Users/yashcomputers/Desktop/Svara/data/combined/Marathi/bona_0147.wav,bonafide
/Users/yashcomputers/Desktop/Svara/data/combined/Tamil/spoof_0073.wav,spoof
/Users/yashcomputers/Desktop/Svara/data/combined/Marathi/spoof_0131.wav,spoof
/Users/yashcomputers/Desktop/Svara/data/combined/Kannada/spoof_0065.wav,spoof
/Users/yashcomputers/Desktop/Svara/data/combined/Punjabi/bona_0138.wav,bonafide
/Users/yashcomputers/Desktop/Svara/data/combined/Bengali/spoof_0099.wav,spoof
/Users/yashcomputers/Desktop/Svara/data/combined/Urdu/bona_0132.wav,bonafide
/Users/yashcomputers/Desktop/Svara/data/combined/Telugu/spoof_0103.wav,spoof
/Users/yashcomputers/Desktop/Svara/data/combined/Punjabi/bona_0076.wav,bonafide
/Users/yashcomputers/Desktop/Svara/data/combined/Hindi/bona_0058.wav,bonafide
/Users/yashcomputers/Desktop/Svara/data/combined/Tamil/bona_0012.wav,bonafide
/Users/yashcomputers/Desktop/Svara/data/combined/Marathi/spoof_0056.wav,spoof
/Users/yashcomputers/Desktop/Svara/data/combined/Kannada/bona_0050.wav,bonafide
/Users/yashcomputers/Desktop/Svara/data/combined/Odia/bona_0044.wav,bonafide
/Users/yashcomputers/Desktop/Svara/data/combined/Bengali/bona_0060.wav,bonafide
/Users/yashcomputers/Desktop/Svara/data/combined/Malayalam/spoof_0012.wav,spoof
/Users/yashcomputers/Desktop/Svara/data/combined/Kannada/bona_0062.wav,bonafide
/Users/yashcomputers/Desktop/Svara/data/combined/Kannada/bona_0017.wav,bonafide
/Users/yashcomputers/Desktop/Svara/data/combined/Odia/spoof_0032.wav,spoof
/Users/yashcomputers/Desktop/Svara/data/combined/Hindi/spoof_0020.wav,spoof
/Users/yashcomputers/Desktop/Svara/data/combined/Marathi/bona_0091.wav,bonafide
/Users/yashcomputers/Desktop/Svara/data/combined/Gujarati/spoof_0041.wav,spoof
/Users/yashcomputers/Desktop/Svara/data/combined/Bengali/spoof_0092.wav,spoof
/Users/yashcomputers/Desktop/Svara/data/combined/Odia/bona_0126.wav,bonafide
/Users/yashcomputers/Desktop/Svara/data/combined/Punjabi/spoof_0024.wav,spoof
/Users/yashcomputers/Desktop/Svara/data/combined/Malayalam/spoof_0130.wav,spoof
/Users/yashcomputers/Desktop/Svara/data/combined/Hindi/bona_0059.wav,bonafide
/Users/yashcomputers/Desktop/Svara/data/combined/Gujarati/bona_0126.wav,bonafide
/Users/yashcomputers/Desktop/Svara/data/combined/Odia/bona_0008.wav,bonafide
/Users/yashcomputers/Desktop/Svara/data/combined/Tamil/bona_0041.wav,bonafide
/Users/yashcomputers/Desktop/Svara/data/combined/Gujarati/spoof_0114.wav,spoof
/Users/yashcomputers/Desktop/Svara/data/combined/Malayalam/bona_0142.wav,bonafide
/Users/yashcomputers/Desktop/Svara/data/combined/Bengali/bona_0091.wav,bonafide
/Users/yashcomputers/Desktop/Svara/data/combined/Kannada/spoof_0039.wav,spoof
/Users/yashcomputers/Desktop/Svara/data/combined/Gujarati/spoof_0066.wav,spoof
/Users/yashcomputers/Desktop/Svara/data/combined/Gujarati/spoof_0075.wav,spoof
/Users/yashcomputers/Desktop/Svara/data/combined/Hindi/spoof_0037.wav,spoof
/Users/yashcomputers/Desktop/Svara/data/combined/Bengali/spoof_0133.wav,spoof
/Users/yashcomputers/Desktop/Svara/data/combined/Telugu/spoof_0008.wav,spoof
/Users/yashcomputers/Desktop/Svara/data/combined/Hindi/spoof_0040.wav,spoof
/Users/yashcomputers/Desktop/Svara/data/combined/Odia/spoof_0051.wav,spoof
/Users/yashcomputers/Desktop/Svara/data/combined/Kannada/spoof_0059.wav,spoof
/Users/yashcomputers/Desktop/Svara/data/combined/Punjabi/bona_0115.wav,bonafide
/Users/yashcomputers/Desktop/Svara/data/combined/Telugu/spoof_0000.wav,spoof
/Users/yashcomputers/Desktop/Svara/data/combined/Sanskrit/bona_0129.wav,bonafide
/Users/yashcomputers/Desktop/Svara/data/combined/Hindi/bona_0015.wav,bonafide
/Users/yashcomputers/Desktop/Svara/data/combined/Urdu/bona_0087.wav,bonafide
/Users/yashcomputers/Desktop/Svara/data/combined/Kannada/bona_0126.wav,bonafide
/Users/yashcomputers/Desktop/Svara/data/combined/Gujarati/bona_0144.wav,bonafide
/Users/yashcomputers/Desktop/Svara/data/combined/Malayalam/spoof_0133.wav,spoof
/Users/yashcomputers/Desktop/Svara/data/combined/Urdu/spoof_0133.wav,spoof
/Users/yashcomputers/Desktop/Svara/data/combined/Marathi/bona_0050.wav,bonafide
/Users/yashcomputers/Desktop/Svara/data/combined/Odia/spoof_0039.wav,spoof
/Users/yashcomputers/Desktop/Svara/data/combined/Kannada/spoof_0085.wav,spoof
/Users/yashcomputers/Desktop/Svara/data/combined/Marathi/spoof_0068.wav,spoof
/Users/yashcomputers/Desktop/Svara/data/combined/Telugu/spoof_0148.wav,spoof
/Users/yashcomputers/Desktop/Svara/data/combined/Telugu/spoof_0091.wav,spoof
/Users/yashcomputers/Desktop/Svara/data/combined/Telugu/bona_0141.wav,bonafide
/Users/yashcomputers/Desktop/Svara/data/combined/Kannada/bona_0004.wav,bonafide
/Users/yashcomputers/Desktop/Svara/data/combined/Telugu/spoof_0044.wav,spoof
/Users/yashcomputers/Desktop/Svara/data/combined/Telugu/spoof_0096.wav,spoof
/Users/yashcomputers/Desktop/Svara/data/combined/Hindi/spoof_0139.wav,spoof
/Users/yashcomputers/Desktop/Svara/data/combined/Marathi/spoof_0058.wav,spoof
/Users/yashcomputers/Desktop/Svara/data/combined/Bengali/bona_0034.wav,bonafide
/Users/yashcomputers/Desktop/Svara/data/combined/Malayalam/spoof_0036.wav,spoof
/Users/yashcomputers/Desktop/Svara/data/combined/Telugu/bona_0026.wav,bonafide
/Users/yashcomputers/Desktop/Svara/data/combined/Marathi/spoof_0046.wav,spoof
/Users/yashcomputers/Desktop/Svara/data/combined/Sanskrit/spoof_0128.wav,spoof
/Users/yashcomputers/Desktop/Svara/data/combined/Telugu/spoof_0055.wav,spoof
/Users/yashcomputers/Desktop/Svara/data/combined/Marathi/spoof_0099.wav,spoof
/Users/yashcomputers/Desktop/Svara/data/combined/Urdu/spoof_0060.wav,spoof
/Users/yashcomputers/Desktop/Svara/data/combined/Kannada/spoof_0086.wav,spoof
/Users/yashcomputers/Desktop/Svara/data/combined/Hindi/bona_0086.wav,bonafide
/Users/yashcomputers/Desktop/Svara/data/combined/Marathi/spoof_0135.wav,spoof
/Users/yashcomputers/Desktop/Svara/data/combined/Tamil/spoof_0123.wav,spoof
/Users/yashcomputers/Desktop/Svara/data/combined/Gujarati/bona_0116.wav,bonafide
/Users/yashcomputers/Desktop/Svara/data/combined/Telugu/spoof_0048.wav,spoof
/Users/yashcomputers/Desktop/Svara/data/combined/Tamil/bona_0119.wav,bonafide
/Users/yashcomputers/Desktop/Svara/data/combined/Malayalam/bona_0089.wav,bonafide
/Users/yashcomputers/Desktop/Svara/data/combined/Tamil/spoof_0146.wav,spoof
/Users/yashcomputers/Desktop/Svara/data/combined/Punjabi/bona_0068.wav,bonafide
/Users/yashcomputers/Desktop/Svara/data/combined/Gujarati/spoof_0070.wav,spoof
/Users/yashcomputers/Desktop/Svara/data/combined/Kannada/bona_0131.wav,bonafide
/Users/yashcomputers/Desktop/Svara/data/combined/Urdu/spoof_0062.wav,spoof
/Users/yashcomputers/Desktop/Svara/data/combined/Hindi/bona_0119.wav,bonafide
/Users/yashcomputers/Desktop/Svara/data/combined/Urdu/spoof_0080.wav,spoof
/Users/yashcomputers/Desktop/Svara/data/combined/Malayalam/bona_0100.wav,bonafide
/Users/yashcomputers/Desktop/Svara/data/combined/Tamil/bona_0068.wav,bonafide
/Users/yashcomputers/Desktop/Svara/data/combined/Marathi/spoof_0136.wav,spoof
/Users/yashcomputers/Desktop/Svara/data/combined/Bengali/spoof_0090.wav,spoof
/Users/yashcomputers/Desktop/Svara/data/combined/Sanskrit/spoof_0143.wav,spoof
/Users/yashcomputers/Desktop/Svara/data/combined/Punjabi/spoof_0030.wav,spoof
/Users/yashcomputers/Desktop/Svara/data/combined/Kannada/bona_0113.wav,bonafide
/Users/yashcomputers/Desktop/Svara/data/combined/Odia/spoof_0110.wav,spoof
/Users/yashcomputers/Desktop/Svara/data/combined/Marathi/bona_0040.wav,bonafide
/Users/yashcomputers/Desktop/Svara/data/combined/Malayalam/bona_0085.wav,bonafide
/Users/yashcomputers/Desktop/Svara/data/combined/Tamil/spoof_0026.wav,spoof
/Users/yashcomputers/Desktop/Svara/data/combined/Marathi/spoof_0132.wav,spoof
/Users/yashcomputers/Desktop/Svara/data/combined/Punjabi/bona_0032.wav,bonafide
/Users/yashcomputers/Desktop/Svara/data/combined/Tamil/spoof_0060.wav,spoof
/Users/yashcomputers/Desktop/Svara/data/combined/Sanskrit/spoof_0146.wav,spoof
/Users/yashcomputers/Desktop/Svara/data/combined/Bengali/bona_0009.wav,bonafide
/Users/yashcomputers/Desktop/Svara/data/combined/Malayalam/bona_0113.wav,bonafide
/Users/yashcomputers/Desktop/Svara/data/combined/Urdu/bona_0127.wav,bonafide
/Users/yashcomputers/Desktop/Svara/data/combined/Telugu/spoof_0050.wav,spoof
/Users/yashcomputers/Desktop/Svara/data/combined/Gujarati/spoof_0051.wav,spoof
/Users/yashcomputers/Desktop/Svara/data/combined/Marathi/bona_0110.wav,bonafide
/Users/yashcomputers/Desktop/Svara/data/combined/Bengali/bona_0074.wav,bonafide
/Users/yashcomputers/Desktop/Svara/data/combined/Telugu/bona_0029.wav,bonafide
/Users/yashcomputers/Desktop/Svara/data/combined/Urdu/bona_0103.wav,bonafide
/Users/yashcomputers/Desktop/Svara/data/combined/Urdu/bona_0044.wav,bonafide
/Users/yashcomputers/Desktop/Svara/data/combined/Odia/bona_0034.wav,bonafide
/Users/yashcomputers/Desktop/Svara/data/combined/Urdu/spoof_0121.wav,spoof
/Users/yashcomputers/Desktop/Svara/data/combined/Marathi/spoof_0101.wav,spoof
/Users/yashcomputers/Desktop/Svara/data/combined/Bengali/spoof_0057.wav,spoof
/Users/yashcomputers/Desktop/Svara/data/combined/Tamil/spoof_0063.wav,spoof
/Users/yashcomputers/Desktop/Svara/data/combined/Sanskrit/spoof_0047.wav,spoof
/Users/yashcomputers/Desktop/Svara/data/combined/Bengali/spoof_0122.wav,spoof
/Users/yashcomputers/Desktop/Svara/data/combined/Marathi/spoof_0045.wav,spoof
/Users/yashcomputers/Desktop/Svara/data/combined/Odia/spoof_0147.wav,spoof
/Users/yashcomputers/Desktop/Svara/data/combined/Bengali/bona_0143.wav,bonafide
/Users/yashcomputers/Desktop/Svara/data/combined/Hindi/bona_0143.wav,bonafide
/Users/yashcomputers/Desktop/Svara/data/combined/Sanskrit/spoof_0137.wav,spoof
/Users/yashcomputers/Desktop/Svara/data/combined/Urdu/bona_0124.wav,bonafide
/Users/yashcomputers/Desktop/Svara/data/combined/Punjabi/bona_0114.wav,bonafide
/Users/yashcomputers/Desktop/Svara/data/combined/Kannada/spoof_0091.wav,spoof
/Users/yashcomputers/Desktop/Svara/data/combined/Hindi/spoof_0096.wav,spoof
/Users/yashcomputers/Desktop/Svara/data/combined/Kannada/bona_0048.wav,bonafide
/Users/yashcomputers/Desktop/Svara/data/combined/Urdu/spoof_0147.wav,spoof
/Users/yashcomputers/Desktop/Svara/data/combined/Kannada/bona_0046.wav,bonafide
/Users/yashcomputers/Desktop/Svara/data/combined/Bengali/spoof_0015.wav,spoof
/Users/yashcomputers/Desktop/Svara/data/combined/Telugu/spoof_0120.wav,spoof
/Users/yashcomputers/Desktop/Svara/data/combined/Bengali/bona_0123.wav,bonafide
/Users/yashcomputers/Desktop/Svara/data/combined/Malayalam/bona_0036.wav,bonafide
/Users/yashcomputers/Desktop/Svara/data/combined/Hindi/spoof_0035.wav,spoof
/Users/yashcomputers/Desktop/Svara/data/combined/Punjabi/spoof_0127.wav,spoof
/Users/yashcomputers/Desktop/Svara/data/combined/Urdu/spoof_0138.wav,spoof
/Users/yashcomputers/Desktop/Svara/data/combined/Gujarati/spoof_0080.wav,spoof
/Users/yashcomputers/Desktop/Svara/data/combined/Kannada/bona_0114.wav,bonafide
/Users/yashcomputers/Desktop/Svara/data/combined/Urdu/spoof_0081.wav,spoof
/Users/yashcomputers/Desktop/Svara/data/combined/Marathi/bona_0141.wav,bonafide
/Users/yashcomputers/Desktop/Svara/data/combined/Telugu/bona_0014.wav,bonafide
/Users/yashcomputers/Desktop/Svara/data/combined/Punjabi/bona_0043.wav,bonafide
/Users/yashcomputers/Desktop/Svara/data/combined/Malayalam/spoof_0085.wav,spoof
/Users/yashcomputers/Desktop/Svara/data/combined/Hindi/bona_0047.wav,bonafide
/Users/yashcomputers/Desktop/Svara/data/combined/Malayalam/spoof_0021.wav,spoof
/Users/yashcomputers/Desktop/Svara/data/combined/Bengali/bona_0116.wav,bonafide
/Users/yashcomputers/Desktop/Svara/data/combined/Malayalam/bona_0027.wav,bonafide
/Users/yashcomputers/Desktop/Svara/data/combined/Hindi/bona_0065.wav,bonafide
/Users/yashcomputers/Desktop/Svara/data/combined/Gujarati/bona_0091.wav,bonafide
/Users/yashcomputers/Desktop/Svara/data/combined/Malayalam/bona_0118.wav,bonafide
/Users/yashcomputers/Desktop/Svara/data/combined/Malayalam/spoof_0050.wav,spoof
/Users/yashcomputers/Desktop/Svara/data/combined/Telugu/bona_0007.wav,bonafide
/Users/yashcomputers/Desktop/Svara/data/combined/Punjabi/spoof_0090.wav,spoof
/Users/yashcomputers/Desktop/Svara/data/combined/Telugu/spoof_0004.wav,spoof
/Users/yashcomputers/Desktop/Svara/data/combined/Hindi/bona_0069.wav,bonafide
/Users/yashcomputers/Desktop/Svara/data/combined/Kannada/spoof_0139.wav,spoof
/Users/yashcomputers/Desktop/Svara/data/combined/Marathi/bona_0115.wav,bonafide
/Users/yashcomputers/Desktop/Svara/data/combined/Gujarati/spoof_0106.wav,spoof
/Users/yashcomputers/Desktop/Svara/data/combined/Telugu/spoof_0081.wav,spoof
/Users/yashcomputers/Desktop/Svara/data/combined/Urdu/bona_0052.wav,bonafide
/Users/yashcomputers/Desktop/Svara/data/combined/Punjabi/bona_0073.wav,bonafide
/Users/yashcomputers/Desktop/Svara/data/combined/Bengali/bona_0046.wav,bonafide
/Users/yashcomputers/Desktop/Svara/data/combined/Tamil/bona_0066.wav,bonafide
/Users/yashcomputers/Desktop/Svara/data/combined/Kannada/bona_0129.wav,bonafide
/Users/yashcomputers/Desktop/Svara/data/combined/Gujarati/spoof_0133.wav,spoof
/Users/yashcomputers/Desktop/Svara/data/combined/Sanskrit/spoof_0068.wav,spoof
/Users/yashcomputers/Desktop/Svara/data/combined/Tamil/bona_0115.wav,bonafide
/Users/yashcomputers/Desktop/Svara/data/combined/Gujarati/bona_0108.wav,bonafide
/Users/yashcomputers/Desktop/Svara/data/combined/Hindi/spoof_0041.wav,spoof
/Users/yashcomputers/Desktop/Svara/data/combined/Malayalam/spoof_0059.wav,spoof
/Users/yashcomputers/Desktop/Svara/data/combined/Gujarati/bona_0013.wav,bonafide
/Users/yashcomputers/Desktop/Svara/data/combined/Hindi/bona_0128.wav,bonafide
/Users/yashcomputers/Desktop/Svara/data/combined/Bengali/spoof_0109.wav,spoof
/Users/yashcomputers/Desktop/Svara/data/combined/Sanskrit/bona_0116.wav,bonafide
/Users/yashcomputers/Desktop/Svara/data/combined/Bengali/bona_0069.wav,bonafide
/Users/yashcomputers/Desktop/Svara/data/combined/Kannada/bona_0134.wav,bonafide
/Users/yashcomputers/Desktop/Svara/data/combined/Bengali/spoof_0064.wav,spoof
/Users/yashcomputers/Desktop/Svara/data/combined/Tamil/spoof_0084.wav,spoof
/Users/yashcomputers/Desktop/Svara/data/combined/Sanskrit/bona_0082.wav,bonafide
/Users/yashcomputers/Desktop/Svara/data/combined/Tamil/spoof_0117.wav,spoof
/Users/yashcomputers/Desktop/Svara/data/combined/Hindi/spoof_0077.wav,spoof
/Users/yashcomputers/Desktop/Svara/data/combined/Marathi/bona_0004.wav,bonafide
/Users/yashcomputers/Desktop/Svara/data/combined/Tamil/bona_0082.wav,bonafide
/Users/yashcomputers/Desktop/Svara/data/combined/Hindi/spoof_0059.wav,spoof
/Users/yashcomputers/Desktop/Svara/data/combined/Telugu/bona_0021.wav,bonafide
/Users/yashcomputers/Desktop/Svara/data/combined/Bengali/bona_0149.wav,bonafide
/Users/yashcomputers/Desktop/Svara/data/combined/Odia/spoof_0078.wav,spoof
/Users/yashcomputers/Desktop/Svara/data/combined/Gujarati/spoof_0130.wav,spoof
/Users/yashcomputers/Desktop/Svara/data/combined/Hindi/spoof_0043.wav,spoof
/Users/yashcomputers/Desktop/Svara/data/combined/Urdu/spoof_0122.wav,spoof
/Users/yashcomputers/Desktop/Svara/data/combined/Marathi/bona_0026.wav,bonafide
/Users/yashcomputers/Desktop/Svara/data/combined/Hindi/bona_0038.wav,bonafide
/Users/yashcomputers/Desktop/Svara/data/combined/Kannada/spoof_0002.wav,spoof
/Users/yashcomputers/Desktop/Svara/data/combined/Telugu/bona_0085.wav,bonafide
/Users/yashcomputers/Desktop/Svara/data/combined/Gujarati/spoof_0021.wav,spoof
/Users/yashcomputers/Desktop/Svara/data/combined/Sanskrit/spoof_0130.wav,spoof
/Users/yashcomputers/Desktop/Svara/data/combined/Hindi/bona_0110.wav,bonafide
/Users/yashcomputers/Desktop/Svara/data/combined/Sanskrit/bona_0104.wav,bonafide
/Users/yashcomputers/Desktop/Svara/data/combined/Gujarati/bona_0016.wav,bonafide
/Users/yashcomputers/Desktop/Svara/data/combined/Kannada/bona_0019.wav,bonafide
/Users/yashcomputers/Desktop/Svara/data/combined/Punjabi/spoof_0076.wav,spoof
/Users/yashcomputers/Desktop/Svara/data/combined/Malayalam/bona_0023.wav,bonafide
/Users/yashcomputers/Desktop/Svara/data/combined/Hindi/bona_0117.wav,bonafide
/Users/yashcomputers/Desktop/Svara/data/combined/Punjabi/spoof_0070.wav,spoof
/Users/yashcomputers/Desktop/Svara/data/combined/Malayalam/spoof_0001.wav,spoof
/Users/yashcomputers/Desktop/Svara/data/combined/Punjabi/spoof_0074.wav,spoof
/Users/yashcomputers/Desktop/Svara/data/combined/Gujarati/spoof_0027.wav,spoof
/Users/yashcomputers/Desktop/Svara/data/combined/Malayalam/bona_0061.wav,bonafide
/Users/yashcomputers/Desktop/Svara/data/combined/Marathi/bona_0132.wav,bonafide
/Users/yashcomputers/Desktop/Svara/data/combined/Tamil/spoof_0134.wav,spoof
/Users/yashcomputers/Desktop/Svara/data/combined/Telugu/spoof_0013.wav,spoof
/Users/yashcomputers/Desktop/Svara/data/combined/Malayalam/spoof_0053.wav,spoof
/Users/yashcomputers/Desktop/Svara/data/combined/Urdu/spoof_0130.wav,spoof
/Users/yashcomputers/Desktop/Svara/data/combined/Marathi/bona_0140.wav,bonafide
/Users/yashcomputers/Desktop/Svara/data/combined/Kannada/spoof_0018.wav,spoof
/Users/yashcomputers/Desktop/Svara/data/combined/Sanskrit/bona_0078.wav,bonafide
/Users/yashcomputers/Desktop/Svara/data/combined/Punjabi/bona_0065.wav,bonafide
/Users/yashcomputers/Desktop/Svara/data/combined/Kannada/spoof_0094.wav,spoof
/Users/yashcomputers/Desktop/Svara/data/combined/Tamil/spoof_0022.wav,spoof
/Users/yashcomputers/Desktop/Svara/data/combined/Hindi/bona_0052.wav,bonafide
/Users/yashcomputers/Desktop/Svara/data/combined/Punjabi/bona_0145.wav,bonafide
/Users/yashcomputers/Desktop/Svara/data/combined/Telugu/spoof_0086.wav,spoof
/Users/yashcomputers/Desktop/Svara/data/combined/Tamil/bona_0107.wav,bonafide
/Users/yashcomputers/Desktop/Svara/data/combined/Hindi/bona_0138.wav,bonafide
/Users/yashcomputers/Desktop/Svara/data/combined/Marathi/spoof_0060.wav,spoof
/Users/yashcomputers/Desktop/Svara/data/combined/Sanskrit/spoof_0121.wav,spoof
/Users/yashcomputers/Desktop/Svara/data/combined/Hindi/bona_0020.wav,bonafide
/Users/yashcomputers/Desktop/Svara/data/combined/Odia/spoof_0053.wav,spoof
/Users/yashcomputers/Desktop/Svara/data/combined/Telugu/bona_0018.wav,bonafide
/Users/yashcomputers/Desktop/Svara/data/combined/Marathi/bona_0019.wav,bonafide
/Users/yashcomputers/Desktop/Svara/data/combined/Gujarati/spoof_0092.wav,spoof
/Users/yashcomputers/Desktop/Svara/data/combined/Odia/bona_0135.wav,bonafide
/Users/yashcomputers/Desktop/Svara/data/combined/Malayalam/bona_0101.wav,bonafide
/Users/yashcomputers/Desktop/Svara/data/combined/Marathi/bona_0020.wav,bonafide
/Users/yashcomputers/Desktop/Svara/data/combined/Punjabi/bona_0009.wav,bonafide
/Users/yashcomputers/Desktop/Svara/data/combined/Gujarati/spoof_0033.wav,spoof
/Users/yashcomputers/Desktop/Svara/data/combined/Gujarati/bona_0051.wav,bonafide
/Users/yashcomputers/Desktop/Svara/data/combined/Bengali/spoof_0005.wav,spoof
/Users/yashcomputers/Desktop/Svara/data/combined/Telugu/spoof_0092.wav,spoof
/Users/yashcomputers/Desktop/Svara/data/combined/Telugu/spoof_0012.wav,spoof
/Users/yashcomputers/Desktop/Svara/data/combined/Punjabi/spoof_0065.wav,spoof
/Users/yashcomputers/Desktop/Svara/data/combined/Odia/spoof_0113.wav,spoof
/Users/yashcomputers/Desktop/Svara/data/combined/Malayalam/spoof_0086.wav,spoof
/Users/yashcomputers/Desktop/Svara/data/combined/Sanskrit/spoof_0080.wav,spoof
/Users/yashcomputers/Desktop/Svara/data/combined/Punjabi/spoof_0044.wav,spoof
/Users/yashcomputers/Desktop/Svara/data/combined/Punjabi/bona_0142.wav,bonafide
/Users/yashcomputers/Desktop/Svara/data/combined/Bengali/spoof_0115.wav,spoof
/Users/yashcomputers/Desktop/Svara/data/combined/Urdu/bona_0020.wav,bonafide
/Users/yashcomputers/Desktop/Svara/data/combined/Gujarati/spoof_0090.wav,spoof
/Users/yashcomputers/Desktop/Svara/data/combined/Sanskrit/bona_0083.wav,bonafide
/Users/yashcomputers/Desktop/Svara/data/combined/Malayalam/spoof_0079.wav,spoof
/Users/yashcomputers/Desktop/Svara/data/combined/Hindi/bona_0051.wav,bonafide
/Users/yashcomputers/Desktop/Svara/data/combined/Kannada/spoof_0001.wav,spoof
/Users/yashcomputers/Desktop/Svara/data/combined/Marathi/spoof_0070.wav,spoof
/Users/yashcomputers/Desktop/Svara/data/combined/Gujarati/spoof_0064.wav,spoof
/Users/yashcomputers/Desktop/Svara/data/combined/Sanskrit/bona_0050.wav,bonafide
/Users/yashcomputers/Desktop/Svara/data/combined/Kannada/spoof_0000.wav,spoof
/Users/yashcomputers/Desktop/Svara/data/combined/Odia/bona_0120.wav,bonafide
/Users/yashcomputers/Desktop/Svara/data/combined/Marathi/spoof_0140.wav,spoof
/Users/yashcomputers/Desktop/Svara/data/combined/Telugu/bona_0024.wav,bonafide
/Users/yashcomputers/Desktop/Svara/data/combined/Sanskrit/spoof_0095.wav,spoof
/Users/yashcomputers/Desktop/Svara/data/combined/Kannada/spoof_0098.wav,spoof
/Users/yashcomputers/Desktop/Svara/data/combined/Malayalam/bona_0124.wav,bonafide
/Users/yashcomputers/Desktop/Svara/data/combined/Urdu/bona_0111.wav,bonafide
/Users/yashcomputers/Desktop/Svara/data/combined/Bengali/bona_0023.wav,bonafide
/Users/yashcomputers/Desktop/Svara/data/combined/Sanskrit/spoof_0086.wav,spoof
/Users/yashcomputers/Desktop/Svara/data/combined/Malayalam/bona_0044.wav,bonafide
/Users/yashcomputers/Desktop/Svara/data/combined/Punjabi/bona_0092.wav,bonafide
/Users/yashcomputers/Desktop/Svara/data/combined/Kannada/bona_0118.wav,bonafide
/Users/yashcomputers/Desktop/Svara/data/combined/Urdu/spoof_0127.wav,spoof
/Users/yashcomputers/Desktop/Svara/data/combined/Bengali/spoof_0129.wav,spoof
/Users/yashcomputers/Desktop/Svara/data/combined/Urdu/bona_0063.wav,bonafide
/Users/yashcomputers/Desktop/Svara/data/combined/Odia/spoof_0086.wav,spoof
/Users/yashcomputers/Desktop/Svara/data/combined/Hindi/bona_0124.wav,bonafide
/Users/yashcomputers/Desktop/Svara/data/combined/Hindi/spoof_0072.wav,spoof
/Users/yashcomputers/Desktop/Svara/data/combined/Hindi/spoof_0132.wav,spoof
/Users/yashcomputers/Desktop/Svara/data/combined/Gujarati/spoof_0003.wav,spoof
/Users/yashcomputers/Desktop/Svara/data/combined/Hindi/bona_0114.wav,bonafide
/Users/yashcomputers/Desktop/Svara/data/combined/Tamil/spoof_0144.wav,spoof
/Users/yashcomputers/Desktop/Svara/data/combined/Marathi/spoof_0003.wav,spoof
/Users/yashcomputers/Desktop/Svara/data/combined/Kannada/bona_0087.wav,bonafide
/Users/yashcomputers/Desktop/Svara/data/combined/Bengali/bona_0090.wav,bonafide
/Users/yashcomputers/Desktop/Svara/data/combined/Telugu/spoof_0016.wav,spoof
/Users/yashcomputers/Desktop/Svara/data/combined/Odia/spoof_0094.wav,spoof
/Users/yashcomputers/Desktop/Svara/data/combined/Hindi/spoof_0149.wav,spoof
/Users/yashcomputers/Desktop/Svara/data/combined/Bengali/bona_0056.wav,bonafide
/Users/yashcomputers/Desktop/Svara/data/combined/Gujarati/spoof_0125.wav,spoof
/Users/yashcomputers/Desktop/Svara/data/combined/Kannada/bona_0074.wav,bonafide
/Users/yashcomputers/Desktop/Svara/data/combined/Gujarati/spoof_0144.wav,spoof
/Users/yashcomputers/Desktop/Svara/data/combined/Sanskrit/bona_0014.wav,bonafide
/Users/yashcomputers/Desktop/Svara/data/combined/Bengali/spoof_0035.wav,spoof
/Users/yashcomputers/Desktop/Svara/data/combined/Punjabi/spoof_0061.wav,spoof
/Users/yashcomputers/Desktop/Svara/data/combined/Malayalam/bona_0067.wav,bonafide
/Users/yashcomputers/Desktop/Svara/data/combined/Bengali/bona_0038.wav,bonafide
/Users/yashcomputers/Desktop/Svara/data/combined/Marathi/spoof_0007.wav,spoof
/Users/yashcomputers/Desktop/Svara/data/combined/Urdu/bona_0026.wav,bonafide
/Users/yashcomputers/Desktop/Svara/data/combined/Punjabi/spoof_0033.wav,spoof
/Users/yashcomputers/Desktop/Svara/data/combined/Sanskrit/spoof_0111.wav,spoof
/Users/yashcomputers/Desktop/Svara/data/combined/Marathi/spoof_0114.wav,spoof
/Users/yashcomputers/Desktop/Svara/data/combined/Gujarati/bona_0014.wav,bonafide
/Users/yashcomputers/Desktop/Svara/data/combined/Sanskrit/bona_0101.wav,bonafide
/Users/yashcomputers/Desktop/Svara/data/combined/Telugu/spoof_0064.wav,spoof
/Users/yashcomputers/Desktop/Svara/data/combined/Odia/bona_0038.wav,bonafide
/Users/yashcomputers/Desktop/Svara/data/combined/Hindi/bona_0029.wav,bonafide
/Users/yashcomputers/Desktop/Svara/data/combined/Bengali/bona_0096.wav,bonafide
/Users/yashcomputers/Desktop/Svara/data/combined/Bengali/spoof_0036.wav,spoof
/Users/yashcomputers/Desktop/Svara/data/combined/Gujarati/spoof_0024.wav,spoof
/Users/yashcomputers/Desktop/Svara/data/combined/Odia/spoof_0120.wav,spoof
/Users/yashcomputers/Desktop/Svara/data/combined/Urdu/bona_0001.wav,bonafide
/Users/yashcomputers/Desktop/Svara/data/combined/Marathi/spoof_0041.wav,spoof
/Users/yashcomputers/Desktop/Svara/data/combined/Tamil/bona_0030.wav,bonafide
/Users/yashcomputers/Desktop/Svara/data/combined/Bengali/spoof_0027.wav,spoof
/Users/yashcomputers/Desktop/Svara/data/combined/Marathi/spoof_0115.wav,spoof
/Users/yashcomputers/Desktop/Svara/data/combined/Malayalam/spoof_0055.wav,spoof
/Users/yashcomputers/Desktop/Svara/data/combined/Tamil/bona_0141.wav,bonafide
/Users/yashcomputers/Desktop/Svara/data/combined/Hindi/spoof_0051.wav,spoof
/Users/yashcomputers/Desktop/Svara/data/combined/Marathi/spoof_0129.wav,spoof
/Users/yashcomputers/Desktop/Svara/data/combined/Sanskrit/bona_0081.wav,bonafide
/Users/yashcomputers/Desktop/Svara/data/combined/Odia/bona_0065.wav,bonafide
/Users/yashcomputers/Desktop/Svara/data/combined/Kannada/spoof_0099.wav,spoof
/Users/yashcomputers/Desktop/Svara/data/combined/Odia/bona_0139.wav,bonafide
/Users/yashcomputers/Desktop/Svara/data/combined/Punjabi/bona_0111.wav,bonafide
/Users/yashcomputers/Desktop/Svara/data/combined/Tamil/spoof_0032.wav,spoof
/Users/yashcomputers/Desktop/Svara/data/combined/Telugu/bona_0077.wav,bonafide
/Users/yashcomputers/Desktop/Svara/data/combined/Sanskrit/bona_0053.wav,bonafide
/Users/yashcomputers/Desktop/Svara/data/combined/Odia/spoof_0116.wav,spoof
/Users/yashcomputers/Desktop/Svara/data/combined/Hindi/bona_0113.wav,bonafide
/Users/yashcomputers/Desktop/Svara/data/combined/Urdu/spoof_0046.wav,spoof
/Users/yashcomputers/Desktop/Svara/data/combined/Punjabi/bona_0094.wav,bonafide
/Users/yashcomputers/Desktop/Svara/data/combined/Telugu/bona_0087.wav,bonafide
/Users/yashcomputers/Desktop/Svara/data/combined/Bengali/bona_0134.wav,bonafide
/Users/yashcomputers/Desktop/Svara/data/combined/Telugu/spoof_0089.wav,spoof
/Users/yashcomputers/Desktop/Svara/data/combined/Bengali/spoof_0116.wav,spoof
/Users/yashcomputers/Desktop/Svara/data/combined/Marathi/bona_0104.wav,bonafide
/Users/yashcomputers/Desktop/Svara/data/combined/Gujarati/bona_0096.wav,bonafide
/Users/yashcomputers/Desktop/Svara/data/combined/Odia/spoof_0061.wav,spoof
/Users/yashcomputers/Desktop/Svara/data/combined/Odia/spoof_0054.wav,spoof
/Users/yashcomputers/Desktop/Svara/data/combined/Odia/bona_0055.wav,bonafide
/Users/yashcomputers/Desktop/Svara/data/combined/Telugu/spoof_0038.wav,spoof
/Users/yashcomputers/Desktop/Svara/data/combined/Punjabi/spoof_0014.wav,spoof
/Users/yashcomputers/Desktop/Svara/data/combined/Urdu/spoof_0085.wav,spoof
/Users/yashcomputers/Desktop/Svara/data/combined/Hindi/spoof_0087.wav,spoof
/Users/yashcomputers/Desktop/Svara/data/combined/Hindi/bona_0053.wav,bonafide
/Users/yashcomputers/Desktop/Svara/data/combined/Gujarati/bona_0083.wav,bonafide
/Users/yashcomputers/Desktop/Svara/data/combined/Sanskrit/bona_0061.wav,bonafide
/Users/yashcomputers/Desktop/Svara/data/combined/Tamil/spoof_0023.wav,spoof
/Users/yashcomputers/Desktop/Svara/data/combined/Marathi/bona_0059.wav,bonafide
/Users/yashcomputers/Desktop/Svara/data/combined/Bengali/bona_0102.wav,bonafide
/Users/yashcomputers/Desktop/Svara/data/combined/Punjabi/spoof_0140.wav,spoof
/Users/yashcomputers/Desktop/Svara/data/combined/Kannada/bona_0124.wav,bonafide
/Users/yashcomputers/Desktop/Svara/data/combined/Gujarati/spoof_0099.wav,spoof
/Users/yashcomputers/Desktop/Svara/data/combined/Kannada/bona_0120.wav,bonafide
/Users/yashcomputers/Desktop/Svara/data/combined/Malayalam/spoof_0046.wav,spoof
/Users/yashcomputers/Desktop/Svara/data/combined/Telugu/bona_0112.wav,bonafide
/Users/yashcomputers/Desktop/Svara/data/combined/Gujarati/bona_0075.wav,bonafide
/Users/yashcomputers/Desktop/Svara/data/combined/Sanskrit/spoof_0018.wav,spoof
/Users/yashcomputers/Desktop/Svara/data/combined/Sanskrit/bona_0073.wav,bonafide
/Users/yashcomputers/Desktop/Svara/data/combined/Punjabi/spoof_0046.wav,spoof
/Users/yashcomputers/Desktop/Svara/data/combined/Malayalam/spoof_0071.wav,spoof
/Users/yashcomputers/Desktop/Svara/data/combined/Bengali/spoof_0113.wav,spoof
/Users/yashcomputers/Desktop/Svara/data/combined/Kannada/bona_0127.wav,bonafide
/Users/yashcomputers/Desktop/Svara/data/combined/Hindi/bona_0039.wav,bonafide
/Users/yashcomputers/Desktop/Svara/data/combined/Kannada/spoof_0104.wav,spoof
/Users/yashcomputers/Desktop/Svara/data/combined/Urdu/spoof_0111.wav,spoof
/Users/yashcomputers/Desktop/Svara/data/combined/Odia/spoof_0136.wav,spoof
/Users/yashcomputers/Desktop/Svara/data/combined/Urdu/bona_0093.wav,bonafide
/Users/yashcomputers/Desktop/Svara/data/combined/Punjabi/spoof_0053.wav,spoof
/Users/yashcomputers/Desktop/Svara/data/combined/Kannada/bona_0065.wav,bonafide
/Users/yashcomputers/Desktop/Svara/data/combined/Gujarati/bona_0149.wav,bonafide
/Users/yashcomputers/Desktop/Svara/data/combined/Telugu/bona_0101.wav,bonafide
/Users/yashcomputers/Desktop/Svara/data/combined/Malayalam/spoof_0076.wav,spoof
/Users/yashcomputers/Desktop/Svara/data/combined/Malayalam/spoof_0113.wav,spoof
/Users/yashcomputers/Desktop/Svara/data/combined/Odia/bona_0116.wav,bonafide
/Users/yashcomputers/Desktop/Svara/data/combined/Telugu/bona_0075.wav,bonafide
/Users/yashcomputers/Desktop/Svara/data/combined/Sanskrit/spoof_0040.wav,spoof
/Users/yashcomputers/Desktop/Svara/data/combined/Telugu/spoof_0144.wav,spoof
/Users/yashcomputers/Desktop/Svara/data/combined/Punjabi/bona_0123.wav,bonafide
/Users/yashcomputers/Desktop/Svara/data/combined/Sanskrit/spoof_0041.wav,spoof
/Users/yashcomputers/Desktop/Svara/data/combined/Kannada/spoof_0080.wav,spoof
/Users/yashcomputers/Desktop/Svara/data/combined/Bengali/bona_0131.wav,bonafide
/Users/yashcomputers/Desktop/Svara/data/combined/Gujarati/bona_0064.wav,bonafide
/Users/yashcomputers/Desktop/Svara/data/combined/Punjabi/bona_0038.wav,bonafide
/Users/yashcomputers/Desktop/Svara/data/combined/Urdu/bona_0109.wav,bonafide
/Users/yashcomputers/Desktop/Svara/data/combined/Hindi/spoof_0044.wav,spoof
/Users/yashcomputers/Desktop/Svara/data/combined/Bengali/spoof_0018.wav,spoof
/Users/yashcomputers/Desktop/Svara/data/combined/Odia/spoof_0049.wav,spoof
/Users/yashcomputers/Desktop/Svara/data/combined/Telugu/bona_0086.wav,bonafide
/Users/yashcomputers/Desktop/Svara/data/combined/Malayalam/spoof_0027.wav,spoof
/Users/yashcomputers/Desktop/Svara/data/combined/Bengali/spoof_0008.wav,spoof
/Users/yashcomputers/Desktop/Svara/data/combined/Bengali/bona_0104.wav,bonafide
/Users/yashcomputers/Desktop/Svara/data/combined/Odia/spoof_0012.wav,spoof
/Users/yashcomputers/Desktop/Svara/data/combined/Kannada/spoof_0079.wav,spoof
/Users/yashcomputers/Desktop/Svara/data/combined/Marathi/spoof_0001.wav,spoof
/Users/yashcomputers/Desktop/Svara/data/combined/Bengali/spoof_0007.wav,spoof
/Users/yashcomputers/Desktop/Svara/data/combined/Sanskrit/bona_0059.wav,bonafide
/Users/yashcomputers/Desktop/Svara/data/combined/Odia/bona_0031.wav,bonafide
/Users/yashcomputers/Desktop/Svara/data/combined/Tamil/bona_0116.wav,bonafide
/Users/yashcomputers/Desktop/Svara/data/combined/Malayalam/bona_0064.wav,bonafide
/Users/yashcomputers/Desktop/Svara/data/combined/Sanskrit/bona_0130.wav,bonafide
/Users/yashcomputers/Desktop/Svara/data/combined/Gujarati/spoof_0108.wav,spoof
/Users/yashcomputers/Desktop/Svara/data/combined/Malayalam/bona_0045.wav,bonafide
/Users/yashcomputers/Desktop/Svara/data/combined/Marathi/bona_0014.wav,bonafide
/Users/yashcomputers/Desktop/Svara/data/combined/Telugu/bona_0066.wav,bonafide
/Users/yashcomputers/Desktop/Svara/data/combined/Malayalam/bona_0016.wav,bonafide
/Users/yashcomputers/Desktop/Svara/data/combined/Bengali/bona_0058.wav,bonafide
/Users/yashcomputers/Desktop/Svara/data/combined/Kannada/spoof_0005.wav,spoof
/Users/yashcomputers/Desktop/Svara/data/combined/Malayalam/bona_0035.wav,bonafide
/Users/yashcomputers/Desktop/Svara/data/combined/Malayalam/bona_0104.wav,bonafide
/Users/yashcomputers/Desktop/Svara/data/combined/Urdu/spoof_0119.wav,spoof
/Users/yashcomputers/Desktop/Svara/data/combined/Kannada/spoof_0055.wav,spoof
/Users/yashcomputers/Desktop/Svara/data/combined/Telugu/bona_0035.wav,bonafide
/Users/yashcomputers/Desktop/Svara/data/combined/Bengali/bona_0122.wav,bonafide
/Users/yashcomputers/Desktop/Svara/data/combined/Sanskrit/bona_0015.wav,bonafide
/Users/yashcomputers/Desktop/Svara/data/combined/Tamil/spoof_0085.wav,spoof
/Users/yashcomputers/Desktop/Svara/data/combined/Urdu/bona_0120.wav,bonafide
/Users/yashcomputers/Desktop/Svara/data/combined/Marathi/bona_0148.wav,bonafide
/Users/yashcomputers/Desktop/Svara/data/combined/Sanskrit/spoof_0022.wav,spoof
/Users/yashcomputers/Desktop/Svara/data/combined/Hindi/spoof_0126.wav,spoof
/Users/yashcomputers/Desktop/Svara/data/combined/Bengali/bona_0118.wav,bonafide
/Users/yashcomputers/Desktop/Svara/data/combined/Bengali/spoof_0096.wav,spoof
/Users/yashcomputers/Desktop/Svara/data/combined/Odia/bona_0142.wav,bonafide
/Users/yashcomputers/Desktop/Svara/data/combined/Sanskrit/bona_0106.wav,bonafide
/Users/yashcomputers/Desktop/Svara/data/combined/Telugu/spoof_0027.wav,spoof
/Users/yashcomputers/Desktop/Svara/data/combined/Odia/spoof_0001.wav,spoof
/Users/yashcomputers/Desktop/Svara/data/combined/Odia/bona_0094.wav,bonafide
/Users/yashcomputers/Desktop/Svara/data/combined/Sanskrit/spoof_0079.wav,spoof
/Users/yashcomputers/Desktop/Svara/data/combined/Gujarati/bona_0090.wav,bonafide
/Users/yashcomputers/Desktop/Svara/data/combined/Telugu/spoof_0139.wav,spoof
/Users/yashcomputers/Desktop/Svara/data/combined/Sanskrit/bona_0047.wav,bonafide
/Users/yashcomputers/Desktop/Svara/data/combined/Hindi/spoof_0114.wav,spoof
/Users/yashcomputers/Desktop/Svara/data/combined/Telugu/spoof_0006.wav,spoof
/Users/yashcomputers/Desktop/Svara/data/combined/Punjabi/spoof_0037.wav,spoof
/Users/yashcomputers/Desktop/Svara/data/combined/Urdu/bona_0032.wav,bonafide
/Users/yashcomputers/Desktop/Svara/data/combined/Punjabi/bona_0063.wav,bonafide
/Users/yashcomputers/Desktop/Svara/data/combined/Bengali/spoof_0143.wav,spoof
/Users/yashcomputers/Desktop/Svara/data/combined/Bengali/spoof_0141.wav,spoof
/Users/yashcomputers/Desktop/Svara/data/combined/Marathi/bona_0067.wav,bonafide
/Users/yashcomputers/Desktop/Svara/data/combined/Bengali/spoof_0097.wav,spoof
/Users/yashcomputers/Desktop/Svara/data/combined/Hindi/bona_0011.wav,bonafide
/Users/yashcomputers/Desktop/Svara/data/combined/Malayalam/spoof_0072.wav,spoof
/Users/yashcomputers/Desktop/Svara/data/combined/Marathi/spoof_0139.wav,spoof
/Users/yashcomputers/Desktop/Svara/data/combined/Gujarati/spoof_0034.wav,spoof
/Users/yashcomputers/Desktop/Svara/data/combined/Gujarati/spoof_0057.wav,spoof
/Users/yashcomputers/Desktop/Svara/data/combined/Punjabi/bona_0001.wav,bonafide
/Users/yashcomputers/Desktop/Svara/data/combined/Malayalam/bona_0066.wav,bonafide
/Users/yashcomputers/Desktop/Svara/data/combined/Tamil/bona_0038.wav,bonafide
/Users/yashcomputers/Desktop/Svara/data/combined/Odia/spoof_0134.wav,spoof
/Users/yashcomputers/Desktop/Svara/data/combined/Hindi/spoof_0104.wav,spoof
/Users/yashcomputers/Desktop/Svara/data/combined/Telugu/spoof_0054.wav,spoof
/Users/yashcomputers/Desktop/Svara/data/combined/Sanskrit/spoof_0083.wav,spoof
/Users/yashcomputers/Desktop/Svara/data/combined/Marathi/spoof_0133.wav,spoof
/Users/yashcomputers/Desktop/Svara/data/combined/Gujarati/spoof_0115.wav,spoof
/Users/yashcomputers/Desktop/Svara/data/combined/Hindi/bona_0108.wav,bonafide
/Users/yashcomputers/Desktop/Svara/data/combined/Telugu/bona_0102.wav,bonafide
/Users/yashcomputers/Desktop/Svara/data/combined/Odia/bona_0079.wav,bonafide
/Users/yashcomputers/Desktop/Svara/data/combined/Tamil/spoof_0149.wav,spoof
/Users/yashcomputers/Desktop/Svara/data/combined/Tamil/bona_0133.wav,bonafide
/Users/yashcomputers/Desktop/Svara/data/combined/Bengali/spoof_0054.wav,spoof
/Users/yashcomputers/Desktop/Svara/data/combined/Urdu/spoof_0040.wav,spoof
/Users/yashcomputers/Desktop/Svara/data/combined/Hindi/spoof_0142.wav,spoof
/Users/yashcomputers/Desktop/Svara/data/combined/Marathi/bona_0121.wav,bonafide
/Users/yashcomputers/Desktop/Svara/data/combined/Odia/spoof_0076.wav,spoof
/Users/yashcomputers/Desktop/Svara/data/combined/Hindi/bona_0146.wav,bonafide
/Users/yashcomputers/Desktop/Svara/data/combined/Urdu/spoof_0022.wav,spoof
/Users/yashcomputers/Desktop/Svara/data/combined/Punjabi/spoof_0120.wav,spoof
/Users/yashcomputers/Desktop/Svara/data/combined/Telugu/bona_0084.wav,bonafide
/Users/yashcomputers/Desktop/Svara/data/combined/Odia/spoof_0140.wav,spoof
/Users/yashcomputers/Desktop/Svara/data/combined/Punjabi/spoof_0034.wav,spoof
/Users/yashcomputers/Desktop/Svara/data/combined/Odia/spoof_0121.wav,spoof
/Users/yashcomputers/Desktop/Svara/data/combined/Tamil/spoof_0039.wav,spoof
/Users/yashcomputers/Desktop/Svara/data/combined/Kannada/bona_0089.wav,bonafide
/Users/yashcomputers/Desktop/Svara/data/combined/Tamil/bona_0105.wav,bonafide
/Users/yashcomputers/Desktop/Svara/data/combined/Punjabi/spoof_0107.wav,spoof
/Users/yashcomputers/Desktop/Svara/data/combined/Telugu/spoof_0146.wav,spoof
/Users/yashcomputers/Desktop/Svara/data/combined/Urdu/spoof_0056.wav,spoof
/Users/yashcomputers/Desktop/Svara/data/combined/Sanskrit/bona_0065.wav,bonafide
/Users/yashcomputers/Desktop/Svara/data/combined/Tamil/spoof_0029.wav,spoof
/Users/yashcomputers/Desktop/Svara/data/combined/Kannada/bona_0137.wav,bonafide
/Users/yashcomputers/Desktop/Svara/data/combined/Gujarati/spoof_0046.wav,spoof
/Users/yashcomputers/Desktop/Svara/data/combined/Bengali/spoof_0094.wav,spoof
/Users/yashcomputers/Desktop/Svara/data/combined/Punjabi/bona_0040.wav,bonafide
/Users/yashcomputers/Desktop/Svara/data/combined/Telugu/spoof_0010.wav,spoof
/Users/yashcomputers/Desktop/Svara/data/combined/Bengali/spoof_0146.wav,spoof
/Users/yashcomputers/Desktop/Svara/data/combined/Odia/bona_0085.wav,bonafide
/Users/yashcomputers/Desktop/Svara/data/combined/Urdu/bona_0017.wav,bonafide
/Users/yashcomputers/Desktop/Svara/data/combined/Gujarati/bona_0086.wav,bonafide
/Users/yashcomputers/Desktop/Svara/data/combined/Gujarati/spoof_0118.wav,spoof
/Users/yashcomputers/Desktop/Svara/data/combined/Kannada/bona_0054.wav,bonafide
/Users/yashcomputers/Desktop/Svara/data/combined/Marathi/spoof_0015.wav,spoof
/Users/yashcomputers/Desktop/Svara/data/combined/Malayalam/spoof_0134.wav,spoof
/Users/yashcomputers/Desktop/Svara/data/combined/Odia/bona_0146.wav,bonafide
/Users/yashcomputers/Desktop/Svara/data/combined/Odia/spoof_0095.wav,spoof
/Users/yashcomputers/Desktop/Svara/data/combined/Tamil/bona_0047.wav,bonafide
/Users/yashcomputers/Desktop/Svara/data/combined/Punjabi/bona_0008.wav,bonafide
/Users/yashcomputers/Desktop/Svara/data/combined/Odia/spoof_0028.wav,spoof
/Users/yashcomputers/Desktop/Svara/data/combined/Tamil/bona_0034.wav,bonafide
/Users/yashcomputers/Desktop/Svara/data/combined/Kannada/spoof_0123.wav,spoof
/Users/yashcomputers/Desktop/Svara/data/combined/Malayalam/spoof_0058.wav,spoof
/Users/yashcomputers/Desktop/Svara/data/combined/Kannada/bona_0056.wav,bonafide
/Users/yashcomputers/Desktop/Svara/data/combined/Telugu/spoof_0102.wav,spoof
/Users/yashcomputers/Desktop/Svara/data/combined/Urdu/spoof_0128.wav,spoof
/Users/yashcomputers/Desktop/Svara/data/combined/Telugu/spoof_0061.wav,spoof
/Users/yashcomputers/Desktop/Svara/data/combined/Bengali/bona_0113.wav,bonafide
/Users/yashcomputers/Desktop/Svara/data/combined/Punjabi/bona_0058.wav,bonafide
/Users/yashcomputers/Desktop/Svara/data/combined/Tamil/bona_0145.wav,bonafide
/Users/yashcomputers/Desktop/Svara/data/combined/Bengali/bona_0108.wav,bonafide
/Users/yashcomputers/Desktop/Svara/data/combined/Punjabi/bona_0084.wav,bonafide
/Users/yashcomputers/Desktop/Svara/data/combined/Urdu/bona_0090.wav,bonafide
/Users/yashcomputers/Desktop/Svara/data/combined/Marathi/bona_0102.wav,bonafide
/Users/yashcomputers/Desktop/Svara/data/combined/Kannada/bona_0027.wav,bonafide
/Users/yashcomputers/Desktop/Svara/data/combined/Marathi/bona_0088.wav,bonafide
/Users/yashcomputers/Desktop/Svara/data/combined/Telugu/bona_0079.wav,bonafide
/Users/yashcomputers/Desktop/Svara/data/combined/Sanskrit/bona_0113.wav,bonafide
/Users/yashcomputers/Desktop/Svara/data/combined/Malayalam/bona_0117.wav,bonafide
/Users/yashcomputers/Desktop/Svara/data/combined/Marathi/spoof_0008.wav,spoof
/Users/yashcomputers/Desktop/Svara/data/combined/Gujarati/spoof_0093.wav,spoof
/Users/yashcomputers/Desktop/Svara/data/combined/Odia/bona_0119.wav,bonafide
/Users/yashcomputers/Desktop/Svara/data/combined/Sanskrit/bona_0105.wav,bonafide
/Users/yashcomputers/Desktop/Svara/data/combined/Hindi/spoof_0079.wav,spoof
/Users/yashcomputers/Desktop/Svara/data/combined/Urdu/spoof_0052.wav,spoof
/Users/yashcomputers/Desktop/Svara/data/combined/Gujarati/spoof_0052.wav,spoof
/Users/yashcomputers/Desktop/Svara/data/combined/Odia/spoof_0102.wav,spoof
/Users/yashcomputers/Desktop/Svara/data/combined/Bengali/bona_0130.wav,bonafide
/Users/yashcomputers/Desktop/Svara/data/combined/Sanskrit/bona_0094.wav,bonafide
/Users/yashcomputers/Desktop/Svara/data/combined/Punjabi/bona_0098.wav,bonafide
/Users/yashcomputers/Desktop/Svara/data/combined/Hindi/spoof_0136.wav,spoof
/Users/yashcomputers/Desktop/Svara/data/combined/Malayalam/spoof_0102.wav,spoof
/Users/yashcomputers/Desktop/Svara/data/combined/Odia/spoof_0105.wav,spoof
/Users/yashcomputers/Desktop/Svara/data/combined/Bengali/bona_0062.wav,bonafide
/Users/yashcomputers/Desktop/Svara/data/combined/Gujarati/spoof_0072.wav,spoof
/Users/yashcomputers/Desktop/Svara/data/combined/Gujarati/spoof_0059.wav,spoof
/Users/yashcomputers/Desktop/Svara/data/combined/Hindi/spoof_0060.wav,spoof
/Users/yashcomputers/Desktop/Svara/data/combined/Sanskrit/bona_0054.wav,bonafide
/Users/yashcomputers/Desktop/Svara/data/combined/Urdu/bona_0113.wav,bonafide
/Users/yashcomputers/Desktop/Svara/data/combined/Urdu/spoof_0116.wav,spoof
/Users/yashcomputers/Desktop/Svara/data/combined/Punjabi/spoof_0059.wav,spoof
/Users/yashcomputers/Desktop/Svara/data/combined/Tamil/spoof_0119.wav,spoof
/Users/yashcomputers/Desktop/Svara/data/combined/Gujarati/spoof_0040.wav,spoof
/Users/yashcomputers/Desktop/Svara/data/combined/Urdu/bona_0129.wav,bonafide
/Users/yashcomputers/Desktop/Svara/data/combined/Tamil/bona_0097.wav,bonafide
/Users/yashcomputers/Desktop/Svara/data/combined/Gujarati/bona_0021.wav,bonafide
/Users/yashcomputers/Desktop/Svara/data/combined/Bengali/spoof_0041.wav,spoof
/Users/yashcomputers/Desktop/Svara/data/combined/Marathi/bona_0031.wav,bonafide
/Users/yashcomputers/Desktop/Svara/data/combined/Bengali/bona_0000.wav,bonafide
/Users/yashcomputers/Desktop/Svara/data/combined/Hindi/spoof_0118.wav,spoof
/Users/yashcomputers/Desktop/Svara/data/combined/Hindi/bona_0129.wav,bonafide
/Users/yashcomputers/Desktop/Svara/data/combined/Kannada/bona_0066.wav,bonafide
/Users/yashcomputers/Desktop/Svara/data/combined/Punjabi/bona_0022.wav,bonafide
/Users/yashcomputers/Desktop/Svara/data/combined/Sanskrit/spoof_0072.wav,spoof
/Users/yashcomputers/Desktop/Svara/data/combined/Marathi/spoof_0143.wav,spoof
/Users/yashcomputers/Desktop/Svara/data/combined/Punjabi/spoof_0084.wav,spoof
/Users/yashcomputers/Desktop/Svara/data/combined/Sanskrit/bona_0087.wav,bonafide
/Users/yashcomputers/Desktop/Svara/data/combined/Bengali/bona_0147.wav,bonafide
/Users/yashcomputers/Desktop/Svara/data/combined/Kannada/spoof_0061.wav,spoof
/Users/yashcomputers/Desktop/Svara/data/combined/Marathi/bona_0060.wav,bonafide
/Users/yashcomputers/Desktop/Svara/data/combined/Tamil/bona_0142.wav,bonafide
/Users/yashcomputers/Desktop/Svara/data/combined/Gujarati/bona_0055.wav,bonafide
/Users/yashcomputers/Desktop/Svara/data/combined/Sanskrit/spoof_0131.wav,spoof
/Users/yashcomputers/Desktop/Svara/data/combined/Sanskrit/bona_0118.wav,bonafide
/Users/yashcomputers/Desktop/Svara/data/combined/Hindi/spoof_0138.wav,spoof
/Users/yashcomputers/Desktop/Svara/data/combined/Odia/bona_0002.wav,bonafide
/Users/yashcomputers/Desktop/Svara/data/combined/Tamil/spoof_0001.wav,spoof
/Users/yashcomputers/Desktop/Svara/data/combined/Telugu/bona_0134.wav,bonafide
/Users/yashcomputers/Desktop/Svara/data/combined/Malayalam/bona_0114.wav,bonafide
/Users/yashcomputers/Desktop/Svara/data/combined/Telugu/spoof_0072.wav,spoof
/Users/yashcomputers/Desktop/Svara/data/combined/Telugu/spoof_0130.wav,spoof
/Users/yashcomputers/Desktop/Svara/data/combined/Punjabi/bona_0016.wav,bonafide
/Users/yashcomputers/Desktop/Svara/data/combined/Malayalam/bona_0038.wav,bonafide
/Users/yashcomputers/Desktop/Svara/data/combined/Tamil/bona_0065.wav,bonafide
/Users/yashcomputers/Desktop/Svara/data/combined/Malayalam/spoof_0146.wav,spoof
/Users/yashcomputers/Desktop/Svara/data/combined/Marathi/bona_0056.wav,bonafide
/Users/yashcomputers/Desktop/Svara/data/combined/Tamil/bona_0037.wav,bonafide
/Users/yashcomputers/Desktop/Svara/data/combined/Bengali/bona_0080.wav,bonafide
/Users/yashcomputers/Desktop/Svara/data/combined/Bengali/bona_0119.wav,bonafide
/Users/yashcomputers/Desktop/Svara/data/combined/Marathi/bona_0017.wav,bonafide
/Users/yashcomputers/Desktop/Svara/data/combined/Hindi/spoof_0036.wav,spoof
/Users/yashcomputers/Desktop/Svara/data/combined/Gujarati/spoof_0054.wav,spoof
/Users/yashcomputers/Desktop/Svara/data/combined/Gujarati/spoof_0139.wav,spoof
/Users/yashcomputers/Desktop/Svara/data/combined/Hindi/bona_0100.wav,bonafide
/Users/yashcomputers/Desktop/Svara/data/combined/Telugu/spoof_0071.wav,spoof
/Users/yashcomputers/Desktop/Svara/data/combined/Bengali/spoof_0104.wav,spoof
/Users/yashcomputers/Desktop/Svara/data/combined/Telugu/spoof_0129.wav,spoof
/Users/yashcomputers/Desktop/Svara/data/combined/Telugu/bona_0100.wav,bonafide
/Users/yashcomputers/Desktop/Svara/data/combined/Tamil/spoof_0112.wav,spoof
/Users/yashcomputers/Desktop/Svara/data/combined/Punjabi/bona_0029.wav,bonafide
/Users/yashcomputers/Desktop/Svara/data/combined/Marathi/bona_0016.wav,bonafide
/Users/yashcomputers/Desktop/Svara/data/combined/Tamil/bona_0125.wav,bonafide
/Users/yashcomputers/Desktop/Svara/data/combined/Odia/bona_0108.wav,bonafide
/Users/yashcomputers/Desktop/Svara/data/combined/Marathi/bona_0003.wav,bonafide
/Users/yashcomputers/Desktop/Svara/data/combined/Sanskrit/bona_0012.wav,bonafide
/Users/yashcomputers/Desktop/Svara/data/combined/Urdu/spoof_0026.wav,spoof
/Users/yashcomputers/Desktop/Svara/data/combined/Gujarati/bona_0099.wav,bonafide
/Users/yashcomputers/Desktop/Svara/data/combined/Sanskrit/spoof_0117.wav,spoof
/Users/yashcomputers/Desktop/Svara/data/combined/Punjabi/bona_0116.wav,bonafide
/Users/yashcomputers/Desktop/Svara/data/combined/Telugu/spoof_0028.wav,spoof
/Users/yashcomputers/Desktop/Svara/data/combined/Marathi/spoof_0134.wav,spoof
/Users/yashcomputers/Desktop/Svara/data/combined/Marathi/bona_0035.wav,bonafide
/Users/yashcomputers/Desktop/Svara/data/combined/Bengali/bona_0012.wav,bonafide
/Users/yashcomputers/Desktop/Svara/data/combined/Gujarati/spoof_0005.wav,spoof
/Users/yashcomputers/Desktop/Svara/data/combined/Gujarati/spoof_0037.wav,spoof
/Users/yashcomputers/Desktop/Svara/data/combined/Tamil/bona_0127.wav,bonafide
/Users/yashcomputers/Desktop/Svara/data/combined/Marathi/spoof_0097.wav,spoof
/Users/yashcomputers/Desktop/Svara/data/combined/Telugu/bona_0008.wav,bonafide
/Users/yashcomputers/Desktop/Svara/data/combined/Tamil/bona_0008.wav,bonafide
/Users/yashcomputers/Desktop/Svara/data/combined/Odia/spoof_0141.wav,spoof
/Users/yashcomputers/Desktop/Svara/data/combined/Punjabi/spoof_0009.wav,spoof
/Users/yashcomputers/Desktop/Svara/data/combined/Sanskrit/spoof_0046.wav,spoof
/Users/yashcomputers/Desktop/Svara/data/combined/Gujarati/bona_0047.wav,bonafide
/Users/yashcomputers/Desktop/Svara/data/combined/Hindi/bona_0061.wav,bonafide
/Users/yashcomputers/Desktop/Svara/data/combined/Gujarati/bona_0118.wav,bonafide
/Users/yashcomputers/Desktop/Svara/data/combined/Punjabi/bona_0141.wav,bonafide
/Users/yashcomputers/Desktop/Svara/data/combined/Punjabi/bona_0062.wav,bonafide
/Users/yashcomputers/Desktop/Svara/data/combined/Malayalam/bona_0096.wav,bonafide
/Users/yashcomputers/Desktop/Svara/data/combined/Odia/bona_0083.wav,bonafide
/Users/yashcomputers/Desktop/Svara/data/combined/Kannada/bona_0122.wav,bonafide
/Users/yashcomputers/Desktop/Svara/data/combined/Telugu/spoof_0075.wav,spoof
/Users/yashcomputers/Desktop/Svara/data/combined/Urdu/spoof_0008.wav,spoof
/Users/yashcomputers/Desktop/Svara/data/combined/Marathi/bona_0077.wav,bonafide
/Users/yashcomputers/Desktop/Svara/data/combined/Gujarati/spoof_0105.wav,spoof
/Users/yashcomputers/Desktop/Svara/data/combined/Hindi/spoof_0102.wav,spoof
/Users/yashcomputers/Desktop/Svara/data/combined/Urdu/spoof_0041.wav,spoof
/Users/yashcomputers/Desktop/Svara/data/combined/Bengali/spoof_0118.wav,spoof
/Users/yashcomputers/Desktop/Svara/data/combined/Malayalam/spoof_0035.wav,spoof
/Users/yashcomputers/Desktop/Svara/data/combined/Hindi/spoof_0130.wav,spoof
/Users/yashcomputers/Desktop/Svara/data/combined/Malayalam/bona_0123.wav,bonafide
/Users/yashcomputers/Desktop/Svara/data/combined/Telugu/bona_0122.wav,bonafide
/Users/yashcomputers/Desktop/Svara/data/combined/Bengali/bona_0065.wav,bonafide
/Users/yashcomputers/Desktop/Svara/data/combined/Odia/bona_0143.wav,bonafide
/Users/yashcomputers/Desktop/Svara/data/combined/Telugu/spoof_0108.wav,spoof
/Users/yashcomputers/Desktop/Svara/data/combined/Odia/spoof_0097.wav,spoof
/Users/yashcomputers/Desktop/Svara/data/combined/Malayalam/bona_0052.wav,bonafide
/Users/yashcomputers/Desktop/Svara/data/combined/Malayalam/bona_0092.wav,bonafide
/Users/yashcomputers/Desktop/Svara/data/combined/Tamil/bona_0004.wav,bonafide
/Users/yashcomputers/Desktop/Svara/data/combined/Urdu/spoof_0106.wav,spoof
/Users/yashcomputers/Desktop/Svara/data/combined/Urdu/bona_0137.wav,bonafide
/Users/yashcomputers/Desktop/Svara/data/combined/Telugu/bona_0051.wav,bonafide
/Users/yashcomputers/Desktop/Svara/data/combined/Malayalam/bona_0043.wav,bonafide
/Users/yashcomputers/Desktop/Svara/data/combined/Bengali/bona_0103.wav,bonafide
/Users/yashcomputers/Desktop/Svara/data/combined/Tamil/spoof_0095.wav,spoof
/Users/yashcomputers/Desktop/Svara/data/combined/Tamil/spoof_0142.wav,spoof
/Users/yashcomputers/Desktop/Svara/data/combined/Hindi/bona_0130.wav,bonafide
/Users/yashcomputers/Desktop/Svara/data/combined/Tamil/spoof_0099.wav,spoof
/Users/yashcomputers/Desktop/Svara/data/combined/Kannada/spoof_0036.wav,spoof
/Users/yashcomputers/Desktop/Svara/data/combined/Kannada/bona_0045.wav,bonafide
/Users/yashcomputers/Desktop/Svara/data/combined/Telugu/spoof_0115.wav,spoof
/Users/yashcomputers/Desktop/Svara/data/combined/Sanskrit/spoof_0004.wav,spoof
/Users/yashcomputers/Desktop/Svara/data/combined/Bengali/bona_0075.wav,bonafide
/Users/yashcomputers/Desktop/Svara/data/combined/Odia/spoof_0026.wav,spoof
/Users/yashcomputers/Desktop/Svara/data/combined/Malayalam/spoof_0103.wav,spoof
/Users/yashcomputers/Desktop/Svara/data/combined/Punjabi/spoof_0103.wav,spoof
/Users/yashcomputers/Desktop/Svara/data/combined/Odia/spoof_0060.wav,spoof
/Users/yashcomputers/Desktop/Svara/data/combined/Odia/spoof_0024.wav,spoof
/Users/yashcomputers/Desktop/Svara/data/combined/Marathi/spoof_0120.wav,spoof
/Users/yashcomputers/Desktop/Svara/data/combined/Kannada/spoof_0133.wav,spoof
/Users/yashcomputers/Desktop/Svara/data/combined/Gujarati/spoof_0082.wav,spoof
/Users/yashcomputers/Desktop/Svara/data/combined/Sanskrit/spoof_0032.wav,spoof
/Users/yashcomputers/Desktop/Svara/data/combined/Gujarati/spoof_0096.wav,spoof
/Users/yashcomputers/Desktop/Svara/data/combined/Sanskrit/bona_0099.wav,bonafide
/Users/yashcomputers/Desktop/Svara/data/combined/Marathi/bona_0057.wav,bonafide
/Users/yashcomputers/Desktop/Svara/data/combined/Sanskrit/spoof_0054.wav,spoof
/Users/yashcomputers/Desktop/Svara/data/combined/Tamil/spoof_0006.wav,spoof
/Users/yashcomputers/Desktop/Svara/data/combined/Kannada/bona_0140.wav,bonafide
/Users/yashcomputers/Desktop/Svara/data/combined/Gujarati/spoof_0010.wav,spoof
/Users/yashcomputers/Desktop/Svara/data/combined/Kannada/spoof_0046.wav,spoof
/Users/yashcomputers/Desktop/Svara/data/combined/Gujarati/spoof_0044.wav,spoof
/Users/yashcomputers/Desktop/Svara/data/combined/Hindi/bona_0073.wav,bonafide
/Users/yashcomputers/Desktop/Svara/data/combined/Odia/bona_0006.wav,bonafide
/Users/yashcomputers/Desktop/Svara/data/combined/Telugu/bona_0005.wav,bonafide
/Users/yashcomputers/Desktop/Svara/data/combined/Telugu/spoof_0026.wav,spoof
/Users/yashcomputers/Desktop/Svara/data/combined/Bengali/spoof_0061.wav,spoof
/Users/yashcomputers/Desktop/Svara/data/combined/Malayalam/spoof_0095.wav,spoof
/Users/yashcomputers/Desktop/Svara/data/combined/Odia/spoof_0010.wav,spoof
/Users/yashcomputers/Desktop/Svara/data/combined/Punjabi/spoof_0078.wav,spoof
/Users/yashcomputers/Desktop/Svara/data/combined/Sanskrit/bona_0019.wav,bonafide
/Users/yashcomputers/Desktop/Svara/data/combined/Punjabi/bona_0107.wav,bonafide
/Users/yashcomputers/Desktop/Svara/data/combined/Urdu/spoof_0037.wav,spoof
/Users/yashcomputers/Desktop/Svara/data/combined/Bengali/spoof_0077.wav,spoof
/Users/yashcomputers/Desktop/Svara/data/combined/Telugu/bona_0049.wav,bonafide
/Users/yashcomputers/Desktop/Svara/data/combined/Bengali/bona_0073.wav,bonafide
/Users/yashcomputers/Desktop/Svara/data/combined/Gujarati/bona_0063.wav,bonafide
/Users/yashcomputers/Desktop/Svara/data/combined/Bengali/bona_0070.wav,bonafide
/Users/yashcomputers/Desktop/Svara/data/combined/Sanskrit/spoof_0051.wav,spoof
/Users/yashcomputers/Desktop/Svara/data/combined/Tamil/spoof_0054.wav,spoof
/Users/yashcomputers/Desktop/Svara/data/combined/Tamil/bona_0121.wav,bonafide
/Users/yashcomputers/Desktop/Svara/data/combined/Kannada/bona_0040.wav,bonafide
/Users/yashcomputers/Desktop/Svara/data/combined/Punjabi/bona_0074.wav,bonafide
/Users/yashcomputers/Desktop/Svara/data/combined/Kannada/spoof_0126.wav,spoof
/Users/yashcomputers/Desktop/Svara/data/combined/Punjabi/spoof_0089.wav,spoof
/Users/yashcomputers/Desktop/Svara/data/combined/Punjabi/bona_0039.wav,bonafide
/Users/yashcomputers/Desktop/Svara/data/combined/Sanskrit/spoof_0030.wav,spoof
/Users/yashcomputers/Desktop/Svara/data/combined/Urdu/bona_0144.wav,bonafide
/Users/yashcomputers/Desktop/Svara/data/combined/Telugu/bona_0129.wav,bonafide
/Users/yashcomputers/Desktop/Svara/data/combined/Urdu/spoof_0097.wav,spoof
/Users/yashcomputers/Desktop/Svara/data/combined/Malayalam/spoof_0145.wav,spoof
/Users/yashcomputers/Desktop/Svara/data/combined/Gujarati/spoof_0126.wav,spoof
/Users/yashcomputers/Desktop/Svara/data/combined/Kannada/bona_0072.wav,bonafide
/Users/yashcomputers/Desktop/Svara/data/combined/Punjabi/bona_0090.wav,bonafide
/Users/yashcomputers/Desktop/Svara/data/combined/Bengali/spoof_0034.wav,spoof
/Users/yashcomputers/Desktop/Svara/data/combined/Sanskrit/bona_0127.wav,bonafide
/Users/yashcomputers/Desktop/Svara/data/combined/Sanskrit/spoof_0033.wav,spoof
/Users/yashcomputers/Desktop/Svara/data/combined/Telugu/bona_0088.wav,bonafide
/Users/yashcomputers/Desktop/Svara/data/combined/Gujarati/spoof_0048.wav,spoof
/Users/yashcomputers/Desktop/Svara/data/combined/Malayalam/spoof_0121.wav,spoof
/Users/yashcomputers/Desktop/Svara/data/combined/Sanskrit/bona_0043.wav,bonafide
/Users/yashcomputers/Desktop/Svara/data/combined/Sanskrit/spoof_0119.wav,spoof
/Users/yashcomputers/Desktop/Svara/data/combined/Odia/bona_0045.wav,bonafide
/Users/yashcomputers/Desktop/Svara/data/combined/Tamil/spoof_0131.wav,spoof
/Users/yashcomputers/Desktop/Svara/data/combined/Tamil/spoof_0097.wav,spoof
/Users/yashcomputers/Desktop/Svara/data/combined/Kannada/spoof_0119.wav,spoof
/Users/yashcomputers/Desktop/Svara/data/combined/Hindi/bona_0126.wav,bonafide
/Users/yashcomputers/Desktop/Svara/data/combined/Telugu/spoof_0021.wav,spoof
/Users/yashcomputers/Desktop/Svara/data/combined/Sanskrit/bona_0132.wav,bonafide
/Users/yashcomputers/Desktop/Svara/data/combined/Malayalam/spoof_0084.wav,spoof
/Users/yashcomputers/Desktop/Svara/data/combined/Gujarati/spoof_0145.wav,spoof
/Users/yashcomputers/Desktop/Svara/data/combined/Bengali/spoof_0014.wav,spoof
/Users/yashcomputers/Desktop/Svara/data/combined/Malayalam/bona_0020.wav,bonafide
/Users/yashcomputers/Desktop/Svara/data/combined/Kannada/spoof_0062.wav,spoof
/Users/yashcomputers/Desktop/Svara/data/combined/Malayalam/bona_0094.wav,bonafide
/Users/yashcomputers/Desktop/Svara/data/combined/Kannada/spoof_0022.wav,spoof
/Users/yashcomputers/Desktop/Svara/data/combined/Bengali/spoof_0073.wav,spoof
/Users/yashcomputers/Desktop/Svara/data/combined/Telugu/spoof_0031.wav,spoof
/Users/yashcomputers/Desktop/Svara/data/combined/Tamil/spoof_0104.wav,spoof
/Users/yashcomputers/Desktop/Svara/data/combined/Punjabi/spoof_0101.wav,spoof
/Users/yashcomputers/Desktop/Svara/data/combined/Telugu/bona_0065.wav,bonafide
/Users/yashcomputers/Desktop/Svara/data/combined/Odia/bona_0087.wav,bonafide
/Users/yashcomputers/Desktop/Svara/data/combined/Marathi/bona_0038.wav,bonafide
/Users/yashcomputers/Desktop/Svara/data/combined/Sanskrit/bona_0060.wav,bonafide
/Users/yashcomputers/Desktop/Svara/data/combined/Sanskrit/bona_0028.wav,bonafide
/Users/yashcomputers/Desktop/Svara/data/combined/Punjabi/spoof_0067.wav,spoof
/Users/yashcomputers/Desktop/Svara/data/combined/Marathi/bona_0122.wav,bonafide
/Users/yashcomputers/Desktop/Svara/data/combined/Telugu/spoof_0082.wav,spoof
/Users/yashcomputers/Desktop/Svara/data/combined/Hindi/bona_0049.wav,bonafide
/Users/yashcomputers/Desktop/Svara/data/combined/Gujarati/spoof_0140.wav,spoof
/Users/yashcomputers/Desktop/Svara/data/combined/Gujarati/bona_0125.wav,bonafide
/Users/yashcomputers/Desktop/Svara/data/combined/Punjabi/spoof_0085.wav,spoof
/Users/yashcomputers/Desktop/Svara/data/combined/Punjabi/bona_0132.wav,bonafide
/Users/yashcomputers/Desktop/Svara/data/combined/Kannada/spoof_0014.wav,spoof
/Users/yashcomputers/Desktop/Svara/data/combined/Kannada/bona_0015.wav,bonafide
/Users/yashcomputers/Desktop/Svara/data/combined/Marathi/bona_0129.wav,bonafide
/Users/yashcomputers/Desktop/Svara/data/combined/Punjabi/bona_0066.wav,bonafide
/Users/yashcomputers/Desktop/Svara/data/combined/Malayalam/spoof_0143.wav,spoof
/Users/yashcomputers/Desktop/Svara/data/combined/Sanskrit/spoof_0048.wav,spoof
/Users/yashcomputers/Desktop/Svara/data/combined/Gujarati/spoof_0120.wav,spoof
/Users/yashcomputers/Desktop/Svara/data/combined/Hindi/spoof_0021.wav,spoof
/Users/yashcomputers/Desktop/Svara/data/combined/Tamil/bona_0028.wav,bonafide
/Users/yashcomputers/Desktop/Svara/data/combined/Kannada/bona_0075.wav,bonafide
/Users/yashcomputers/Desktop/Svara/data/combined/Tamil/bona_0000.wav,bonafide
/Users/yashcomputers/Desktop/Svara/data/combined/Tamil/spoof_0011.wav,spoof
/Users/yashcomputers/Desktop/Svara/data/combined/Malayalam/spoof_0099.wav,spoof
/Users/yashcomputers/Desktop/Svara/data/combined/Marathi/bona_0021.wav,bonafide
/Users/yashcomputers/Desktop/Svara/data/combined/Urdu/bona_0060.wav,bonafide
/Users/yashcomputers/Desktop/Svara/data/combined/Malayalam/spoof_0116.wav,spoof
/Users/yashcomputers/Desktop/Svara/data/combined/Punjabi/spoof_0106.wav,spoof
/Users/yashcomputers/Desktop/Svara/data/combined/Marathi/spoof_0040.wav,spoof
/Users/yashcomputers/Desktop/Svara/data/combined/Bengali/spoof_0068.wav,spoof
/Users/yashcomputers/Desktop/Svara/data/combined/Hindi/spoof_0125.wav,spoof
/Users/yashcomputers/Desktop/Svara/data/combined/Tamil/bona_0132.wav,bonafide
/Users/yashcomputers/Desktop/Svara/data/combined/Tamil/spoof_0040.wav,spoof
/Users/yashcomputers/Desktop/Svara/data/combined/Tamil/spoof_0078.wav,spoof
/Users/yashcomputers/Desktop/Svara/data/combined/Bengali/spoof_0074.wav,spoof
/Users/yashcomputers/Desktop/Svara/data/combined/Sanskrit/spoof_0082.wav,spoof
/Users/yashcomputers/Desktop/Svara/data/combined/Sanskrit/spoof_0142.wav,spoof
/Users/yashcomputers/Desktop/Svara/data/combined/Hindi/spoof_0062.wav,spoof
/Users/yashcomputers/Desktop/Svara/data/combined/Punjabi/bona_0109.wav,bonafide
/Users/yashcomputers/Desktop/Svara/data/combined/Odia/spoof_0088.wav,spoof
/Users/yashcomputers/Desktop/Svara/data/combined/Marathi/bona_0116.wav,bonafide
/Users/yashcomputers/Desktop/Svara/data/combined/Urdu/spoof_0019.wav,spoof
/Users/yashcomputers/Desktop/Svara/data/combined/Tamil/bona_0057.wav,bonafide
/Users/yashcomputers/Desktop/Svara/data/combined/Hindi/spoof_0049.wav,spoof
/Users/yashcomputers/Desktop/Svara/data/combined/Kannada/bona_0028.wav,bonafide
/Users/yashcomputers/Desktop/Svara/data/combined/Gujarati/spoof_0043.wav,spoof
/Users/yashcomputers/Desktop/Svara/data/combined/Punjabi/spoof_0023.wav,spoof
/Users/yashcomputers/Desktop/Svara/data/combined/Odia/spoof_0056.wav,spoof
/Users/yashcomputers/Desktop/Svara/data/combined/Marathi/spoof_0004.wav,spoof
/Users/yashcomputers/Desktop/Svara/data/combined/Malayalam/spoof_0137.wav,spoof
/Users/yashcomputers/Desktop/Svara/data/combined/Marathi/bona_0138.wav,bonafide
/Users/yashcomputers/Desktop/Svara/data/combined/Odia/spoof_0108.wav,spoof
/Users/yashcomputers/Desktop/Svara/data/combined/Sanskrit/bona_0112.wav,bonafide
/Users/yashcomputers/Desktop/Svara/data/combined/Kannada/bona_0005.wav,bonafide
/Users/yashcomputers/Desktop/Svara/data/combined/Hindi/spoof_0033.wav,spoof
/Users/yashcomputers/Desktop/Svara/data/combined/Bengali/bona_0019.wav,bonafide
/Users/yashcomputers/Desktop/Svara/data/combined/Tamil/bona_0075.wav,bonafide
/Users/yashcomputers/Desktop/Svara/data/combined/Bengali/spoof_0123.wav,spoof
/Users/yashcomputers/Desktop/Svara/data/combined/Telugu/bona_0041.wav,bonafide
/Users/yashcomputers/Desktop/Svara/data/combined/Marathi/spoof_0147.wav,spoof
/Users/yashcomputers/Desktop/Svara/data/combined/Kannada/spoof_0083.wav,spoof
/Users/yashcomputers/Desktop/Svara/data/combined/Hindi/bona_0023.wav,bonafide
/Users/yashcomputers/Desktop/Svara/data/combined/Sanskrit/spoof_0087.wav,spoof
/Users/yashcomputers/Desktop/Svara/data/combined/Gujarati/bona_0028.wav,bonafide
/Users/yashcomputers/Desktop/Svara/data/combined/Urdu/bona_0022.wav,bonafide
/Users/yashcomputers/Desktop/Svara/data/combined/Malayalam/spoof_0057.wav,spoof
/Users/yashcomputers/Desktop/Svara/data/combined/Urdu/bona_0023.wav,bonafide
/Users/yashcomputers/Desktop/Svara/data/combined/Urdu/bona_0143.wav,bonafide
/Users/yashcomputers/Desktop/Svara/data/combined/Odia/bona_0058.wav,bonafide
/Users/yashcomputers/Desktop/Svara/data/combined/Bengali/bona_0092.wav,bonafide
/Users/yashcomputers/Desktop/Svara/data/combined/Tamil/bona_0058.wav,bonafide
/Users/yashcomputers/Desktop/Svara/data/combined/Punjabi/bona_0017.wav,bonafide
/Users/yashcomputers/Desktop/Svara/data/combined/Odia/bona_0088.wav,bonafide
/Users/yashcomputers/Desktop/Svara/data/combined/Gujarati/bona_0147.wav,bonafide
/Users/yashcomputers/Desktop/Svara/data/combined/Kannada/bona_0112.wav,bonafide
/Users/yashcomputers/Desktop/Svara/data/combined/Punjabi/spoof_0110.wav,spoof
/Users/yashcomputers/Desktop/Svara/data/combined/Telugu/spoof_0018.wav,spoof
/Users/yashcomputers/Desktop/Svara/data/combined/Telugu/spoof_0025.wav,spoof
/Users/yashcomputers/Desktop/Svara/data/combined/Hindi/bona_0145.wav,bonafide
/Users/yashcomputers/Desktop/Svara/data/combined/Hindi/bona_0085.wav,bonafide
/Users/yashcomputers/Desktop/Svara/data/combined/Odia/spoof_0021.wav,spoof
/Users/yashcomputers/Desktop/Svara/data/combined/Hindi/bona_0087.wav,bonafide
/Users/yashcomputers/Desktop/Svara/data/combined/Kannada/spoof_0122.wav,spoof
/Users/yashcomputers/Desktop/Svara/data/combined/Tamil/spoof_0043.wav,spoof
/Users/yashcomputers/Desktop/Svara/data/combined/Bengali/spoof_0059.wav,spoof
/Users/yashcomputers/Desktop/Svara/data/combined/Hindi/bona_0104.wav,bonafide
/Users/yashcomputers/Desktop/Svara/data/combined/Gujarati/spoof_0107.wav,spoof
/Users/yashcomputers/Desktop/Svara/data/combined/Kannada/spoof_0103.wav,spoof
/Users/yashcomputers/Desktop/Svara/data/combined/Kannada/bona_0038.wav,bonafide
/Users/yashcomputers/Desktop/Svara/data/combined/Punjabi/bona_0117.wav,bonafide
/Users/yashcomputers/Desktop/Svara/data/combined/Tamil/spoof_0070.wav,spoof
/Users/yashcomputers/Desktop/Svara/data/combined/Gujarati/bona_0046.wav,bonafide
/Users/yashcomputers/Desktop/Svara/data/combined/Bengali/bona_0051.wav,bonafide
/Users/yashcomputers/Desktop/Svara/data/combined/Urdu/bona_0104.wav,bonafide
/Users/yashcomputers/Desktop/Svara/data/combined/Urdu/spoof_0066.wav,spoof
/Users/yashcomputers/Desktop/Svara/data/combined/Kannada/spoof_0146.wav,spoof
/Users/yashcomputers/Desktop/Svara/data/combined/Hindi/spoof_0084.wav,spoof
/Users/yashcomputers/Desktop/Svara/data/combined/Kannada/spoof_0011.wav,spoof
/Users/yashcomputers/Desktop/Svara/data/combined/Hindi/bona_0096.wav,bonafide
/Users/yashcomputers/Desktop/Svara/data/combined/Telugu/bona_0126.wav,bonafide
/Users/yashcomputers/Desktop/Svara/data/combined/Punjabi/spoof_0143.wav,spoof
/Users/yashcomputers/Desktop/Svara/data/combined/Tamil/spoof_0135.wav,spoof
/Users/yashcomputers/Desktop/Svara/data/combined/Malayalam/spoof_0125.wav,spoof
/Users/yashcomputers/Desktop/Svara/data/combined/Marathi/spoof_0017.wav,spoof
/Users/yashcomputers/Desktop/Svara/data/combined/Bengali/bona_0132.wav,bonafide
/Users/yashcomputers/Desktop/Svara/data/combined/Odia/bona_0141.wav,bonafide
/Users/yashcomputers/Desktop/Svara/data/combined/Marathi/bona_0097.wav,bonafide
/Users/yashcomputers/Desktop/Svara/data/combined/Gujarati/bona_0034.wav,bonafide
/Users/yashcomputers/Desktop/Svara/data/combined/Gujarati/spoof_0110.wav,spoof
/Users/yashcomputers/Desktop/Svara/data/combined/Tamil/spoof_0106.wav,spoof
/Users/yashcomputers/Desktop/Svara/data/combined/Tamil/spoof_0025.wav,spoof
/Users/yashcomputers/Desktop/Svara/data/combined/Urdu/bona_0059.wav,bonafide
/Users/yashcomputers/Desktop/Svara/data/combined/Malayalam/bona_0006.wav,bonafide
/Users/yashcomputers/Desktop/Svara/data/combined/Odia/spoof_0046.wav,spoof
/Users/yashcomputers/Desktop/Svara/data/combined/Hindi/bona_0037.wav,bonafide
/Users/yashcomputers/Desktop/Svara/data/combined/Bengali/bona_0072.wav,bonafide
/Users/yashcomputers/Desktop/Svara/data/combined/Marathi/spoof_0083.wav,spoof
/Users/yashcomputers/Desktop/Svara/data/combined/Gujarati/spoof_0143.wav,spoof
/Users/yashcomputers/Desktop/Svara/data/combined/Marathi/bona_0030.wav,bonafide
/Users/yashcomputers/Desktop/Svara/data/combined/Kannada/spoof_0067.wav,spoof
/Users/yashcomputers/Desktop/Svara/data/combined/Marathi/bona_0093.wav,bonafide
/Users/yashcomputers/Desktop/Svara/data/combined/Kannada/bona_0141.wav,bonafide
/Users/yashcomputers/Desktop/Svara/data/combined/Telugu/bona_0076.wav,bonafide
/Users/yashcomputers/Desktop/Svara/data/combined/Hindi/bona_0101.wav,bonafide
/Users/yashcomputers/Desktop/Svara/data/combined/Marathi/bona_0023.wav,bonafide
/Users/yashcomputers/Desktop/Svara/data/combined/Bengali/bona_0048.wav,bonafide
/Users/yashcomputers/Desktop/Svara/data/combined/Odia/spoof_0047.wav,spoof
/Users/yashcomputers/Desktop/Svara/data/combined/Odia/spoof_0058.wav,spoof
/Users/yashcomputers/Desktop/Svara/data/combined/Urdu/bona_0000.wav,bonafide
/Users/yashcomputers/Desktop/Svara/data/combined/Malayalam/spoof_0142.wav,spoof
/Users/yashcomputers/Desktop/Svara/data/combined/Kannada/bona_0092.wav,bonafide
/Users/yashcomputers/Desktop/Svara/data/combined/Tamil/bona_0076.wav,bonafide
/Users/yashcomputers/Desktop/Svara/data/combined/Malayalam/bona_0146.wav,bonafide
/Users/yashcomputers/Desktop/Svara/data/combined/Odia/bona_0051.wav,bonafide
/Users/yashcomputers/Desktop/Svara/data/combined/Gujarati/spoof_0079.wav,spoof
/Users/yashcomputers/Desktop/Svara/data/combined/Odia/bona_0063.wav,bonafide
/Users/yashcomputers/Desktop/Svara/data/combined/Gujarati/spoof_0060.wav,spoof
/Users/yashcomputers/Desktop/Svara/data/combined/Punjabi/spoof_0015.wav,spoof
/Users/yashcomputers/Desktop/Svara/data/combined/Punjabi/spoof_0027.wav,spoof
/Users/yashcomputers/Desktop/Svara/data/combined/Odia/bona_0095.wav,bonafide
/Users/yashcomputers/Desktop/Svara/data/combined/Hindi/spoof_0024.wav,spoof
/Users/yashcomputers/Desktop/Svara/data/combined/Urdu/bona_0134.wav,bonafide
/Users/yashcomputers/Desktop/Svara/data/combined/Gujarati/bona_0024.wav,bonafide
/Users/yashcomputers/Desktop/Svara/data/combined/Bengali/bona_0121.wav,bonafide
/Users/yashcomputers/Desktop/Svara/data/combined/Bengali/spoof_0124.wav,spoof
/Users/yashcomputers/Desktop/Svara/data/combined/Telugu/spoof_0111.wav,spoof
/Users/yashcomputers/Desktop/Svara/data/combined/Odia/spoof_0111.wav,spoof
/Users/yashcomputers/Desktop/Svara/data/combined/Tamil/bona_0101.wav,bonafide
/Users/yashcomputers/Desktop/Svara/data/combined/Telugu/bona_0145.wav,bonafide
/Users/yashcomputers/Desktop/Svara/data/combined/Marathi/bona_0113.wav,bonafide
/Users/yashcomputers/Desktop/Svara/data/combined/Urdu/spoof_0071.wav,spoof
/Users/yashcomputers/Desktop/Svara/data/combined/Malayalam/bona_0143.wav,bonafide
/Users/yashcomputers/Desktop/Svara/data/combined/Gujarati/bona_0113.wav,bonafide
/Users/yashcomputers/Desktop/Svara/data/combined/Kannada/spoof_0081.wav,spoof
/Users/yashcomputers/Desktop/Svara/data/combined/Marathi/bona_0027.wav,bonafide
/Users/yashcomputers/Desktop/Svara/data/combined/Sanskrit/bona_0023.wav,bonafide
/Users/yashcomputers/Desktop/Svara/data/combined/Bengali/spoof_0044.wav,spoof
/Users/yashcomputers/Desktop/Svara/data/combined/Hindi/spoof_0134.wav,spoof
/Users/yashcomputers/Desktop/Svara/data/combined/Punjabi/spoof_0096.wav,spoof
/Users/yashcomputers/Desktop/Svara/data/combined/Hindi/spoof_0042.wav,spoof
/Users/yashcomputers/Desktop/Svara/data/combined/Urdu/bona_0050.wav,bonafide
/Users/yashcomputers/Desktop/Svara/data/combined/Gujarati/spoof_0135.wav,spoof
/Users/yashcomputers/Desktop/Svara/data/combined/Gujarati/bona_0022.wav,bonafide
/Users/yashcomputers/Desktop/Svara/data/combined/Marathi/bona_0127.wav,bonafide
/Users/yashcomputers/Desktop/Svara/data/combined/Urdu/bona_0011.wav,bonafide
/Users/yashcomputers/Desktop/Svara/data/combined/Telugu/spoof_0149.wav,spoof
/Users/yashcomputers/Desktop/Svara/data/combined/Marathi/bona_0149.wav,bonafide
/Users/yashcomputers/Desktop/Svara/data/combined/Telugu/spoof_0043.wav,spoof
/Users/yashcomputers/Desktop/Svara/data/combined/Sanskrit/spoof_0144.wav,spoof
/Users/yashcomputers/Desktop/Svara/data/combined/Odia/spoof_0034.wav,spoof
/Users/yashcomputers/Desktop/Svara/data/combined/Telugu/bona_0142.wav,bonafide
/Users/yashcomputers/Desktop/Svara/data/combined/Punjabi/bona_0124.wav,bonafide
/Users/yashcomputers/Desktop/Svara/data/combined/Kannada/spoof_0095.wav,spoof
/Users/yashcomputers/Desktop/Svara/data/combined/Punjabi/bona_0026.wav,bonafide
/Users/yashcomputers/Desktop/Svara/data/combined/Malayalam/bona_0106.wav,bonafide
/Users/yashcomputers/Desktop/Svara/data/combined/Kannada/spoof_0111.wav,spoof
/Users/yashcomputers/Desktop/Svara/data/combined/Odia/spoof_0007.wav,spoof
/Users/yashcomputers/Desktop/Svara/data/combined/Hindi/spoof_0094.wav,spoof
/Users/yashcomputers/Desktop/Svara/data/combined/Punjabi/spoof_0048.wav,spoof
/Users/yashcomputers/Desktop/Svara/data/combined/Malayalam/bona_0080.wav,bonafide
/Users/yashcomputers/Desktop/Svara/data/combined/Tamil/spoof_0020.wav,spoof
/Users/yashcomputers/Desktop/Svara/data/combined/Punjabi/bona_0078.wav,bonafide
/Users/yashcomputers/Desktop/Svara/data/combined/Hindi/bona_0147.wav,bonafide
/Users/yashcomputers/Desktop/Svara/data/combined/Odia/spoof_0040.wav,spoof
/Users/yashcomputers/Desktop/Svara/data/combined/Marathi/spoof_0059.wav,spoof
/Users/yashcomputers/Desktop/Svara/data/combined/Marathi/spoof_0128.wav,spoof
/Users/yashcomputers/Desktop/Svara/data/combined/Telugu/spoof_0011.wav,spoof
/Users/yashcomputers/Desktop/Svara/data/combined/Bengali/spoof_0017.wav,spoof
/Users/yashcomputers/Desktop/Svara/data/combined/Bengali/bona_0064.wav,bonafide
/Users/yashcomputers/Desktop/Svara/data/combined/Hindi/bona_0115.wav,bonafide
/Users/yashcomputers/Desktop/Svara/data/combined/Marathi/spoof_0048.wav,spoof
/Users/yashcomputers/Desktop/Svara/data/combined/Odia/bona_0129.wav,bonafide
/Users/yashcomputers/Desktop/Svara/data/combined/Odia/bona_0130.wav,bonafide
/Users/yashcomputers/Desktop/Svara/data/combined/Telugu/bona_0121.wav,bonafide
/Users/yashcomputers/Desktop/Svara/data/combined/Telugu/bona_0056.wav,bonafide
/Users/yashcomputers/Desktop/Svara/data/combined/Gujarati/spoof_0068.wav,spoof
/Users/yashcomputers/Desktop/Svara/data/combined/Bengali/spoof_0002.wav,spoof
/Users/yashcomputers/Desktop/Svara/data/combined/Sanskrit/spoof_0105.wav,spoof
/Users/yashcomputers/Desktop/Svara/data/combined/Odia/spoof_0126.wav,spoof
/Users/yashcomputers/Desktop/Svara/data/combined/Malayalam/bona_0062.wav,bonafide
/Users/yashcomputers/Desktop/Svara/data/combined/Gujarati/bona_0015.wav,bonafide
/Users/yashcomputers/Desktop/Svara/data/combined/Malayalam/spoof_0148.wav,spoof
/Users/yashcomputers/Desktop/Svara/data/combined/Tamil/spoof_0082.wav,spoof
/Users/yashcomputers/Desktop/Svara/data/combined/Kannada/bona_0044.wav,bonafide
/Users/yashcomputers/Desktop/Svara/data/combined/Punjabi/spoof_0060.wav,spoof
/Users/yashcomputers/Desktop/Svara/data/combined/Hindi/bona_0141.wav,bonafide
/Users/yashcomputers/Desktop/Svara/data/combined/Hindi/bona_0006.wav,bonafide
/Users/yashcomputers/Desktop/Svara/data/combined/Tamil/spoof_0118.wav,spoof
/Users/yashcomputers/Desktop/Svara/data/combined/Sanskrit/spoof_0092.wav,spoof
/Users/yashcomputers/Desktop/Svara/data/combined/Malayalam/bona_0074.wav,bonafide
/Users/yashcomputers/Desktop/Svara/data/combined/Gujarati/bona_0076.wav,bonafide
/Users/yashcomputers/Desktop/Svara/data/combined/Sanskrit/bona_0042.wav,bonafide
/Users/yashcomputers/Desktop/Svara/data/combined/Marathi/spoof_0063.wav,spoof
/Users/yashcomputers/Desktop/Svara/data/combined/Tamil/spoof_0110.wav,spoof
/Users/yashcomputers/Desktop/Svara/data/combined/Marathi/bona_0137.wav,bonafide
/Users/yashcomputers/Desktop/Svara/data/combined/Urdu/bona_0077.wav,bonafide
/Users/yashcomputers/Desktop/Svara/data/combined/Malayalam/spoof_0126.wav,spoof
/Users/yashcomputers/Desktop/Svara/data/combined/Bengali/spoof_0078.wav,spoof
/Users/yashcomputers/Desktop/Svara/data/combined/Marathi/bona_0078.wav,bonafide
/Users/yashcomputers/Desktop/Svara/data/combined/Telugu/spoof_0062.wav,spoof
/Users/yashcomputers/Desktop/Svara/data/combined/Telugu/bona_0144.wav,bonafide
/Users/yashcomputers/Desktop/Svara/data/combined/Hindi/bona_0067.wav,bonafide
/Users/yashcomputers/Desktop/Svara/data/combined/Telugu/spoof_0053.wav,spoof
/Users/yashcomputers/Desktop/Svara/data/combined/Gujarati/bona_0073.wav,bonafide
/Users/yashcomputers/Desktop/Svara/data/combined/Sanskrit/spoof_0075.wav,spoof
/Users/yashcomputers/Desktop/Svara/data/combined/Telugu/bona_0036.wav,bonafide
/Users/yashcomputers/Desktop/Svara/data/combined/Bengali/spoof_0107.wav,spoof
/Users/yashcomputers/Desktop/Svara/data/combined/Sanskrit/spoof_0050.wav,spoof
/Users/yashcomputers/Desktop/Svara/data/combined/Kannada/bona_0144.wav,bonafide
/Users/yashcomputers/Desktop/Svara/data/combined/Tamil/spoof_0037.wav,spoof
/Users/yashcomputers/Desktop/Svara/data/combined/Odia/bona_0076.wav,bonafide
/Users/yashcomputers/Desktop/Svara/data/combined/Bengali/bona_0086.wav,bonafide
/Users/yashcomputers/Desktop/Svara/data/combined/Hindi/bona_0149.wav,bonafide
/Users/yashcomputers/Desktop/Svara/data/combined/Malayalam/bona_0136.wav,bonafide
/Users/yashcomputers/Desktop/Svara/data/combined/Malayalam/bona_0102.wav,bonafide
/Users/yashcomputers/Desktop/Svara/data/combined/Gujarati/spoof_0134.wav,spoof
/Users/yashcomputers/Desktop/Svara/data/combined/Sanskrit/bona_0096.wav,bonafide
/Users/yashcomputers/Desktop/Svara/data/combined/Odia/bona_0112.wav,bonafide
/Users/yashcomputers/Desktop/Svara/data/combined/Marathi/bona_0081.wav,bonafide
/Users/yashcomputers/Desktop/Svara/data/combined/Bengali/bona_0111.wav,bonafide
/Users/yashcomputers/Desktop/Svara/data/combined/Telugu/spoof_0132.wav,spoof
/Users/yashcomputers/Desktop/Svara/data/combined/Odia/bona_0074.wav,bonafide
/Users/yashcomputers/Desktop/Svara/data/combined/Urdu/spoof_0032.wav,spoof
/Users/yashcomputers/Desktop/Svara/data/combined/Bengali/bona_0003.wav,bonafide
/Users/yashcomputers/Desktop/Svara/data/combined/Malayalam/spoof_0043.wav,spoof
/Users/yashcomputers/Desktop/Svara/data/combined/Malayalam/bona_0133.wav,bonafide
/Users/yashcomputers/Desktop/Svara/data/combined/Kannada/bona_0014.wav,bonafide
/Users/yashcomputers/Desktop/Svara/data/combined/Tamil/bona_0059.wav,bonafide
/Users/yashcomputers/Desktop/Svara/data/combined/Bengali/bona_0055.wav,bonafide
/Users/yashcomputers/Desktop/Svara/data/combined/Tamil/bona_0134.wav,bonafide
/Users/yashcomputers/Desktop/Svara/data/combined/Marathi/bona_0120.wav,bonafide
/Users/yashcomputers/Desktop/Svara/data/combined/Sanskrit/bona_0136.wav,bonafide
/Users/yashcomputers/Desktop/Svara/data/combined/Malayalam/spoof_0144.wav,spoof
/Users/yashcomputers/Desktop/Svara/data/combined/Hindi/spoof_0019.wav,spoof
/Users/yashcomputers/Desktop/Svara/data/combined/Hindi/spoof_0073.wav,spoof
/Users/yashcomputers/Desktop/Svara/data/combined/Odia/spoof_0142.wav,spoof
/Users/yashcomputers/Desktop/Svara/data/combined/Sanskrit/spoof_0012.wav,spoof
/Users/yashcomputers/Desktop/Svara/data/combined/Sanskrit/spoof_0114.wav,spoof
/Users/yashcomputers/Desktop/Svara/data/combined/Hindi/bona_0070.wav,bonafide
/Users/yashcomputers/Desktop/Svara/data/combined/Odia/spoof_0020.wav,spoof
/Users/yashcomputers/Desktop/Svara/data/combined/Telugu/bona_0118.wav,bonafide
/Users/yashcomputers/Desktop/Svara/data/combined/Kannada/spoof_0019.wav,spoof
/Users/yashcomputers/Desktop/Svara/data/combined/Marathi/bona_0052.wav,bonafide
/Users/yashcomputers/Desktop/Svara/data/combined/Urdu/bona_0149.wav,bonafide
/Users/yashcomputers/Desktop/Svara/data/combined/Malayalam/bona_0047.wav,bonafide
/Users/yashcomputers/Desktop/Svara/data/combined/Hindi/spoof_0127.wav,spoof
/Users/yashcomputers/Desktop/Svara/data/combined/Hindi/bona_0056.wav,bonafide
/Users/yashcomputers/Desktop/Svara/data/combined/Tamil/spoof_0056.wav,spoof
/Users/yashcomputers/Desktop/Svara/data/combined/Marathi/spoof_0087.wav,spoof
/Users/yashcomputers/Desktop/Svara/data/combined/Odia/bona_0114.wav,bonafide
/Users/yashcomputers/Desktop/Svara/data/combined/Tamil/spoof_0007.wav,spoof
/Users/yashcomputers/Desktop/Svara/data/combined/Odia/bona_0131.wav,bonafide
/Users/yashcomputers/Desktop/Svara/data/combined/Urdu/bona_0029.wav,bonafide
/Users/yashcomputers/Desktop/Svara/data/combined/Marathi/bona_0036.wav,bonafide
/Users/yashcomputers/Desktop/Svara/data/combined/Punjabi/spoof_0071.wav,spoof
/Users/yashcomputers/Desktop/Svara/data/combined/Punjabi/spoof_0112.wav,spoof
/Users/yashcomputers/Desktop/Svara/data/combined/Marathi/spoof_0019.wav,spoof
/Users/yashcomputers/Desktop/Svara/data/combined/Malayalam/bona_0059.wav,bonafide
/Users/yashcomputers/Desktop/Svara/data/combined/Marathi/spoof_0145.wav,spoof
/Users/yashcomputers/Desktop/Svara/data/combined/Kannada/spoof_0027.wav,spoof
/Users/yashcomputers/Desktop/Svara/data/combined/Kannada/spoof_0147.wav,spoof
/Users/yashcomputers/Desktop/Svara/data/combined/Odia/bona_0140.wav,bonafide
/Users/yashcomputers/Desktop/Svara/data/combined/Malayalam/bona_0054.wav,bonafide
/Users/yashcomputers/Desktop/Svara/data/combined/Sanskrit/spoof_0037.wav,spoof
/Users/yashcomputers/Desktop/Svara/data/combined/Marathi/spoof_0013.wav,spoof
/Users/yashcomputers/Desktop/Svara/data/combined/Bengali/spoof_0026.wav,spoof
/Users/yashcomputers/Desktop/Svara/data/combined/Hindi/bona_0109.wav,bonafide
/Users/yashcomputers/Desktop/Svara/data/combined/Tamil/bona_0147.wav,bonafide
/Users/yashcomputers/Desktop/Svara/data/combined/Sanskrit/spoof_0124.wav,spoof
/Users/yashcomputers/Desktop/Svara/data/combined/Malayalam/bona_0011.wav,bonafide
/Users/yashcomputers/Desktop/Svara/data/combined/Hindi/spoof_0088.wav,spoof
/Users/yashcomputers/Desktop/Svara/data/combined/Kannada/bona_0093.wav,bonafide
/Users/yashcomputers/Desktop/Svara/data/combined/Tamil/spoof_0017.wav,spoof
/Users/yashcomputers/Desktop/Svara/data/combined/Bengali/bona_0082.wav,bonafide
/Users/yashcomputers/Desktop/Svara/data/combined/Urdu/bona_0031.wav,bonafide
/Users/yashcomputers/Desktop/Svara/data/combined/Urdu/spoof_0103.wav,spoof
/Users/yashcomputers/Desktop/Svara/data/combined/Punjabi/spoof_0139.wav,spoof
/Users/yashcomputers/Desktop/Svara/data/combined/Tamil/bona_0149.wav,bonafide
/Users/yashcomputers/Desktop/Svara/data/combined/Kannada/bona_0002.wav,bonafide
/Users/yashcomputers/Desktop/Svara/data/combined/Malayalam/spoof_0147.wav,spoof
/Users/yashcomputers/Desktop/Svara/data/combined/Odia/bona_0009.wav,bonafide
/Users/yashcomputers/Desktop/Svara/data/combined/Marathi/bona_0069.wav,bonafide
/Users/yashcomputers/Desktop/Svara/data/combined/Urdu/bona_0046.wav,bonafide
/Users/yashcomputers/Desktop/Svara/data/combined/Gujarati/bona_0136.wav,bonafide
/Users/yashcomputers/Desktop/Svara/data/combined/Malayalam/spoof_0115.wav,spoof
/Users/yashcomputers/Desktop/Svara/data/combined/Malayalam/spoof_0122.wav,spoof
/Users/yashcomputers/Desktop/Svara/data/combined/Gujarati/spoof_0083.wav,spoof
/Users/yashcomputers/Desktop/Svara/data/combined/Telugu/bona_0149.wav,bonafide
/Users/yashcomputers/Desktop/Svara/data/combined/Malayalam/bona_0050.wav,bonafide
/Users/yashcomputers/Desktop/Svara/data/combined/Tamil/spoof_0038.wav,spoof
/Users/yashcomputers/Desktop/Svara/data/combined/Bengali/spoof_0063.wav,spoof
/Users/yashcomputers/Desktop/Svara/data/combined/Hindi/spoof_0074.wav,spoof
/Users/yashcomputers/Desktop/Svara/data/combined/Odia/bona_0137.wav,bonafide
/Users/yashcomputers/Desktop/Svara/data/combined/Tamil/spoof_0036.wav,spoof
/Users/yashcomputers/Desktop/Svara/data/combined/Tamil/spoof_0113.wav,spoof
/Users/yashcomputers/Desktop/Svara/data/combined/Punjabi/spoof_0128.wav,spoof
/Users/yashcomputers/Desktop/Svara/data/combined/Marathi/bona_0106.wav,bonafide
/Users/yashcomputers/Desktop/Svara/data/combined/Hindi/spoof_0067.wav,spoof
/Users/yashcomputers/Desktop/Svara/data/combined/Punjabi/bona_0021.wav,bonafide
/Users/yashcomputers/Desktop/Svara/data/combined/Punjabi/spoof_0124.wav,spoof
/Users/yashcomputers/Desktop/Svara/data/combined/Bengali/spoof_0066.wav,spoof
/Users/yashcomputers/Desktop/Svara/data/combined/Bengali/spoof_0030.wav,spoof
/Users/yashcomputers/Desktop/Svara/data/combined/Punjabi/spoof_0142.wav,spoof
/Users/yashcomputers/Desktop/Svara/data/combined/Odia/spoof_0037.wav,spoof
/Users/yashcomputers/Desktop/Svara/data/combined/Odia/bona_0123.wav,bonafide
/Users/yashcomputers/Desktop/Svara/data/combined/Telugu/bona_0095.wav,bonafide
/Users/yashcomputers/Desktop/Svara/data/combined/Hindi/spoof_0003.wav,spoof
/Users/yashcomputers/Desktop/Svara/data/combined/Urdu/spoof_0070.wav,spoof
/Users/yashcomputers/Desktop/Svara/data/combined/Punjabi/spoof_0040.wav,spoof
/Users/yashcomputers/Desktop/Svara/data/combined/Hindi/spoof_0101.wav,spoof
/Users/yashcomputers/Desktop/Svara/data/combined/Tamil/spoof_0034.wav,spoof
/Users/yashcomputers/Desktop/Svara/data/combined/Bengali/spoof_0084.wav,spoof
/Users/yashcomputers/Desktop/Svara/data/combined/Marathi/spoof_0042.wav,spoof
/Users/yashcomputers/Desktop/Svara/data/combined/Malayalam/bona_0093.wav,bonafide
/Users/yashcomputers/Desktop/Svara/data/combined/Kannada/bona_0110.wav,bonafide
/Users/yashcomputers/Desktop/Svara/data/combined/Hindi/spoof_0014.wav,spoof
/Users/yashcomputers/Desktop/Svara/data/combined/Odia/bona_0012.wav,bonafide
/Users/yashcomputers/Desktop/Svara/data/combined/Odia/bona_0035.wav,bonafide
/Users/yashcomputers/Desktop/Svara/data/combined/Odia/spoof_0038.wav,spoof
/Users/yashcomputers/Desktop/Svara/data/combined/Telugu/bona_0064.wav,bonafide
/Users/yashcomputers/Desktop/Svara/data/combined/Marathi/spoof_0012.wav,spoof
/Users/yashcomputers/Desktop/Svara/data/combined/Telugu/bona_0131.wav,bonafide
/Users/yashcomputers/Desktop/Svara/data/combined/Bengali/bona_0098.wav,bonafide
/Users/yashcomputers/Desktop/Svara/data/combined/Telugu/bona_0045.wav,bonafide
/Users/yashcomputers/Desktop/Svara/data/combined/Marathi/spoof_0025.wav,spoof
/Users/yashcomputers/Desktop/Svara/data/combined/Sanskrit/bona_0034.wav,bonafide
/Users/yashcomputers/Desktop/Svara/data/combined/Bengali/spoof_0135.wav,spoof
/Users/yashcomputers/Desktop/Svara/data/combined/Hindi/spoof_0121.wav,spoof
/Users/yashcomputers/Desktop/Svara/data/combined/Urdu/bona_0071.wav,bonafide
/Users/yashcomputers/Desktop/Svara/data/combined/Gujarati/bona_0146.wav,bonafide
/Users/yashcomputers/Desktop/Svara/data/combined/Hindi/spoof_0047.wav,spoof
/Users/yashcomputers/Desktop/Svara/data/combined/Tamil/bona_0143.wav,bonafide
/Users/yashcomputers/Desktop/Svara/data/combined/Sanskrit/bona_0128.wav,bonafide
/Users/yashcomputers/Desktop/Svara/data/combined/Sanskrit/spoof_0015.wav,spoof
/Users/yashcomputers/Desktop/Svara/data/combined/Odia/bona_0090.wav,bonafide
/Users/yashcomputers/Desktop/Svara/data/combined/Punjabi/spoof_0004.wav,spoof
/Users/yashcomputers/Desktop/Svara/data/combined/Odia/bona_0013.wav,bonafide
/Users/yashcomputers/Desktop/Svara/data/combined/Malayalam/spoof_0032.wav,spoof
/Users/yashcomputers/Desktop/Svara/data/combined/Punjabi/bona_0051.wav,bonafide
/Users/yashcomputers/Desktop/Svara/data/combined/Marathi/bona_0144.wav,bonafide
/Users/yashcomputers/Desktop/Svara/data/combined/Gujarati/spoof_0073.wav,spoof
/Users/yashcomputers/Desktop/Svara/data/combined/Tamil/bona_0005.wav,bonafide
/Users/yashcomputers/Desktop/Svara/data/combined/Urdu/bona_0128.wav,bonafide
/Users/yashcomputers/Desktop/Svara/data/combined/Telugu/spoof_0078.wav,spoof
/Users/yashcomputers/Desktop/Svara/data/combined/Bengali/bona_0031.wav,bonafide
/Users/yashcomputers/Desktop/Svara/data/combined/Odia/spoof_0145.wav,spoof
/Users/yashcomputers/Desktop/Svara/data/combined/Malayalam/bona_0053.wav,bonafide
/Users/yashcomputers/Desktop/Svara/data/combined/Odia/bona_0078.wav,bonafide
/Users/yashcomputers/Desktop/Svara/data/combined/Hindi/spoof_0080.wav,spoof
/Users/yashcomputers/Desktop/Svara/data/combined/Bengali/bona_0007.wav,bonafide
/Users/yashcomputers/Desktop/Svara/data/combined/Odia/bona_0133.wav,bonafide
/Users/yashcomputers/Desktop/Svara/data/combined/Hindi/bona_0135.wav,bonafide
/Users/yashcomputers/Desktop/Svara/data/combined/Marathi/bona_0086.wav,bonafide
/Users/yashcomputers/Desktop/Svara/data/combined/Telugu/bona_0061.wav,bonafide
/Users/yashcomputers/Desktop/Svara/data/combined/Punjabi/bona_0079.wav,bonafide
/Users/yashcomputers/Desktop/Svara/data/combined/Malayalam/bona_0098.wav,bonafide
/Users/yashcomputers/Desktop/Svara/data/combined/Punjabi/bona_0044.wav,bonafide
/Users/yashcomputers/Desktop/Svara/data/combined/Malayalam/bona_0028.wav,bonafide
/Users/yashcomputers/Desktop/Svara/data/combined/Punjabi/spoof_0058.wav,spoof
/Users/yashcomputers/Desktop/Svara/data/combined/Urdu/spoof_0061.wav,spoof
/Users/yashcomputers/Desktop/Svara/data/combined/Hindi/spoof_0030.wav,spoof
/Users/yashcomputers/Desktop/Svara/data/combined/Marathi/bona_0079.wav,bonafide
/Users/yashcomputers/Desktop/Svara/data/combined/Bengali/spoof_0031.wav,spoof
/Users/yashcomputers/Desktop/Svara/data/combined/Kannada/bona_0010.wav,bonafide
/Users/yashcomputers/Desktop/Svara/data/combined/Tamil/bona_0043.wav,bonafide
/Users/yashcomputers/Desktop/Svara/data/combined/Telugu/spoof_0069.wav,spoof
/Users/yashcomputers/Desktop/Svara/data/combined/Marathi/spoof_0091.wav,spoof
/Users/yashcomputers/Desktop/Svara/data/combined/Malayalam/spoof_0063.wav,spoof
/Users/yashcomputers/Desktop/Svara/data/combined/Punjabi/spoof_0049.wav,spoof
/Users/yashcomputers/Desktop/Svara/data/combined/Sanskrit/spoof_0027.wav,spoof
/Users/yashcomputers/Desktop/Svara/data/combined/Kannada/bona_0121.wav,bonafide
/Users/yashcomputers/Desktop/Svara/data/combined/Sanskrit/spoof_0133.wav,spoof
/Users/yashcomputers/Desktop/Svara/data/combined/Bengali/bona_0024.wav,bonafide
/Users/yashcomputers/Desktop/Svara/data/combined/Malayalam/bona_0110.wav,bonafide
/Users/yashcomputers/Desktop/Svara/data/combined/Sanskrit/spoof_0058.wav,spoof
/Users/yashcomputers/Desktop/Svara/data/combined/Bengali/spoof_0101.wav,spoof
/Users/yashcomputers/Desktop/Svara/data/combined/Punjabi/spoof_0000.wav,spoof
/Users/yashcomputers/Desktop/Svara/data/combined/Hindi/spoof_0017.wav,spoof
/Users/yashcomputers/Desktop/Svara/data/combined/Gujarati/bona_0020.wav,bonafide
/Users/yashcomputers/Desktop/Svara/data/combined/Odia/bona_0040.wav,bonafide
/Users/yashcomputers/Desktop/Svara/data/combined/Sanskrit/spoof_0029.wav,spoof
/Users/yashcomputers/Desktop/Svara/data/combined/Odia/bona_0073.wav,bonafide
/Users/yashcomputers/Desktop/Svara/data/combined/Odia/spoof_0011.wav,spoof
/Users/yashcomputers/Desktop/Svara/data/combined/Urdu/spoof_0099.wav,spoof
/Users/yashcomputers/Desktop/Svara/data/combined/Gujarati/bona_0031.wav,bonafide
/Users/yashcomputers/Desktop/Svara/data/combined/Marathi/bona_0049.wav,bonafide
/Users/yashcomputers/Desktop/Svara/data/combined/Gujarati/bona_0081.wav,bonafide
/Users/yashcomputers/Desktop/Svara/data/combined/Malayalam/spoof_0136.wav,spoof
/Users/yashcomputers/Desktop/Svara/data/combined/Kannada/bona_0111.wav,bonafide
/Users/yashcomputers/Desktop/Svara/data/combined/Malayalam/spoof_0120.wav,spoof
/Users/yashcomputers/Desktop/Svara/data/combined/Bengali/spoof_0040.wav,spoof
/Users/yashcomputers/Desktop/Svara/data/combined/Odia/spoof_0080.wav,spoof
/Users/yashcomputers/Desktop/Svara/data/combined/Telugu/spoof_0051.wav,spoof
/Users/yashcomputers/Desktop/Svara/data/combined/Tamil/bona_0123.wav,bonafide
/Users/yashcomputers/Desktop/Svara/data/combined/Telugu/bona_0146.wav,bonafide
/Users/yashcomputers/Desktop/Svara/data/combined/Gujarati/bona_0120.wav,bonafide
/Users/yashcomputers/Desktop/Svara/data/combined/Tamil/spoof_0086.wav,spoof
/Users/yashcomputers/Desktop/Svara/data/combined/Bengali/bona_0057.wav,bonafide
/Users/yashcomputers/Desktop/Svara/data/combined/Hindi/bona_0131.wav,bonafide
/Users/yashcomputers/Desktop/Svara/data/combined/Kannada/spoof_0141.wav,spoof
/Users/yashcomputers/Desktop/Svara/data/combined/Marathi/bona_0094.wav,bonafide
/Users/yashcomputers/Desktop/Svara/data/combined/Telugu/bona_0043.wav,bonafide
/Users/yashcomputers/Desktop/Svara/data/combined/Telugu/spoof_0098.wav,spoof
/Users/yashcomputers/Desktop/Svara/data/combined/Gujarati/bona_0122.wav,bonafide
/Users/yashcomputers/Desktop/Svara/data/combined/Odia/bona_0107.wav,bonafide
/Users/yashcomputers/Desktop/Svara/data/combined/Malayalam/spoof_0031.wav,spoof
/Users/yashcomputers/Desktop/Svara/data/combined/Gujarati/spoof_0002.wav,spoof
/Users/yashcomputers/Desktop/Svara/data/combined/Bengali/bona_0097.wav,bonafide
/Users/yashcomputers/Desktop/Svara/data/combined/Sanskrit/spoof_0045.wav,spoof
/Users/yashcomputers/Desktop/Svara/data/combined/Sanskrit/spoof_0071.wav,spoof
/Users/yashcomputers/Desktop/Svara/data/combined/Malayalam/spoof_0117.wav,spoof
/Users/yashcomputers/Desktop/Svara/data/combined/Kannada/bona_0070.wav,bonafide
/Users/yashcomputers/Desktop/Svara/data/combined/Marathi/bona_0010.wav,bonafide
/Users/yashcomputers/Desktop/Svara/data/combined/Hindi/bona_0035.wav,bonafide
/Users/yashcomputers/Desktop/Svara/data/combined/Marathi/bona_0085.wav,bonafide
/Users/yashcomputers/Desktop/Svara/data/combined/Odia/bona_0021.wav,bonafide
/Users/yashcomputers/Desktop/Svara/data/combined/Hindi/bona_0044.wav,bonafide
/Users/yashcomputers/Desktop/Svara/data/combined/Urdu/bona_0108.wav,bonafide
/Users/yashcomputers/Desktop/Svara/data/combined/Tamil/spoof_0066.wav,spoof
/Users/yashcomputers/Desktop/Svara/data/combined/Sanskrit/spoof_0060.wav,spoof
/Users/yashcomputers/Desktop/Svara/data/combined/Marathi/spoof_0006.wav,spoof
/Users/yashcomputers/Desktop/Svara/data/combined/Punjabi/bona_0088.wav,bonafide
/Users/yashcomputers/Desktop/Svara/data/combined/Telugu/bona_0109.wav,bonafide
/Users/yashcomputers/Desktop/Svara/data/combined/Telugu/bona_0039.wav,bonafide
/Users/yashcomputers/Desktop/Svara/data/combined/Hindi/bona_0055.wav,bonafide
/Users/yashcomputers/Desktop/Svara/data/combined/Kannada/bona_0132.wav,bonafide
/Users/yashcomputers/Desktop/Svara/data/combined/Hindi/bona_0121.wav,bonafide
/Users/yashcomputers/Desktop/Svara/data/combined/Odia/spoof_0033.wav,spoof
/Users/yashcomputers/Desktop/Svara/data/combined/Malayalam/spoof_0135.wav,spoof
/Users/yashcomputers/Desktop/Svara/data/combined/Bengali/spoof_0148.wav,spoof
/Users/yashcomputers/Desktop/Svara/data/combined/Punjabi/spoof_0041.wav,spoof
/Users/yashcomputers/Desktop/Svara/data/combined/Bengali/spoof_0091.wav,spoof
/Users/yashcomputers/Desktop/Svara/data/combined/Gujarati/bona_0115.wav,bonafide
/Users/yashcomputers/Desktop/Svara/data/combined/Kannada/spoof_0075.wav,spoof
/Users/yashcomputers/Desktop/Svara/data/combined/Sanskrit/bona_0069.wav,bonafide
/Users/yashcomputers/Desktop/Svara/data/combined/Odia/spoof_0137.wav,spoof
/Users/yashcomputers/Desktop/Svara/data/combined/Bengali/bona_0054.wav,bonafide
/Users/yashcomputers/Desktop/Svara/data/combined/Bengali/spoof_0062.wav,spoof
/Users/yashcomputers/Desktop/Svara/data/combined/Urdu/bona_0118.wav,bonafide
/Users/yashcomputers/Desktop/Svara/data/combined/Bengali/bona_0015.wav,bonafide
/Users/yashcomputers/Desktop/Svara/data/combined/Punjabi/spoof_0029.wav,spoof
/Users/yashcomputers/Desktop/Svara/data/combined/Hindi/bona_0132.wav,bonafide
/Users/yashcomputers/Desktop/Svara/data/combined/Malayalam/bona_0063.wav,bonafide
/Users/yashcomputers/Desktop/Svara/data/combined/Punjabi/spoof_0137.wav,spoof
/Users/yashcomputers/Desktop/Svara/data/combined/Tamil/bona_0031.wav,bonafide
/Users/yashcomputers/Desktop/Svara/data/combined/Malayalam/spoof_0013.wav,spoof
/Users/yashcomputers/Desktop/Svara/data/combined/Odia/spoof_0079.wav,spoof
/Users/yashcomputers/Desktop/Svara/data/combined/Punjabi/bona_0048.wav,bonafide
/Users/yashcomputers/Desktop/Svara/data/combined/Marathi/spoof_0039.wav,spoof
/Users/yashcomputers/Desktop/Svara/data/combined/Sanskrit/bona_0103.wav,bonafide
/Users/yashcomputers/Desktop/Svara/data/combined/Urdu/bona_0069.wav,bonafide
/Users/yashcomputers/Desktop/Svara/data/combined/Bengali/spoof_0120.wav,spoof
/Users/yashcomputers/Desktop/Svara/data/combined/Tamil/bona_0026.wav,bonafide
/Users/yashcomputers/Desktop/Svara/data/combined/Malayalam/bona_0081.wav,bonafide
/Users/yashcomputers/Desktop/Svara/data/combined/Kannada/bona_0051.wav,bonafide
/Users/yashcomputers/Desktop/Svara/data/combined/Urdu/spoof_0025.wav,spoof
/Users/yashcomputers/Desktop/Svara/data/combined/Odia/bona_0005.wav,bonafide
/Users/yashcomputers/Desktop/Svara/data/combined/Telugu/bona_0027.wav,bonafide
/Users/yashcomputers/Desktop/Svara/data/combined/Gujarati/spoof_0022.wav,spoof
/Users/yashcomputers/Desktop/Svara/data/combined/Urdu/bona_0048.wav,bonafide
/Users/yashcomputers/Desktop/Svara/data/combined/Sanskrit/bona_0145.wav,bonafide
/Users/yashcomputers/Desktop/Svara/data/combined/Sanskrit/bona_0022.wav,bonafide
/Users/yashcomputers/Desktop/Svara/data/combined/Kannada/bona_0020.wav,bonafide
/Users/yashcomputers/Desktop/Svara/data/combined/Telugu/bona_0107.wav,bonafide
/Users/yashcomputers/Desktop/Svara/data/combined/Bengali/spoof_0088.wav,spoof
/Users/yashcomputers/Desktop/Svara/data/combined/Hindi/spoof_0031.wav,spoof
/Users/yashcomputers/Desktop/Svara/data/combined/Punjabi/bona_0015.wav,bonafide
/Users/yashcomputers/Desktop/Svara/data/combined/Kannada/spoof_0057.wav,spoof
/Users/yashcomputers/Desktop/Svara/data/combined/Kannada/spoof_0009.wav,spoof
/Users/yashcomputers/Desktop/Svara/data/combined/Hindi/bona_0140.wav,bonafide
/Users/yashcomputers/Desktop/Svara/data/combined/Malayalam/spoof_0094.wav,spoof
/Users/yashcomputers/Desktop/Svara/data/combined/Urdu/bona_0010.wav,bonafide
/Users/yashcomputers/Desktop/Svara/data/combined/Tamil/bona_0095.wav,bonafide
/Users/yashcomputers/Desktop/Svara/data/combined/Malayalam/bona_0109.wav,bonafide
/Users/yashcomputers/Desktop/Svara/data/combined/Malayalam/spoof_0138.wav,spoof
/Users/yashcomputers/Desktop/Svara/data/combined/Telugu/bona_0048.wav,bonafide
/Users/yashcomputers/Desktop/Svara/data/combined/Odia/bona_0011.wav,bonafide
/Users/yashcomputers/Desktop/Svara/data/combined/Sanskrit/bona_0143.wav,bonafide
/Users/yashcomputers/Desktop/Svara/data/combined/Urdu/spoof_0051.wav,spoof
/Users/yashcomputers/Desktop/Svara/data/combined/Punjabi/spoof_0035.wav,spoof
/Users/yashcomputers/Desktop/Svara/data/combined/Telugu/spoof_0112.wav,spoof
/Users/yashcomputers/Desktop/Svara/data/combined/Sanskrit/bona_0093.wav,bonafide
/Users/yashcomputers/Desktop/Svara/data/combined/Hindi/spoof_0143.wav,spoof
/Users/yashcomputers/Desktop/Svara/data/combined/Urdu/bona_0130.wav,bonafide
/Users/yashcomputers/Desktop/Svara/data/combined/Bengali/bona_0026.wav,bonafide
/Users/yashcomputers/Desktop/Svara/data/combined/Punjabi/bona_0049.wav,bonafide
/Users/yashcomputers/Desktop/Svara/data/combined/Punjabi/spoof_0081.wav,spoof
/Users/yashcomputers/Desktop/Svara/data/combined/Marathi/bona_0041.wav,bonafide
/Users/yashcomputers/Desktop/Svara/data/combined/Sanskrit/bona_0027.wav,bonafide
/Users/yashcomputers/Desktop/Svara/data/combined/Gujarati/spoof_0062.wav,spoof
/Users/yashcomputers/Desktop/Svara/data/combined/Gujarati/bona_0052.wav,bonafide
/Users/yashcomputers/Desktop/Svara/data/combined/Malayalam/bona_0141.wav,bonafide
/Users/yashcomputers/Desktop/Svara/data/combined/Gujarati/bona_0128.wav,bonafide
/Users/yashcomputers/Desktop/Svara/data/combined/Bengali/spoof_0083.wav,spoof
/Users/yashcomputers/Desktop/Svara/data/combined/Gujarati/spoof_0088.wav,spoof
/Users/yashcomputers/Desktop/Svara/data/combined/Gujarati/bona_0027.wav,bonafide
/Users/yashcomputers/Desktop/Svara/data/combined/Telugu/bona_0025.wav,bonafide
/Users/yashcomputers/Desktop/Svara/data/combined/Malayalam/bona_0111.wav,bonafide
/Users/yashcomputers/Desktop/Svara/data/combined/Kannada/bona_0084.wav,bonafide
/Users/yashcomputers/Desktop/Svara/data/combined/Kannada/spoof_0088.wav,spoof
/Users/yashcomputers/Desktop/Svara/data/combined/Tamil/spoof_0083.wav,spoof
/Users/yashcomputers/Desktop/Svara/data/combined/Hindi/bona_0123.wav,bonafide
/Users/yashcomputers/Desktop/Svara/data/combined/Hindi/bona_0105.wav,bonafide
/Users/yashcomputers/Desktop/Svara/data/combined/Bengali/spoof_0051.wav,spoof
/Users/yashcomputers/Desktop/Svara/data/combined/Tamil/bona_0100.wav,bonafide
/Users/yashcomputers/Desktop/Svara/data/combined/Odia/spoof_0019.wav,spoof
/Users/yashcomputers/Desktop/Svara/data/combined/Marathi/spoof_0005.wav,spoof
/Users/yashcomputers/Desktop/Svara/data/combined/Kannada/spoof_0070.wav,spoof
/Users/yashcomputers/Desktop/Svara/data/combined/Sanskrit/bona_0120.wav,bonafide
/Users/yashcomputers/Desktop/Svara/data/combined/Urdu/bona_0042.wav,bonafide
/Users/yashcomputers/Desktop/Svara/data/combined/Odia/bona_0057.wav,bonafide
/Users/yashcomputers/Desktop/Svara/data/combined/Telugu/spoof_0068.wav,spoof
/Users/yashcomputers/Desktop/Svara/data/combined/Tamil/spoof_0101.wav,spoof
/Users/yashcomputers/Desktop/Svara/data/combined/Urdu/spoof_0030.wav,spoof
/Users/yashcomputers/Desktop/Svara/data/combined/Punjabi/spoof_0038.wav,spoof
/Users/yashcomputers/Desktop/Svara/data/combined/Hindi/spoof_0005.wav,spoof
/Users/yashcomputers/Desktop/Svara/data/combined/Telugu/bona_0071.wav,bonafide
/Users/yashcomputers/Desktop/Svara/data/combined/Sanskrit/spoof_0132.wav,spoof
/Users/yashcomputers/Desktop/Svara/data/combined/Hindi/bona_0046.wav,bonafide
/Users/yashcomputers/Desktop/Svara/data/combined/Punjabi/bona_0091.wav,bonafide
/Users/yashcomputers/Desktop/Svara/data/combined/Odia/spoof_0103.wav,spoof
/Users/yashcomputers/Desktop/Svara/data/combined/Telugu/bona_0080.wav,bonafide
/Users/yashcomputers/Desktop/Svara/data/combined/Tamil/bona_0130.wav,bonafide
/Users/yashcomputers/Desktop/Svara/data/combined/Punjabi/bona_0006.wav,bonafide
/Users/yashcomputers/Desktop/Svara/data/combined/Urdu/spoof_0065.wav,spoof
/Users/yashcomputers/Desktop/Svara/data/combined/Hindi/spoof_0011.wav,spoof
/Users/yashcomputers/Desktop/Svara/data/combined/Marathi/spoof_0032.wav,spoof
/Users/yashcomputers/Desktop/Svara/data/combined/Urdu/spoof_0036.wav,spoof
/Users/yashcomputers/Desktop/Svara/data/combined/Punjabi/spoof_0083.wav,spoof
/Users/yashcomputers/Desktop/Svara/data/combined/Sanskrit/spoof_0085.wav,spoof
/Users/yashcomputers/Desktop/Svara/data/combined/Sanskrit/spoof_0055.wav,spoof
/Users/yashcomputers/Desktop/Svara/data/combined/Malayalam/bona_0014.wav,bonafide
/Users/yashcomputers/Desktop/Svara/data/combined/Telugu/bona_0090.wav,bonafide
/Users/yashcomputers/Desktop/Svara/data/combined/Bengali/spoof_0001.wav,spoof
/Users/yashcomputers/Desktop/Svara/data/combined/Malayalam/bona_0046.wav,bonafide
/Users/yashcomputers/Desktop/Svara/data/combined/Hindi/spoof_0048.wav,spoof
/Users/yashcomputers/Desktop/Svara/data/combined/Telugu/spoof_0080.wav,spoof
/Users/yashcomputers/Desktop/Svara/data/combined/Urdu/bona_0080.wav,bonafide
/Users/yashcomputers/Desktop/Svara/data/combined/Gujarati/bona_0029.wav,bonafide
/Users/yashcomputers/Desktop/Svara/data/combined/Sanskrit/spoof_0000.wav,spoof
/Users/yashcomputers/Desktop/Svara/data/combined/Tamil/bona_0007.wav,bonafide
/Users/yashcomputers/Desktop/Svara/data/combined/Malayalam/bona_0041.wav,bonafide
/Users/yashcomputers/Desktop/Svara/data/combined/Urdu/bona_0107.wav,bonafide
/Users/yashcomputers/Desktop/Svara/data/combined/Bengali/spoof_0006.wav,spoof
/Users/yashcomputers/Desktop/Svara/data/combined/Tamil/bona_0052.wav,bonafide
/Users/yashcomputers/Desktop/Svara/data/combined/Marathi/spoof_0052.wav,spoof
/Users/yashcomputers/Desktop/Svara/data/combined/Punjabi/bona_0147.wav,bonafide
/Users/yashcomputers/Desktop/Svara/data/combined/Tamil/bona_0093.wav,bonafide
/Users/yashcomputers/Desktop/Svara/data/combined/Bengali/bona_0139.wav,bonafide
/Users/yashcomputers/Desktop/Svara/data/combined/Odia/spoof_0082.wav,spoof
/Users/yashcomputers/Desktop/Svara/data/combined/Marathi/bona_0018.wav,bonafide
/Users/yashcomputers/Desktop/Svara/data/combined/Punjabi/bona_0019.wav,bonafide
/Users/yashcomputers/Desktop/Svara/data/combined/Marathi/bona_0125.wav,bonafide
/Users/yashcomputers/Desktop/Svara/data/combined/Odia/spoof_0093.wav,spoof
/Users/yashcomputers/Desktop/Svara/data/combined/Tamil/bona_0061.wav,bonafide
/Users/yashcomputers/Desktop/Svara/data/combined/Tamil/spoof_0009.wav,spoof
/Users/yashcomputers/Desktop/Svara/data/combined/Hindi/spoof_0053.wav,spoof
/Users/yashcomputers/Desktop/Svara/data/combined/Bengali/bona_0093.wav,bonafide
/Users/yashcomputers/Desktop/Svara/data/combined/Tamil/spoof_0051.wav,spoof
/Users/yashcomputers/Desktop/Svara/data/combined/Telugu/bona_0117.wav,bonafide
/Users/yashcomputers/Desktop/Svara/data/combined/Sanskrit/bona_0057.wav,bonafide
/Users/yashcomputers/Desktop/Svara/data/combined/Odia/bona_0092.wav,bonafide
/Users/yashcomputers/Desktop/Svara/data/combined/Punjabi/spoof_0045.wav,spoof
/Users/yashcomputers/Desktop/Svara/data/combined/Bengali/spoof_0087.wav,spoof
/Users/yashcomputers/Desktop/Svara/data/combined/Marathi/bona_0075.wav,bonafide
/Users/yashcomputers/Desktop/Svara/data/combined/Marathi/bona_0009.wav,bonafide
/Users/yashcomputers/Desktop/Svara/data/combined/Bengali/spoof_0076.wav,spoof
/Users/yashcomputers/Desktop/Svara/data/combined/Tamil/spoof_0089.wav,spoof
/Users/yashcomputers/Desktop/Svara/data/combined/Telugu/bona_0052.wav,bonafide
/Users/yashcomputers/Desktop/Svara/data/combined/Sanskrit/bona_0139.wav,bonafide
/Users/yashcomputers/Desktop/Svara/data/combined/Hindi/bona_0003.wav,bonafide
/Users/yashcomputers/Desktop/Svara/data/combined/Hindi/bona_0024.wav,bonafide
/Users/yashcomputers/Desktop/Svara/data/combined/Punjabi/spoof_0138.wav,spoof
/Users/yashcomputers/Desktop/Svara/data/combined/Sanskrit/bona_0058.wav,bonafide
/Users/yashcomputers/Desktop/Svara/data/combined/Hindi/spoof_0137.wav,spoof
/Users/yashcomputers/Desktop/Svara/data/combined/Hindi/bona_0125.wav,bonafide
/Users/yashcomputers/Desktop/Svara/data/combined/Telugu/bona_0108.wav,bonafide
/Users/yashcomputers/Desktop/Svara/data/combined/Gujarati/bona_0130.wav,bonafide
/Users/yashcomputers/Desktop/Svara/data/combined/Telugu/bona_0001.wav,bonafide
/Users/yashcomputers/Desktop/Svara/data/combined/Marathi/spoof_0053.wav,spoof
/Users/yashcomputers/Desktop/Svara/data/combined/Telugu/spoof_0088.wav,spoof
/Users/yashcomputers/Desktop/Svara/data/combined/Hindi/spoof_0123.wav,spoof
/Users/yashcomputers/Desktop/Svara/data/combined/Odia/spoof_0055.wav,spoof
/Users/yashcomputers/Desktop/Svara/data/combined/Telugu/bona_0006.wav,bonafide
/Users/yashcomputers/Desktop/Svara/data/combined/Malayalam/spoof_0011.wav,spoof
/Users/yashcomputers/Desktop/Svara/data/combined/Urdu/bona_0018.wav,bonafide
/Users/yashcomputers/Desktop/Svara/data/combined/Tamil/spoof_0100.wav,spoof
/Users/yashcomputers/Desktop/Svara/data/combined/Hindi/spoof_0092.wav,spoof
/Users/yashcomputers/Desktop/Svara/data/combined/Punjabi/spoof_0093.wav,spoof
/Users/yashcomputers/Desktop/Svara/data/combined/Telugu/spoof_0017.wav,spoof
/Users/yashcomputers/Desktop/Svara/data/combined/Tamil/spoof_0024.wav,spoof
/Users/yashcomputers/Desktop/Svara/data/combined/Bengali/spoof_0102.wav,spoof
/Users/yashcomputers/Desktop/Svara/data/combined/Tamil/spoof_0041.wav,spoof
/Users/yashcomputers/Desktop/Svara/data/combined/Odia/spoof_0100.wav,spoof
/Users/yashcomputers/Desktop/Svara/data/combined/Odia/spoof_0127.wav,spoof
/Users/yashcomputers/Desktop/Svara/data/combined/Malayalam/spoof_0029.wav,spoof
/Users/yashcomputers/Desktop/Svara/data/combined/Tamil/bona_0079.wav,bonafide
/Users/yashcomputers/Desktop/Svara/data/combined/Sanskrit/spoof_0135.wav,spoof
/Users/yashcomputers/Desktop/Svara/data/combined/Urdu/spoof_0098.wav,spoof
/Users/yashcomputers/Desktop/Svara/data/combined/Odia/bona_0041.wav,bonafide
/Users/yashcomputers/Desktop/Svara/data/combined/Tamil/bona_0020.wav,bonafide
/Users/yashcomputers/Desktop/Svara/data/combined/Urdu/spoof_0113.wav,spoof
/Users/yashcomputers/Desktop/Svara/data/combined/Odia/spoof_0030.wav,spoof
/Users/yashcomputers/Desktop/Svara/data/combined/Hindi/spoof_0140.wav,spoof
/Users/yashcomputers/Desktop/Svara/data/combined/Hindi/spoof_0085.wav,spoof
/Users/yashcomputers/Desktop/Svara/data/combined/Telugu/bona_0030.wav,bonafide
/Users/yashcomputers/Desktop/Svara/data/combined/Malayalam/bona_0130.wav,bonafide
/Users/yashcomputers/Desktop/Svara/data/combined/Urdu/spoof_0086.wav,spoof
/Users/yashcomputers/Desktop/Svara/data/combined/Telugu/bona_0054.wav,bonafide
/Users/yashcomputers/Desktop/Svara/data/combined/Marathi/bona_0034.wav,bonafide
/Users/yashcomputers/Desktop/Svara/data/combined/Hindi/bona_0112.wav,bonafide
/Users/yashcomputers/Desktop/Svara/data/combined/Tamil/bona_0055.wav,bonafide
/Users/yashcomputers/Desktop/Svara/data/combined/Malayalam/spoof_0078.wav,spoof
/Users/yashcomputers/Desktop/Svara/data/combined/Bengali/bona_0110.wav,bonafide
/Users/yashcomputers/Desktop/Svara/data/combined/Marathi/spoof_0050.wav,spoof
/Users/yashcomputers/Desktop/Svara/data/combined/Sanskrit/spoof_0098.wav,spoof
/Users/yashcomputers/Desktop/Svara/data/combined/Tamil/bona_0051.wav,bonafide
/Users/yashcomputers/Desktop/Svara/data/combined/Urdu/bona_0015.wav,bonafide
/Users/yashcomputers/Desktop/Svara/data/combined/Kannada/bona_0079.wav,bonafide
/Users/yashcomputers/Desktop/Svara/data/combined/Urdu/bona_0008.wav,bonafide
/Users/yashcomputers/Desktop/Svara/data/combined/Marathi/bona_0044.wav,bonafide
/Users/yashcomputers/Desktop/Svara/data/combined/Punjabi/bona_0104.wav,bonafide
/Users/yashcomputers/Desktop/Svara/data/combined/Urdu/bona_0135.wav,bonafide
/Users/yashcomputers/Desktop/Svara/data/combined/Tamil/bona_0062.wav,bonafide
/Users/yashcomputers/Desktop/Svara/data/combined/Marathi/spoof_0073.wav,spoof
/Users/yashcomputers/Desktop/Svara/data/combined/Bengali/bona_0117.wav,bonafide
/Users/yashcomputers/Desktop/Svara/data/combined/Urdu/spoof_0079.wav,spoof
/Users/yashcomputers/Desktop/Svara/data/combined/Telugu/bona_0000.wav,bonafide
/Users/yashcomputers/Desktop/Svara/data/combined/Urdu/bona_0051.wav,bonafide
/Users/yashcomputers/Desktop/Svara/data/combined/Hindi/bona_0066.wav,bonafide
/Users/yashcomputers/Desktop/Svara/data/combined/Kannada/bona_0007.wav,bonafide
/Users/yashcomputers/Desktop/Svara/data/combined/Sanskrit/bona_0140.wav,bonafide
/Users/yashcomputers/Desktop/Svara/data/combined/Urdu/spoof_0004.wav,spoof
/Users/yashcomputers/Desktop/Svara/data/combined/Urdu/spoof_0096.wav,spoof
/Users/yashcomputers/Desktop/Svara/data/combined/Urdu/bona_0082.wav,bonafide
/Users/yashcomputers/Desktop/Svara/data/combined/Punjabi/spoof_0092.wav,spoof
/Users/yashcomputers/Desktop/Svara/data/combined/Marathi/bona_0139.wav,bonafide
/Users/yashcomputers/Desktop/Svara/data/combined/Gujarati/spoof_0001.wav,spoof
/Users/yashcomputers/Desktop/Svara/data/combined/Urdu/spoof_0031.wav,spoof
/Users/yashcomputers/Desktop/Svara/data/combined/Marathi/bona_0013.wav,bonafide
/Users/yashcomputers/Desktop/Svara/data/combined/Punjabi/bona_0121.wav,bonafide
/Users/yashcomputers/Desktop/Svara/data/combined/Urdu/bona_0112.wav,bonafide
/Users/yashcomputers/Desktop/Svara/data/combined/Marathi/bona_0073.wav,bonafide
/Users/yashcomputers/Desktop/Svara/data/combined/Telugu/bona_0089.wav,bonafide
/Users/yashcomputers/Desktop/Svara/data/combined/Kannada/bona_0101.wav,bonafide
/Users/yashcomputers/Desktop/Svara/data/combined/Tamil/bona_0128.wav,bonafide
/Users/yashcomputers/Desktop/Svara/data/combined/Bengali/bona_0099.wav,bonafide
/Users/yashcomputers/Desktop/Svara/data/combined/Hindi/spoof_0133.wav,spoof
/Users/yashcomputers/Desktop/Svara/data/combined/Hindi/bona_0076.wav,bonafide
/Users/yashcomputers/Desktop/Svara/data/combined/Malayalam/bona_0026.wav,bonafide
/Users/yashcomputers/Desktop/Svara/data/combined/Malayalam/bona_0107.wav,bonafide
/Users/yashcomputers/Desktop/Svara/data/combined/Gujarati/bona_0045.wav,bonafide
/Users/yashcomputers/Desktop/Svara/data/combined/Urdu/bona_0076.wav,bonafide
/Users/yashcomputers/Desktop/Svara/data/combined/Punjabi/spoof_0069.wav,spoof
/Users/yashcomputers/Desktop/Svara/data/combined/Gujarati/spoof_0023.wav,spoof
/Users/yashcomputers/Desktop/Svara/data/combined/Marathi/spoof_0014.wav,spoof
/Users/yashcomputers/Desktop/Svara/data/combined/Urdu/bona_0030.wav,bonafide
/Users/yashcomputers/Desktop/Svara/data/combined/Tamil/spoof_0055.wav,spoof
/Users/yashcomputers/Desktop/Svara/data/combined/Kannada/bona_0109.wav,bonafide
/Users/yashcomputers/Desktop/Svara/data/combined/Urdu/bona_0110.wav,bonafide
/Users/yashcomputers/Desktop/Svara/data/combined/Urdu/bona_0045.wav,bonafide
/Users/yashcomputers/Desktop/Svara/data/combined/Gujarati/bona_0069.wav,bonafide
/Users/yashcomputers/Desktop/Svara/data/combined/Urdu/bona_0146.wav,bonafide
/Users/yashcomputers/Desktop/Svara/data/combined/Sanskrit/spoof_0109.wav,spoof
/Users/yashcomputers/Desktop/Svara/data/combined/Tamil/bona_0017.wav,bonafide
/Users/yashcomputers/Desktop/Svara/data/combined/Odia/bona_0064.wav,bonafide
/Users/yashcomputers/Desktop/Svara/data/combined/Punjabi/spoof_0111.wav,spoof
/Users/yashcomputers/Desktop/Svara/data/combined/Marathi/spoof_0051.wav,spoof
/Users/yashcomputers/Desktop/Svara/data/combined/Kannada/bona_0000.wav,bonafide
/Users/yashcomputers/Desktop/Svara/data/combined/Telugu/spoof_0033.wav,spoof
/Users/yashcomputers/Desktop/Svara/data/combined/Bengali/bona_0022.wav,bonafide
/Users/yashcomputers/Desktop/Svara/data/combined/Urdu/spoof_0000.wav,spoof
/Users/yashcomputers/Desktop/Svara/data/combined/Kannada/spoof_0112.wav,spoof
/Users/yashcomputers/Desktop/Svara/data/combined/Punjabi/spoof_0056.wav,spoof
/Users/yashcomputers/Desktop/Svara/data/combined/Tamil/spoof_0004.wav,spoof
/Users/yashcomputers/Desktop/Svara/data/combined/Telugu/bona_0082.wav,bonafide
/Users/yashcomputers/Desktop/Svara/data/combined/Malayalam/bona_0012.wav,bonafide
/Users/yashcomputers/Desktop/Svara/data/combined/Punjabi/bona_0112.wav,bonafide
/Users/yashcomputers/Desktop/Svara/data/combined/Urdu/spoof_0006.wav,spoof
/Users/yashcomputers/Desktop/Svara/data/combined/Odia/spoof_0041.wav,spoof
/Users/yashcomputers/Desktop/Svara/data/combined/Telugu/bona_0034.wav,bonafide
/Users/yashcomputers/Desktop/Svara/data/combined/Punjabi/spoof_0064.wav,spoof
/Users/yashcomputers/Desktop/Svara/data/combined/Odia/spoof_0101.wav,spoof
/Users/yashcomputers/Desktop/Svara/data/combined/Odia/spoof_0148.wav,spoof
/Users/yashcomputers/Desktop/Svara/data/combined/Tamil/spoof_0125.wav,spoof
/Users/yashcomputers/Desktop/Svara/data/combined/Tamil/bona_0071.wav,bonafide
/Users/yashcomputers/Desktop/Svara/data/combined/Bengali/spoof_0069.wav,spoof
/Users/yashcomputers/Desktop/Svara/data/combined/Odia/bona_0099.wav,bonafide
/Users/yashcomputers/Desktop/Svara/data/combined/Marathi/spoof_0026.wav,spoof
/Users/yashcomputers/Desktop/Svara/data/combined/Hindi/spoof_0081.wav,spoof
/Users/yashcomputers/Desktop/Svara/data/combined/Kannada/spoof_0113.wav,spoof
/Users/yashcomputers/Desktop/Svara/data/combined/Kannada/bona_0058.wav,bonafide
/Users/yashcomputers/Desktop/Svara/data/combined/Punjabi/bona_0082.wav,bonafide
/Users/yashcomputers/Desktop/Svara/data/combined/Punjabi/spoof_0146.wav,spoof
/Users/yashcomputers/Desktop/Svara/data/combined/Odia/bona_0105.wav,bonafide
/Users/yashcomputers/Desktop/Svara/data/combined/Gujarati/bona_0018.wav,bonafide
/Users/yashcomputers/Desktop/Svara/data/combined/Marathi/bona_0063.wav,bonafide
/Users/yashcomputers/Desktop/Svara/data/combined/Hindi/bona_0144.wav,bonafide
/Users/yashcomputers/Desktop/Svara/data/combined/Gujarati/bona_0019.wav,bonafide
/Users/yashcomputers/Desktop/Svara/data/combined/Malayalam/spoof_0089.wav,spoof
/Users/yashcomputers/Desktop/Svara/data/combined/Gujarati/spoof_0111.wav,spoof
/Users/yashcomputers/Desktop/Svara/data/combined/Malayalam/spoof_0096.wav,spoof
/Users/yashcomputers/Desktop/Svara/data/combined/Malayalam/bona_0069.wav,bonafide
/Users/yashcomputers/Desktop/Svara/data/combined/Odia/spoof_0092.wav,spoof
/Users/yashcomputers/Desktop/Svara/data/combined/Urdu/spoof_0054.wav,spoof
/Users/yashcomputers/Desktop/Svara/data/combined/Punjabi/bona_0025.wav,bonafide
/Users/yashcomputers/Desktop/Svara/data/combined/Gujarati/bona_0011.wav,bonafide
/Users/yashcomputers/Desktop/Svara/data/combined/Tamil/bona_0001.wav,bonafide
/Users/yashcomputers/Desktop/Svara/data/combined/Bengali/bona_0021.wav,bonafide
/Users/yashcomputers/Desktop/Svara/data/combined/Telugu/bona_0119.wav,bonafide
/Users/yashcomputers/Desktop/Svara/data/combined/Bengali/bona_0094.wav,bonafide
/Users/yashcomputers/Desktop/Svara/data/combined/Odia/bona_0022.wav,bonafide
/Users/yashcomputers/Desktop/Svara/data/combined/Kannada/spoof_0100.wav,spoof
/Users/yashcomputers/Desktop/Svara/data/combined/Hindi/spoof_0070.wav,spoof
/Users/yashcomputers/Desktop/Svara/data/combined/Hindi/bona_0021.wav,bonafide
/Users/yashcomputers/Desktop/Svara/data/combined/Odia/spoof_0077.wav,spoof
/Users/yashcomputers/Desktop/Svara/data/combined/Kannada/spoof_0101.wav,spoof
/Users/yashcomputers/Desktop/Svara/data/combined/Kannada/bona_0033.wav,bonafide
/Users/yashcomputers/Desktop/Svara/data/combined/Bengali/spoof_0134.wav,spoof
/Users/yashcomputers/Desktop/Svara/data/combined/Bengali/bona_0145.wav,bonafide
/Users/yashcomputers/Desktop/Svara/data/combined/Marathi/spoof_0119.wav,spoof
/Users/yashcomputers/Desktop/Svara/data/combined/Malayalam/spoof_0015.wav,spoof
/Users/yashcomputers/Desktop/Svara/data/combined/Kannada/spoof_0016.wav,spoof
/Users/yashcomputers/Desktop/Svara/data/combined/Tamil/spoof_0008.wav,spoof
/Users/yashcomputers/Desktop/Svara/data/combined/Malayalam/spoof_0105.wav,spoof
/Users/yashcomputers/Desktop/Svara/data/combined/Urdu/spoof_0134.wav,spoof
/Users/yashcomputers/Desktop/Svara/data/combined/Tamil/spoof_0028.wav,spoof
/Users/yashcomputers/Desktop/Svara/data/combined/Kannada/spoof_0145.wav,spoof
/Users/yashcomputers/Desktop/Svara/data/combined/Sanskrit/spoof_0010.wav,spoof
/Users/yashcomputers/Desktop/Svara/data/combined/Malayalam/spoof_0030.wav,spoof
/Users/yashcomputers/Desktop/Svara/data/combined/Sanskrit/spoof_0028.wav,spoof
/Users/yashcomputers/Desktop/Svara/data/combined/Malayalam/spoof_0100.wav,spoof
/Users/yashcomputers/Desktop/Svara/data/combined/Marathi/bona_0046.wav,bonafide
/Users/yashcomputers/Desktop/Svara/data/combined/Urdu/bona_0105.wav,bonafide
/Users/yashcomputers/Desktop/Svara/data/combined/Bengali/bona_0136.wav,bonafide
/Users/yashcomputers/Desktop/Svara/data/combined/Punjabi/spoof_0063.wav,spoof
/Users/yashcomputers/Desktop/Svara/data/combined/Kannada/spoof_0048.wav,spoof
/Users/yashcomputers/Desktop/Svara/data/combined/Gujarati/spoof_0030.wav,spoof
/Users/yashcomputers/Desktop/Svara/data/combined/Urdu/spoof_0073.wav,spoof
/Users/yashcomputers/Desktop/Svara/data/combined/Urdu/bona_0099.wav,bonafide
/Users/yashcomputers/Desktop/Svara/data/combined/Malayalam/spoof_0083.wav,spoof
/Users/yashcomputers/Desktop/Svara/data/combined/Tamil/bona_0064.wav,bonafide
/Users/yashcomputers/Desktop/Svara/data/combined/Malayalam/spoof_0061.wav,spoof
/Users/yashcomputers/Desktop/Svara/data/combined/Kannada/spoof_0017.wav,spoof
/Users/yashcomputers/Desktop/Svara/data/combined/Malayalam/bona_0108.wav,bonafide
/Users/yashcomputers/Desktop/Svara/data/combined/Sanskrit/spoof_0001.wav,spoof
/Users/yashcomputers/Desktop/Svara/data/combined/Punjabi/bona_0013.wav,bonafide
/Users/yashcomputers/Desktop/Svara/data/combined/Tamil/spoof_0077.wav,spoof
/Users/yashcomputers/Desktop/Svara/data/combined/Malayalam/spoof_0039.wav,spoof
/Users/yashcomputers/Desktop/Svara/data/combined/Tamil/bona_0070.wav,bonafide
/Users/yashcomputers/Desktop/Svara/data/combined/Urdu/bona_0073.wav,bonafide
/Users/yashcomputers/Desktop/Svara/data/combined/Malayalam/spoof_0034.wav,spoof
/Users/yashcomputers/Desktop/Svara/data/combined/Odia/bona_0039.wav,bonafide
/Users/yashcomputers/Desktop/Svara/data/combined/Odia/bona_0071.wav,bonafide
/Users/yashcomputers/Desktop/Svara/data/combined/Kannada/spoof_0144.wav,spoof
/Users/yashcomputers/Desktop/Svara/data/combined/Urdu/bona_0065.wav,bonafide
/Users/yashcomputers/Desktop/Svara/data/combined/Telugu/bona_0103.wav,bonafide
/Users/yashcomputers/Desktop/Svara/data/combined/Punjabi/spoof_0039.wav,spoof
/Users/yashcomputers/Desktop/Svara/data/combined/Marathi/bona_0126.wav,bonafide
/Users/yashcomputers/Desktop/Svara/data/combined/Bengali/spoof_0072.wav,spoof
/Users/yashcomputers/Desktop/Svara/data/combined/Hindi/bona_0095.wav,bonafide
/Users/yashcomputers/Desktop/Svara/data/combined/Gujarati/bona_0094.wav,bonafide
/Users/yashcomputers/Desktop/Svara/data/combined/Telugu/spoof_0015.wav,spoof
/Users/yashcomputers/Desktop/Svara/data/combined/Malayalam/bona_0029.wav,bonafide
/Users/yashcomputers/Desktop/Svara/data/combined/Urdu/spoof_0091.wav,spoof
/Users/yashcomputers/Desktop/Svara/data/combined/Bengali/bona_0011.wav,bonafide
/Users/yashcomputers/Desktop/Svara/data/combined/Hindi/spoof_0023.wav,spoof
/Users/yashcomputers/Desktop/Svara/data/combined/Hindi/bona_0080.wav,bonafide
/Users/yashcomputers/Desktop/Svara/data/combined/Malayalam/spoof_0093.wav,spoof
/Users/yashcomputers/Desktop/Svara/data/combined/Hindi/bona_0013.wav,bonafide
/Users/yashcomputers/Desktop/Svara/data/combined/Kannada/bona_0001.wav,bonafide
/Users/yashcomputers/Desktop/Svara/data/combined/Sanskrit/spoof_0069.wav,spoof
/Users/yashcomputers/Desktop/Svara/data/combined/Urdu/spoof_0018.wav,spoof
/Users/yashcomputers/Desktop/Svara/data/combined/Telugu/bona_0050.wav,bonafide
/Users/yashcomputers/Desktop/Svara/data/combined/Marathi/spoof_0028.wav,spoof
/Users/yashcomputers/Desktop/Svara/data/combined/Tamil/spoof_0128.wav,spoof
/Users/yashcomputers/Desktop/Svara/data/combined/Telugu/spoof_0117.wav,spoof
/Users/yashcomputers/Desktop/Svara/data/combined/Gujarati/spoof_0017.wav,spoof
/Users/yashcomputers/Desktop/Svara/data/combined/Malayalam/bona_0132.wav,bonafide
/Users/yashcomputers/Desktop/Svara/data/combined/Kannada/bona_0076.wav,bonafide
/Users/yashcomputers/Desktop/Svara/data/combined/Odia/spoof_0062.wav,spoof
/Users/yashcomputers/Desktop/Svara/data/combined/Kannada/bona_0018.wav,bonafide
/Users/yashcomputers/Desktop/Svara/data/combined/Hindi/spoof_0002.wav,spoof
/Users/yashcomputers/Desktop/Svara/data/combined/Malayalam/bona_0105.wav,bonafide
/Users/yashcomputers/Desktop/Svara/data/combined/Gujarati/bona_0040.wav,bonafide
/Users/yashcomputers/Desktop/Svara/data/combined/Tamil/spoof_0141.wav,spoof
/Users/yashcomputers/Desktop/Svara/data/combined/Telugu/bona_0124.wav,bonafide
/Users/yashcomputers/Desktop/Svara/data/combined/Sanskrit/spoof_0026.wav,spoof
/Users/yashcomputers/Desktop/Svara/data/combined/Kannada/bona_0036.wav,bonafide
/Users/yashcomputers/Desktop/Svara/data/combined/Sanskrit/spoof_0100.wav,spoof
/Users/yashcomputers/Desktop/Svara/data/combined/Odia/spoof_0112.wav,spoof
/Users/yashcomputers/Desktop/Svara/data/combined/Urdu/spoof_0142.wav,spoof
/Users/yashcomputers/Desktop/Svara/data/combined/Urdu/spoof_0144.wav,spoof
/Users/yashcomputers/Desktop/Svara/data/combined/Punjabi/spoof_0125.wav,spoof
/Users/yashcomputers/Desktop/Svara/data/combined/Sanskrit/bona_0055.wav,bonafide
/Users/yashcomputers/Desktop/Svara/data/combined/Sanskrit/bona_0021.wav,bonafide
/Users/yashcomputers/Desktop/Svara/data/combined/Kannada/spoof_0142.wav,spoof
/Users/yashcomputers/Desktop/Svara/data/combined/Sanskrit/spoof_0038.wav,spoof
/Users/yashcomputers/Desktop/Svara/data/combined/Sanskrit/spoof_0020.wav,spoof
/Users/yashcomputers/Desktop/Svara/data/combined/Urdu/bona_0142.wav,bonafide
/Users/yashcomputers/Desktop/Svara/data/combined/Odia/spoof_0009.wav,spoof
/Users/yashcomputers/Desktop/Svara/data/combined/Sanskrit/spoof_0102.wav,spoof
/Users/yashcomputers/Desktop/Svara/data/combined/Marathi/bona_0037.wav,bonafide
/Users/yashcomputers/Desktop/Svara/data/combined/Bengali/bona_0032.wav,bonafide
/Users/yashcomputers/Desktop/Svara/data/combined/Hindi/spoof_0075.wav,spoof
/Users/yashcomputers/Desktop/Svara/data/combined/Hindi/spoof_0046.wav,spoof
/Users/yashcomputers/Desktop/Svara/data/combined/Hindi/spoof_0141.wav,spoof
/Users/yashcomputers/Desktop/Svara/data/combined/Kannada/spoof_0110.wav,spoof
/Users/yashcomputers/Desktop/Svara/data/combined/Sanskrit/spoof_0061.wav,spoof
/Users/yashcomputers/Desktop/Svara/data/combined/Urdu/bona_0139.wav,bonafide
/Users/yashcomputers/Desktop/Svara/data/combined/Hindi/spoof_0068.wav,spoof
/Users/yashcomputers/Desktop/Svara/data/combined/Telugu/spoof_0114.wav,spoof
/Users/yashcomputers/Desktop/Svara/data/combined/Telugu/spoof_0001.wav,spoof
/Users/yashcomputers/Desktop/Svara/data/combined/Punjabi/bona_0096.wav,bonafide
/Users/yashcomputers/Desktop/Svara/data/combined/Malayalam/bona_0003.wav,bonafide
/Users/yashcomputers/Desktop/Svara/data/combined/Bengali/spoof_0095.wav,spoof
/Users/yashcomputers/Desktop/Svara/data/combined/Telugu/bona_0125.wav,bonafide
/Users/yashcomputers/Desktop/Svara/data/combined/Sanskrit/bona_0147.wav,bonafide
/Users/yashcomputers/Desktop/Svara/data/combined/Malayalam/spoof_0104.wav,spoof
/Users/yashcomputers/Desktop/Svara/data/combined/Punjabi/bona_0139.wav,bonafide
/Users/yashcomputers/Desktop/Svara/data/combined/Kannada/spoof_0073.wav,spoof
/Users/yashcomputers/Desktop/Svara/data/combined/Bengali/bona_0006.wav,bonafide
/Users/yashcomputers/Desktop/Svara/data/combined/Telugu/spoof_0005.wav,spoof
/Users/yashcomputers/Desktop/Svara/data/combined/Odia/spoof_0006.wav,spoof
/Users/yashcomputers/Desktop/Svara/data/combined/Urdu/spoof_0094.wav,spoof
/Users/yashcomputers/Desktop/Svara/data/combined/Tamil/bona_0072.wav,bonafide
/Users/yashcomputers/Desktop/Svara/data/combined/Hindi/bona_0060.wav,bonafide
/Users/yashcomputers/Desktop/Svara/data/combined/Marathi/spoof_0092.wav,spoof
/Users/yashcomputers/Desktop/Svara/data/combined/Hindi/spoof_0109.wav,spoof
/Users/yashcomputers/Desktop/Svara/data/combined/Malayalam/spoof_0106.wav,spoof
/Users/yashcomputers/Desktop/Svara/data/combined/Hindi/spoof_0071.wav,spoof
/Users/yashcomputers/Desktop/Svara/data/combined/Bengali/bona_0014.wav,bonafide
/Users/yashcomputers/Desktop/Svara/data/combined/Malayalam/bona_0083.wav,bonafide
/Users/yashcomputers/Desktop/Svara/data/combined/Punjabi/bona_0148.wav,bonafide
/Users/yashcomputers/Desktop/Svara/data/combined/Kannada/bona_0149.wav,bonafide
/Users/yashcomputers/Desktop/Svara/data/combined/Urdu/spoof_0068.wav,spoof
/Users/yashcomputers/Desktop/Svara/data/combined/Sanskrit/spoof_0073.wav,spoof
/Users/yashcomputers/Desktop/Svara/data/combined/Telugu/spoof_0099.wav,spoof
/Users/yashcomputers/Desktop/Svara/data/combined/Punjabi/bona_0144.wav,bonafide
/Users/yashcomputers/Desktop/Svara/data/combined/Bengali/spoof_0082.wav,spoof
/Users/yashcomputers/Desktop/Svara/data/combined/Urdu/bona_0056.wav,bonafide
/Users/yashcomputers/Desktop/Svara/data/combined/Bengali/spoof_0049.wav,spoof
/Users/yashcomputers/Desktop/Svara/data/combined/Urdu/spoof_0090.wav,spoof
/Users/yashcomputers/Desktop/Svara/data/combined/Kannada/bona_0083.wav,bonafide
/Users/yashcomputers/Desktop/Svara/data/combined/Hindi/bona_0062.wav,bonafide
/Users/yashcomputers/Desktop/Svara/data/combined/Bengali/bona_0129.wav,bonafide
/Users/yashcomputers/Desktop/Svara/data/combined/Odia/bona_0075.wav,bonafide
/Users/yashcomputers/Desktop/Svara/data/combined/Urdu/spoof_0107.wav,spoof
/Users/yashcomputers/Desktop/Svara/data/combined/Sanskrit/bona_0062.wav,bonafide
/Users/yashcomputers/Desktop/Svara/data/combined/Odia/spoof_0064.wav,spoof
/Users/yashcomputers/Desktop/Svara/data/combined/Odia/spoof_0022.wav,spoof
/Users/yashcomputers/Desktop/Svara/data/combined/Gujarati/spoof_0015.wav,spoof
/Users/yashcomputers/Desktop/Svara/data/combined/Punjabi/bona_0070.wav,bonafide
/Users/yashcomputers/Desktop/Svara/data/combined/Marathi/bona_0112.wav,bonafide
/Users/yashcomputers/Desktop/Svara/data/combined/Urdu/bona_0138.wav,bonafide
/Users/yashcomputers/Desktop/Svara/data/combined/Sanskrit/spoof_0008.wav,spoof
/Users/yashcomputers/Desktop/Svara/data/combined/Marathi/spoof_0093.wav,spoof
/Users/yashcomputers/Desktop/Svara/data/combined/Odia/bona_0144.wav,bonafide
/Users/yashcomputers/Desktop/Svara/data/combined/Odia/spoof_0004.wav,spoof
/Users/yashcomputers/Desktop/Svara/data/combined/Punjabi/spoof_0028.wav,spoof
/Users/yashcomputers/Desktop/Svara/data/combined/Gujarati/bona_0030.wav,bonafide
/Users/yashcomputers/Desktop/Svara/data/combined/Telugu/bona_0053.wav,bonafide
/Users/yashcomputers/Desktop/Svara/data/combined/Malayalam/spoof_0008.wav,spoof
/Users/yashcomputers/Desktop/Svara/data/combined/Tamil/bona_0009.wav,bonafide
/Users/yashcomputers/Desktop/Svara/data/combined/Malayalam/bona_0010.wav,bonafide
/Users/yashcomputers/Desktop/Svara/data/combined/Gujarati/spoof_0058.wav,spoof
/Users/yashcomputers/Desktop/Svara/data/combined/Hindi/spoof_0045.wav,spoof
/Users/yashcomputers/Desktop/Svara/data/combined/Tamil/spoof_0139.wav,spoof
/Users/yashcomputers/Desktop/Svara/data/combined/Bengali/bona_0071.wav,bonafide
/Users/yashcomputers/Desktop/Svara/data/combined/Malayalam/bona_0009.wav,bonafide
/Users/yashcomputers/Desktop/Svara/data/combined/Malayalam/spoof_0068.wav,spoof
/Users/yashcomputers/Desktop/Svara/data/combined/Kannada/spoof_0043.wav,spoof
/Users/yashcomputers/Desktop/Svara/data/combined/Odia/bona_0100.wav,bonafide
/Users/yashcomputers/Desktop/Svara/data/combined/Punjabi/bona_0122.wav,bonafide
/Users/yashcomputers/Desktop/Svara/data/combined/Punjabi/spoof_0116.wav,spoof
/Users/yashcomputers/Desktop/Svara/data/combined/Bengali/spoof_0147.wav,spoof
/Users/yashcomputers/Desktop/Svara/data/combined/Telugu/bona_0113.wav,bonafide
/Users/yashcomputers/Desktop/Svara/data/combined/Odia/bona_0014.wav,bonafide
/Users/yashcomputers/Desktop/Svara/data/combined/Punjabi/bona_0128.wav,bonafide
/Users/yashcomputers/Desktop/Svara/data/combined/Odia/bona_0109.wav,bonafide
/Users/yashcomputers/Desktop/Svara/data/combined/Sanskrit/spoof_0147.wav,spoof
/Users/yashcomputers/Desktop/Svara/data/combined/Malayalam/spoof_0009.wav,spoof
/Users/yashcomputers/Desktop/Svara/data/combined/Marathi/bona_0022.wav,bonafide
/Users/yashcomputers/Desktop/Svara/data/combined/Marathi/bona_0007.wav,bonafide
/Users/yashcomputers/Desktop/Svara/data/combined/Telugu/bona_0120.wav,bonafide
/Users/yashcomputers/Desktop/Svara/data/combined/Hindi/bona_0050.wav,bonafide
/Users/yashcomputers/Desktop/Svara/data/combined/Gujarati/spoof_0055.wav,spoof
/Users/yashcomputers/Desktop/Svara/data/combined/Punjabi/bona_0099.wav,bonafide
/Users/yashcomputers/Desktop/Svara/data/combined/Kannada/spoof_0134.wav,spoof
/Users/yashcomputers/Desktop/Svara/data/combined/Malayalam/spoof_0028.wav,spoof
/Users/yashcomputers/Desktop/Svara/data/combined/Bengali/spoof_0053.wav,spoof
/Users/yashcomputers/Desktop/Svara/data/combined/Urdu/spoof_0009.wav,spoof
/Users/yashcomputers/Desktop/Svara/data/combined/Punjabi/bona_0097.wav,bonafide
/Users/yashcomputers/Desktop/Svara/data/combined/Gujarati/bona_0124.wav,bonafide
/Users/yashcomputers/Desktop/Svara/data/combined/Kannada/bona_0136.wav,bonafide
/Users/yashcomputers/Desktop/Svara/data/combined/Urdu/bona_0096.wav,bonafide
/Users/yashcomputers/Desktop/Svara/data/combined/Telugu/spoof_0041.wav,spoof
/Users/yashcomputers/Desktop/Svara/data/combined/Gujarati/bona_0135.wav,bonafide
/Users/yashcomputers/Desktop/Svara/data/combined/Hindi/spoof_0032.wav,spoof
/Users/yashcomputers/Desktop/Svara/data/combined/Malayalam/spoof_0037.wav,spoof
/Users/yashcomputers/Desktop/Svara/data/combined/Malayalam/spoof_0019.wav,spoof
/Users/yashcomputers/Desktop/Svara/data/combined/Punjabi/bona_0047.wav,bonafide
/Users/yashcomputers/Desktop/Svara/data/combined/Urdu/bona_0133.wav,bonafide
/Users/yashcomputers/Desktop/Svara/data/combined/Tamil/spoof_0069.wav,spoof
/Users/yashcomputers/Desktop/Svara/data/combined/Kannada/bona_0104.wav,bonafide
/Users/yashcomputers/Desktop/Svara/data/combined/Hindi/spoof_0018.wav,spoof
/Users/yashcomputers/Desktop/Svara/data/combined/Tamil/bona_0053.wav,bonafide
/Users/yashcomputers/Desktop/Svara/data/combined/Sanskrit/bona_0056.wav,bonafide
/Users/yashcomputers/Desktop/Svara/data/combined/Bengali/spoof_0020.wav,spoof
/Users/yashcomputers/Desktop/Svara/data/combined/Gujarati/spoof_0109.wav,spoof
/Users/yashcomputers/Desktop/Svara/data/combined/Gujarati/bona_0129.wav,bonafide
/Users/yashcomputers/Desktop/Svara/data/combined/Gujarati/bona_0078.wav,bonafide
/Users/yashcomputers/Desktop/Svara/data/combined/Malayalam/spoof_0007.wav,spoof
/Users/yashcomputers/Desktop/Svara/data/combined/Urdu/bona_0086.wav,bonafide
/Users/yashcomputers/Desktop/Svara/data/combined/Telugu/spoof_0093.wav,spoof
/Users/yashcomputers/Desktop/Svara/data/combined/Malayalam/bona_0137.wav,bonafide
/Users/yashcomputers/Desktop/Svara/data/combined/Urdu/bona_0006.wav,bonafide
/Users/yashcomputers/Desktop/Svara/data/combined/Telugu/spoof_0057.wav,spoof
/Users/yashcomputers/Desktop/Svara/data/combined/Gujarati/spoof_0112.wav,spoof
/Users/yashcomputers/Desktop/Svara/data/combined/Malayalam/bona_0065.wav,bonafide
/Users/yashcomputers/Desktop/Svara/data/combined/Punjabi/bona_0036.wav,bonafide
/Users/yashcomputers/Desktop/Svara/data/combined/Gujarati/spoof_0147.wav,spoof
/Users/yashcomputers/Desktop/Svara/data/combined/Hindi/bona_0033.wav,bonafide
/Users/yashcomputers/Desktop/Svara/data/combined/Punjabi/spoof_0042.wav,spoof
/Users/yashcomputers/Desktop/Svara/data/combined/Marathi/bona_0100.wav,bonafide
/Users/yashcomputers/Desktop/Svara/data/combined/Gujarati/spoof_0065.wav,spoof
/Users/yashcomputers/Desktop/Svara/data/combined/Bengali/spoof_0038.wav,spoof
/Users/yashcomputers/Desktop/Svara/data/combined/Odia/bona_0066.wav,bonafide
/Users/yashcomputers/Desktop/Svara/data/combined/Tamil/bona_0118.wav,bonafide
/Users/yashcomputers/Desktop/Svara/data/combined/Bengali/bona_0087.wav,bonafide
/Users/yashcomputers/Desktop/Svara/data/combined/Telugu/bona_0020.wav,bonafide
/Users/yashcomputers/Desktop/Svara/data/combined/Telugu/bona_0093.wav,bonafide
/Users/yashcomputers/Desktop/Svara/data/combined/Tamil/bona_0033.wav,bonafide
/Users/yashcomputers/Desktop/Svara/data/combined/Kannada/bona_0006.wav,bonafide
/Users/yashcomputers/Desktop/Svara/data/combined/Punjabi/bona_0053.wav,bonafide
/Users/yashcomputers/Desktop/Svara/data/combined/Tamil/bona_0106.wav,bonafide
/Users/yashcomputers/Desktop/Svara/data/combined/Odia/spoof_0124.wav,spoof
/Users/yashcomputers/Desktop/Svara/data/combined/Bengali/spoof_0048.wav,spoof
/Users/yashcomputers/Desktop/Svara/data/combined/Bengali/bona_0043.wav,bonafide
/Users/yashcomputers/Desktop/Svara/data/combined/Marathi/bona_0146.wav,bonafide
/Users/yashcomputers/Desktop/Svara/data/combined/Tamil/bona_0092.wav,bonafide
/Users/yashcomputers/Desktop/Svara/data/combined/Sanskrit/bona_0029.wav,bonafide
/Users/yashcomputers/Desktop/Svara/data/combined/Gujarati/bona_0105.wav,bonafide
/Users/yashcomputers/Desktop/Svara/data/combined/Marathi/spoof_0076.wav,spoof
/Users/yashcomputers/Desktop/Svara/data/combined/Kannada/bona_0003.wav,bonafide
/Users/yashcomputers/Desktop/Svara/data/combined/Gujarati/bona_0067.wav,bonafide
/Users/yashcomputers/Desktop/Svara/data/combined/Tamil/spoof_0081.wav,spoof
/Users/yashcomputers/Desktop/Svara/data/combined/Tamil/spoof_0136.wav,spoof
/Users/yashcomputers/Desktop/Svara/data/combined/Gujarati/bona_0068.wav,bonafide
/Users/yashcomputers/Desktop/Svara/data/combined/Sanskrit/spoof_0140.wav,spoof
/Users/yashcomputers/Desktop/Svara/data/combined/Gujarati/bona_0071.wav,bonafide
/Users/yashcomputers/Desktop/Svara/data/combined/Kannada/spoof_0049.wav,spoof
/Users/yashcomputers/Desktop/Svara/data/combined/Malayalam/bona_0072.wav,bonafide
/Users/yashcomputers/Desktop/Svara/data/combined/Kannada/bona_0022.wav,bonafide
/Users/yashcomputers/Desktop/Svara/data/combined/Gujarati/bona_0132.wav,bonafide
/Users/yashcomputers/Desktop/Svara/data/combined/Kannada/spoof_0121.wav,spoof
/Users/yashcomputers/Desktop/Svara/data/combined/Bengali/bona_0078.wav,bonafide
/Users/yashcomputers/Desktop/Svara/data/combined/Bengali/spoof_0003.wav,spoof
/Users/yashcomputers/Desktop/Svara/data/combined/Punjabi/bona_0024.wav,bonafide
/Users/yashcomputers/Desktop/Svara/data/combined/Kannada/bona_0024.wav,bonafide
/Users/yashcomputers/Desktop/Svara/data/combined/Sanskrit/spoof_0021.wav,spoof
/Users/yashcomputers/Desktop/Svara/data/combined/Punjabi/bona_0035.wav,bonafide
/Users/yashcomputers/Desktop/Svara/data/combined/Bengali/spoof_0011.wav,spoof
/Users/yashcomputers/Desktop/Svara/data/combined/Punjabi/bona_0101.wav,bonafide
/Users/yashcomputers/Desktop/Svara/data/combined/Tamil/spoof_0046.wav,spoof
/Users/yashcomputers/Desktop/Svara/data/combined/Telugu/bona_0136.wav,bonafide
/Users/yashcomputers/Desktop/Svara/data/combined/Marathi/spoof_0038.wav,spoof
/Users/yashcomputers/Desktop/Svara/data/combined/Gujarati/spoof_0116.wav,spoof
/Users/yashcomputers/Desktop/Svara/data/combined/Punjabi/spoof_0132.wav,spoof
/Users/yashcomputers/Desktop/Svara/data/combined/Telugu/spoof_0065.wav,spoof
/Users/yashcomputers/Desktop/Svara/data/combined/Tamil/bona_0002.wav,bonafide
/Users/yashcomputers/Desktop/Svara/data/combined/Punjabi/bona_0056.wav,bonafide
/Users/yashcomputers/Desktop/Svara/data/combined/Sanskrit/spoof_0149.wav,spoof
/Users/yashcomputers/Desktop/Svara/data/combined/Bengali/spoof_0142.wav,spoof
/Users/yashcomputers/Desktop/Svara/data/combined/Malayalam/spoof_0022.wav,spoof
/Users/yashcomputers/Desktop/Svara/data/combined/Gujarati/bona_0093.wav,bonafide
/Users/yashcomputers/Desktop/Svara/data/combined/Telugu/spoof_0127.wav,spoof
/Users/yashcomputers/Desktop/Svara/data/combined/Malayalam/spoof_0052.wav,spoof
/Users/yashcomputers/Desktop/Svara/data/combined/Hindi/spoof_0083.wav,spoof
/Users/yashcomputers/Desktop/Svara/data/combined/Telugu/spoof_0131.wav,spoof
/Users/yashcomputers/Desktop/Svara/data/combined/Malayalam/spoof_0140.wav,spoof
/Users/yashcomputers/Desktop/Svara/data/combined/Malayalam/spoof_0005.wav,spoof
/Users/yashcomputers/Desktop/Svara/data/combined/Gujarati/spoof_0102.wav,spoof
/Users/yashcomputers/Desktop/Svara/data/combined/Hindi/bona_0063.wav,bonafide
/Users/yashcomputers/Desktop/Svara/data/combined/Telugu/bona_0046.wav,bonafide
/Users/yashcomputers/Desktop/Svara/data/combined/Marathi/spoof_0069.wav,spoof
/Users/yashcomputers/Desktop/Svara/data/combined/Gujarati/bona_0053.wav,bonafide
/Users/yashcomputers/Desktop/Svara/data/combined/Sanskrit/spoof_0122.wav,spoof
/Users/yashcomputers/Desktop/Svara/data/combined/Urdu/bona_0055.wav,bonafide
/Users/yashcomputers/Desktop/Svara/data/combined/Sanskrit/spoof_0126.wav,spoof
/Users/yashcomputers/Desktop/Svara/data/combined/Telugu/bona_0031.wav,bonafide
/Users/yashcomputers/Desktop/Svara/data/combined/Malayalam/bona_0086.wav,bonafide
/Users/yashcomputers/Desktop/Svara/data/combined/Urdu/bona_0102.wav,bonafide
/Users/yashcomputers/Desktop/Svara/data/combined/Tamil/bona_0018.wav,bonafide
/Users/yashcomputers/Desktop/Svara/data/combined/Punjabi/spoof_0098.wav,spoof
/Users/yashcomputers/Desktop/Svara/data/combined/Telugu/bona_0015.wav,bonafide
/Users/yashcomputers/Desktop/Svara/data/combined/Gujarati/bona_0079.wav,bonafide
/Users/yashcomputers/Desktop/Svara/data/combined/Punjabi/spoof_0130.wav,spoof
/Users/yashcomputers/Desktop/Svara/data/combined/Malayalam/bona_0015.wav,bonafide
/Users/yashcomputers/Desktop/Svara/data/combined/Kannada/bona_0013.wav,bonafide
/Users/yashcomputers/Desktop/Svara/data/combined/Odia/spoof_0139.wav,spoof
/Users/yashcomputers/Desktop/Svara/data/combined/Telugu/bona_0033.wav,bonafide
/Users/yashcomputers/Desktop/Svara/data/combined/Telugu/spoof_0084.wav,spoof
/Users/yashcomputers/Desktop/Svara/data/combined/Punjabi/spoof_0148.wav,spoof
/Users/yashcomputers/Desktop/Svara/data/combined/Gujarati/spoof_0061.wav,spoof
/Users/yashcomputers/Desktop/Svara/data/combined/Telugu/spoof_0024.wav,spoof
/Users/yashcomputers/Desktop/Svara/data/combined/Bengali/bona_0112.wav,bonafide
/Users/yashcomputers/Desktop/Svara/data/combined/Punjabi/spoof_0117.wav,spoof
/Users/yashcomputers/Desktop/Svara/data/combined/Punjabi/bona_0005.wav,bonafide
/Users/yashcomputers/Desktop/Svara/data/combined/Kannada/spoof_0120.wav,spoof
/Users/yashcomputers/Desktop/Svara/data/combined/Marathi/spoof_0086.wav,spoof
/Users/yashcomputers/Desktop/Svara/data/combined/Tamil/spoof_0137.wav,spoof
/Users/yashcomputers/Desktop/Svara/data/combined/Marathi/spoof_0108.wav,spoof
/Users/yashcomputers/Desktop/Svara/data/combined/Kannada/spoof_0064.wav,spoof
/Users/yashcomputers/Desktop/Svara/data/combined/Urdu/spoof_0053.wav,spoof
/Users/yashcomputers/Desktop/Svara/data/combined/Odia/bona_0128.wav,bonafide
/Users/yashcomputers/Desktop/Svara/data/combined/Hindi/spoof_0004.wav,spoof
/Users/yashcomputers/Desktop/Svara/data/combined/Sanskrit/spoof_0049.wav,spoof
/Users/yashcomputers/Desktop/Svara/data/combined/Urdu/spoof_0084.wav,spoof
/Users/yashcomputers/Desktop/Svara/data/combined/Urdu/spoof_0082.wav,spoof
/Users/yashcomputers/Desktop/Svara/data/combined/Urdu/bona_0121.wav,bonafide
/Users/yashcomputers/Desktop/Svara/data/combined/Kannada/bona_0063.wav,bonafide
/Users/yashcomputers/Desktop/Svara/data/combined/Sanskrit/spoof_0145.wav,spoof
/Users/yashcomputers/Desktop/Svara/data/combined/Punjabi/spoof_0052.wav,spoof
/Users/yashcomputers/Desktop/Svara/data/combined/Telugu/bona_0044.wav,bonafide
/Users/yashcomputers/Desktop/Svara/data/combined/Bengali/spoof_0058.wav,spoof
/Users/yashcomputers/Desktop/Svara/data/combined/Sanskrit/spoof_0141.wav,spoof
/Users/yashcomputers/Desktop/Svara/data/combined/Bengali/spoof_0079.wav,spoof
/Users/yashcomputers/Desktop/Svara/data/combined/Kannada/spoof_0116.wav,spoof
/Users/yashcomputers/Desktop/Svara/data/combined/Sanskrit/spoof_0116.wav,spoof
/Users/yashcomputers/Desktop/Svara/data/combined/Kannada/bona_0043.wav,bonafide
/Users/yashcomputers/Desktop/Svara/data/combined/Malayalam/bona_0024.wav,bonafide
/Users/yashcomputers/Desktop/Svara/data/combined/Bengali/spoof_0140.wav,spoof
/Users/yashcomputers/Desktop/Svara/data/combined/Kannada/bona_0030.wav,bonafide
/Users/yashcomputers/Desktop/Svara/data/combined/Punjabi/bona_0125.wav,bonafide
/Users/yashcomputers/Desktop/Svara/data/combined/Hindi/spoof_0119.wav,spoof
/Users/yashcomputers/Desktop/Svara/data/combined/Bengali/spoof_0070.wav,spoof
/Users/yashcomputers/Desktop/Svara/data/combined/Gujarati/bona_0087.wav,bonafide
/Users/yashcomputers/Desktop/Svara/data/combined/Tamil/spoof_0075.wav,spoof
/Users/yashcomputers/Desktop/Svara/data/combined/Odia/bona_0097.wav,bonafide
/Users/yashcomputers/Desktop/Svara/data/combined/Urdu/bona_0027.wav,bonafide
/Users/yashcomputers/Desktop/Svara/data/combined/Tamil/bona_0109.wav,bonafide
/Users/yashcomputers/Desktop/Svara/data/combined/Tamil/bona_0024.wav,bonafide
/Users/yashcomputers/Desktop/Svara/data/combined/Telugu/spoof_0070.wav,spoof
/Users/yashcomputers/Desktop/Svara/data/combined/Bengali/bona_0025.wav,bonafide
/Users/yashcomputers/Desktop/Svara/data/combined/Sanskrit/spoof_0138.wav,spoof
/Users/yashcomputers/Desktop/Svara/data/combined/Sanskrit/bona_0089.wav,bonafide
/Users/yashcomputers/Desktop/Svara/data/combined/Tamil/spoof_0059.wav,spoof
/Users/yashcomputers/Desktop/Svara/data/combined/Gujarati/bona_0005.wav,bonafide
/Users/yashcomputers/Desktop/Svara/data/combined/Odia/bona_0056.wav,bonafide
/Users/yashcomputers/Desktop/Svara/data/combined/Telugu/spoof_0047.wav,spoof
/Users/yashcomputers/Desktop/Svara/data/combined/Kannada/spoof_0028.wav,spoof
/Users/yashcomputers/Desktop/Svara/data/combined/Kannada/bona_0115.wav,bonafide
/Users/yashcomputers/Desktop/Svara/data/combined/Hindi/bona_0136.wav,bonafide
/Users/yashcomputers/Desktop/Svara/data/combined/Urdu/spoof_0145.wav,spoof
/Users/yashcomputers/Desktop/Svara/data/combined/Kannada/bona_0067.wav,bonafide
/Users/yashcomputers/Desktop/Svara/data/combined/Tamil/spoof_0092.wav,spoof
/Users/yashcomputers/Desktop/Svara/data/combined/Punjabi/bona_0135.wav,bonafide
/Users/yashcomputers/Desktop/Svara/data/combined/Punjabi/bona_0110.wav,bonafide
/Users/yashcomputers/Desktop/Svara/data/combined/Kannada/bona_0069.wav,bonafide
/Users/yashcomputers/Desktop/Svara/data/combined/Urdu/bona_0053.wav,bonafide
/Users/yashcomputers/Desktop/Svara/data/combined/Malayalam/spoof_0077.wav,spoof
/Users/yashcomputers/Desktop/Svara/data/combined/Malayalam/bona_0115.wav,bonafide
/Users/yashcomputers/Desktop/Svara/data/combined/Odia/bona_0036.wav,bonafide
/Users/yashcomputers/Desktop/Svara/data/combined/Marathi/bona_0095.wav,bonafide
/Users/yashcomputers/Desktop/Svara/data/combined/Kannada/bona_0102.wav,bonafide
/Users/yashcomputers/Desktop/Svara/data/combined/Marathi/spoof_0037.wav,spoof
/Users/yashcomputers/Desktop/Svara/data/combined/Hindi/bona_0083.wav,bonafide
/Users/yashcomputers/Desktop/Svara/data/combined/Hindi/spoof_0009.wav,spoof
/Users/yashcomputers/Desktop/Svara/data/combined/Odia/bona_0033.wav,bonafide
/Users/yashcomputers/Desktop/Svara/data/combined/Gujarati/bona_0017.wav,bonafide
/Users/yashcomputers/Desktop/Svara/data/combined/Odia/spoof_0000.wav,spoof
/Users/yashcomputers/Desktop/Svara/data/combined/Urdu/bona_0057.wav,bonafide
/Users/yashcomputers/Desktop/Svara/data/combined/Telugu/bona_0140.wav,bonafide
/Users/yashcomputers/Desktop/Svara/data/combined/Tamil/spoof_0133.wav,spoof
/Users/yashcomputers/Desktop/Svara/data/combined/Marathi/spoof_0049.wav,spoof
/Users/yashcomputers/Desktop/Svara/data/combined/Marathi/spoof_0022.wav,spoof
/Users/yashcomputers/Desktop/Svara/data/combined/Bengali/bona_0089.wav,bonafide
/Users/yashcomputers/Desktop/Svara/data/combined/Kannada/spoof_0114.wav,spoof
/Users/yashcomputers/Desktop/Svara/data/combined/Marathi/bona_0006.wav,bonafide
/Users/yashcomputers/Desktop/Svara/data/combined/Tamil/spoof_0122.wav,spoof
/Users/yashcomputers/Desktop/Svara/data/combined/Telugu/bona_0115.wav,bonafide
/Users/yashcomputers/Desktop/Svara/data/combined/Urdu/spoof_0005.wav,spoof
/Users/yashcomputers/Desktop/Svara/data/combined/Marathi/spoof_0035.wav,spoof
/Users/yashcomputers/Desktop/Svara/data/combined/Tamil/bona_0091.wav,bonafide
/Users/yashcomputers/Desktop/Svara/data/combined/Urdu/spoof_0059.wav,spoof
/Users/yashcomputers/Desktop/Svara/data/combined/Kannada/spoof_0026.wav,spoof
/Users/yashcomputers/Desktop/Svara/data/combined/Odia/spoof_0015.wav,spoof
/Users/yashcomputers/Desktop/Svara/data/combined/Sanskrit/spoof_0006.wav,spoof
/Users/yashcomputers/Desktop/Svara/data/combined/Marathi/bona_0131.wav,bonafide
/Users/yashcomputers/Desktop/Svara/data/combined/Urdu/bona_0024.wav,bonafide
/Users/yashcomputers/Desktop/Svara/data/combined/Tamil/bona_0042.wav,bonafide
/Users/yashcomputers/Desktop/Svara/data/combined/Sanskrit/bona_0084.wav,bonafide
/Users/yashcomputers/Desktop/Svara/data/combined/Urdu/bona_0028.wav,bonafide
/Users/yashcomputers/Desktop/Svara/data/combined/Hindi/bona_0072.wav,bonafide
/Users/yashcomputers/Desktop/Svara/data/combined/Odia/spoof_0146.wav,spoof
/Users/yashcomputers/Desktop/Svara/data/combined/Odia/bona_0026.wav,bonafide
/Users/yashcomputers/Desktop/Svara/data/combined/Telugu/bona_0138.wav,bonafide
/Users/yashcomputers/Desktop/Svara/data/combined/Urdu/spoof_0089.wav,spoof
/Users/yashcomputers/Desktop/Svara/data/combined/Odia/spoof_0087.wav,spoof
/Users/yashcomputers/Desktop/Svara/data/combined/Urdu/bona_0072.wav,bonafide
/Users/yashcomputers/Desktop/Svara/data/combined/Kannada/bona_0145.wav,bonafide
/Users/yashcomputers/Desktop/Svara/data/combined/Gujarati/bona_0119.wav,bonafide
/Users/yashcomputers/Desktop/Svara/data/combined/Punjabi/spoof_0057.wav,spoof
/Users/yashcomputers/Desktop/Svara/data/combined/Urdu/bona_0019.wav,bonafide
/Users/yashcomputers/Desktop/Svara/data/combined/Urdu/spoof_0010.wav,spoof
/Users/yashcomputers/Desktop/Svara/data/combined/Punjabi/spoof_0133.wav,spoof
/Users/yashcomputers/Desktop/Svara/data/combined/Urdu/bona_0003.wav,bonafide
/Users/yashcomputers/Desktop/Svara/data/combined/Urdu/bona_0126.wav,bonafide
/Users/yashcomputers/Desktop/Svara/data/combined/Punjabi/bona_0149.wav,bonafide
/Users/yashcomputers/Desktop/Svara/data/combined/Sanskrit/bona_0070.wav,bonafide
/Users/yashcomputers/Desktop/Svara/data/combined/Marathi/bona_0070.wav,bonafide
/Users/yashcomputers/Desktop/Svara/data/combined/Urdu/spoof_0078.wav,spoof
/Users/yashcomputers/Desktop/Svara/data/combined/Odia/bona_0093.wav,bonafide
/Users/yashcomputers/Desktop/Svara/data/combined/Tamil/spoof_0058.wav,spoof
/Users/yashcomputers/Desktop/Svara/data/combined/Bengali/bona_0049.wav,bonafide
/Users/yashcomputers/Desktop/Svara/data/combined/Malayalam/spoof_0020.wav,spoof
/Users/yashcomputers/Desktop/Svara/data/combined/Malayalam/bona_0056.wav,bonafide
/Users/yashcomputers/Desktop/Svara/data/combined/Odia/spoof_0114.wav,spoof
/Users/yashcomputers/Desktop/Svara/data/combined/Telugu/spoof_0076.wav,spoof
/Users/yashcomputers/Desktop/Svara/data/combined/Marathi/spoof_0089.wav,spoof
/Users/yashcomputers/Desktop/Svara/data/combined/Urdu/spoof_0035.wav,spoof
/Users/yashcomputers/Desktop/Svara/data/combined/Telugu/bona_0037.wav,bonafide
/Users/yashcomputers/Desktop/Svara/data/combined/Odia/bona_0149.wav,bonafide
/Users/yashcomputers/Desktop/Svara/data/combined/Kannada/bona_0082.wav,bonafide
/Users/yashcomputers/Desktop/Svara/data/combined/Kannada/spoof_0040.wav,spoof
/Users/yashcomputers/Desktop/Svara/data/combined/Kannada/spoof_0053.wav,spoof
/Users/yashcomputers/Desktop/Svara/data/combined/Marathi/bona_0096.wav,bonafide
/Users/yashcomputers/Desktop/Svara/data/combined/Telugu/spoof_0052.wav,spoof
/Users/yashcomputers/Desktop/Svara/data/combined/Tamil/bona_0112.wav,bonafide
/Users/yashcomputers/Desktop/Svara/data/combined/Punjabi/spoof_0066.wav,spoof
/Users/yashcomputers/Desktop/Svara/data/combined/Malayalam/spoof_0026.wav,spoof
/Users/yashcomputers/Desktop/Svara/data/combined/Kannada/spoof_0109.wav,spoof
/Users/yashcomputers/Desktop/Svara/data/combined/Marathi/spoof_0144.wav,spoof
/Users/yashcomputers/Desktop/Svara/data/combined/Urdu/bona_0034.wav,bonafide
/Users/yashcomputers/Desktop/Svara/data/combined/Bengali/spoof_0136.wav,spoof
/Users/yashcomputers/Desktop/Svara/data/combined/Gujarati/bona_0001.wav,bonafide
/Users/yashcomputers/Desktop/Svara/data/combined/Urdu/spoof_0104.wav,spoof
/Users/yashcomputers/Desktop/Svara/data/combined/Punjabi/bona_0102.wav,bonafide
/Users/yashcomputers/Desktop/Svara/data/combined/Tamil/bona_0099.wav,bonafide
/Users/yashcomputers/Desktop/Svara/data/combined/Marathi/bona_0028.wav,bonafide
/Users/yashcomputers/Desktop/Svara/data/combined/Telugu/bona_0059.wav,bonafide
/Users/yashcomputers/Desktop/Svara/data/combined/Punjabi/spoof_0087.wav,spoof
/Users/yashcomputers/Desktop/Svara/data/combined/Malayalam/bona_0090.wav,bonafide
/Users/yashcomputers/Desktop/Svara/data/combined/Tamil/spoof_0105.wav,spoof
/Users/yashcomputers/Desktop/Svara/data/combined/Bengali/bona_0028.wav,bonafide
/Users/yashcomputers/Desktop/Svara/data/combined/Sanskrit/spoof_0093.wav,spoof
/Users/yashcomputers/Desktop/Svara/data/combined/Malayalam/spoof_0092.wav,spoof
/Users/yashcomputers/Desktop/Svara/data/combined/Kannada/bona_0088.wav,bonafide
/Users/yashcomputers/Desktop/Svara/data/combined/Sanskrit/bona_0030.wav,bonafide
/Users/yashcomputers/Desktop/Svara/data/combined/Telugu/spoof_0030.wav,spoof
/Users/yashcomputers/Desktop/Svara/data/combined/Tamil/spoof_0015.wav,spoof
/Users/yashcomputers/Desktop/Svara/data/combined/Telugu/bona_0128.wav,bonafide
/Users/yashcomputers/Desktop/Svara/data/combined/Malayalam/bona_0025.wav,bonafide
/Users/yashcomputers/Desktop/Svara/data/combined/Gujarati/spoof_0101.wav,spoof
/Users/yashcomputers/Desktop/Svara/data/combined/Marathi/spoof_0030.wav,spoof
/Users/yashcomputers/Desktop/Svara/data/combined/Telugu/spoof_0042.wav,spoof
/Users/yashcomputers/Desktop/Svara/data/combined/Sanskrit/spoof_0077.wav,spoof
/Users/yashcomputers/Desktop/Svara/data/combined/Urdu/bona_0016.wav,bonafide
/Users/yashcomputers/Desktop/Svara/data/combined/Sanskrit/bona_0006.wav,bonafide
/Users/yashcomputers/Desktop/Svara/data/combined/Sanskrit/bona_0020.wav,bonafide
/Users/yashcomputers/Desktop/Svara/data/combined/Telugu/bona_0040.wav,bonafide
/Users/yashcomputers/Desktop/Svara/data/combined/Tamil/bona_0013.wav,bonafide
/Users/yashcomputers/Desktop/Svara/data/combined/Urdu/bona_0098.wav,bonafide
/Users/yashcomputers/Desktop/Svara/data/combined/Gujarati/spoof_0122.wav,spoof
/Users/yashcomputers/Desktop/Svara/data/combined/Punjabi/spoof_0086.wav,spoof
/Users/yashcomputers/Desktop/Svara/data/combined/Malayalam/spoof_0091.wav,spoof
/Users/yashcomputers/Desktop/Svara/data/combined/Kannada/bona_0049.wav,bonafide
/Users/yashcomputers/Desktop/Svara/data/combined/Tamil/bona_0096.wav,bonafide
