path|original_file|language|is_original_language|duration|training_data|model_name|architecture|transcript|speaker_similarity
./fake/en/MegaTTS3/piratesofersatz_08_leinster_64kb_f000136.wav|en_US/by_book/male/elliot_miller/pirates_of_ersatz/wavs/piratesofersatz_08_leinster_64kb_f000136.wav|en|True|10.000|unknown|MegaTTS3|MegaTTS3|He could see only a very small fraction of the planet's surface. He had to hunt before he found the capital city again. Then it was very clear.|-
./fake/en/MegaTTS3/northandsouth_08_f000182.wav|en_US/by_book/female/mary_ann/northandsouth/wavs/northandsouth_08_f000182.wav|en|True|5.440|unknown|MegaTTS3|MegaTTS3|Margaret was surprised at this last question, for at Helstone it would have been an understood thing,|-
./fake/en/MegaTTS3/wives_and_daughters_10_f000220.wav|en_UK/by_book/female/elizabeth_klett/wives_and_daughters/wavs/wives_and_daughters_10_f000220.wav|en|True|7.760|unknown|MegaTTS3|MegaTTS3|in such tones of uncomforted, lonely misery, he turned back, and went to the green tent under the ash-tree.|-
./fake/en/MegaTTS3/pink_fairy_book_26_f000111.wav|en_US/by_book/male/elliot_miller/pink_fairy_book/wavs/pink_fairy_book_26_f000111.wav|en|True|17.760|unknown|MegaTTS3|MegaTTS3|And when he had it safe he made her stoop down and smear it over his brothers face, taking care all the while never to loose her hair, and when the dead man opened his eyes the youth drew his sword and cut off her head with a single blow.|-
./fake/en/MegaTTS3/northandsouth_26_f000014.wav|en_US/by_book/female/mary_ann/northandsouth/wavs/northandsouth_26_f000014.wav|en|True|4.480|unknown|MegaTTS3|MegaTTS3|even as he shaped the words expressive of hatred.|-
./fake/en/MegaTTS3/the_sea_fairies_05_f000017.wav|en_US/by_book/female/judy_bieber/the_sea_fairies/wavs/the_sea_fairies_05_f000017.wav|en|True|11.360|unknown|MegaTTS3|MegaTTS3|The Princess Clia swam slowly to one of the walls of the throne room where, at a wave of her hand, a round hole appeared in the coral.|-
./fake/en/MegaTTS3/skyisland_11_baum_64kb_f000054.wav|en_US/by_book/female/judy_bieber/sky_island/wavs/skyisland_11_baum_64kb_f000054.wav|en|True|12.640|unknown|MegaTTS3|MegaTTS3|As fer po'try, said he, that's as how you look at po'try. Rhymes come from your head, but real po'try from your heart, and whether the blue parrot has a heart or not, he's sure got a head.|-
./fake/en/MegaTTS3/silent_bullet_13_f000170.wav|en_US/by_book/male/elliot_miller/silent_bullet/wavs/silent_bullet_13_f000170.wav|en|True|14.640|unknown|MegaTTS3|MegaTTS3|So if seventeen had come up five times to-night, it would be just as likely to come the sixth as if the previous five had not occurred,|-
./fake/en/MegaTTS3/piratesofersatz_11_leinster_64kb_f000148.wav|en_US/by_book/male/elliot_miller/pirates_of_ersatz/wavs/piratesofersatz_11_leinster_64kb_f000148.wav|en|True|7.040|unknown|MegaTTS3|MegaTTS3|Hoddan went sick with apprehension. He groaned as the something inside the stateroom sobbed and yielded.|-
./fake/en/MegaTTS3/skyisland_23_baum_64kb_f000022.wav|en_US/by_book/female/judy_bieber/sky_island/wavs/skyisland_23_baum_64kb_f000022.wav|en|True|8.480|unknown|MegaTTS3|MegaTTS3|The sailorman did not seem to be in any of the rooms she entered, so she decided to visit the Boolooroo's own apartments.|-
./fake/en/MegaTTS3/jane_eyre_20_f000131.wav|en_UK/by_book/female/elizabeth_klett/jane_eyre/wavs/jane_eyre_20_f000131.wav|en|True|6.240|unknown|MegaTTS3|MegaTTS3|whence then had arisen Mister Rochester's dismay when he heard of Mister Mason's arrival?|-
./fake/en/MegaTTS3/wives_and_daughters_31_f000036.wav|en_UK/by_book/female/elizabeth_klett/wives_and_daughters/wavs/wives_and_daughters_31_f000036.wav|en|True|5.040|unknown|MegaTTS3|MegaTTS3|All Hollingford came forward to do the earl's new agent honour.|-
./fake/en/MegaTTS3/dorothy_and_wizard_oz_04_f000070.wav|en_US/by_book/female/judy_bieber/dorothy_and_wizard_oz/wavs/dorothy_and_wizard_oz_04_f000070.wav|en|True|1.840|unknown|MegaTTS3|MegaTTS3|He hesitated.|-
./fake/en/MegaTTS3/wives_and_daughters_03_f000059.wav|en_UK/by_book/female/elizabeth_klett/wives_and_daughters/wavs/wives_and_daughters_03_f000059.wav|en|True|6.480|unknown|MegaTTS3|MegaTTS3|and burst into an uncontrollable flood of tears, which threatened to end in hysterics.|-
./fake/en/MegaTTS3/the_master_key_20_f000123.wav|en_US/by_book/female/judy_bieber/the_master_key/wavs/the_master_key_20_f000123.wav|en|True|2.080|unknown|MegaTTS3|MegaTTS3|I have nothing more to say.|-
./fake/en/MegaTTS3/piratesofersatz_03_leinster_64kb_f000121.wav|en_US/by_book/male/elliot_miller/pirates_of_ersatz/wavs/piratesofersatz_03_leinster_64kb_f000121.wav|en|True|6.160|unknown|MegaTTS3|MegaTTS3|The animals paid no attention to the deep-toned humming noise the grid made in its operation.|-
./fake/en/MegaTTS3/wives_and_daughters_35_f000215.wav|en_UK/by_book/female/elizabeth_klett/wives_and_daughters/wavs/wives_and_daughters_35_f000215.wav|en|True|6.480|unknown|MegaTTS3|MegaTTS3|No! he said at last, with a sigh. He tells me nothing about it.|-
./fake/en/MegaTTS3/silent_bullet_11_f000164.wav|en_US/by_book/male/elliot_miller/silent_bullet/wavs/silent_bullet_11_f000164.wav|en|True|4.160|unknown|MegaTTS3|MegaTTS3|All right now, hustle along, and divide the change.|-
./fake/en/MegaTTS3/pink_fairy_book_23_f000002.wav|en_US/by_book/male/elliot_miller/pink_fairy_book/wavs/pink_fairy_book_23_f000002.wav|en|True|11.040|unknown|MegaTTS3|MegaTTS3|Cuentos Populars Catalans, per lo Dr. D. Francisco de S. Maspous y Labros. Barcelona, eighteen eighty-five.|-
./fake/en/MegaTTS3/wives_and_daughters_55_f000055.wav|en_UK/by_book/female/elizabeth_klett/wives_and_daughters/wavs/wives_and_daughters_55_f000055.wav|en|True|7.680|unknown|MegaTTS3|MegaTTS3|So now, when he finds the work partly done to his hands, he is happy and gratified in proportion.|-
./fake/en/MegaTTS3/wives_and_daughters_14_f000197.wav|en_UK/by_book/female/elizabeth_klett/wives_and_daughters/wavs/wives_and_daughters_14_f000197.wav|en|True|4.400|unknown|MegaTTS3|MegaTTS3|This seeming delicacy made him appear older than he was.|-
./fake/en/MegaTTS3/jane_eyre_25_f000126.wav|en_UK/by_book/female/elizabeth_klett/jane_eyre/wavs/jane_eyre_25_f000126.wav|en|True|4.160|unknown|MegaTTS3|MegaTTS3|I think it a glorious thing to have the hope of living with you, because I love you.|-
./fake/en/MegaTTS3/wives_and_daughters_35_f000280.wav|en_UK/by_book/female/elizabeth_klett/wives_and_daughters/wavs/wives_and_daughters_35_f000280.wav|en|True|7.360|unknown|MegaTTS3|MegaTTS3|I shall see the girl then, and I can judge her for myself; for, as you say, that will be the best plan.|-
./fake/en/MegaTTS3/wives_and_daughters_09_f000055.wav|en_UK/by_book/female/elizabeth_klett/wives_and_daughters/wavs/wives_and_daughters_09_f000055.wav|en|True|9.280|unknown|MegaTTS3|MegaTTS3|Now here, money is like the air they breathe. No one even asks or knows how much the washing costs, or what pink ribbon is a yard.|-
./fake/en/MegaTTS3/wives_and_daughters_41_f000121.wav|en_UK/by_book/female/elizabeth_klett/wives_and_daughters/wavs/wives_and_daughters_41_f000121.wav|en|True|7.040|unknown|MegaTTS3|MegaTTS3|When the right time comes, I will make it known to my uncle, and to everybody whom it may concern;|-
./fake/en/MegaTTS3/pink_fairy_book_33_f000078.wav|en_US/by_book/male/elliot_miller/pink_fairy_book/wavs/pink_fairy_book_33_f000078.wav|en|True|10.400|unknown|MegaTTS3|MegaTTS3|So they all travelled together till they arrived at a very ordinary-looking house, which Aveline pointed out as the castle of the White Demon,|-
./fake/en/MegaTTS3/wives_and_daughters_01_f000054.wav|en_UK/by_book/female/elizabeth_klett/wives_and_daughters/wavs/wives_and_daughters_01_f000054.wav|en|True|12.000|unknown|MegaTTS3|MegaTTS3|and, above all, to dress neatly in a kind of charity uniform devised by the ladies of Cumnor Towers; - white caps, white tippets,|-
./fake/en/MegaTTS3/wives_and_daughters_18_f000067.wav|en_UK/by_book/female/elizabeth_klett/wives_and_daughters/wavs/wives_and_daughters_18_f000067.wav|en|True|3.040|unknown|MegaTTS3|MegaTTS3|How shocking! said she.|-
./fake/en/MegaTTS3/northandsouth_10_f000092.wav|en_US/by_book/female/mary_ann/northandsouth/wavs/northandsouth_10_f000092.wav|en|True|6.000|unknown|MegaTTS3|MegaTTS3|Im not sure whether I should have done it, if I had waited until the act was passed.|-
./fake/en/MegaTTS3/jane_eyre_29_f000077.wav|en_UK/by_book/female/elizabeth_klett/jane_eyre/wavs/jane_eyre_29_f000077.wav|en|True|1.760|unknown|MegaTTS3|MegaTTS3|He is a parson.|-
./fake/en/MegaTTS3/poisoned_pen_02_f000279.wav|en_US/by_book/male/elliot_miller/poisoned_pen/wavs/poisoned_pen_02_f000279.wav|en|True|11.760|unknown|MegaTTS3|MegaTTS3|I felt in my pocket. I had left my watch at the laboratory, but even the dollar watch I had taken and the small sum of money in my pocketbook were gone.|-
./fake/en/MegaTTS3/silent_bullet_11_f000162.wav|en_US/by_book/male/elliot_miller/silent_bullet/wavs/silent_bullet_11_f000162.wav|en|True|5.120|unknown|MegaTTS3|MegaTTS3|Wholl go down and get me a bottle of ginger ale? I asked.|-
./fake/en/MegaTTS3/the_sea_fairies_14_f000113.wav|en_US/by_book/female/judy_bieber/the_sea_fairies/wavs/the_sea_fairies_14_f000113.wav|en|True|2.880|unknown|MegaTTS3|MegaTTS3|I sew buttons on Zog's clothes.|-
./fake/en/MegaTTS3/poisoned_pen_10_f000221.wav|en_US/by_book/male/elliot_miller/poisoned_pen/wavs/poisoned_pen_10_f000221.wav|en|True|13.200|unknown|MegaTTS3|MegaTTS3|Craig laughed. You mean an old one. That was simply a blind, to divert attention from himself. I suspect they talked that over between themselves for days before.|-
./fake/en/MegaTTS3/jane_eyre_27_f000415.wav|en_UK/by_book/female/elizabeth_klett/jane_eyre/wavs/jane_eyre_27_f000415.wav|en|True|3.280|unknown|MegaTTS3|MegaTTS3|I shuddered to hear the infatuated assertion.|-
./fake/en/MegaTTS3/jane_eyre_29_f000048.wav|en_UK/by_book/female/elizabeth_klett/jane_eyre/wavs/jane_eyre_29_f000048.wav|en|True|4.240|unknown|MegaTTS3|MegaTTS3|they grow there, firm as weeds among stones.|-
./fake/en/MegaTTS3/wives_and_daughters_11_f000297.wav|en_UK/by_book/female/elizabeth_klett/wives_and_daughters/wavs/wives_and_daughters_11_f000297.wav|en|True|9.760|unknown|MegaTTS3|MegaTTS3|Molly sate on a stool close to the head of the sofa, and Roger, though at first he took up a book and tried to read that he might be no restraint,|-
./fake/en/MegaTTS3/rinkitink_baum_10_64kb_f000019.wav|en_US/by_book/female/judy_bieber/rinkitink_in_oz/wavs/rinkitink_baum_10_64kb_f000019.wav|en|True|17.680|unknown|MegaTTS3|MegaTTS3|Go ahead, if you like, replied the King, with an evil grin, and if you are hung up by the thumbs or cast into a dungeon, it will serve you right for thinking you can succeed where a skilled warrior dares not make the attempt.|-
./fake/en/MegaTTS3/wives_and_daughters_56_f000033.wav|en_UK/by_book/female/elizabeth_klett/wives_and_daughters/wavs/wives_and_daughters_56_f000033.wav|en|True|6.720|unknown|MegaTTS3|MegaTTS3|You dear, wilful creature! you know you always look lovely in whatever you put on.|-
./fake/en/MegaTTS3/piratesofersatz_02_leinster_64kb_f000202.wav|en_US/by_book/male/elliot_miller/pirates_of_ersatz/wavs/piratesofersatz_02_leinster_64kb_f000202.wav|en|True|10.880|unknown|MegaTTS3|MegaTTS3|And the music and the festivity was in the house in which Nedda dwelt. She was having a party, on the very night of the day in which he'd been framed for life imprisonment.|-
./fake/en/MegaTTS3/jane_eyre_24_f000087.wav|en_UK/by_book/female/elizabeth_klett/jane_eyre/wavs/jane_eyre_24_f000087.wav|en|True|7.760|unknown|MegaTTS3|MegaTTS3|Why do you smile, Jane? What does that inexplicable, that uncanny turn of countenance mean?|-
./fake/en/MegaTTS3/piratesofersatz_11_leinster_64kb_f000146.wav|en_US/by_book/male/elliot_miller/pirates_of_ersatz/wavs/piratesofersatz_11_leinster_64kb_f000146.wav|en|True|11.520|unknown|MegaTTS3|MegaTTS3|Then she said did we know somebody named Bron Hoddan on Darth? And I said we did and if she'd step inside the ship she'd meet you. And here she is!|-
./fake/en/MegaTTS3/jane_eyre_29_f000130.wav|en_UK/by_book/female/elizabeth_klett/jane_eyre/wavs/jane_eyre_29_f000130.wav|en|True|8.960|unknown|MegaTTS3|MegaTTS3|You should have waited for my leave to descend, she said. You still look very pale - and so thin! Poor child! - poor girl!|-
./fake/en/MegaTTS3/silent_bullet_13_f000222.wav|en_US/by_book/male/elliot_miller/silent_bullet/wavs/silent_bullet_13_f000222.wav|en|True|12.800|unknown|MegaTTS3|MegaTTS3|I found that Craig had paused in his play at a moment when DeLong had staked a large sum that a number below eighteen would turn up - for five plays the numbers had been between eighteen and thirty-six.|-
./fake/en/MegaTTS3/wives_and_daughters_28_f000014.wav|en_UK/by_book/female/elizabeth_klett/wives_and_daughters/wavs/wives_and_daughters_28_f000014.wav|en|True|12.080|unknown|MegaTTS3|MegaTTS3|He did better than merely remember us then, said Cynthia, with her soft slow smile. We owe him thanks for those beautiful flowers, mamma.|-
./fake/en/MegaTTS3/rinkitink_baum_23_64kb_f000033.wav|en_US/by_book/female/judy_bieber/rinkitink_in_oz/wavs/rinkitink_baum_23_64kb_f000033.wav|en|True|3.840|unknown|MegaTTS3|MegaTTS3|while those who are up are almost certain to go down.|-
./fake/en/MegaTTS3/northandsouth_16_f000045.wav|en_US/by_book/female/mary_ann/northandsouth/wavs/northandsouth_16_f000045.wav|en|True|6.240|unknown|MegaTTS3|MegaTTS3|so that you may, without too great an effort, be able to give what comfort you can to your father.|-
./fake/en/MegaTTS3/skyisland_03_baum_64kb_f000031.wav|en_US/by_book/female/judy_bieber/sky_island/wavs/skyisland_03_baum_64kb_f000031.wav|en|True|14.800|unknown|MegaTTS3|MegaTTS3|Yes you would. You're sure to like it. I guess I'm too heavy. I'm sure the umbrella could carry twenty people if they could be fastened to the handle, said Button-Bright.|-
./fake/en/MegaTTS3/northandsouth_05_f000186.wav|en_US/by_book/female/mary_ann/northandsouth/wavs/northandsouth_05_f000186.wav|en|True|8.720|unknown|MegaTTS3|MegaTTS3|or indeed elsewhere, to which they could remove the furniture that had of necessity to be taken out of Helstone vicarage.|-
./fake/en/MegaTTS3/piratesofersatz_09_leinster_64kb_f000029.wav|en_US/by_book/male/elliot_miller/pirates_of_ersatz/wavs/piratesofersatz_09_leinster_64kb_f000029.wav|en|True|12.960|unknown|MegaTTS3|MegaTTS3|The traffic was abominable. And he, who'd been in various pitched battles on Darth and had only lately captured a ship in space - Hoddan grew apprehensive as his ground-car charged into the thick of hooting,|-
./fake/en/MegaTTS3/jane_eyre_04_f000257.wav|en_UK/by_book/female/elizabeth_klett/jane_eyre/wavs/jane_eyre_04_f000257.wav|en|True|3.840|unknown|MegaTTS3|MegaTTS3|and the dreariness of my hated and hating position.|-
./fake/en/MegaTTS3/poisoned_pen_12_f000051.wav|en_US/by_book/male/elliot_miller/poisoned_pen/wavs/poisoned_pen_12_f000051.wav|en|True|12.080|unknown|MegaTTS3|MegaTTS3|If the photographs were true I would be a fine traitor. But I haven't even seen McLoughlin or Brown since last spring. The whole thing is a - Lie from start to finish,|-
./fake/en/MegaTTS3/midnight_passenger_15_f000167.wav|en_US/by_book/female/mary_ann/midnight_passenger/wavs/midnight_passenger_15_f000167.wav|en|True|2.720|unknown|MegaTTS3|MegaTTS3|Only you should know the story of my life!|-
./fake/en/MegaTTS3/jane_eyre_10_f000086.wav|en_UK/by_book/female/elizabeth_klett/jane_eyre/wavs/jane_eyre_10_f000086.wav|en|True|8.960|unknown|MegaTTS3|MegaTTS3|Replies rose smooth and prompt now: - You must enclose the advertisement and the money to pay for it under a cover directed to the editor of the Herald;|-
./fake/en/MegaTTS3/wives_and_daughters_29_f000214.wav|en_UK/by_book/female/elizabeth_klett/wives_and_daughters/wavs/wives_and_daughters_29_f000214.wav|en|True|5.040|unknown|MegaTTS3|MegaTTS3|But, for all that, you look more like a delving Adam than a spinning Eve.|-
./fake/en/MegaTTS3/wives_and_daughters_25_f000080.wav|en_UK/by_book/female/elizabeth_klett/wives_and_daughters/wavs/wives_and_daughters_25_f000080.wav|en|True|7.120|unknown|MegaTTS3|MegaTTS3|that is to say, if her grace ever condescended to have any idea on the subject at all;|-
./fake/en/MegaTTS3/pink_fairy_book_40_f000222.wav|en_US/by_book/male/elliot_miller/pink_fairy_book/wavs/pink_fairy_book_40_f000222.wav|en|True|3.840|unknown|MegaTTS3|MegaTTS3|And in a moment the fire caught him, and he was burned up.|-
./fake/en/MegaTTS3/rinkitink_baum_04_64kb_f000066.wav|en_US/by_book/female/judy_bieber/rinkitink_in_oz/wavs/rinkitink_baum_04_64kb_f000066.wav|en|True|13.520|unknown|MegaTTS3|MegaTTS3|Be patient and we will make the attempt, replied Inga encouragingly, and he ran to search the ruins for a rope. Presently he found one that had been used by the warriors in toppling over the towers,|-
./fake/en/MegaTTS3/the_master_key_07_f000020.wav|en_US/by_book/female/judy_bieber/the_master_key/wavs/the_master_key_07_f000020.wav|en|True|2.560|unknown|MegaTTS3|MegaTTS3|I am here! he announced.|-
./fake/en/MegaTTS3/dorothy_and_wizard_oz_08_f000026.wav|en_US/by_book/female/judy_bieber/dorothy_and_wizard_oz/wavs/dorothy_and_wizard_oz_08_f000026.wav|en|True|2.560|unknown|MegaTTS3|MegaTTS3|The little man shook his bald head.|-
./fake/en/MegaTTS3/wives_and_daughters_56_f000026.wav|en_UK/by_book/female/elizabeth_klett/wives_and_daughters/wavs/wives_and_daughters_56_f000026.wav|en|True|5.040|unknown|MegaTTS3|MegaTTS3|And you accept him? Say yes, Cynthia, and make me happy!|-
./fake/en/MegaTTS3/jane_eyre_03_f000058.wav|en_UK/by_book/female/elizabeth_klett/jane_eyre/wavs/jane_eyre_03_f000058.wav|en|True|9.360|unknown|MegaTTS3|MegaTTS3|Bessie asked if I would have a book: the word book acted as a transient stimulus, and I begged her to fetch Gulliver's Travels from the library.|-
./fake/en/MegaTTS3/northandsouth_42_f000104.wav|en_US/by_book/female/mary_ann/northandsouth/wavs/northandsouth_42_f000104.wav|en|True|5.920|unknown|MegaTTS3|MegaTTS3|when he could have seen her every day-when he had her within his grasp, as it were-as a time of suffering.|-
./fake/en/MegaTTS3/rinkitink_baum_11_64kb_f000002.wav|en_US/by_book/female/judy_bieber/rinkitink_in_oz/wavs/rinkitink_baum_11_64kb_f000002.wav|en|True|7.440|unknown|MegaTTS3|MegaTTS3|Rinkitink in oz by L Frank Baum. Chapter Eleven Zella Goes to Coregos.|-
./fake/en/MegaTTS3/wives_and_daughters_46_f000113.wav|en_UK/by_book/female/elizabeth_klett/wives_and_daughters/wavs/wives_and_daughters_46_f000113.wav|en|True|4.800|unknown|MegaTTS3|MegaTTS3|clandestine-like, it's perhaps not for me to tell their secrets.|-
./fake/en/MegaTTS3/jane_eyre_28_f000311.wav|en_UK/by_book/female/elizabeth_klett/jane_eyre/wavs/jane_eyre_28_f000311.wav|en|True|7.840|unknown|MegaTTS3|MegaTTS3|This was the climax. A pang of exquisite suffering - a throe of true despair - rent and heaved my heart.|-
./fake/en/MegaTTS3/wives_and_daughters_10_f000287.wav|en_UK/by_book/female/elizabeth_klett/wives_and_daughters/wavs/wives_and_daughters_10_f000287.wav|en|True|7.520|unknown|MegaTTS3|MegaTTS3|before they parted - before their tete-a-tete walk was merged in the general familiarity of the household life.|-
./fake/en/MegaTTS3/northandsouth_12_f000076.wav|en_US/by_book/female/mary_ann/northandsouth/wavs/northandsouth_12_f000076.wav|en|True|5.520|unknown|MegaTTS3|MegaTTS3|Oh, yes! Delicious! Too crowded, that is the worst.|-
./fake/en/MegaTTS3/emerald_city_of_oz_23_f000056.wav|en_US/by_book/female/judy_bieber/emerald_city_of_oz/wavs/emerald_city_of_oz_23_f000056.wav|en|True|3.360|unknown|MegaTTS3|MegaTTS3|Another 'if'! cried the woman.|-
./fake/en/MegaTTS3/northandsouth_19_f000101.wav|en_US/by_book/female/mary_ann/northandsouth/wavs/northandsouth_19_f000101.wav|en|True|6.640|unknown|MegaTTS3|MegaTTS3|Itll not take long for to makethem give in, for theyve getten a pretty lot of orders, all under contract;|-
./fake/en/MegaTTS3/the_sea_fairies_16_f000084.wav|en_US/by_book/female/judy_bieber/the_sea_fairies/wavs/the_sea_fairies_16_f000084.wav|en|True|14.480|unknown|MegaTTS3|MegaTTS3|When dinner was over, however, and Captain Joe had gone back to his work of sewing on buttons and the servants had carried away the dishes, the prisoners remembered their troubles and the fate that awaited them.|-
./fake/en/MegaTTS3/midnight_passenger_10_f000159.wav|en_US/by_book/female/mary_ann/midnight_passenger/wavs/midnight_passenger_10_f000159.wav|en|True|6.240|unknown|MegaTTS3|MegaTTS3|Witherspoon was at the door when Ferris laid his pleading hands upon his arm.|-
./fake/en/MegaTTS3/midnight_passenger_09_f000055.wav|en_US/by_book/female/mary_ann/midnight_passenger/wavs/midnight_passenger_09_f000055.wav|en|True|12.000|unknown|MegaTTS3|MegaTTS3|There was a crowd of the senior employees waiting around the door to congratulate the new vice-president, when old Edward Somers tottered in, his face ashen with fright.|-
./fake/en/MegaTTS3/wives_and_daughters_45_f000126.wav|en_UK/by_book/female/elizabeth_klett/wives_and_daughters/wavs/wives_and_daughters_45_f000126.wav|en|True|5.280|unknown|MegaTTS3|MegaTTS3|now I remember - and that he was looking stronger than he had done for years.|-
./fake/en/MegaTTS3/silent_bullet_07_f000147.wav|en_US/by_book/male/elliot_miller/silent_bullet/wavs/silent_bullet_07_f000147.wav|en|True|8.720|unknown|MegaTTS3|MegaTTS3|In the meantime I had thought over that sweetish odour, and it flashed on my mind that it might, after all, be a case of poisoning.|-
./fake/en/MegaTTS3/piratesofersatz_09_leinster_64kb_f000073.wav|en_US/by_book/male/elliot_miller/pirates_of_ersatz/wavs/piratesofersatz_09_leinster_64kb_f000073.wav|en|True|2.560|unknown|MegaTTS3|MegaTTS3|The clerk said impassively:|-
./fake/en/MegaTTS3/emerald_city_of_oz_12_f000094.wav|en_US/by_book/female/judy_bieber/emerald_city_of_oz/wavs/emerald_city_of_oz_12_f000094.wav|en|True|3.600|unknown|MegaTTS3|MegaTTS3|So it will be best to work on him while I'm getting your dinner.|-
./fake/en/MegaTTS3/dorothy_and_wizard_oz_01_f000047.wav|en_US/by_book/female/judy_bieber/dorothy_and_wizard_oz/wavs/dorothy_and_wizard_oz_01_f000047.wav|en|True|9.760|unknown|MegaTTS3|MegaTTS3|It was a big horse, tall and bony, with long legs and large knees and feet. She could count his ribs easily where they showed through the skin of his body,|-
./fake/en/MegaTTS3/poisoned_pen_11_f000369.wav|en_US/by_book/male/elliot_miller/poisoned_pen/wavs/poisoned_pen_11_f000369.wav|en|True|15.920|unknown|MegaTTS3|MegaTTS3|Haswell did not wear glasses. Therefore he was subject to the rays - the more so as he is a blond, and I think it has been demonstrated by investigators that blonds are more affected by them than are brunettes.|-
./fake/en/MegaTTS3/pink_fairy_book_12_f000140.wav|en_US/by_book/male/elliot_miller/pink_fairy_book/wavs/pink_fairy_book_12_f000140.wav|en|True|4.480|unknown|MegaTTS3|MegaTTS3|There was a row stretching from the gate of the town up to the castle.|-
./fake/en/MegaTTS3/dorothy_and_wizard_oz_16_f000104.wav|en_US/by_book/female/judy_bieber/dorothy_and_wizard_oz/wavs/dorothy_and_wizard_oz_16_f000104.wav|en|True|5.040|unknown|MegaTTS3|MegaTTS3|Good gracious! she exclaimed. I thought you were stuffed.|-
./fake/en/MegaTTS3/poisoned_pen_09_f000348.wav|en_US/by_book/male/elliot_miller/poisoned_pen/wavs/poisoned_pen_09_f000348.wav|en|True|7.280|unknown|MegaTTS3|MegaTTS3|Kennedy stopped the cab in a side street, pressed a bill into the cabman's hand, and bade him wait until we returned.|-
./fake/en/MegaTTS3/piratesofersatz_01_leinster_64kb_f000135.wav|en_US/by_book/male/elliot_miller/pirates_of_ersatz/wavs/piratesofersatz_01_leinster_64kb_f000135.wav|en|True|1.520|unknown|MegaTTS3|MegaTTS3|Hoddan sat up.|-
./fake/en/MegaTTS3/wives_and_daughters_14_f000137.wav|en_UK/by_book/female/elizabeth_klett/wives_and_daughters/wavs/wives_and_daughters_14_f000137.wav|en|True|9.680|unknown|MegaTTS3|MegaTTS3|If I promise you to be respectful to them in word and in deed - and in very thought, if I can - you'll let me then, won't you?|-
./fake/en/MegaTTS3/hunters_space_12_f000042.wav|en_US/by_book/male/elliot_miller/hunters_space/wavs/hunters_space_12_f000042.wav|en|True|3.680|unknown|MegaTTS3|MegaTTS3|Will you please tell me where we are? Gunnar demanded.|-
./fake/en/MegaTTS3/northandsouth_46_f000308.wav|en_US/by_book/female/mary_ann/northandsouth/wavs/northandsouth_46_f000308.wav|en|True|8.320|unknown|MegaTTS3|MegaTTS3|but if you can, will you tell him the whole circumstances, and tell him also that I gave you leave to do so,|-
./fake/en/MegaTTS3/silent_bullet_11_f000143.wav|en_US/by_book/male/elliot_miller/silent_bullet/wavs/silent_bullet_11_f000143.wav|en|True|2.320|unknown|MegaTTS3|MegaTTS3|Kennedy saw it and interrupted.|-
./fake/en/MegaTTS3/wives_and_daughters_25_f000121.wav|en_UK/by_book/female/elizabeth_klett/wives_and_daughters/wavs/wives_and_daughters_25_f000121.wav|en|True|3.120|unknown|MegaTTS3|MegaTTS3|How kind of them! said Molly.|-
./fake/en/MegaTTS3/emerald_city_of_oz_06_f000039.wav|en_US/by_book/female/judy_bieber/emerald_city_of_oz/wavs/emerald_city_of_oz_06_f000039.wav|en|True|8.800|unknown|MegaTTS3|MegaTTS3|When he had finished, the Chief Whimsie looked at him through the holes in his chin and asked: What reward will you give us if we help you?|-
./fake/en/MegaTTS3/northandsouth_46_f000217.wav|en_US/by_book/female/mary_ann/northandsouth/wavs/northandsouth_46_f000217.wav|en|True|5.360|unknown|MegaTTS3|MegaTTS3|mister Bell slept soundly, after his unusual exercise through the day.|-
./fake/en/MegaTTS3/northandsouth_42_f000106.wav|en_US/by_book/female/mary_ann/northandsouth/wavs/northandsouth_42_f000106.wav|en|True|4.000|unknown|MegaTTS3|MegaTTS3|and life without an atmosphere of either hope or fear.|-
./fake/en/MegaTTS3/wives_and_daughters_60_f000344.wav|en_UK/by_book/female/elizabeth_klett/wives_and_daughters/wavs/wives_and_daughters_60_f000344.wav|en|True|4.320|unknown|MegaTTS3|MegaTTS3|Perfect art always obscures the difficulties it overcomes;|-
./fake/en/MegaTTS3/jane_eyre_29_f000236.wav|en_UK/by_book/female/elizabeth_klett/jane_eyre/wavs/jane_eyre_29_f000236.wav|en|True|8.720|unknown|MegaTTS3|MegaTTS3|But when St. John had mused a few moments he recommenced as imperturbably and with as much acumen as ever.|-
./fake/en/MegaTTS3/silent_bullet_08_f000247.wav|en_US/by_book/male/elliot_miller/silent_bullet/wavs/silent_bullet_08_f000247.wav|en|True|14.240|unknown|MegaTTS3|MegaTTS3|Professor Kennedy, may I ask a question? Admitting that the first mouse died in an apparently similar manner to the second, what proof have you that the poison is the same in both cases?|-
./fake/en/MegaTTS3/pink_fairy_book_38_f000105.wav|en_US/by_book/male/elliot_miller/pink_fairy_book/wavs/pink_fairy_book_38_f000105.wav|en|True|6.960|unknown|MegaTTS3|MegaTTS3|Pii, pii, he would have burned me if he could; Pii, pii, but I burned him, and he crackled finely.|-
./fake/en/MegaTTS3/silent_bullet_06_f000134.wav|en_US/by_book/male/elliot_miller/silent_bullet/wavs/silent_bullet_06_f000134.wav|en|True|13.280|unknown|MegaTTS3|MegaTTS3|I had not heard the first part of the conversation, and was considerably surprised when Kennedy hung up the receiver and said: Vandam had the prescription filled again early this morning,|-
./fake/en/MegaTTS3/hunters_space_10_f000056.wav|en_US/by_book/male/elliot_miller/hunters_space/wavs/hunters_space_10_f000056.wav|en|True|16.880|unknown|MegaTTS3|MegaTTS3|Moreover, he had been told that the planets were over-crowded when Grim Hagen arrived. They did not seem so now. How many graves throughout those nine planets were dedicated to the conquerors?|-
./fake/en/MegaTTS3/wives_and_daughters_41_f000192.wav|en_UK/by_book/female/elizabeth_klett/wives_and_daughters/wavs/wives_and_daughters_41_f000192.wav|en|True|10.880|unknown|MegaTTS3|MegaTTS3|and her bedroom is furnished just like Cynthia's, and I let her wear my red shawl whenever she likes - she might have it oftener if she would.|-
./fake/en/MegaTTS3/poisoned_pen_08_f000107.wav|en_US/by_book/male/elliot_miller/poisoned_pen/wavs/poisoned_pen_08_f000107.wav|en|True|11.520|unknown|MegaTTS3|MegaTTS3|You see, he resumed as we finished reading, it is now the twenty-third, so that there is a difference of three days. He was here on the twentieth.|-
./fake/en/MegaTTS3/wives_and_daughters_39_f000060.wav|en_UK/by_book/female/elizabeth_klett/wives_and_daughters/wavs/wives_and_daughters_39_f000060.wav|en|True|11.760|unknown|MegaTTS3|MegaTTS3|As if he would! said Molly, warm in her turn. You know he never would; and you shouldn't suppose it of him, Cynthia - no, not even for a moment!|-
./fake/en/MegaTTS3/midnight_passenger_11_f000183.wav|en_US/by_book/female/mary_ann/midnight_passenger/wavs/midnight_passenger_11_f000183.wav|en|True|11.200|unknown|MegaTTS3|MegaTTS3|And, the prison door yawns for you! You opened Clayton's desk, stole his telegraph-book and papers, and have secreted them.|-
./fake/en/MegaTTS3/jane_eyre_07_f000035.wav|en_UK/by_book/female/elizabeth_klett/jane_eyre/wavs/jane_eyre_07_f000035.wav|en|True|9.120|unknown|MegaTTS3|MegaTTS3|I generally contrived to reserve a moiety of this bounteous repast for myself; but the remainder I was invariably obliged to part with.|-
./fake/en/MegaTTS3/piratesofersatz_04_leinster_64kb_f000260.wav|en_US/by_book/male/elliot_miller/pirates_of_ersatz/wavs/piratesofersatz_04_leinster_64kb_f000260.wav|en|True|9.360|unknown|MegaTTS3|MegaTTS3|He turned to the man who rode too close to his left. Before he had fully instructed that man, another clamored for a weapon on his right.|-
./fake/en/MegaTTS3/wives_and_daughters_06_f000270.wav|en_UK/by_book/female/elizabeth_klett/wives_and_daughters/wavs/wives_and_daughters_06_f000270.wav|en|True|10.720|unknown|MegaTTS3|MegaTTS3|that I, a Hamley of Hamley, straight in descent from nobody knows where - the Heptarchy, they say - What's the date of the Heptarchy?|-
./fake/en/MegaTTS3/rinkitink_baum_03_64kb_f000068.wav|en_US/by_book/female/judy_bieber/rinkitink_in_oz/wavs/rinkitink_baum_03_64kb_f000068.wav|en|True|9.440|unknown|MegaTTS3|MegaTTS3|The pearl fishers who lived at the lower end of the island tried to escape in their boats, but they were soon overtaken and made prisoners, like the others.|-
./fake/en/MegaTTS3/jane_eyre_12_f000018.wav|en_UK/by_book/female/elizabeth_klett/jane_eyre/wavs/jane_eyre_12_f000018.wav|en|True|6.960|unknown|MegaTTS3|MegaTTS3|Anybody may blame me who likes, when I add further, that, now and then, when I took a walk by myself in the grounds;|-
./fake/en/MegaTTS3/piratesofersatz_06_leinster_64kb_f000001.wav|en_US/by_book/male/elliot_miller/pirates_of_ersatz/wavs/piratesofersatz_06_leinster_64kb_f000001.wav|en|True|4.000|unknown|MegaTTS3|MegaTTS3|Chapter six of the pirates of ersatz.|-
./fake/en/MegaTTS3/the_sea_fairies_04_f000008.wav|en_US/by_book/female/judy_bieber/the_sea_fairies/wavs/the_sea_fairies_04_f000008.wav|en|True|3.120|unknown|MegaTTS3|MegaTTS3|No more do I, Trot, said he.|-
./fake/en/MegaTTS3/midnight_passenger_05_f000210.wav|en_US/by_book/female/mary_ann/midnight_passenger/wavs/midnight_passenger_05_f000210.wav|en|True|12.400|unknown|MegaTTS3|MegaTTS3|To avoid Robert Wade's spies, to preserve Irma's incognito, they had exhausted the lions of every Long Island, Staten Island, and New Jersey village.|-
./fake/en/MegaTTS3/rinkitink_baum_06_64kb_f000120.wav|en_US/by_book/female/judy_bieber/rinkitink_in_oz/wavs/rinkitink_baum_06_64kb_f000120.wav|en|True|5.280|unknown|MegaTTS3|MegaTTS3|I do not recall it just now, said Rinkitink, with a wink at Inga.|-
./fake/en/MegaTTS3/jane_eyre_01_f000048.wav|en_UK/by_book/female/elizabeth_klett/jane_eyre/wavs/jane_eyre_01_f000048.wav|en|True|12.560|unknown|MegaTTS3|MegaTTS3|Where the dickens is she! he continued. Lizzy! Georgy! calling to his sisters Joan is not here: tell mama she is run out into the rain - bad animal!|-
./fake/en/MegaTTS3/wives_and_daughters_44_f000058.wav|en_UK/by_book/female/elizabeth_klett/wives_and_daughters/wavs/wives_and_daughters_44_f000058.wav|en|True|8.560|unknown|MegaTTS3|MegaTTS3|Loaded with many such messages, which she felt that she should never deliver, not really knowing what she should say,|-
./fake/en/MegaTTS3/piratesofersatz_08_leinster_64kb_f000146.wav|en_US/by_book/male/elliot_miller/pirates_of_ersatz/wavs/piratesofersatz_08_leinster_64kb_f000146.wav|en|True|2.240|unknown|MegaTTS3|MegaTTS3|Thal tapped on the door again.|-
./fake/en/MegaTTS3/wives_and_daughters_26_f000334.wav|en_UK/by_book/female/elizabeth_klett/wives_and_daughters/wavs/wives_and_daughters_26_f000334.wav|en|True|7.760|unknown|MegaTTS3|MegaTTS3|He was constantly getting hold of the wrong hands, and as constantly stopping when he had returned to his place,|-
./fake/en/MegaTTS3/wives_and_daughters_32_f000019.wav|en_UK/by_book/female/elizabeth_klett/wives_and_daughters/wavs/wives_and_daughters_32_f000019.wav|en|True|7.600|unknown|MegaTTS3|MegaTTS3|Was the wedlock lawful? Osborne never seemed to doubt that it was - never seemed, in fact, to think twice about it.|-
./fake/en/MegaTTS3/northandsouth_19_f000161.wav|en_US/by_book/female/mary_ann/northandsouth/wavs/northandsouth_19_f000161.wav|en|True|7.600|unknown|MegaTTS3|MegaTTS3|But its clemming to us. An I tell thee plain-if hoo dies as Im feard hoo will afore weve getten the five per cent,|-
./fake/en/MegaTTS3/silent_bullet_10_f000134.wav|en_US/by_book/male/elliot_miller/silent_bullet/wavs/silent_bullet_10_f000134.wav|en|True|3.040|unknown|MegaTTS3|MegaTTS3|In a few minutes it was again wheeled out.|-
./fake/en/MegaTTS3/poisoned_pen_10_f000070.wav|en_US/by_book/male/elliot_miller/poisoned_pen/wavs/poisoned_pen_10_f000070.wav|en|True|4.960|unknown|MegaTTS3|MegaTTS3|It looked as if he wore a series of four metal rings on his fingers.|-
./fake/en/MegaTTS3/wives_and_daughters_37_f000239.wav|en_UK/by_book/female/elizabeth_klett/wives_and_daughters/wavs/wives_and_daughters_37_f000239.wav|en|True|8.240|unknown|MegaTTS3|MegaTTS3|So that poor Molly had not passed a cheerful winter, independently of any private sorrows that she might have in her own heart.|-
./fake/en/MegaTTS3/northandsouth_13_f000047.wav|en_US/by_book/female/mary_ann/northandsouth/wavs/northandsouth_13_f000047.wav|en|True|5.040|unknown|MegaTTS3|MegaTTS3|No, said Margaret; nothing but here and there a lark high in the air.|-
./fake/en/MegaTTS3/northandsouth_43_f000033.wav|en_US/by_book/female/mary_ann/northandsouth/wavs/northandsouth_43_f000033.wav|en|True|7.600|unknown|MegaTTS3|MegaTTS3|I shall consult some lady of my acquaintance, and see how much you will have from your father before fixing this.|-
./fake/en/MegaTTS3/wives_and_daughters_12_f000096.wav|en_UK/by_book/female/elizabeth_klett/wives_and_daughters/wavs/wives_and_daughters_12_f000096.wav|en|True|5.120|unknown|MegaTTS3|MegaTTS3|Well, have it your own way. Seventeen, if you like to call her so!|-
./fake/en/MegaTTS3/jane_eyre_16_f000035.wav|en_UK/by_book/female/elizabeth_klett/jane_eyre/wavs/jane_eyre_16_f000035.wav|en|True|11.680|unknown|MegaTTS3|MegaTTS3|She paused, and then added, with a sort of assumed indifference, but still in a marked and significant tone - But you are young, Miss; and I should say a light sleeper:|-
./fake/en/MegaTTS3/the_master_key_01_f000046.wav|en_US/by_book/female/judy_bieber/the_master_key/wavs/the_master_key_01_f000046.wav|en|True|6.400|unknown|MegaTTS3|MegaTTS3|Yet visitors were forbidden in so crowded a room, and even his father declined to go farther than the doorway.|-
./fake/en/MegaTTS3/wives_and_daughters_40_f000141.wav|en_UK/by_book/female/elizabeth_klett/wives_and_daughters/wavs/wives_and_daughters_40_f000141.wav|en|True|5.440|unknown|MegaTTS3|MegaTTS3|and her eyes are none of the best when she is standing steady on the ground.|-
./fake/en/MegaTTS3/midnight_passenger_10_f000221.wav|en_US/by_book/female/mary_ann/midnight_passenger/wavs/midnight_passenger_10_f000221.wav|en|True|6.960|unknown|MegaTTS3|MegaTTS3|I think you are borrowing trouble. As for young Witherspoon, let him be a little huffy.|-
./fake/en/MegaTTS3/pink_fairy_book_39_f000034.wav|en_US/by_book/male/elliot_miller/pink_fairy_book/wavs/pink_fairy_book_39_f000034.wav|en|True|5.040|unknown|MegaTTS3|MegaTTS3|or remembered the scolding he would get from his wife for returning home so late.|-
./fake/en/MegaTTS3/ozma_of_oz_06_f000134.wav|en_US/by_book/female/judy_bieber/ozma_of_oz/wavs/ozma_of_oz_06_f000134.wav|en|True|9.840|unknown|MegaTTS3|MegaTTS3|and a yellow hen that was sitting contentedly in Langwidere's best work-basket, where there was a china egg used for darning stockings.|-
./fake/en/MegaTTS3/wives_and_daughters_36_f000084.wav|en_UK/by_book/female/elizabeth_klett/wives_and_daughters/wavs/wives_and_daughters_36_f000084.wav|en|True|7.120|unknown|MegaTTS3|MegaTTS3|and she looked so lovely, walking about with him, and listening to all his talk about the garden and farm.|-
./fake/en/MegaTTS3/wives_and_daughters_35_f000189.wav|en_UK/by_book/female/elizabeth_klett/wives_and_daughters/wavs/wives_and_daughters_35_f000189.wav|en|True|5.840|unknown|MegaTTS3|MegaTTS3|As it was, he said, coldly, - Telling Roger's father is not making it public.|-
./fake/en/MegaTTS3/wives_and_daughters_25_f000028.wav|en_UK/by_book/female/elizabeth_klett/wives_and_daughters/wavs/wives_and_daughters_25_f000028.wav|en|True|9.520|unknown|MegaTTS3|MegaTTS3|But as soon as Cynthia heard the question discussed - or rather, as soon as she heard it discussed in Mister Gibson's absence,|-
./fake/en/MegaTTS3/jane_eyre_27_f000003.wav|en_UK/by_book/female/elizabeth_klett/jane_eyre/wavs/jane_eyre_27_f000003.wav|en|True|5.680|unknown|MegaTTS3|MegaTTS3|Jane eyre by Charlotte Bronte. Chapter twenty-seven.|-
./fake/en/MegaTTS3/northandsouth_41_f000190.wav|en_US/by_book/female/mary_ann/northandsouth/wavs/northandsouth_41_f000190.wav|en|True|10.880|unknown|MegaTTS3|MegaTTS3|He threw himself back in his seat, to try, with closed eyes, to understand how one in life yesterday could be dead to-day;|-
./fake/en/MegaTTS3/jane_eyre_14_f000148.wav|en_UK/by_book/female/elizabeth_klett/jane_eyre/wavs/jane_eyre_14_f000148.wav|en|True|5.280|unknown|MegaTTS3|MegaTTS3|which might well call my sneers and censures from my neighbours to myself.|-
./fake/en/MegaTTS3/poisoned_pen_01_f000050.wav|en_US/by_book/male/elliot_miller/poisoned_pen/wavs/poisoned_pen_01_f000050.wav|en|True|6.400|unknown|MegaTTS3|MegaTTS3|We have lots of these, and no handwriting expert could successfully deny the identity of the writing.|-
./fake/en/MegaTTS3/the_master_key_08_f000002.wav|en_US/by_book/female/judy_bieber/the_master_key/wavs/the_master_key_08_f000002.wav|en|True|2.400|unknown|MegaTTS3|MegaTTS3|Rob Acquires New Powers.|-
./fake/en/MegaTTS3/skyisland_03_baum_64kb_f000080.wav|en_US/by_book/female/judy_bieber/sky_island/wavs/skyisland_03_baum_64kb_f000080.wav|en|True|8.240|unknown|MegaTTS3|MegaTTS3|At once the umbrella rose into the air, lifting after it first the seat in which the children sat, and then captain Bill's seat.|-
./fake/en/MegaTTS3/wives_and_daughters_10_f000060.wav|en_UK/by_book/female/elizabeth_klett/wives_and_daughters/wavs/wives_and_daughters_10_f000060.wav|en|True|13.520|unknown|MegaTTS3|MegaTTS3|You'll tell her, won't you? said she, looking up in his face with beseeching eyes. I always like other people to tell her things, and then I can see how she takes them.|-
./fake/en/MegaTTS3/wives_and_daughters_45_f000165.wav|en_UK/by_book/female/elizabeth_klett/wives_and_daughters/wavs/wives_and_daughters_45_f000165.wav|en|True|4.880|unknown|MegaTTS3|MegaTTS3|Why did you not come and see papa? said Molly; or write to him?|-
./fake/en/MegaTTS3/poisoned_pen_08_f000309.wav|en_US/by_book/male/elliot_miller/poisoned_pen/wavs/poisoned_pen_08_f000309.wav|en|True|4.400|unknown|MegaTTS3|MegaTTS3|interrupted Craig. About fifteen minutes.|-
./fake/en/MegaTTS3/northandsouth_40_f000141.wav|en_US/by_book/female/mary_ann/northandsouth/wavs/northandsouth_40_f000141.wav|en|True|9.200|unknown|MegaTTS3|MegaTTS3|but, through that furnace he would fight his way out into the serenity of middle age,-all the richer and more human for having known this great passion.|-
./fake/en/MegaTTS3/wives_and_daughters_51_f000080.wav|en_UK/by_book/female/elizabeth_klett/wives_and_daughters/wavs/wives_and_daughters_51_f000080.wav|en|True|6.960|unknown|MegaTTS3|MegaTTS3|Oh, my darling! she murmured. I do so love you, dear, dear Cynthia!|-
./fake/en/MegaTTS3/dorothy_and_wizard_oz_02_f000001.wav|en_US/by_book/female/judy_bieber/dorothy_and_wizard_oz/wavs/dorothy_and_wizard_oz_02_f000001.wav|en|True|11.520|unknown|MegaTTS3|MegaTTS3|This is there librivox recording. All librivox recordings are in the public domain. For more information or to volunteer please visit librivox dot org.|-
./fake/en/MegaTTS3/pink_fairy_book_40_f000060.wav|en_US/by_book/male/elliot_miller/pink_fairy_book/wavs/pink_fairy_book_40_f000060.wav|en|True|12.560|unknown|MegaTTS3|MegaTTS3|The princess saw what was passing in his mind, and how she could make use of it to satisfy her curiosity as to the golden stairs; so she praised him and flattered him,|-
./fake/en/MegaTTS3/dorothy_and_wizard_oz_02_f000017.wav|en_US/by_book/female/judy_bieber/dorothy_and_wizard_oz/wavs/dorothy_and_wizard_oz_02_f000017.wav|en|True|4.880|unknown|MegaTTS3|MegaTTS3|The central and largest one was white, and reminded her of the sun.|-
./fake/en/MegaTTS3/wives_and_daughters_52_f000155.wav|en_UK/by_book/female/elizabeth_klett/wives_and_daughters/wavs/wives_and_daughters_52_f000155.wav|en|True|11.120|unknown|MegaTTS3|MegaTTS3|I'm thankful that you've no lover at all, Molly, unless that abortive attempt of Mister Coxe's at an offer, long ago, can be called a lover.|-
./fake/en/MegaTTS3/jane_eyre_37_f000171.wav|en_UK/by_book/female/elizabeth_klett/jane_eyre/wavs/jane_eyre_37_f000171.wav|en|True|4.080|unknown|MegaTTS3|MegaTTS3|it was too late to enter into particulars that night.|-
./fake/en/MegaTTS3/midnight_passenger_13_f000239.wav|en_US/by_book/female/mary_ann/midnight_passenger/wavs/midnight_passenger_13_f000239.wav|en|True|6.080|unknown|MegaTTS3|MegaTTS3|And if I don't talk? growled Emil, beginning to sicken over the gloomy future.|-
./fake/en/MegaTTS3/pink_fairy_book_38_f000055.wav|en_US/by_book/male/elliot_miller/pink_fairy_book/wavs/pink_fairy_book_38_f000055.wav|en|True|3.760|unknown|MegaTTS3|MegaTTS3|So the woman took the liver and ate it all herself.|-
./fake/en/MegaTTS3/northandsouth_47_f000064.wav|en_US/by_book/female/mary_ann/northandsouth/wavs/northandsouth_47_f000064.wav|en|True|6.880|unknown|MegaTTS3|MegaTTS3|She knew that Miss Hale was apt to call all people that she liked old, as a sort of term of endearment;|-
./fake/en/MegaTTS3/wives_and_daughters_47_f000082.wav|en_UK/by_book/female/elizabeth_klett/wives_and_daughters/wavs/wives_and_daughters_47_f000082.wav|en|True|9.040|unknown|MegaTTS3|MegaTTS3|who has trusted me with Annabella - not to let her daughter be seen with a lass who has managed her matters so badly as to set folk talking about her.|-
./fake/en/MegaTTS3/poisoned_pen_06_f000243.wav|en_US/by_book/male/elliot_miller/poisoned_pen/wavs/poisoned_pen_06_f000243.wav|en|True|7.520|unknown|MegaTTS3|MegaTTS3|It is just as if you take a bottle of charged water and pull the cork suddenly. The gas rises in big bubbles.|-
./fake/en/MegaTTS3/the_master_key_17_f000031.wav|en_US/by_book/female/judy_bieber/the_master_key/wavs/the_master_key_17_f000031.wav|en|True|9.440|unknown|MegaTTS3|MegaTTS3|I see you have found friends, he said to them, so I will leave you and continue my journey, as I'm in something of a hurry.|-
./fake/en/MegaTTS3/northandsouth_18_f000132.wav|en_US/by_book/female/mary_ann/northandsouth/wavs/northandsouth_18_f000132.wav|en|True|10.880|unknown|MegaTTS3|MegaTTS3|So am I,-not because of the expense, but because I shall have much to think about, and many unexpected calls on my time.|-
./fake/en/MegaTTS3/pink_fairy_book_19_f000064.wav|en_US/by_book/male/elliot_miller/pink_fairy_book/wavs/pink_fairy_book_19_f000064.wav|en|True|5.040|unknown|MegaTTS3|MegaTTS3|Oh, lying shoemaker! Oh, abominable knave!|-
./fake/en/MegaTTS3/jane_eyre_16_f000014.wav|en_UK/by_book/female/elizabeth_klett/jane_eyre/wavs/jane_eyre_16_f000014.wav|en|True|16.080|unknown|MegaTTS3|MegaTTS3|and when I passed the room, in going downstairs to dinner, I saw through the open door that all was again restored to complete order; only the bed was stripped of its hangings.|-
./fake/en/MegaTTS3/hunters_space_16_f000078.wav|en_US/by_book/male/elliot_miller/hunters_space/wavs/hunters_space_16_f000078.wav|en|True|11.840|unknown|MegaTTS3|MegaTTS3|Odin was almost too weak to lift his sword. From the stairway below came a scrabbling sound, as men pulled the corpses away from the stairs.|-
./fake/en/MegaTTS3/jane_eyre_31_f000019.wav|en_UK/by_book/female/elizabeth_klett/jane_eyre/wavs/jane_eyre_31_f000019.wav|en|True|11.040|unknown|MegaTTS3|MegaTTS3|Was I very gleeful, settled, content, during the hours I passed in yonder bare, humble schoolroom this morning and afternoon?|-
./fake/en/MegaTTS3/wives_and_daughters_29_f000070.wav|en_UK/by_book/female/elizabeth_klett/wives_and_daughters/wavs/wives_and_daughters_29_f000070.wav|en|True|9.520|unknown|MegaTTS3|MegaTTS3|but he was languid and unwell, and, though he did not complain, he felt unequal to any exertion.|-
./fake/en/MegaTTS3/dorothy_and_wizard_oz_14_f000110.wav|en_US/by_book/female/judy_bieber/dorothy_and_wizard_oz/wavs/dorothy_and_wizard_oz_14_f000110.wav|en|True|1.120|unknown|MegaTTS3|MegaTTS3|A what?|-
./fake/en/MegaTTS3/northandsouth_34_f000039.wav|en_US/by_book/female/mary_ann/northandsouth/wavs/northandsouth_34_f000039.wav|en|True|14.240|unknown|MegaTTS3|MegaTTS3|Margaret did not speak again till her hand was on the lock of the study door. Here she turned round and said, Take care papa does not come down. mister Thornton is with him now.|-
./fake/en/MegaTTS3/wives_and_daughters_06_f000171.wav|en_UK/by_book/female/elizabeth_klett/wives_and_daughters/wavs/wives_and_daughters_06_f000171.wav|en|True|13.440|unknown|MegaTTS3|MegaTTS3|She could not help dwelling on the danger which she fancied she had escaped, and was astonished at her own stupidity at never having imagined such a possibility as her father's second marriage.|-
./fake/en/MegaTTS3/dorothy_and_wizard_oz_02_f000086.wav|en_US/by_book/female/judy_bieber/dorothy_and_wizard_oz/wavs/dorothy_and_wizard_oz_02_f000086.wav|en|True|8.000|unknown|MegaTTS3|MegaTTS3|Look out! cried Dorothy, who noticed that the beautiful man did not look where he was going; be careful, or you'll fall off!|-
./fake/en/MegaTTS3/emerald_city_of_oz_06_f000006.wav|en_US/by_book/female/judy_bieber/emerald_city_of_oz/wavs/emerald_city_of_oz_06_f000006.wav|en|True|12.240|unknown|MegaTTS3|MegaTTS3|Yet Guph determined to be careful, and to lay his plans well, so as not to fail. He argued that only careless people fail in what they attempt to do.|-
./fake/en/MegaTTS3/hunters_space_01_f000025.wav|en_US/by_book/male/elliot_miller/hunters_space/wavs/hunters_space_01_f000025.wav|en|True|6.880|unknown|MegaTTS3|MegaTTS3|Look at the ball, the voices whispered. We will give you an idea of the time-space in which we live.|-
./fake/en/MegaTTS3/pink_fairy_book_31_f000104.wav|en_US/by_book/male/elliot_miller/pink_fairy_book/wavs/pink_fairy_book_31_f000104.wav|en|True|12.320|unknown|MegaTTS3|MegaTTS3|The troll could, in fact, make it visible or invisible, just as he pleased, and, knowing as much as he did of the trolls magic arts, the youth was not at all surprised at this.|-
./fake/en/MegaTTS3/piratesofersatz_01_leinster_64kb_f000210.wav|en_US/by_book/male/elliot_miller/pirates_of_ersatz/wavs/piratesofersatz_01_leinster_64kb_f000210.wav|en|True|9.280|unknown|MegaTTS3|MegaTTS3|He put on more speed, but the other truck overtook him. It ranged alongside, its occupants waving stern commands to halt.|-
./fake/en/MegaTTS3/northandsouth_51_f000001.wav|en_US/by_book/female/mary_ann/northandsouth/wavs/northandsouth_51_f000001.wav|en|True|3.360|unknown|MegaTTS3|MegaTTS3|CHAPTER LI-MEETING AGAIN|-
./fake/en/MegaTTS3/the_sea_fairies_08_f000038.wav|en_US/by_book/female/judy_bieber/the_sea_fairies/wavs/the_sea_fairies_08_f000038.wav|en|True|3.360|unknown|MegaTTS3|MegaTTS3|If it did, it might crush us, but it don't.|-
./fake/en/MegaTTS3/pink_fairy_book_17_f000029.wav|en_US/by_book/male/elliot_miller/pink_fairy_book/wavs/pink_fairy_book_17_f000029.wav|en|True|9.520|unknown|MegaTTS3|MegaTTS3|She was their doll, and they were continually inventing new dresses for her, and teaching her songs or playing with her. Nobody knew how clever she was!|-
./fake/en/MegaTTS3/poisoned_pen_03_f000107.wav|en_US/by_book/male/elliot_miller/poisoned_pen/wavs/poisoned_pen_03_f000107.wav|en|True|9.600|unknown|MegaTTS3|MegaTTS3|The tubes will be ready early in the morning, and I have arranged with the doctor for you to call and get them if you have no objection.|-
./fake/en/MegaTTS3/wives_and_daughters_58_f000038.wav|en_UK/by_book/female/elizabeth_klett/wives_and_daughters/wavs/wives_and_daughters_58_f000038.wav|en|True|4.320|unknown|MegaTTS3|MegaTTS3|I can only stand it when I am in the strongest health.|-
./fake/en/MegaTTS3/wives_and_daughters_10_f000059.wav|en_UK/by_book/female/elizabeth_klett/wives_and_daughters/wavs/wives_and_daughters_10_f000059.wav|en|True|3.280|unknown|MegaTTS3|MegaTTS3|than of what his future bride was saying.|-
./fake/en/MegaTTS3/ozma_of_oz_13_f000061.wav|en_US/by_book/female/judy_bieber/ozma_of_oz/wavs/ozma_of_oz_13_f000061.wav|en|True|9.280|unknown|MegaTTS3|MegaTTS3|Just then Dorothy ran into their room, in a state of great anxiety, crying: Where's Billina? Have you seen Billina? Is she here?|-
./fake/en/MegaTTS3/rinkitink_baum_18_64kb_f000156.wav|en_US/by_book/female/judy_bieber/rinkitink_in_oz/wavs/rinkitink_baum_18_64kb_f000156.wav|en|True|7.840|unknown|MegaTTS3|MegaTTS3|Therefore the Prince resolved to employ other means to combat this foe, who had doubtless been placed there to bar his return.|-
./fake/en/MegaTTS3/jane_eyre_13_f000154.wav|en_UK/by_book/female/elizabeth_klett/jane_eyre/wavs/jane_eyre_13_f000154.wav|en|True|4.960|unknown|MegaTTS3|MegaTTS3|Then I will say nothing, and you shall judge for yourself, sir.|-
./fake/en/MegaTTS3/midnight_passenger_13_f000147.wav|en_US/by_book/female/mary_ann/midnight_passenger/wavs/midnight_passenger_13_f000147.wav|en|True|11.280|unknown|MegaTTS3|MegaTTS3|In the whispered conference in the corner, he had skilfully played upon that inexhaustible mother's love which is the one undiminished treasure of a worn-out world.|-
./fake/en/MegaTTS3/the_sea_fairies_18_f000062.wav|en_US/by_book/female/judy_bieber/the_sea_fairies/wavs/the_sea_fairies_18_f000062.wav|en|True|4.320|unknown|MegaTTS3|MegaTTS3|The mermaid queen had determined to attack this monster.|-
./fake/en/MegaTTS3/jane_eyre_38_f000068.wav|en_UK/by_book/female/elizabeth_klett/jane_eyre/wavs/jane_eyre_38_f000068.wav|en|True|8.400|unknown|MegaTTS3|MegaTTS3|but he can find his way without being led by the hand: the sky is no longer a blank to him - the earth no longer a void.|-
./fake/en/MegaTTS3/emerald_city_of_oz_07_f000075.wav|en_US/by_book/female/judy_bieber/emerald_city_of_oz/wavs/emerald_city_of_oz_07_f000075.wav|en|True|13.280|unknown|MegaTTS3|MegaTTS3|but Uncle Henry and Aunt Em had not seen the palace grounds and gardens yet and were eager to get better acquainted with the marvelous and delightful land in which they were to live.|-
./fake/en/MegaTTS3/northandsouth_42_f000047.wav|en_US/by_book/female/mary_ann/northandsouth/wavs/northandsouth_42_f000047.wav|en|True|7.520|unknown|MegaTTS3|MegaTTS3|But doesnt it fall out well, that if my uncle was to die, it should be just now, when we are come home,|-
./fake/en/MegaTTS3/northandsouth_28_f000241.wav|en_US/by_book/female/mary_ann/northandsouth/wavs/northandsouth_28_f000241.wav|en|True|10.880|unknown|MegaTTS3|MegaTTS3|This indignation was tempered, in some degree, by contempt for them Irishers, and by pleasure at the idea of the bungling way in which they would set to work,|-
./fake/en/MegaTTS3/hunters_space_05_f000027.wav|en_US/by_book/male/elliot_miller/hunters_space/wavs/hunters_space_05_f000027.wav|en|True|9.920|unknown|MegaTTS3|MegaTTS3|He looked older, but his eyes were piercing now, while his father's were somber. Strife and hard work had sweated all the fat from his bones.|-
./fake/en/MegaTTS3/midnight_passenger_05_f000143.wav|en_US/by_book/female/mary_ann/midnight_passenger/wavs/midnight_passenger_05_f000143.wav|en|True|5.360|unknown|MegaTTS3|MegaTTS3|A sphinx-like Oberkellner received the orders of the proprietor each evening;|-
./fake/en/MegaTTS3/jane_eyre_35_f000175.wav|en_UK/by_book/female/elizabeth_klett/jane_eyre/wavs/jane_eyre_35_f000175.wav|en|True|8.400|unknown|MegaTTS3|MegaTTS3|He felt the greatness and goodness of his purpose so sincerely: others who heard him plead for it, could not but feel it too.|-
./fake/en/MegaTTS3/pink_fairy_book_24_f000019.wav|en_US/by_book/male/elliot_miller/pink_fairy_book/wavs/pink_fairy_book_24_f000019.wav|en|True|7.360|unknown|MegaTTS3|MegaTTS3|Another year passed by, and one morning when the maiden was out with her pigs she heard a groan which sounded quite human.|-
./fake/en/MegaTTS3/the_sea_fairies_06_f000115.wav|en_US/by_book/female/judy_bieber/the_sea_fairies/wavs/the_sea_fairies_06_f000115.wav|en|True|1.600|unknown|MegaTTS3|MegaTTS3|Don't you like him?|-
./fake/en/MegaTTS3/the_sea_fairies_12_f000026.wav|en_US/by_book/female/judy_bieber/the_sea_fairies/wavs/the_sea_fairies_12_f000026.wav|en|True|10.720|unknown|MegaTTS3|MegaTTS3|Trot began to be impressed with the fact that she was a good way from her home and mother, and she wondered if she would ever get back again to the white cottage on the cliff.|-
./fake/en/MegaTTS3/silent_bullet_07_f000202.wav|en_US/by_book/male/elliot_miller/silent_bullet/wavs/silent_bullet_07_f000202.wav|en|True|4.000|unknown|MegaTTS3|MegaTTS3|Whats that stuff you were putting on the wire? I asked.|-
./fake/en/MegaTTS3/northandsouth_15_f000063.wav|en_US/by_book/female/mary_ann/northandsouth/wavs/northandsouth_15_f000063.wav|en|True|7.120|unknown|MegaTTS3|MegaTTS3|At last  Missis Thornton came in, rustling in handsome black silk, as was her wont;|-
./fake/en/MegaTTS3/skyisland_04_baum_64kb_f000004.wav|en_US/by_book/female/judy_bieber/sky_island/wavs/skyisland_04_baum_64kb_f000004.wav|en|True|9.600|unknown|MegaTTS3|MegaTTS3|Larger and larger grew the island, and although they were headed directly toward it, the umbrella seemed to rise higher and higher into the air the farther it traveled.|-
./fake/en/MegaTTS3/midnight_passenger_04_f000122.wav|en_US/by_book/female/mary_ann/midnight_passenger/wavs/midnight_passenger_04_f000122.wav|en|True|7.440|unknown|MegaTTS3|MegaTTS3|For, with that unconscious desire to please of the lover, Clayton's attire bespoke an unaccustomed elegance.|-
./fake/en/MegaTTS3/emerald_city_of_oz_19_f000012.wav|en_US/by_book/female/judy_bieber/emerald_city_of_oz/wavs/emerald_city_of_oz_19_f000012.wav|en|True|6.160|unknown|MegaTTS3|MegaTTS3|Still, it was a guide, and the walking through the forest was not at all difficult.|-
./fake/en/MegaTTS3/the_master_key_14_f000115.wav|en_US/by_book/female/judy_bieber/the_master_key/wavs/the_master_key_14_f000115.wav|en|True|5.440|unknown|MegaTTS3|MegaTTS3|He had conquered his fear of falling, and took time to recover his wits and his strength.|-
./fake/en/MegaTTS3/midnight_passenger_09_f000067.wav|en_US/by_book/female/mary_ann/midnight_passenger/wavs/midnight_passenger_09_f000067.wav|en|True|3.600|unknown|MegaTTS3|MegaTTS3|Clayton has it, the bookkeeper sadly said.|-
./fake/en/MegaTTS3/poisoned_pen_07_f000302.wav|en_US/by_book/male/elliot_miller/poisoned_pen/wavs/poisoned_pen_07_f000302.wav|en|True|13.840|unknown|MegaTTS3|MegaTTS3|It was beyond me. With the Swami's concoction still shooting thoughts like sky rockets through my brain I gave it up and allowed Kennedy to engineer our next excursion into the occult.|-
./fake/en/MegaTTS3/midnight_passenger_04_f000002.wav|en_US/by_book/female/mary_ann/midnight_passenger/wavs/midnight_passenger_04_f000002.wav|en|True|9.520|unknown|MegaTTS3|MegaTTS3|When the Fuerst Bismarck moved grandly away from her wharf and glided down the stream, Jack Witherspoon paced the deck with clouded brows.|-
./fake/en/MegaTTS3/dorothy_and_wizard_oz_03_f000006.wav|en_US/by_book/female/judy_bieber/dorothy_and_wizard_oz/wavs/dorothy_and_wizard_oz_03_f000006.wav|en|True|13.280|unknown|MegaTTS3|MegaTTS3|Instantly a cloud of smoke appeared and rolled over the floor; then it slowly spread and ascended into the dome, disclosing a strange personage seated upon a glass throne just before Jim's nose.|-
./fake/en/MegaTTS3/the_master_key_20_f000030.wav|en_US/by_book/female/judy_bieber/the_master_key/wavs/the_master_key_20_f000030.wav|en|True|7.920|unknown|MegaTTS3|MegaTTS3|In truth, so great are its powers that even the dead may be restored to life, provided the blood has not yet chilled.|-
./fake/en/MegaTTS3/wives_and_daughters_12_f000112.wav|en_UK/by_book/female/elizabeth_klett/wives_and_daughters/wavs/wives_and_daughters_12_f000112.wav|en|True|12.080|unknown|MegaTTS3|MegaTTS3|I own he has not been constant, pleaded Miss Phoebe, in her tender, piping voice. All men are not - like you, Mister Gibson - faithful to the memory of their first-love.|-
./fake/en/MegaTTS3/pink_fairy_book_36_f000012.wav|en_US/by_book/male/elliot_miller/pink_fairy_book/wavs/pink_fairy_book_36_f000012.wav|en|True|7.520|unknown|MegaTTS3|MegaTTS3|The queen was greatly surprised that the old woman knew her secret wish so well, and promised to follow her advice.|-
./fake/en/MegaTTS3/pink_fairy_book_13_f000110.wav|en_US/by_book/male/elliot_miller/pink_fairy_book/wavs/pink_fairy_book_13_f000110.wav|en|True|15.920|unknown|MegaTTS3|MegaTTS3|Next night many more mice came, and on Sunday even two rats; but they did not care about the story, and that troubled the little mice, for now they thought less of it too.|-
./fake/en/MegaTTS3/rinkitink_baum_07_64kb_f000117.wav|en_US/by_book/female/judy_bieber/rinkitink_in_oz/wavs/rinkitink_baum_07_64kb_f000117.wav|en|True|8.880|unknown|MegaTTS3|MegaTTS3|but finally every fighting man of Regos had gained the shore of Coregos and then they tore away the bridge of boats and drew them up on their own side,|-
./fake/en/MegaTTS3/ozma_of_oz_18_f000070.wav|en_US/by_book/female/judy_bieber/ozma_of_oz/wavs/ozma_of_oz_18_f000070.wav|en|True|10.880|unknown|MegaTTS3|MegaTTS3|Our friends had no further trouble in reaching the end of the passage, and soon were standing in the outer air upon the gloomy path between the two high mountains.|-
./fake/en/MegaTTS3/northandsouth_50_f000161.wav|en_US/by_book/female/mary_ann/northandsouth/wavs/northandsouth_50_f000161.wav|en|True|8.800|unknown|MegaTTS3|MegaTTS3|No sound. She looked. Her son sate by the table, his arms thrown half across it, his head bent face downwards.|-
./fake/en/MegaTTS3/the_sea_fairies_06_f000110.wav|en_US/by_book/female/judy_bieber/the_sea_fairies/wavs/the_sea_fairies_06_f000110.wav|en|True|5.440|unknown|MegaTTS3|MegaTTS3|King Anko has been stirring around some, but is now taking his after-dinner nap.|-
./fake/en/MegaTTS3/jane_eyre_10_f000113.wav|en_UK/by_book/female/elizabeth_klett/jane_eyre/wavs/jane_eyre_10_f000113.wav|en|True|3.520|unknown|MegaTTS3|MegaTTS3|Is there only one? I demanded.|-
./fake/en/MegaTTS3/poisoned_pen_07_f000357.wav|en_US/by_book/male/elliot_miller/poisoned_pen/wavs/poisoned_pen_07_f000357.wav|en|True|5.840|unknown|MegaTTS3|MegaTTS3|Here on this slide are several hairs that I found tightly grasped in her rigid hands.|-
./fake/en/MegaTTS3/wives_and_daughters_57_f000056.wav|en_UK/by_book/female/elizabeth_klett/wives_and_daughters/wavs/wives_and_daughters_57_f000056.wav|en|True|6.160|unknown|MegaTTS3|MegaTTS3|after she had sealed her note with all the straightness and correctness befitting a countess of her immaculate character.|-
./fake/en/MegaTTS3/jane_eyre_22_f000122.wav|en_UK/by_book/female/elizabeth_klett/jane_eyre/wavs/jane_eyre_22_f000122.wav|en|True|4.560|unknown|MegaTTS3|MegaTTS3|Leah smiled, and even Sophie bid me bon soir with glee.|-
./fake/en/MegaTTS3/wives_and_daughters_55_f000097.wav|en_UK/by_book/female/elizabeth_klett/wives_and_daughters/wavs/wives_and_daughters_55_f000097.wav|en|True|5.680|unknown|MegaTTS3|MegaTTS3|It was after lunch - orthodox calling time, when Maria ushered in Mister Roger Hamley.|-
./fake/en/MegaTTS3/wives_and_daughters_49_f000064.wav|en_UK/by_book/female/elizabeth_klett/wives_and_daughters/wavs/wives_and_daughters_49_f000064.wav|en|True|5.360|unknown|MegaTTS3|MegaTTS3|I'm quite of papa's faction. I like to hear all the local gossip.|-
./fake/en/MegaTTS3/poisoned_pen_11_f000133.wav|en_US/by_book/male/elliot_miller/poisoned_pen/wavs/poisoned_pen_11_f000133.wav|en|True|14.080|unknown|MegaTTS3|MegaTTS3|It needed no great powers of observation to see that the old man placed great reliance on his new doctor and that the visit partook of a social as well as a professional nature.|-
./fake/en/MegaTTS3/wives_and_daughters_60_f000123.wav|en_UK/by_book/female/elizabeth_klett/wives_and_daughters/wavs/wives_and_daughters_60_f000123.wav|en|True|5.600|unknown|MegaTTS3|MegaTTS3|A good day's work! he repeated to himself as he ran downstairs.|-
./fake/en/MegaTTS3/wives_and_daughters_44_f000086.wav|en_UK/by_book/female/elizabeth_klett/wives_and_daughters/wavs/wives_and_daughters_44_f000086.wav|en|True|2.640|unknown|MegaTTS3|MegaTTS3|And that you have no right to keep.|-
./fake/en/MegaTTS3/midnight_passenger_15_f000029.wav|en_US/by_book/female/mary_ann/midnight_passenger/wavs/midnight_passenger_15_f000029.wav|en|True|11.440|unknown|MegaTTS3|MegaTTS3|The complete history of August Meyer in Brooklyn had been traced out, and McNerney triumphantly demonstrated the uselessness of further search in No. one hundred ninety-two Layte Street.|-
./fake/en/MegaTTS3/hunters_space_18_f000035.wav|en_US/by_book/male/elliot_miller/hunters_space/wavs/hunters_space_18_f000035.wav|en|True|11.840|unknown|MegaTTS3|MegaTTS3|Val, Odin and Maya tried to count the survivors. Of the fifty who had lived through the fighting, only eighteen were Brons. The rest were Val's men.|-
./fake/en/MegaTTS3/jane_eyre_05_f000094.wav|en_UK/by_book/female/elizabeth_klett/jane_eyre/wavs/jane_eyre_05_f000094.wav|en|True|12.720|unknown|MegaTTS3|MegaTTS3|I too rose reluctantly; it was bitter cold, and I dressed as well as I could for shivering, and washed when there was a basin at liberty, which did not occur soon,|-
./fake/en/MegaTTS3/wives_and_daughters_37_f000259.wav|en_UK/by_book/female/elizabeth_klett/wives_and_daughters/wavs/wives_and_daughters_37_f000259.wav|en|True|8.560|unknown|MegaTTS3|MegaTTS3|Of fever! - and who took care of him? he would want nursing, - and so far from home. Oh, Cynthia!|-
./fake/en/MegaTTS3/wives_and_daughters_54_f000146.wav|en_UK/by_book/female/elizabeth_klett/wives_and_daughters/wavs/wives_and_daughters_54_f000146.wav|en|True|8.560|unknown|MegaTTS3|MegaTTS3|The illness which he apprehended came upon Molly; not violently or acutely, so that there was any immediate danger to be dreaded;|-
./fake/en/MegaTTS3/jane_eyre_04_f000237.wav|en_UK/by_book/female/elizabeth_klett/jane_eyre/wavs/jane_eyre_04_f000237.wav|en|True|3.600|unknown|MegaTTS3|MegaTTS3|and even twisting her face as if she would cry.|-
./fake/en/MegaTTS3/poisoned_pen_12_f000183.wav|en_US/by_book/male/elliot_miller/poisoned_pen/wavs/poisoned_pen_12_f000183.wav|en|True|14.240|unknown|MegaTTS3|MegaTTS3|for he now had ten or a dozen prints, all of exactly the same size, mounted on stiff cardboard in a space with scales and figures on all four sides. He saw me puzzling over them.|-
./fake/en/MegaTTS3/silent_bullet_03_f000287.wav|en_US/by_book/male/elliot_miller/silent_bullet/wavs/silent_bullet_03_f000287.wav|en|True|11.680|unknown|MegaTTS3|MegaTTS3|I could have let that go, if that was all. There are other fortunes that have been laid at my feet. But I wanted Jack, and I knew Jack wanted me.|-
./fake/en/MegaTTS3/poisoned_pen_05_f000030.wav|en_US/by_book/male/elliot_miller/poisoned_pen/wavs/poisoned_pen_05_f000030.wav|en|True|3.520|unknown|MegaTTS3|MegaTTS3|Hold that note up to the light and see for yourself.|-
./fake/en/MegaTTS3/wives_and_daughters_10_f000289.wav|en_UK/by_book/female/elizabeth_klett/wives_and_daughters/wavs/wives_and_daughters_10_f000289.wav|en|True|8.560|unknown|MegaTTS3|MegaTTS3|You will have thought me hard, he burst out at length, as they were nearing the drawing-room windows and the garden-door.|-
./fake/en/MegaTTS3/northandsouth_38_f000082.wav|en_US/by_book/female/mary_ann/northandsouth/wavs/northandsouth_38_f000082.wav|en|True|14.080|unknown|MegaTTS3|MegaTTS3|Yes, mother. I do believe he is her lover. When he had spoken, he turned round again; he writhed himself about, like one in bodily pain.|-
./fake/en/MegaTTS3/wives_and_daughters_57_f000025.wav|en_UK/by_book/female/elizabeth_klett/wives_and_daughters/wavs/wives_and_daughters_57_f000025.wav|en|True|9.360|unknown|MegaTTS3|MegaTTS3|I understand that Mister - looking about for some help as to the name she had forgotten - Anderson - Henderson is in the law.|-
./fake/en/MegaTTS3/the_sea_fairies_20_f000141.wav|en_US/by_book/female/judy_bieber/the_sea_fairies/wavs/the_sea_fairies_20_f000141.wav|en|True|5.360|unknown|MegaTTS3|MegaTTS3|You're lucky, sir, to have escaped so easy, said Captain Bill.|-
./fake/en/MegaTTS3/jane_eyre_16_f000003.wav|en_UK/by_book/female/elizabeth_klett/jane_eyre/wavs/jane_eyre_16_f000003.wav|en|True|4.800|unknown|MegaTTS3|MegaTTS3|Jane eyre by Charlotte Bronte. Chapter sixteen.|-
./fake/en/MegaTTS3/northandsouth_10_f000103.wav|en_US/by_book/female/mary_ann/northandsouth/wavs/northandsouth_10_f000103.wav|en|True|5.840|unknown|MegaTTS3|MegaTTS3|Seventy years ago what was it? And now what is it not?|-
./fake/en/MegaTTS3/northandsouth_46_f000123.wav|en_US/by_book/female/mary_ann/northandsouth/wavs/northandsouth_46_f000123.wav|en|True|5.600|unknown|MegaTTS3|MegaTTS3|I dont know, said the woman rather shortly. Wese not friends.|-
./fake/en/MegaTTS3/wives_and_daughters_11_f000134.wav|en_UK/by_book/female/elizabeth_klett/wives_and_daughters/wavs/wives_and_daughters_11_f000134.wav|en|True|11.680|unknown|MegaTTS3|MegaTTS3|Oh, was it not sweet of your kind father? I thought of nothing else but Cynthia's going out as a governess when she had completed her education;|-
./fake/en/MegaTTS3/rinkitink_baum_08_64kb_f000024.wav|en_US/by_book/female/judy_bieber/rinkitink_in_oz/wavs/rinkitink_baum_08_64kb_f000024.wav|en|True|7.200|unknown|MegaTTS3|MegaTTS3|You are welcome to it, said he to the chef, because I have eaten so much that I cannot use that lower button at all.|-
./fake/en/MegaTTS3/skyisland_14_baum_64kb_f000066.wav|en_US/by_book/female/judy_bieber/sky_island/wavs/skyisland_14_baum_64kb_f000066.wav|en|True|3.600|unknown|MegaTTS3|MegaTTS3|an' this was the likeliest place we could think of.|-
./fake/en/MegaTTS3/silent_bullet_05_f000027.wav|en_US/by_book/male/elliot_miller/silent_bullet/wavs/silent_bullet_05_f000027.wav|en|True|15.840|unknown|MegaTTS3|MegaTTS3|It is indeed a very tragic case, began Kennedy, almost more tragic than if the victim had been killed outright. misis Huntington Close is - or rather I suppose I should say was - one of the famous beauties of the city.|-
./fake/en/MegaTTS3/the_sea_fairies_02_f000161.wav|en_US/by_book/female/judy_bieber/the_sea_fairies/wavs/the_sea_fairies_02_f000161.wav|en|True|2.640|unknown|MegaTTS3|MegaTTS3|moaned Captain Bill with a shudder.|-
./fake/en/MegaTTS3/pink_fairy_book_18_f000010.wav|en_US/by_book/male/elliot_miller/pink_fairy_book/wavs/pink_fairy_book_18_f000010.wav|en|True|3.520|unknown|MegaTTS3|MegaTTS3|We can get it easier than that! said the troll.|-
./fake/en/MegaTTS3/the_master_key_10_f000135.wav|en_US/by_book/female/judy_bieber/the_master_key/wavs/the_master_key_10_f000135.wav|en|True|3.520|unknown|MegaTTS3|MegaTTS3|Oh, no; they'll come around all right.|-
./fake/en/MegaTTS3/poisoned_pen_05_f000066.wav|en_US/by_book/male/elliot_miller/poisoned_pen/wavs/poisoned_pen_05_f000066.wav|en|True|5.280|unknown|MegaTTS3|MegaTTS3|They gave my man the slip that night in their fast touring-car.|-
./fake/en/MegaTTS3/silent_bullet_11_f000080.wav|en_US/by_book/male/elliot_miller/silent_bullet/wavs/silent_bullet_11_f000080.wav|en|True|8.400|unknown|MegaTTS3|MegaTTS3|I neednt say that that is the experience of the district attorneys office in the large majority of cases of this so-called Black Hand.|-
./fake/en/MegaTTS3/wives_and_daughters_34_f000168.wav|en_UK/by_book/female/elizabeth_klett/wives_and_daughters/wavs/wives_and_daughters_34_f000168.wav|en|True|3.120|unknown|MegaTTS3|MegaTTS3|When will he be there? asked Molly.|-
./fake/en/MegaTTS3/northandsouth_37_f000101.wav|en_US/by_book/female/mary_ann/northandsouth/wavs/northandsouth_37_f000101.wav|en|True|6.880|unknown|MegaTTS3|MegaTTS3|and her readiness, and Margarets sweet forbearance, soon made Dixon ashamed of herself.|-
./fake/en/MegaTTS3/pink_fairy_book_31_f000056.wav|en_US/by_book/male/elliot_miller/pink_fairy_book/wavs/pink_fairy_book_31_f000056.wav|en|True|6.560|unknown|MegaTTS3|MegaTTS3|but before that he must put on the shape of the fish, otherwise he could not pass through the sea alive.|-
./fake/en/MegaTTS3/silent_bullet_13_f000159.wav|en_US/by_book/male/elliot_miller/silent_bullet/wavs/silent_bullet_13_f000159.wav|en|True|5.840|unknown|MegaTTS3|MegaTTS3|DeLong, with a stifled oath, leaned back and scanned the faces about the table.|-
./fake/en/MegaTTS3/skyisland_29_baum_64kb_f000012.wav|en_US/by_book/female/judy_bieber/sky_island/wavs/skyisland_29_baum_64kb_f000012.wav|en|True|8.560|unknown|MegaTTS3|MegaTTS3|I'm having a good time just now after years of worry and uncomfortable living in this uncomfortable old hut of a palace,|-
./fake/en/MegaTTS3/pink_fairy_book_04_f000053.wav|en_US/by_book/male/elliot_miller/pink_fairy_book/wavs/pink_fairy_book_04_f000053.wav|en|True|11.760|unknown|MegaTTS3|MegaTTS3|Then she fetched a bowl of water, and the cock and hen flew on to the edge, put their beaks in, and then held up their heads as birds do when they drink,|-
./fake/en/MegaTTS3/wives_and_daughters_04_f000044.wav|en_UK/by_book/female/elizabeth_klett/wives_and_daughters/wavs/wives_and_daughters_04_f000044.wav|en|True|7.600|unknown|MegaTTS3|MegaTTS3|But the fact was certain; although he might frequently ask Missis Brown to give him something to eat in the housekeeper's room|-
./fake/en/MegaTTS3/wives_and_daughters_12_f000162.wav|en_UK/by_book/female/elizabeth_klett/wives_and_daughters/wavs/wives_and_daughters_12_f000162.wav|en|True|6.240|unknown|MegaTTS3|MegaTTS3|Mister Goodenough is a very clever attorney, with strong local interests and not a thought beyond.|-
./fake/en/MegaTTS3/jane_eyre_11_f000127.wav|en_UK/by_book/female/elizabeth_klett/jane_eyre/wavs/jane_eyre_11_f000127.wav|en|True|7.280|unknown|MegaTTS3|MegaTTS3|on the contrary, I ever wished to look as well as I could, and to please as much as my want of beauty would permit.|-
./fake/en/MegaTTS3/jane_eyre_28_f000196.wav|en_UK/by_book/female/elizabeth_klett/jane_eyre/wavs/jane_eyre_28_f000196.wav|en|True|7.120|unknown|MegaTTS3|MegaTTS3|That is an ignis fatuus, was my first thought; and I expected it would soon vanish.|-
./fake/en/MegaTTS3/northandsouth_50_f000010.wav|en_US/by_book/female/mary_ann/northandsouth/wavs/northandsouth_50_f000010.wav|en|True|4.720|unknown|MegaTTS3|MegaTTS3|every mans face was set in lines of eagerness or anxiety;|-
./fake/en/MegaTTS3/wives_and_daughters_05_f000030.wav|en_UK/by_book/female/elizabeth_klett/wives_and_daughters/wavs/wives_and_daughters_05_f000030.wav|en|True|5.600|unknown|MegaTTS3|MegaTTS3|Mister Gibson finished reading it; and began to think about it in his own mind.|-
./fake/en/MegaTTS3/northandsouth_28_f000037.wav|en_US/by_book/female/mary_ann/northandsouth/wavs/northandsouth_28_f000037.wav|en|True|2.800|unknown|MegaTTS3|MegaTTS3|Mary came trembling towards him.|-
./fake/en/MegaTTS3/the_sea_fairies_16_f000031.wav|en_US/by_book/female/judy_bieber/the_sea_fairies/wavs/the_sea_fairies_16_f000031.wav|en|True|9.520|unknown|MegaTTS3|MegaTTS3|What this enemy can be to terrify the great magician I do not know, but Zog is always afraid and never leaves an entrance unguarded.|-
./fake/en/MegaTTS3/northandsouth_08_f000060.wav|en_US/by_book/female/mary_ann/northandsouth/wavs/northandsouth_08_f000060.wav|en|True|12.240|unknown|MegaTTS3|MegaTTS3|But the fact of the world esteeming her father degraded, in its rough wholesale judgment, would have oppressed and irritated mister Lennox.|-
./fake/en/MegaTTS3/wives_and_daughters_28_f000011.wav|en_UK/by_book/female/elizabeth_klett/wives_and_daughters/wavs/wives_and_daughters_28_f000011.wav|en|True|3.200|unknown|MegaTTS3|MegaTTS3|I thought of you very often during the evening!|-
./fake/en/MegaTTS3/ozma_of_oz_14_f000054.wav|en_US/by_book/female/judy_bieber/ozma_of_oz/wavs/ozma_of_oz_14_f000054.wav|en|True|8.880|unknown|MegaTTS3|MegaTTS3|Very well, then, said the Scarecrow, with a sigh. Run along, little Dorothy, and may good luck go with you!|-
./fake/en/MegaTTS3/jane_eyre_21_f000066.wav|en_UK/by_book/female/elizabeth_klett/jane_eyre/wavs/jane_eyre_21_f000066.wav|en|True|5.040|unknown|MegaTTS3|MegaTTS3|If you please, sir, I want leave of absence for a week or two.|-
./fake/en/MegaTTS3/wives_and_daughters_59_f000156.wav|en_UK/by_book/female/elizabeth_klett/wives_and_daughters/wavs/wives_and_daughters_59_f000156.wav|en|True|7.600|unknown|MegaTTS3|MegaTTS3|She felt altogether in a wrong position in that house, which had been like a home to her until this last visit.|-
./fake/en/MegaTTS3/northandsouth_50_f000168.wav|en_US/by_book/female/mary_ann/northandsouth/wavs/northandsouth_50_f000168.wav|en|True|4.000|unknown|MegaTTS3|MegaTTS3|That hope for the revival of trade must utterly be given up.|-
./fake/en/MegaTTS3/jane_eyre_05_f000212.wav|en_UK/by_book/female/elizabeth_klett/jane_eyre/wavs/jane_eyre_05_f000212.wav|en|True|8.240|unknown|MegaTTS3|MegaTTS3|Well, all the girls here have lost either one or both parents, and this is called an institution for educating orphans.|-
./fake/en/MegaTTS3/wives_and_daughters_11_f000110.wav|en_UK/by_book/female/elizabeth_klett/wives_and_daughters/wavs/wives_and_daughters_11_f000110.wav|en|True|9.120|unknown|MegaTTS3|MegaTTS3|Molly was gratified by all this, and began to think that really, after all, perhaps her father had done well for himself;|-
./fake/en/MegaTTS3/jane_eyre_24_f000218.wav|en_UK/by_book/female/elizabeth_klett/jane_eyre/wavs/jane_eyre_24_f000218.wav|en|True|13.520|unknown|MegaTTS3|MegaTTS3|Adele, look at that field. We were now outside Thornfield gates, and bowling lightly along the smooth road to Millcote, where the dust was well laid by the thunderstorm,|-
./fake/en/MegaTTS3/northandsouth_44_f000112.wav|en_US/by_book/female/mary_ann/northandsouth/wavs/northandsouth_44_f000112.wav|en|True|5.680|unknown|MegaTTS3|MegaTTS3|mister Lennox, I have been so much obliged to you for all you have done about Frederick.|-
./fake/en/MegaTTS3/wives_and_daughters_27_f000009.wav|en_UK/by_book/female/elizabeth_klett/wives_and_daughters/wavs/wives_and_daughters_27_f000009.wav|en|True|10.720|unknown|MegaTTS3|MegaTTS3|There was little enough relief in the daily life at the Hall to help them all to shake off the gloom; and it even told on the health of both the Squire and Osborne.|-
./fake/en/MegaTTS3/rinkitink_baum_04_64kb_f000114.wav|en_US/by_book/female/judy_bieber/rinkitink_in_oz/wavs/rinkitink_baum_04_64kb_f000114.wav|en|True|7.920|unknown|MegaTTS3|MegaTTS3|Everything had been swept from him parents, home and country in so brief a time that his bewilderment was equal to his sorrow.|-
./fake/en/MegaTTS3/emerald_city_of_oz_01_f000035.wav|en_US/by_book/female/judy_bieber/emerald_city_of_oz/wavs/emerald_city_of_oz_01_f000035.wav|en|True|5.600|unknown|MegaTTS3|MegaTTS3|Your pipe is already here, your Majesty, replied Kaliko.|-
./fake/en/MegaTTS3/northandsouth_21_f000068.wav|en_US/by_book/female/mary_ann/northandsouth/wavs/northandsouth_21_f000068.wav|en|True|8.080|unknown|MegaTTS3|MegaTTS3|Doctor Donaldson glanced at Margaret. Her bent head, her face raised with no appeal for a temporary reprieve,|-
./fake/en/MegaTTS3/northandsouth_44_f000052.wav|en_US/by_book/female/mary_ann/northandsouth/wavs/northandsouth_44_f000052.wav|en|True|7.040|unknown|MegaTTS3|MegaTTS3|She looked forward with longing, though unspoken interest to the homely object of Dixons return from Milton;|-
./fake/en/MegaTTS3/rinkitink_baum_04_64kb_f000002.wav|en_US/by_book/female/judy_bieber/rinkitink_in_oz/wavs/rinkitink_baum_04_64kb_f000002.wav|en|True|6.720|unknown|MegaTTS3|MegaTTS3|Rinkitink in oz by L Frank Baum. Chapter Four The Deserted Island.|-
./fake/en/MegaTTS3/dorothy_and_wizard_oz_05_f000006.wav|en_US/by_book/female/judy_bieber/dorothy_and_wizard_oz/wavs/dorothy_and_wizard_oz_05_f000006.wav|en|True|3.040|unknown|MegaTTS3|MegaTTS3|What for? asked the girl.|-
./fake/en/MegaTTS3/jane_eyre_37_f000271.wav|en_UK/by_book/female/elizabeth_klett/jane_eyre/wavs/jane_eyre_37_f000271.wav|en|True|10.800|unknown|MegaTTS3|MegaTTS3|Jealousy had got hold of him: she stung him; but the sting was salutary: it gave him respite from the gnawing fang of melancholy.|-
./fake/en/MegaTTS3/rinkitink_baum_10_64kb_f000025.wav|en_US/by_book/female/judy_bieber/rinkitink_in_oz/wavs/rinkitink_baum_10_64kb_f000025.wav|en|True|12.080|unknown|MegaTTS3|MegaTTS3|Inga could not suspect what she was going to do, because she did not know herself. She intended to act boldly and trust to chance to win.|-
./fake/en/MegaTTS3/wives_and_daughters_34_f000102.wav|en_UK/by_book/female/elizabeth_klett/wives_and_daughters/wavs/wives_and_daughters_34_f000102.wav|en|True|6.320|unknown|MegaTTS3|MegaTTS3|I must go! said Roger, in dismay. I had no idea it was so late.|-
./fake/en/MegaTTS3/silent_bullet_09_f000303.wav|en_US/by_book/male/elliot_miller/silent_bullet/wavs/silent_bullet_09_f000303.wav|en|True|4.640|unknown|MegaTTS3|MegaTTS3|I knew Kennedy was too accurate and serious to deceive us.|-
./fake/en/MegaTTS3/emerald_city_of_oz_07_f000005.wav|en_US/by_book/female/judy_bieber/emerald_city_of_oz/wavs/emerald_city_of_oz_07_f000005.wav|en|True|3.440|unknown|MegaTTS3|MegaTTS3|Ain't there any place to wipe my feet? she asked.|-
./fake/en/MegaTTS3/wives_and_daughters_39_f000068.wav|en_UK/by_book/female/elizabeth_klett/wives_and_daughters/wavs/wives_and_daughters_39_f000068.wav|en|True|6.640|unknown|MegaTTS3|MegaTTS3|You really are the most unfeeling girl I ever met with, said Missis Gibson, really hurt.|-
./fake/en/MegaTTS3/wives_and_daughters_17_f000224.wav|en_UK/by_book/female/elizabeth_klett/wives_and_daughters/wavs/wives_and_daughters_17_f000224.wav|en|True|2.400|unknown|MegaTTS3|MegaTTS3|Only to see about papa's lunch.|-
./fake/en/MegaTTS3/wives_and_daughters_16_f000062.wav|en_UK/by_book/female/elizabeth_klett/wives_and_daughters/wavs/wives_and_daughters_16_f000062.wav|en|True|13.120|unknown|MegaTTS3|MegaTTS3|Is he? Well, then, we'll put off our little dinner till Cynthia comes home. I should like to have some young society for her, poor darling, when she returns.|-
./fake/en/MegaTTS3/wives_and_daughters_12_f000165.wav|en_UK/by_book/female/elizabeth_klett/wives_and_daughters/wavs/wives_and_daughters_12_f000165.wav|en|True|6.000|unknown|MegaTTS3|MegaTTS3|About dear little Molly coming to pay us a visit, said Miss Phoebe.|-
./fake/en/MegaTTS3/wives_and_daughters_35_f000060.wav|en_UK/by_book/female/elizabeth_klett/wives_and_daughters/wavs/wives_and_daughters_35_f000060.wav|en|True|3.440|unknown|MegaTTS3|MegaTTS3|Yes, said she, hesitating a little now.|-
./fake/en/MegaTTS3/wives_and_daughters_39_f000136.wav|en_UK/by_book/female/elizabeth_klett/wives_and_daughters/wavs/wives_and_daughters_39_f000136.wav|en|True|11.360|unknown|MegaTTS3|MegaTTS3|Cold meat, sermon-reading, no smoking till after evening prayers, as little thought as possible as to the state of the land and the condition of the crops,|-
./fake/en/MegaTTS3/wives_and_daughters_14_f000261.wav|en_UK/by_book/female/elizabeth_klett/wives_and_daughters/wavs/wives_and_daughters_14_f000261.wav|en|True|11.520|unknown|MegaTTS3|MegaTTS3|When will you learn that whispering is more fidgeting than talking out loud? I've not been able to sleep at all for the chatter you and Nancy have been keeping up all this time.|-
./fake/en/MegaTTS3/midnight_passenger_13_f000080.wav|en_US/by_book/female/mary_ann/midnight_passenger/wavs/midnight_passenger_13_f000080.wav|en|True|4.720|unknown|MegaTTS3|MegaTTS3|And what do you propose to do? anxiously cried the heiress.|-
./fake/en/MegaTTS3/northandsouth_13_f000071.wav|en_US/by_book/female/mary_ann/northandsouth/wavs/northandsouth_13_f000071.wav|en|True|6.080|unknown|MegaTTS3|MegaTTS3|I think I was well when mother died, but I have never been rightly strong sin somewhere about that time.|-
./fake/en/MegaTTS3/the_sea_fairies_15_f000007.wav|en_US/by_book/female/judy_bieber/the_sea_fairies/wavs/the_sea_fairies_15_f000007.wav|en|True|12.720|unknown|MegaTTS3|MegaTTS3|As if to prove his words, a gong suddenly sounded at their door and in walked a fat little man clothed all in white, including a white apron and white cap.|-
./fake/en/MegaTTS3/dorothy_and_wizard_oz_02_f000120.wav|en_US/by_book/female/judy_bieber/dorothy_and_wizard_oz/wavs/dorothy_and_wizard_oz_02_f000120.wav|en|True|7.520|unknown|MegaTTS3|MegaTTS3|But he did not wish the little girl to think him a coward, so he advanced slowly to the edge of the roof.|-
./fake/en/MegaTTS3/northandsouth_05_f000073.wav|en_US/by_book/female/mary_ann/northandsouth/wavs/northandsouth_05_f000073.wav|en|True|4.480|unknown|MegaTTS3|MegaTTS3|She came down ready equipped, in a brisker mood than usual.|-
./fake/en/MegaTTS3/wives_and_daughters_21_f000088.wav|en_UK/by_book/female/elizabeth_klett/wives_and_daughters/wavs/wives_and_daughters_21_f000088.wav|en|True|5.520|unknown|MegaTTS3|MegaTTS3|There was no talk of coming out in those days for any one under the daughter of a Squire.|-
./fake/en/MegaTTS3/emerald_city_of_oz_14_f000036.wav|en_US/by_book/female/judy_bieber/emerald_city_of_oz/wavs/emerald_city_of_oz_14_f000036.wav|en|True|12.480|unknown|MegaTTS3|MegaTTS3|No houses were to be seen at all, so they could not ask their way of any farmer; and although the Land of Oz was always beautiful, wherever one might go,|-
./fake/en/MegaTTS3/northandsouth_15_f000079.wav|en_US/by_book/female/mary_ann/northandsouth/wavs/northandsouth_15_f000079.wav|en|True|6.880|unknown|MegaTTS3|MegaTTS3|The time and place in which he lives, seem to me to require all his energy and attention.|-
./fake/en/MegaTTS3/silent_bullet_10_f000204.wav|en_US/by_book/male/elliot_miller/silent_bullet/wavs/silent_bullet_10_f000204.wav|en|True|3.520|unknown|MegaTTS3|MegaTTS3|We stopped at the wireless station for a moment.|-
./fake/en/MegaTTS3/dorothy_and_wizard_oz_14_f000074.wav|en_US/by_book/female/judy_bieber/dorothy_and_wizard_oz/wavs/dorothy_and_wizard_oz_14_f000074.wav|en|True|7.440|unknown|MegaTTS3|MegaTTS3|Of course; when it is four o'clock, she replied, with a laugh at his startled expression.|-
./fake/en/MegaTTS3/northandsouth_46_f000125.wav|en_US/by_book/female/mary_ann/northandsouth/wavs/northandsouth_46_f000125.wav|en|True|1.840|unknown|MegaTTS3|MegaTTS3|She stole my cat.|-
./fake/en/MegaTTS3/silent_bullet_05_f000213.wav|en_US/by_book/male/elliot_miller/silent_bullet/wavs/silent_bullet_05_f000213.wav|en|True|6.000|unknown|MegaTTS3|MegaTTS3|but the fact is that in their physiological effects the X-ray and radium are quite one and the same.|-
./fake/en/MegaTTS3/wives_and_daughters_56_f000015.wav|en_UK/by_book/female/elizabeth_klett/wives_and_daughters/wavs/wives_and_daughters_56_f000015.wav|en|True|11.440|unknown|MegaTTS3|MegaTTS3|If we were as rich as your uncle, I should feel it to be both a duty and a pleasure to keep an elegant table; but limited means are a sad clog to one's wishes.|-
./fake/en/MegaTTS3/skyisland_23_baum_64kb_f000019.wav|en_US/by_book/female/judy_bieber/sky_island/wavs/skyisland_23_baum_64kb_f000019.wav|en|True|11.680|unknown|MegaTTS3|MegaTTS3|These flashes permitted some of the Princesses to see her, and at once they rushed toward her with furious cries. But the girl realized what had happened,|-
./fake/en/MegaTTS3/wives_and_daughters_18_f000151.wav|en_UK/by_book/female/elizabeth_klett/wives_and_daughters/wavs/wives_and_daughters_18_f000151.wav|en|True|14.880|unknown|MegaTTS3|MegaTTS3|but he had never spoken of the place he had come from, whether north, south, east, or west, and the Squire did not choose to allude to anything that might bring out what his son wished to conceal.|-
./fake/en/MegaTTS3/midnight_passenger_07_f000045.wav|en_US/by_book/female/mary_ann/midnight_passenger/wavs/midnight_passenger_07_f000045.wav|en|True|5.680|unknown|MegaTTS3|MegaTTS3|Full code telegrams to you at Cheyenne. Will wait here until you have met him and disposed of his case.|-
./fake/en/MegaTTS3/ozma_of_oz_11_f000026.wav|en_US/by_book/female/judy_bieber/ozma_of_oz/wavs/ozma_of_oz_11_f000026.wav|en|True|7.600|unknown|MegaTTS3|MegaTTS3|That is impossible, replied the Tin Woodman. For the giant with the hammer would kill you all if you tried to pass him.|-
./fake/en/MegaTTS3/pink_fairy_book_29_f000039.wav|en_US/by_book/male/elliot_miller/pink_fairy_book/wavs/pink_fairy_book_29_f000039.wav|en|True|4.320|unknown|MegaTTS3|MegaTTS3|she gave her an almond, and told her to crack it when she was in great need.|-
./fake/en/MegaTTS3/dorothy_and_wizard_oz_20_f000008.wav|en_US/by_book/female/judy_bieber/dorothy_and_wizard_oz/wavs/dorothy_and_wizard_oz_20_f000008.wav|en|True|8.560|unknown|MegaTTS3|MegaTTS3|She took the child to her room and said: Make your wish, dear, and the picture will show the scene you desire to behold.|-
./fake/en/MegaTTS3/dorothy_and_wizard_oz_04_f000082.wav|en_US/by_book/female/judy_bieber/dorothy_and_wizard_oz/wavs/dorothy_and_wizard_oz_04_f000082.wav|en|True|7.040|unknown|MegaTTS3|MegaTTS3|But why destroy my friends? asked the little Wizard. Why not let them live?|-
./fake/en/MegaTTS3/dorothy_and_wizard_oz_18_f000026.wav|en_US/by_book/female/judy_bieber/dorothy_and_wizard_oz/wavs/dorothy_and_wizard_oz_18_f000026.wav|en|True|3.680|unknown|MegaTTS3|MegaTTS3|Come here, Eureka! she said.|-
./fake/en/MegaTTS3/wives_and_daughters_13_f000117.wav|en_UK/by_book/female/elizabeth_klett/wives_and_daughters/wavs/wives_and_daughters_13_f000117.wav|en|True|2.480|unknown|MegaTTS3|MegaTTS3|Then I shall ask your papa.|-
./fake/en/MegaTTS3/piratesofersatz_08_leinster_64kb_f000082.wav|en_US/by_book/male/elliot_miller/pirates_of_ersatz/wavs/piratesofersatz_08_leinster_64kb_f000082.wav|en|True|3.200|unknown|MegaTTS3|MegaTTS3|He went back to the control room to meditate.|-
./fake/en/MegaTTS3/dorothy_and_wizard_oz_16_f000092.wav|en_US/by_book/female/judy_bieber/dorothy_and_wizard_oz/wavs/dorothy_and_wizard_oz_16_f000092.wav|en|True|13.040|unknown|MegaTTS3|MegaTTS3|Any friend of Dorothy, remarked the Cowardly Lion, must be our friend, as well. So let us cease this talk of skull crushing and converse upon more pleasant subjects.|-
./fake/en/MegaTTS3/the_master_key_20_f000015.wav|en_US/by_book/female/judy_bieber/the_master_key/wavs/the_master_key_20_f000015.wav|en|True|6.400|unknown|MegaTTS3|MegaTTS3|I'm afraid I did not get a chance to give many hints to inventors or scientists, said Rob.|-
./fake/en/MegaTTS3/piratesofersatz_01_leinster_64kb_f000021.wav|en_US/by_book/male/elliot_miller/pirates_of_ersatz/wavs/piratesofersatz_01_leinster_64kb_f000021.wav|en|True|13.600|unknown|MegaTTS3|MegaTTS3|And the people of Zan, on which Hoddan had been born, always affected innocent indignation when embattled other spacecraft came and furiously demanded that they be produced.|-
./fake/en/MegaTTS3/emerald_city_of_oz_24_f000075.wav|en_US/by_book/female/judy_bieber/emerald_city_of_oz/wavs/emerald_city_of_oz_24_f000075.wav|en|True|8.960|unknown|MegaTTS3|MegaTTS3|She answered that all the inhabitants of Oz, gathered together, were not powerful enough to fight and overcome the evil forces of the Nome King.|-
./fake/en/MegaTTS3/wives_and_daughters_15_f000131.wav|en_UK/by_book/female/elizabeth_klett/wives_and_daughters/wavs/wives_and_daughters_15_f000131.wav|en|True|8.560|unknown|MegaTTS3|MegaTTS3|I know nothing of your old woman, replied his wife; but really I cannot allow cheese to come beyond the kitchen.|-
./fake/en/MegaTTS3/wives_and_daughters_50_f000042.wav|en_UK/by_book/female/elizabeth_klett/wives_and_daughters/wavs/wives_and_daughters_50_f000042.wav|en|True|4.320|unknown|MegaTTS3|MegaTTS3|Cynthia put her netting on one side, and looked at the writing.|-
./fake/en/MegaTTS3/jane_eyre_11_f000330.wav|en_UK/by_book/female/elizabeth_klett/jane_eyre/wavs/jane_eyre_11_f000330.wav|en|True|9.680|unknown|MegaTTS3|MegaTTS3|Too much noise, Grace, said Missis Fairfax. Remember directions! Grace curtseyed silently and went in.|-
./fake/en/MegaTTS3/skyisland_02_baum_64kb_f000082.wav|en_US/by_book/female/judy_bieber/sky_island/wavs/skyisland_02_baum_64kb_f000082.wav|en|True|10.560|unknown|MegaTTS3|MegaTTS3|When I stopped I landed over there by the big rock. I shut up the umbrella and saw a girl sitting on the rock, so I went up and spoke to her.|-
./fake/en/MegaTTS3/wives_and_daughters_35_f000219.wav|en_UK/by_book/female/elizabeth_klett/wives_and_daughters/wavs/wives_and_daughters_35_f000219.wav|en|True|2.880|unknown|MegaTTS3|MegaTTS3|But it's not the match I should have planned for him.|-
./fake/en/MegaTTS3/dorothy_and_wizard_oz_05_f000022.wav|en_US/by_book/female/judy_bieber/dorothy_and_wizard_oz/wavs/dorothy_and_wizard_oz_05_f000022.wav|en|True|10.640|unknown|MegaTTS3|MegaTTS3|Slowly he took the shining star from his own brow and placed it upon that of the Princess. Then all the people bowed low to her, and the Prince turned and walked away alone.|-
./fake/en/MegaTTS3/jane_eyre_02_f000027.wav|en_UK/by_book/female/elizabeth_klett/jane_eyre/wavs/jane_eyre_02_f000027.wav|en|True|8.640|unknown|MegaTTS3|MegaTTS3|This reproach of my dependence had become a vague sing-song in my ear: very painful and crushing, but only half intelligible.|-
./fake/en/MegaTTS3/emerald_city_of_oz_13_f000045.wav|en_US/by_book/female/judy_bieber/emerald_city_of_oz/wavs/emerald_city_of_oz_13_f000045.wav|en|True|9.200|unknown|MegaTTS3|MegaTTS3|That was because they rolled eggs at us, replied the King, with a shudder. My Nomes cannot stand eggs, any more than I can myself.|-
./fake/en/MegaTTS3/pink_fairy_book_13_f000068.wav|en_US/by_book/male/elliot_miller/pink_fairy_book/wavs/pink_fairy_book_13_f000068.wav|en|True|2.800|unknown|MegaTTS3|MegaTTS3|and the tree will be delighted to listen!|-
./fake/en/MegaTTS3/pink_fairy_book_14_f000135.wav|en_US/by_book/male/elliot_miller/pink_fairy_book/wavs/pink_fairy_book_14_f000135.wav|en|True|12.080|unknown|MegaTTS3|MegaTTS3|The squire said that he could easily get all that, so Hans got all of these tied up together, hung them over his shoulder on his good staff, and tramped away to Devilmoss Lake.|-
./fake/en/MegaTTS3/jane_eyre_33_f000146.wav|en_UK/by_book/female/elizabeth_klett/jane_eyre/wavs/jane_eyre_33_f000146.wav|en|True|3.440|unknown|MegaTTS3|MegaTTS3|It is a large sum - don't you think there is a mistake?|-
./fake/en/MegaTTS3/emerald_city_of_oz_10_f000115.wav|en_US/by_book/female/judy_bieber/emerald_city_of_oz/wavs/emerald_city_of_oz_10_f000115.wav|en|True|3.680|unknown|MegaTTS3|MegaTTS3|of course, their voices were not especially strong.|-
./fake/en/MegaTTS3/jane_eyre_17_f000039.wav|en_UK/by_book/female/elizabeth_klett/jane_eyre/wavs/jane_eyre_17_f000039.wav|en|True|10.000|unknown|MegaTTS3|MegaTTS3|Three women were got to help; and such scrubbing, such brushing, such washing of paint and beating of carpets, such taking down and putting up of pictures,|-
./fake/en/MegaTTS3/silent_bullet_03_f000069.wav|en_US/by_book/male/elliot_miller/silent_bullet/wavs/silent_bullet_03_f000069.wav|en|True|8.640|unknown|MegaTTS3|MegaTTS3|After the servants had gone, Fletcher asked us to excuse him for a while, as he wished to run over to the Greenes, who lived across the bay.|-
./fake/en/MegaTTS3/jane_eyre_34_f000334.wav|en_UK/by_book/female/elizabeth_klett/jane_eyre/wavs/jane_eyre_34_f000334.wav|en|True|4.560|unknown|MegaTTS3|MegaTTS3|in the untiring assiduity with which you have since persevered in it|-
./fake/en/MegaTTS3/pink_fairy_book_33_f000070.wav|en_US/by_book/male/elliot_miller/pink_fairy_book/wavs/pink_fairy_book_33_f000070.wav|en|True|7.520|unknown|MegaTTS3|MegaTTS3|But I cant do anything, he said, except carry a bundle, and I shant earn much by that.|-
./fake/en/MegaTTS3/silent_bullet_13_f000332.wav|en_US/by_book/male/elliot_miller/silent_bullet/wavs/silent_bullet_13_f000332.wav|en|True|10.000|unknown|MegaTTS3|MegaTTS3|Crowded now in one end of the room in speechless amazement was the late gay party of gamblers, including Senator Danfield himself.|-
./fake/en/MegaTTS3/piratesofersatz_12_leinster_64kb_f000207.wav|en_US/by_book/male/elliot_miller/pirates_of_ersatz/wavs/piratesofersatz_12_leinster_64kb_f000207.wav|en|True|14.240|unknown|MegaTTS3|MegaTTS3|He loved it! She gazed at him with pretty sadness and told him how terrible it was of him to kidnap me. He said humbly that he'd never had her ennobling influence nor dreamed that she existed.|-
./fake/en/MegaTTS3/poisoned_pen_08_f000085.wav|en_US/by_book/male/elliot_miller/poisoned_pen/wavs/poisoned_pen_08_f000085.wav|en|True|11.440|unknown|MegaTTS3|MegaTTS3|I know it looks bad for Brown. Perhaps he's the man. The Surety Company says so, anyway. But we must look at this thing calmly.|-
./fake/en/MegaTTS3/wives_and_daughters_11_f000066.wav|en_UK/by_book/female/elizabeth_klett/wives_and_daughters/wavs/wives_and_daughters_11_f000066.wav|en|True|8.400|unknown|MegaTTS3|MegaTTS3|she really meant to be as kind as she could be to her new step-daughter, whom she remembered principally as a black-haired,|-
./fake/en/MegaTTS3/poisoned_pen_06_f000109.wav|en_US/by_book/male/elliot_miller/poisoned_pen/wavs/poisoned_pen_06_f000109.wav|en|True|13.040|unknown|MegaTTS3|MegaTTS3|However, we gained a pretty good idea of the tunnel works above ground - at least Kennedy did. He seemed very much interested in how the air was conveyed below ground,|-
./fake/en/MegaTTS3/hunters_space_09_f000057.wav|en_US/by_book/male/elliot_miller/hunters_space/wavs/hunters_space_09_f000057.wav|en|True|8.800|unknown|MegaTTS3|MegaTTS3|Lithely she got to her feet and reached a dial upon the screen. The lone star vanished. A thousand pinpoints leaped out.|-
./fake/en/MegaTTS3/jane_eyre_22_f000139.wav|en_UK/by_book/female/elizabeth_klett/jane_eyre/wavs/jane_eyre_22_f000139.wav|en|True|9.680|unknown|MegaTTS3|MegaTTS3|One thing specially surprised me, and that was, there were no journeyings backward and forward, no visits to Ingram Park:|-
./fake/en/MegaTTS3/wives_and_daughters_25_f000164.wav|en_UK/by_book/female/elizabeth_klett/wives_and_daughters/wavs/wives_and_daughters_25_f000164.wav|en|True|9.920|unknown|MegaTTS3|MegaTTS3|Here, Miss Kirkpatrick! No, it's not for you, miss! as Molly, being nearer to the door, offered to take it and pass it to Cynthia.|-
./fake/en/MegaTTS3/wives_and_daughters_46_f000108.wav|en_UK/by_book/female/elizabeth_klett/wives_and_daughters/wavs/wives_and_daughters_46_f000108.wav|en|True|8.800|unknown|MegaTTS3|MegaTTS3|No one can say as I didn't please my husbands - both on em, though Jeremy was tickler in his tastes than poor Harry Beaver.|-
./fake/en/MegaTTS3/jane_eyre_36_f000182.wav|en_UK/by_book/female/elizabeth_klett/jane_eyre/wavs/jane_eyre_36_f000182.wav|en|True|7.840|unknown|MegaTTS3|MegaTTS3|I witnessed, and several more witnessed, Mister Rochester ascend through the sky-light on to the roof; we heard him call Bertha!|-
./fake/en/MegaTTS3/wives_and_daughters_26_f000106.wav|en_UK/by_book/female/elizabeth_klett/wives_and_daughters/wavs/wives_and_daughters_26_f000106.wav|en|True|12.640|unknown|MegaTTS3|MegaTTS3|So it was, for this was to be a very good ball, people said; and a large party from the Towers was coming, and a duchess in diamonds among the number.|-
./fake/en/MegaTTS3/jane_eyre_16_f000163.wav|en_UK/by_book/female/elizabeth_klett/jane_eyre/wavs/jane_eyre_16_f000163.wav|en|True|4.400|unknown|MegaTTS3|MegaTTS3|What of that? More unequal matches are made every day.|-
./fake/en/MegaTTS3/the_sea_fairies_12_f000116.wav|en_US/by_book/female/judy_bieber/the_sea_fairies/wavs/the_sea_fairies_12_f000116.wav|en|True|2.000|unknown|MegaTTS3|MegaTTS3|What is Zog like?|-
./fake/en/MegaTTS3/northandsouth_32_f000082.wav|en_US/by_book/female/mary_ann/northandsouth/wavs/northandsouth_32_f000082.wav|en|True|3.920|unknown|MegaTTS3|MegaTTS3|She would wait till the down train passed and take her seat in it.|-
./fake/en/MegaTTS3/dorothy_and_wizard_oz_16_f000031.wav|en_US/by_book/female/judy_bieber/dorothy_and_wizard_oz/wavs/dorothy_and_wizard_oz_16_f000031.wav|en|True|2.640|unknown|MegaTTS3|MegaTTS3|was strapped to the clumsy body.|-
./fake/en/MegaTTS3/wives_and_daughters_42_f000125.wav|en_UK/by_book/female/elizabeth_klett/wives_and_daughters/wavs/wives_and_daughters_42_f000125.wav|en|True|7.120|unknown|MegaTTS3|MegaTTS3|Never me, said Molly, touched by the wailing tone of despair that Cynthia was falling into.|-
./fake/en/MegaTTS3/wives_and_daughters_52_f000174.wav|en_UK/by_book/female/elizabeth_klett/wives_and_daughters/wavs/wives_and_daughters_52_f000174.wav|en|True|6.480|unknown|MegaTTS3|MegaTTS3|Molly laughed a little, as she was expected to do. Here we are at home, at last.|-
./fake/en/MegaTTS3/wives_and_daughters_54_f000134.wav|en_UK/by_book/female/elizabeth_klett/wives_and_daughters/wavs/wives_and_daughters_54_f000134.wav|en|True|6.080|unknown|MegaTTS3|MegaTTS3|Now, Hyacinth, said he, as he took his wife into the drawing-room, she will need much care.|-
./fake/en/MegaTTS3/midnight_passenger_05_f000012.wav|en_US/by_book/female/mary_ann/midnight_passenger/wavs/midnight_passenger_05_f000012.wav|en|True|7.520|unknown|MegaTTS3|MegaTTS3|He now knew the power of wealth. Clayton had become as secretive as the young Pawnee on his first warpath.|-
./fake/en/MegaTTS3/wives_and_daughters_43_f000016.wav|en_UK/by_book/female/elizabeth_klett/wives_and_daughters/wavs/wives_and_daughters_43_f000016.wav|en|True|8.320|unknown|MegaTTS3|MegaTTS3|Will you promise me that? quite a sacred promise? - for it would be such a comfort to me to tell you all, now you know so much.|-
./fake/en/MegaTTS3/northandsouth_11_f000065.wav|en_US/by_book/female/mary_ann/northandsouth/wavs/northandsouth_11_f000065.wav|en|True|9.840|unknown|MegaTTS3|MegaTTS3|and then, at any rate, her mother might have all the personal attention she required, and had been accustomed to her whole life.|-
./fake/en/MegaTTS3/jane_eyre_23_f000076.wav|en_UK/by_book/female/elizabeth_klett/jane_eyre/wavs/jane_eyre_23_f000076.wav|en|True|8.800|unknown|MegaTTS3|MegaTTS3|I wish to remind you that it was you who first said to me, with that discretion I respect in you - with that foresight,|-
./fake/en/MegaTTS3/the_sea_fairies_17_f000019.wav|en_US/by_book/female/judy_bieber/the_sea_fairies/wavs/the_sea_fairies_17_f000019.wav|en|True|5.120|unknown|MegaTTS3|MegaTTS3|Already the water felt cooler, and they began to breathe more easily.|-
./fake/en/MegaTTS3/northandsouth_25_f000215.wav|en_US/by_book/female/mary_ann/northandsouth/wavs/northandsouth_25_f000215.wav|en|True|12.400|unknown|MegaTTS3|MegaTTS3|If she had decoyed her brother home to blot out the memory of his error by his blood! She saw her fathers anxiety lay deeper than the source of his latter cheering words.|-
./fake/en/MegaTTS3/northandsouth_46_f000350.wav|en_US/by_book/female/mary_ann/northandsouth/wavs/northandsouth_46_f000350.wav|en|True|10.080|unknown|MegaTTS3|MegaTTS3|Wearily she went to bed, wearily she arose in four or five hours time. But with the morning came hope, and a brighter view of things.|-
./fake/en/MegaTTS3/wives_and_daughters_54_f000180.wav|en_UK/by_book/female/elizabeth_klett/wives_and_daughters/wavs/wives_and_daughters_54_f000180.wav|en|True|4.960|unknown|MegaTTS3|MegaTTS3|Perhaps, after all, it is a very good thing you have come, my dear;|-
./fake/en/MegaTTS3/the_sea_fairies_08_f000066.wav|en_US/by_book/female/judy_bieber/the_sea_fairies/wavs/the_sea_fairies_08_f000066.wav|en|True|3.280|unknown|MegaTTS3|MegaTTS3|That will be nice, said Trot eagerly.|-
./fake/en/MegaTTS3/pink_fairy_book_09_f000007.wav|en_US/by_book/male/elliot_miller/pink_fairy_book/wavs/pink_fairy_book_09_f000007.wav|en|True|11.440|unknown|MegaTTS3|MegaTTS3|Hulloa! said the shirt-collar, never before have I seen anything so slim and delicate, so elegant and pretty! May I be permitted to ask your name?|-
./fake/en/MegaTTS3/jane_eyre_27_f000434.wav|en_UK/by_book/female/elizabeth_klett/jane_eyre/wavs/jane_eyre_27_f000434.wav|en|True|5.040|unknown|MegaTTS3|MegaTTS3|One drear word comprised my intolerable duty - Depart!|-
./fake/en/MegaTTS3/jane_eyre_27_f000012.wav|en_UK/by_book/female/elizabeth_klett/jane_eyre/wavs/jane_eyre_27_f000012.wav|en|True|6.160|unknown|MegaTTS3|MegaTTS3|and swore that with that arm of iron he would thrust her down to unsounded depths of agony.|-
./fake/en/MegaTTS3/rinkitink_baum_05_64kb_f000125.wav|en_US/by_book/female/judy_bieber/rinkitink_in_oz/wavs/rinkitink_baum_05_64kb_f000125.wav|en|True|7.920|unknown|MegaTTS3|MegaTTS3|But here it was pitch dark, so he found he must wait patiently until morning before he dared touch the pearls.|-
./fake/en/MegaTTS3/silent_bullet_10_f000310.wav|en_US/by_book/male/elliot_miller/silent_bullet/wavs/silent_bullet_10_f000310.wav|en|True|8.960|unknown|MegaTTS3|MegaTTS3|In this form all the energy of all the dynamos of Niagara could pass through ones body and yet produce no injury.|-
./fake/en/MegaTTS3/emerald_city_of_oz_02_f000030.wav|en_US/by_book/female/judy_bieber/emerald_city_of_oz/wavs/emerald_city_of_oz_02_f000030.wav|en|True|3.360|unknown|MegaTTS3|MegaTTS3|Then Dorothy asked them to tell her what was the matter.|-
./fake/en/MegaTTS3/northandsouth_12_f000080.wav|en_US/by_book/female/mary_ann/northandsouth/wavs/northandsouth_12_f000080.wav|en|True|4.720|unknown|MegaTTS3|MegaTTS3|Yes, said Margaret, I have lived there for several years.|-
./fake/en/MegaTTS3/jane_eyre_02_f000070.wav|en_UK/by_book/female/elizabeth_klett/jane_eyre/wavs/jane_eyre_02_f000070.wav|en|True|3.840|unknown|MegaTTS3|MegaTTS3|John no one thwarted, much less punished;|-
./fake/en/MegaTTS3/jane_eyre_13_f000172.wav|en_UK/by_book/female/elizabeth_klett/jane_eyre/wavs/jane_eyre_13_f000172.wav|en|True|4.880|unknown|MegaTTS3|MegaTTS3|The subjects had, indeed, risen vividly on my mind.|-
./fake/en/MegaTTS3/pink_fairy_book_40_f000149.wav|en_US/by_book/male/elliot_miller/pink_fairy_book/wavs/pink_fairy_book_40_f000149.wav|en|True|12.800|unknown|MegaTTS3|MegaTTS3|You may have any help you like, but somehow or other you must manage to do it. Ciccu felt very much cast, down at these words, and went to the stable to ask advice of his friend the horse.|-
./fake/en/MegaTTS3/pink_fairy_book_38_f000149.wav|en_US/by_book/male/elliot_miller/pink_fairy_book/wavs/pink_fairy_book_38_f000149.wav|en|True|7.680|unknown|MegaTTS3|MegaTTS3|and began to jump and dance, singing I am just the little hare, the little hare, the little hare;|-
./fake/en/MegaTTS3/emerald_city_of_oz_16_f000063.wav|en_US/by_book/female/judy_bieber/emerald_city_of_oz/wavs/emerald_city_of_oz_16_f000063.wav|en|True|6.880|unknown|MegaTTS3|MegaTTS3|There was a shout of approval at this and the King had to rap again for order.|-
./fake/en/MegaTTS3/poisoned_pen_10_f000030.wav|en_US/by_book/male/elliot_miller/poisoned_pen/wavs/poisoned_pen_10_f000030.wav|en|True|9.040|unknown|MegaTTS3|MegaTTS3|If we could land a big fellow and make an object-lesson of the extent of the thing I believe it would leave our critics of the press without a leg to stand on.|-
./fake/en/MegaTTS3/dorothy_and_wizard_oz_04_f000027.wav|en_US/by_book/female/judy_bieber/dorothy_and_wizard_oz/wavs/dorothy_and_wizard_oz_04_f000027.wav|en|True|3.440|unknown|MegaTTS3|MegaTTS3|How does it taste? asked the Wizard.|-
./fake/en/MegaTTS3/jane_eyre_04_f000178.wav|en_UK/by_book/female/elizabeth_klett/jane_eyre/wavs/jane_eyre_04_f000178.wav|en|True|10.000|unknown|MegaTTS3|MegaTTS3|with their hair combed behind their ears, and their long pinafores, and those little holland pockets outside their frocks - they are almost like poor people's children!|-
./fake/en/MegaTTS3/northandsouth_17_f000153.wav|en_US/by_book/female/mary_ann/northandsouth/wavs/northandsouth_17_f000153.wav|en|True|3.280|unknown|MegaTTS3|MegaTTS3|Nor I of myself. Good-bye!|-
./fake/en/MegaTTS3/wives_and_daughters_26_f000364.wav|en_UK/by_book/female/elizabeth_klett/wives_and_daughters/wavs/wives_and_daughters_26_f000364.wav|en|True|11.920|unknown|MegaTTS3|MegaTTS3|It was not an unsatisfactory ball upon the whole to Missis Gibson, although she paid the usual penalty for sitting up beyond her ordinary hour in perpetual glare and movement.|-
./fake/en/MegaTTS3/wives_and_daughters_35_f000011.wav|en_UK/by_book/female/elizabeth_klett/wives_and_daughters/wavs/wives_and_daughters_35_f000011.wav|en|True|8.800|unknown|MegaTTS3|MegaTTS3|She got up, and with unaccustomed attention moved the wine and glasses so that he could help himself without moving from his chair.|-
./fake/en/MegaTTS3/midnight_passenger_03_f000117.wav|en_US/by_book/female/mary_ann/midnight_passenger/wavs/midnight_passenger_03_f000117.wav|en|True|7.840|unknown|MegaTTS3|MegaTTS3|Clayton dropped his hand, instantly mollified. I wish you would see what you can do, he cordially said.|-
./fake/en/MegaTTS3/jane_eyre_27_f000172.wav|en_UK/by_book/female/elizabeth_klett/jane_eyre/wavs/jane_eyre_27_f000172.wav|en|True|7.440|unknown|MegaTTS3|MegaTTS3|to prove you are near me - and I will in a few words show you the real state of the case. Can you listen to me?|-
./fake/en/MegaTTS3/the_master_key_11_f000032.wav|en_US/by_book/female/judy_bieber/the_master_key/wavs/the_master_key_11_f000032.wav|en|True|7.920|unknown|MegaTTS3|MegaTTS3|The Frenchman was now trembling violently, and he implored Rob to tell him where he might obtain similar electrical machines.|-
./fake/en/MegaTTS3/northandsouth_50_f000150.wav|en_US/by_book/female/mary_ann/northandsouth/wavs/northandsouth_50_f000150.wav|en|True|5.120|unknown|MegaTTS3|MegaTTS3|She shook her head. She would have nothing to do with religion just then.|-
./fake/en/MegaTTS3/northandsouth_10_f000089.wav|en_US/by_book/female/mary_ann/northandsouth/wavs/northandsouth_10_f000089.wav|en|True|7.600|unknown|MegaTTS3|MegaTTS3|But I think you told me you had altered your chimneys so as to consume the smoke, did you not? asked mister Hale.|-
./fake/en/MegaTTS3/wives_and_daughters_44_f000190.wav|en_UK/by_book/female/elizabeth_klett/wives_and_daughters/wavs/wives_and_daughters_44_f000190.wav|en|True|4.080|unknown|MegaTTS3|MegaTTS3|perhaps - which sound so much worse than they really are.|-
./fake/en/MegaTTS3/poisoned_pen_05_f000341.wav|en_US/by_book/male/elliot_miller/poisoned_pen/wavs/poisoned_pen_05_f000341.wav|en|True|13.280|unknown|MegaTTS3|MegaTTS3|I'm not disposed to let the matter drop. I wish to enter a charge against him of false arrest and malicious prosecution. I shall turn the whole thing over to my attorney this afternoon.|-
./fake/en/MegaTTS3/northandsouth_10_f000104.wav|en_US/by_book/female/mary_ann/northandsouth/wavs/northandsouth_10_f000104.wav|en|True|12.480|unknown|MegaTTS3|MegaTTS3|Raw, crude materials came together; men of the same level, as regarded education and station, took suddenly the different positions of masters and men,|-
./fake/en/MegaTTS3/wives_and_daughters_59_f000009.wav|en_UK/by_book/female/elizabeth_klett/wives_and_daughters/wavs/wives_and_daughters_59_f000009.wav|en|True|9.120|unknown|MegaTTS3|MegaTTS3|There's Mister Roger Hamley as like as not to have the Hall estate, and she sends Molly a-visiting - and then she passed out of hearing.|-
./fake/en/MegaTTS3/poisoned_pen_06_f000200.wav|en_US/by_book/male/elliot_miller/poisoned_pen/wavs/poisoned_pen_06_f000200.wav|en|True|11.920|unknown|MegaTTS3|MegaTTS3|When they came out, I had no time to escape, so I slipped behind a portiere. I heard father say: Yes, I guess you are right, Morris.|-
./fake/en/MegaTTS3/ozma_of_oz_06_f000087.wav|en_US/by_book/female/judy_bieber/ozma_of_oz/wavs/ozma_of_oz_06_f000087.wav|en|True|14.480|unknown|MegaTTS3|MegaTTS3|Very well, sighed the maid; if you are all ruined because of this obstinate hen, don't blame me for it. It isn't safe to annoy the Princess Langwidere.|-
./fake/en/MegaTTS3/wives_and_daughters_14_f000234.wav|en_UK/by_book/female/elizabeth_klett/wives_and_daughters/wavs/wives_and_daughters_14_f000234.wav|en|True|5.200|unknown|MegaTTS3|MegaTTS3|I'm afraid, said Molly, penitently, I haven't read much.|-
./fake/en/MegaTTS3/northandsouth_44_f000044.wav|en_US/by_book/female/mary_ann/northandsouth/wavs/northandsouth_44_f000044.wav|en|True|9.760|unknown|MegaTTS3|MegaTTS3|an unpunctual meal, lazily eaten by weary and half-awake people, but yet at which, in all its dragged-out length,|-
./fake/en/MegaTTS3/emerald_city_of_oz_20_f000063.wav|en_US/by_book/female/judy_bieber/emerald_city_of_oz/wavs/emerald_city_of_oz_20_f000063.wav|en|True|9.040|unknown|MegaTTS3|MegaTTS3|' Now let me ask you, as a friend and a young lady of good judgment: isn't all this pomp and foolishness enough to make a decent rabbit miserable?|-
./fake/en/MegaTTS3/wives_and_daughters_17_f000152.wav|en_UK/by_book/female/elizabeth_klett/wives_and_daughters/wavs/wives_and_daughters_17_f000152.wav|en|True|8.640|unknown|MegaTTS3|MegaTTS3|along with that degree of obstinacy in prejudices or opinions, as he would have called them so common to those who have,|-
./fake/en/MegaTTS3/wives_and_daughters_10_f000262.wav|en_UK/by_book/female/elizabeth_klett/wives_and_daughters/wavs/wives_and_daughters_10_f000262.wav|en|True|11.920|unknown|MegaTTS3|MegaTTS3|Yet she was interested in this little story of Harriet - a girl who had been so much to her father, more than Molly in this early youth of hers could have been to Mister Gibson.|-
./fake/en/MegaTTS3/wives_and_daughters_27_f000037.wav|en_UK/by_book/female/elizabeth_klett/wives_and_daughters/wavs/wives_and_daughters_27_f000037.wav|en|True|9.040|unknown|MegaTTS3|MegaTTS3|Osborne sate at a table near the fire, pen in hand, looking over one of his poems, and dotting the i s,|-
./fake/en/MegaTTS3/northandsouth_46_f000116.wav|en_US/by_book/female/mary_ann/northandsouth/wavs/northandsouth_46_f000116.wav|en|True|12.320|unknown|MegaTTS3|MegaTTS3|It were not much to be sure. But she were getting such a handy girl, that I miss her sore. But shes a deal above me in learning now. And the mother sighed.|-
./fake/en/MegaTTS3/the_sea_fairies_06_f000142.wav|en_US/by_book/female/judy_bieber/the_sea_fairies/wavs/the_sea_fairies_06_f000142.wav|en|True|5.680|unknown|MegaTTS3|MegaTTS3|I'm a respec'ble sailor man, and I'll have you treat me decent or I'll know why.|-
./fake/en/MegaTTS3/wives_and_daughters_50_f000081.wav|en_UK/by_book/female/elizabeth_klett/wives_and_daughters/wavs/wives_and_daughters_50_f000081.wav|en|True|12.640|unknown|MegaTTS3|MegaTTS3|Missis Gibson herself was not quite strong enough for a souffre-douleur ; and the visit to the Towers was not, on the whole, quite so happy a one as she had anticipated.|-
./fake/en/MegaTTS3/dorothy_and_wizard_oz_16_f000046.wav|en_US/by_book/female/judy_bieber/dorothy_and_wizard_oz/wavs/dorothy_and_wizard_oz_16_f000046.wav|en|True|5.840|unknown|MegaTTS3|MegaTTS3|The wooden animal gave a start, and then examined the other intently.|-
./fake/en/MegaTTS3/jane_eyre_16_f000001.wav|en_UK/by_book/female/elizabeth_klett/jane_eyre/wavs/jane_eyre_16_f000001.wav|en|True|13.520|unknown|MegaTTS3|MegaTTS3|Chapter sixteen of Jane eyre. This is there librivox recording. All librivox recordings are in the public domain. For more information or to volunteer please visit librivox dot org.|-
./fake/en/MegaTTS3/rinkitink_baum_13_64kb_f000087.wav|en_US/by_book/female/judy_bieber/rinkitink_in_oz/wavs/rinkitink_baum_13_64kb_f000087.wav|en|True|16.720|unknown|MegaTTS3|MegaTTS3|But where is Queen Garee, my dear mother? questioned Inga; but the women did not know and it was some time before the overseer remembered that one of the slaves from Pingaree had been placed in the royal dairy.|-
./fake/en/MegaTTS3/wives_and_daughters_38_f000165.wav|en_UK/by_book/female/elizabeth_klett/wives_and_daughters/wavs/wives_and_daughters_38_f000165.wav|en|True|7.440|unknown|MegaTTS3|MegaTTS3|Well, but you can buy a new one; and I'm sure it is high time you should get yourself another silk gown.|-
./fake/en/MegaTTS3/the_master_key_02_f000030.wav|en_US/by_book/female/judy_bieber/the_master_key/wavs/the_master_key_02_f000030.wav|en|True|4.160|unknown|MegaTTS3|MegaTTS3|cried Rob, rather nettled at this statement.|-
./fake/en/MegaTTS3/poisoned_pen_11_f000266.wav|en_US/by_book/male/elliot_miller/poisoned_pen/wavs/poisoned_pen_11_f000266.wav|en|True|8.080|unknown|MegaTTS3|MegaTTS3|I do not know precisely what happened after that, but in some way this man found his daughter, and to-day she is living with him.|-
./fake/en/MegaTTS3/rinkitink_baum_01_64kb_f000039.wav|en_US/by_book/female/judy_bieber/rinkitink_in_oz/wavs/rinkitink_baum_01_64kb_f000039.wav|en|True|13.680|unknown|MegaTTS3|MegaTTS3|Many years before this story really begins, ten big boatloads of those fierce warriors of Regos and Coregos visited Pingaree, landing suddenly upon the north end of the island.|-
./fake/en/MegaTTS3/wives_and_daughters_55_f000019.wav|en_UK/by_book/female/elizabeth_klett/wives_and_daughters/wavs/wives_and_daughters_55_f000019.wav|en|True|11.440|unknown|MegaTTS3|MegaTTS3|But Molly leaned back against her chair, too faint to do more at the flowers for some time. She had been startled by the suddenness of the news. Roger come home!|-
./fake/en/MegaTTS3/the_sea_fairies_09_f000019.wav|en_US/by_book/female/judy_bieber/the_sea_fairies/wavs/the_sea_fairies_09_f000019.wav|en|True|8.240|unknown|MegaTTS3|MegaTTS3|A long, brown arm stretched across their way in front and another just behind them, but that did not worry her.|-
./fake/en/MegaTTS3/wives_and_daughters_22_f000174.wav|en_UK/by_book/female/elizabeth_klett/wives_and_daughters/wavs/wives_and_daughters_22_f000174.wav|en|True|7.120|unknown|MegaTTS3|MegaTTS3|Am I? said the Squire - cooling in manner, though not in temper, as Osborne grew warm.|-
./fake/en/MegaTTS3/midnight_passenger_09_f000104.wav|en_US/by_book/female/mary_ann/midnight_passenger/wavs/midnight_passenger_09_f000104.wav|en|True|3.040|unknown|MegaTTS3|MegaTTS3|Another man gone to hell with his eyes open.|-
./fake/en/MegaTTS3/dorothy_and_wizard_oz_17_f000006.wav|en_US/by_book/female/judy_bieber/dorothy_and_wizard_oz/wavs/dorothy_and_wizard_oz_17_f000006.wav|en|True|4.240|unknown|MegaTTS3|MegaTTS3|In the afternoon there were to be games and races.|-
./fake/en/MegaTTS3/northandsouth_35_f000159.wav|en_US/by_book/female/mary_ann/northandsouth/wavs/northandsouth_35_f000159.wav|en|True|4.400|unknown|MegaTTS3|MegaTTS3|Thank you. You told mister Thornton that I was not there?|-
./fake/en/MegaTTS3/jane_eyre_26_f000153.wav|en_UK/by_book/female/elizabeth_klett/jane_eyre/wavs/jane_eyre_26_f000153.wav|en|True|6.480|unknown|MegaTTS3|MegaTTS3|The maniac bellowed: she parted her shaggy locks from her visage, and gazed wildly at her visitors.|-
./fake/en/MegaTTS3/silent_bullet_05_f000061.wav|en_US/by_book/male/elliot_miller/silent_bullet/wavs/silent_bullet_05_f000061.wav|en|True|12.400|unknown|MegaTTS3|MegaTTS3|while an arrangement of mirrors and a fluorescent screen enabled him to see exactly what the X-rays were disclosing, without his leaving the lead-lined cabinet.|-
./fake/en/MegaTTS3/wives_and_daughters_42_f000163.wav|en_UK/by_book/female/elizabeth_klett/wives_and_daughters/wavs/wives_and_daughters_42_f000163.wav|en|True|7.120|unknown|MegaTTS3|MegaTTS3|To Molly's quick sympathy Cynthia's voice sounded languid and weary, but she made all the proper replies,|-
./fake/en/MegaTTS3/jane_eyre_04_f000099.wav|en_UK/by_book/female/elizabeth_klett/jane_eyre/wavs/jane_eyre_04_f000099.wav|en|True|5.280|unknown|MegaTTS3|MegaTTS3|bid me go down directly, as I was wanted in the breakfast-room.|-
./fake/en/MegaTTS3/wives_and_daughters_38_f000047.wav|en_UK/by_book/female/elizabeth_klett/wives_and_daughters/wavs/wives_and_daughters_38_f000047.wav|en|True|8.720|unknown|MegaTTS3|MegaTTS3|Well, to be sure, it wasn't much of a school - only ten young ladies at the best o times; so perhaps he never heard of it.|-
./fake/en/MegaTTS3/jane_eyre_04_f000059.wav|en_UK/by_book/female/elizabeth_klett/jane_eyre/wavs/jane_eyre_04_f000059.wav|en|True|5.760|unknown|MegaTTS3|MegaTTS3|so, at least, I judge from the impression made on me by her nursery tales.|-
./fake/en/MegaTTS3/piratesofersatz_03_leinster_64kb_f000135.wav|en_US/by_book/male/elliot_miller/pirates_of_ersatz/wavs/piratesofersatz_03_leinster_64kb_f000135.wav|en|True|9.520|unknown|MegaTTS3|MegaTTS3|Hoddan stared incredulously at the town outside one side of the grid. It was only a town - and was almost a village, at that.|-
./fake/en/MegaTTS3/wives_and_daughters_25_f000140.wav|en_UK/by_book/female/elizabeth_klett/wives_and_daughters/wavs/wives_and_daughters_25_f000140.wav|en|True|6.800|unknown|MegaTTS3|MegaTTS3|Cynthia took the utmost pains in dressing Molly, leaving the clever housemaid to her mother's exclusive service.|-
./fake/en/MegaTTS3/wives_and_daughters_52_f000205.wav|en_UK/by_book/female/elizabeth_klett/wives_and_daughters/wavs/wives_and_daughters_52_f000205.wav|en|True|4.480|unknown|MegaTTS3|MegaTTS3|Molly did not think it necessary to do more than answer questions;|-
./fake/en/MegaTTS3/wives_and_daughters_31_f000121.wav|en_UK/by_book/female/elizabeth_klett/wives_and_daughters/wavs/wives_and_daughters_31_f000121.wav|en|True|4.160|unknown|MegaTTS3|MegaTTS3|but it was with an effort that she brought herself to believe it.|-
./fake/en/MegaTTS3/skyisland_10_baum_64kb_f000052.wav|en_US/by_book/female/judy_bieber/sky_island/wavs/skyisland_10_baum_64kb_f000052.wav|en|True|9.120|unknown|MegaTTS3|MegaTTS3|The boy must go for the King's shoes and blue them and polish them and then take them back to the Royal Bedchamber. captain Bill won't have anything to do,|-
./fake/en/MegaTTS3/wives_and_daughters_18_f000132.wav|en_UK/by_book/female/elizabeth_klett/wives_and_daughters/wavs/wives_and_daughters_18_f000132.wav|en|True|7.280|unknown|MegaTTS3|MegaTTS3|He has done since her last attack. I believe he reproaches himself for not having been enough alarmed before.|-
./fake/en/MegaTTS3/wives_and_daughters_24_f000108.wav|en_UK/by_book/female/elizabeth_klett/wives_and_daughters/wavs/wives_and_daughters_24_f000108.wav|en|True|5.280|unknown|MegaTTS3|MegaTTS3|Missis Gibson broke into the state of things which Molly thought was to endure for ever.|-
./fake/en/MegaTTS3/poisoned_pen_09_f000223.wav|en_US/by_book/male/elliot_miller/poisoned_pen/wavs/poisoned_pen_09_f000223.wav|en|True|11.280|unknown|MegaTTS3|MegaTTS3|From his pocket Kennedy drew a small pasteboard box filled with tiny globes, some bonbons and lozenges, a small hypodermic syringe, and a few cigars and cigarettes.|-
./fake/en/MegaTTS3/rinkitink_baum_01_64kb_f000034.wav|en_US/by_book/female/judy_bieber/rinkitink_in_oz/wavs/rinkitink_baum_01_64kb_f000034.wav|en|True|5.040|unknown|MegaTTS3|MegaTTS3|In Gilgad the pearls from Pingaree were purchased by the King's treasurer,|-
./fake/en/MegaTTS3/jane_eyre_10_f000052.wav|en_UK/by_book/female/elizabeth_klett/jane_eyre/wavs/jane_eyre_10_f000052.wav|en|True|9.760|unknown|MegaTTS3|MegaTTS3|I traced the white road winding round the base of one mountain, and vanishing in a gorge between two; how I longed to follow it farther!|-
./fake/en/MegaTTS3/midnight_passenger_07_f000059.wav|en_US/by_book/female/mary_ann/midnight_passenger/wavs/midnight_passenger_07_f000059.wav|en|True|13.760|unknown|MegaTTS3|MegaTTS3|Speak! What is it? cried the half-crazed lover. And the boy then hurriedly told him of his late return to the office, after executing many errands for the absent Ferris.|-
./fake/en/MegaTTS3/northandsouth_30_f000054.wav|en_US/by_book/female/mary_ann/northandsouth/wavs/northandsouth_30_f000054.wav|en|True|6.400|unknown|MegaTTS3|MegaTTS3|Missis Thornton was reviewing all the probable cases in which she had pledged herself to act.|-
./fake/en/MegaTTS3/piratesofersatz_07_leinster_64kb_f000120.wav|en_US/by_book/male/elliot_miller/pirates_of_ersatz/wavs/piratesofersatz_07_leinster_64kb_f000120.wav|en|True|15.360|unknown|MegaTTS3|MegaTTS3|With all the good will in the world. Darth is poverty-stricken. It has no industries. It has no technology. It has not even roads! It is a planet of little villages and tiny towns.|-
./fake/en/MegaTTS3/wives_and_daughters_19_f000029.wav|en_UK/by_book/female/elizabeth_klett/wives_and_daughters/wavs/wives_and_daughters_19_f000029.wav|en|True|7.440|unknown|MegaTTS3|MegaTTS3|Mister Gibson was much more excited about Cynthia's arrival than her own mother was.|-
./fake/en/MegaTTS3/midnight_passenger_07_f000169.wav|en_US/by_book/female/mary_ann/midnight_passenger/wavs/midnight_passenger_07_f000169.wav|en|True|6.320|unknown|MegaTTS3|MegaTTS3|His face softened strangely as he read words which waked all the happy memories of his lonely boyhood.|-
./fake/en/MegaTTS3/emerald_city_of_oz_04_f000001.wav|en_US/by_book/female/judy_bieber/emerald_city_of_oz/wavs/emerald_city_of_oz_04_f000001.wav|en|True|12.160|unknown|MegaTTS3|MegaTTS3|This is there librivox re cording. All librivox recordings are in the public domain. For more information or to volunteer please visit librivox dot org.|-
./fake/en/MegaTTS3/northandsouth_27_f000069.wav|en_US/by_book/female/mary_ann/northandsouth/wavs/northandsouth_27_f000069.wav|en|True|12.720|unknown|MegaTTS3|MegaTTS3|Fetch a plate, Margaret-a basket-anything. Margaret stood up by the table, half afraid of moving or making any noise to arouse mister Thornton into a consciousness of her being in the room.|-
./fake/en/MegaTTS3/dorothy_and_wizard_oz_12_f000100.wav|en_US/by_book/female/judy_bieber/dorothy_and_wizard_oz/wavs/dorothy_and_wizard_oz_12_f000100.wav|en|True|7.520|unknown|MegaTTS3|MegaTTS3|He had fastened one end of the strap to a wheel of the buggy, and now he let the line dangle over the side of the house.|-
./fake/en/MegaTTS3/hunters_space_11_f000001.wav|en_US/by_book/male/elliot_miller/hunters_space/wavs/hunters_space_11_f000001.wav|en|True|12.320|unknown|MegaTTS3|MegaTTS3|Chapter eleven of hunters out of space. This librivox recording is in public domain. Recording by Elliot Miller. Hunters out of space by Joseph E Kelleam.|-
./fake/en/MegaTTS3/wives_and_daughters_56_f000108.wav|en_UK/by_book/female/elizabeth_klett/wives_and_daughters/wavs/wives_and_daughters_56_f000108.wav|en|True|5.200|unknown|MegaTTS3|MegaTTS3|like the Faithful John of the German story, - do you remember, Molly?|-
./fake/en/MegaTTS3/jane_eyre_02_f000123.wav|en_UK/by_book/female/elizabeth_klett/jane_eyre/wavs/jane_eyre_02_f000123.wav|en|True|3.840|unknown|MegaTTS3|MegaTTS3|I rushed to the door and shook the lock in desperate effort.|-
./fake/en/MegaTTS3/wives_and_daughters_42_f000011.wav|en_UK/by_book/female/elizabeth_klett/wives_and_daughters/wavs/wives_and_daughters_42_f000011.wav|en|True|4.720|unknown|MegaTTS3|MegaTTS3|It was, Where have you been, child? Who did you see?|-
./fake/en/MegaTTS3/emerald_city_of_oz_28_f000037.wav|en_US/by_book/female/judy_bieber/emerald_city_of_oz/wavs/emerald_city_of_oz_28_f000037.wav|en|True|2.880|unknown|MegaTTS3|MegaTTS3|Why do you stand there like a lot of dummies?|-
./fake/en/MegaTTS3/wives_and_daughters_50_f000117.wav|en_UK/by_book/female/elizabeth_klett/wives_and_daughters/wavs/wives_and_daughters_50_f000117.wav|en|True|6.720|unknown|MegaTTS3|MegaTTS3|and made both her and herself the town's talk - the butt for all the gossip of Hollingford?|-
./fake/en/MegaTTS3/wives_and_daughters_11_f000290.wav|en_UK/by_book/female/elizabeth_klett/wives_and_daughters/wavs/wives_and_daughters_11_f000290.wav|en|True|12.480|unknown|MegaTTS3|MegaTTS3|In an instant more he was himself again. Only it is pleasant to the wisest, most reasonable youth of one or two and twenty to find himself looked up to as a Mentor by a girl of seventeen.|-
./fake/en/MegaTTS3/jane_eyre_15_f000031.wav|en_UK/by_book/female/elizabeth_klett/jane_eyre/wavs/jane_eyre_15_f000031.wav|en|True|11.040|unknown|MegaTTS3|MegaTTS3|cloaked also; but that was a spurred heel which had rung on the pavement, and that was a hatted head which now passed under the arched porte cochere of the hotel.|-
./fake/en/MegaTTS3/poisoned_pen_09_f000234.wav|en_US/by_book/male/elliot_miller/poisoned_pen/wavs/poisoned_pen_09_f000234.wav|en|True|8.560|unknown|MegaTTS3|MegaTTS3|Well, resumed the coroner, in view of what you have just discovered I don't mind telling you that I believe it was more than a rumour.|-
./fake/en/MegaTTS3/poisoned_pen_01_f000156.wav|en_US/by_book/male/elliot_miller/poisoned_pen/wavs/poisoned_pen_01_f000156.wav|en|True|6.160|unknown|MegaTTS3|MegaTTS3|None. The office has been locked, and there is no evidence of any one having entered or disturbed a thing.|-
./fake/en/MegaTTS3/northandsouth_13_f000042.wav|en_US/by_book/female/mary_ann/northandsouth/wavs/northandsouth_13_f000042.wav|en|True|7.200|unknown|MegaTTS3|MegaTTS3|Then, here and there, there are wide commons, high up as if above the very tops of the trees-|-
./fake/en/MegaTTS3/northandsouth_04_f000192.wav|en_US/by_book/female/mary_ann/northandsouth/wavs/northandsouth_04_f000192.wav|en|True|8.320|unknown|MegaTTS3|MegaTTS3|You cannot mean that you are really going to leave the Church-to give up Helstone-to be for ever separate from me,|-
./fake/en/MegaTTS3/skyisland_18_baum_64kb_f000016.wav|en_US/by_book/female/judy_bieber/sky_island/wavs/skyisland_18_baum_64kb_f000016.wav|en|True|5.760|unknown|MegaTTS3|MegaTTS3|We're goin' to live instead of die, It's time to laugh instead of cry; Oh, my!|-
./fake/en/MegaTTS3/the_sea_fairies_20_f000085.wav|en_US/by_book/female/judy_bieber/the_sea_fairies/wavs/the_sea_fairies_20_f000085.wav|en|True|5.520|unknown|MegaTTS3|MegaTTS3|Captain Kid Glove was There's no glove to it, protested Trot.|-
./fake/en/MegaTTS3/wives_and_daughters_48_f000094.wav|en_UK/by_book/female/elizabeth_klett/wives_and_daughters/wavs/wives_and_daughters_48_f000094.wav|en|True|5.680|unknown|MegaTTS3|MegaTTS3|And, after all, perhaps he was not so very much to blame.|-
./fake/en/MegaTTS3/jane_eyre_33_f000192.wav|en_UK/by_book/female/elizabeth_klett/jane_eyre/wavs/jane_eyre_33_f000192.wav|en|True|9.280|unknown|MegaTTS3|MegaTTS3|I paused - he stood before me, hat in hand, looking composed enough. I resumed - Your mother was my father's sister?|-
./fake/en/MegaTTS3/northandsouth_24_f000085.wav|en_US/by_book/female/mary_ann/northandsouth/wavs/northandsouth_24_f000085.wav|en|True|8.320|unknown|MegaTTS3|MegaTTS3|And I yielded to the right; simply saying that you gave me pain by insisting upon it, she replied, proudly.|-
./fake/en/MegaTTS3/northandsouth_05_f000034.wav|en_US/by_book/female/mary_ann/northandsouth/wavs/northandsouth_05_f000034.wav|en|True|9.360|unknown|MegaTTS3|MegaTTS3|This evening-sixteen hours at most had past by-she sat down, too full of sorrow to cry, but with a dull cold pain,|-
./fake/en/MegaTTS3/wives_and_daughters_56_f000105.wav|en_UK/by_book/female/elizabeth_klett/wives_and_daughters/wavs/wives_and_daughters_56_f000105.wav|en|True|11.760|unknown|MegaTTS3|MegaTTS3|But I don't know if I shall give way, - you hardly saw him, Molly, - but he's coming again to-night, and mind, I'll never forgive you if you don't think him very charming.|-
./fake/en/MegaTTS3/pink_fairy_book_20_f000013.wav|en_US/by_book/male/elliot_miller/pink_fairy_book/wavs/pink_fairy_book_20_f000013.wav|en|True|3.520|unknown|MegaTTS3|MegaTTS3|And he made haste back, and told the king.|-
./fake/en/MegaTTS3/northandsouth_30_f000061.wav|en_US/by_book/female/mary_ann/northandsouth/wavs/northandsouth_30_f000061.wav|en|True|7.040|unknown|MegaTTS3|MegaTTS3|and consulting how they should keep Fredericks coming a profound secret to all out of the house.|-
./fake/en/MegaTTS3/northandsouth_28_f000224.wav|en_US/by_book/female/mary_ann/northandsouth/wavs/northandsouth_28_f000224.wav|en|True|12.000|unknown|MegaTTS3|MegaTTS3|Theres but one thing steady and quiet i all this reeling world, and, reason or no reason, Ill cling to that. Its a very well for happy folk--|-
./fake/en/MegaTTS3/skyisland_03_baum_64kb_f000065.wav|en_US/by_book/female/judy_bieber/sky_island/wavs/skyisland_03_baum_64kb_f000065.wav|en|True|5.760|unknown|MegaTTS3|MegaTTS3|What's the name of it? inquired Button-Bright while the sailor hesitated to decide.|-
./fake/en/MegaTTS3/piratesofersatz_08_leinster_64kb_f000008.wav|en_US/by_book/male/elliot_miller/pirates_of_ersatz/wavs/piratesofersatz_08_leinster_64kb_f000008.wav|en|True|17.440|unknown|MegaTTS3|MegaTTS3|When the dark part of Darth appeared to roll toward the spaceboat again all the bright specks which were ships about them winked out of sight and there were only faraway stars and a vast blackness off to one side like nothingness made visible.|-
./fake/en/MegaTTS3/midnight_passenger_04_f000182.wav|en_US/by_book/female/mary_ann/midnight_passenger/wavs/midnight_passenger_04_f000182.wav|en|True|2.880|unknown|MegaTTS3|MegaTTS3|for one false step would ruin all.|-
./fake/en/MegaTTS3/jane_eyre_28_f000012.wav|en_UK/by_book/female/elizabeth_klett/jane_eyre/wavs/jane_eyre_28_f000012.wav|en|True|7.600|unknown|MegaTTS3|MegaTTS3|There are great moors behind and on each hand of me; there are waves of mountains far beyond that deep valley at my feet.|-
./fake/en/MegaTTS3/rinkitink_baum_06_64kb_f000032.wav|en_US/by_book/female/judy_bieber/rinkitink_in_oz/wavs/rinkitink_baum_06_64kb_f000032.wav|en|True|4.000|unknown|MegaTTS3|MegaTTS3|but the adventure has its charm, I must, confess.|-
./fake/en/MegaTTS3/wives_and_daughters_25_f000005.wav|en_UK/by_book/female/elizabeth_klett/wives_and_daughters/wavs/wives_and_daughters_25_f000005.wav|en|True|7.360|unknown|MegaTTS3|MegaTTS3|who were supposed to resent the impiety of those that did not wear some new article of dress on Easter-day.|-
./fake/en/MegaTTS3/poisoned_pen_05_f000064.wav|en_US/by_book/male/elliot_miller/poisoned_pen/wavs/poisoned_pen_05_f000064.wav|en|True|5.040|unknown|MegaTTS3|MegaTTS3|Anyhow, he went about with his hand and arm in a sling.|-
./fake/en/MegaTTS3/jane_eyre_31_f000052.wav|en_UK/by_book/female/elizabeth_klett/jane_eyre/wavs/jane_eyre_31_f000052.wav|en|True|12.480|unknown|MegaTTS3|MegaTTS3|John himself leant upon it with folded arms; his brow knit, his gaze, grave almost to displeasure, fixed on me. I asked him to come in.|-
./fake/en/MegaTTS3/wives_and_daughters_53_f000019.wav|en_UK/by_book/female/elizabeth_klett/wives_and_daughters/wavs/wives_and_daughters_53_f000019.wav|en|True|6.240|unknown|MegaTTS3|MegaTTS3|He covered his face, and moved himself backward and forward till Molly could bear it no longer.|-
./fake/en/MegaTTS3/piratesofersatz_06_leinster_64kb_f000174.wav|en_US/by_book/male/elliot_miller/pirates_of_ersatz/wavs/piratesofersatz_06_leinster_64kb_f000174.wav|en|True|10.640|unknown|MegaTTS3|MegaTTS3|He put his hand on the turning bar. Then he painstakingly pushed in the locking-stud with his other hand. Of course the handle turned.|-
./fake/en/MegaTTS3/emerald_city_of_oz_05_f000001.wav|en_US/by_book/female/judy_bieber/emerald_city_of_oz/wavs/emerald_city_of_oz_05_f000001.wav|en|True|12.720|unknown|MegaTTS3|MegaTTS3|This is there librivox re cording. All librivox recordings are in the public domain. For more information or to volunteer please visit librivox dot org.|-
./fake/en/MegaTTS3/piratesofersatz_06_leinster_64kb_f000021.wav|en_US/by_book/male/elliot_miller/pirates_of_ersatz/wavs/piratesofersatz_06_leinster_64kb_f000021.wav|en|True|13.360|unknown|MegaTTS3|MegaTTS3|Two, said Fani angrily. A fat man in a uniform, and a young man who looks like he wants to cry. They had an escort of retainers from one of my father's neighbors.|-
./fake/en/MegaTTS3/wives_and_daughters_53_f000077.wav|en_UK/by_book/female/elizabeth_klett/wives_and_daughters/wavs/wives_and_daughters_53_f000077.wav|en|True|5.600|unknown|MegaTTS3|MegaTTS3|and at last, in despair of ever doing it better, she sent it off without re-reading it.|-
./fake/en/MegaTTS3/northandsouth_19_f000176.wav|en_US/by_book/female/mary_ann/northandsouth/wavs/northandsouth_19_f000176.wav|en|True|13.280|unknown|MegaTTS3|MegaTTS3|The man turned round at these words,-turned round a face so white, and gaunt, and tear-furrowed, and hopeless, that its very calm forced Margaret to weep.|-
./fake/en/MegaTTS3/ozma_of_oz_04_f000010.wav|en_US/by_book/female/judy_bieber/ozma_of_oz/wavs/ozma_of_oz_04_f000010.wav|en|True|7.360|unknown|MegaTTS3|MegaTTS3|thus preventing any one outside from seeing it and also preventing the Wheelers from using it to climb up the mound.|-
./fake/en/MegaTTS3/wives_and_daughters_20_f000081.wav|en_UK/by_book/female/elizabeth_klett/wives_and_daughters/wavs/wives_and_daughters_20_f000081.wav|en|True|12.800|unknown|MegaTTS3|MegaTTS3|Well, at any rate, the Squire must be satisfied now. I saw this morning's Times, with the Cambridge examination lists in it. Isn't the second son called after his father, Roger?|-
./fake/en/MegaTTS3/northandsouth_28_f000129.wav|en_US/by_book/female/mary_ann/northandsouth/wavs/northandsouth_28_f000129.wav|en|True|8.640|unknown|MegaTTS3|MegaTTS3|Margarets eyes filled with tears. mister Hale took hold of her sweet pleading face in both his hands, and kissed her forehead.|-
./fake/en/MegaTTS3/emerald_city_of_oz_25_f000041.wav|en_US/by_book/female/judy_bieber/emerald_city_of_oz/wavs/emerald_city_of_oz_25_f000041.wav|en|True|11.520|unknown|MegaTTS3|MegaTTS3|It is surely time enough to be sad when our country is despoiled and our people made slaves. So let us not deprive ourselves of the few happy hours remaining to us.|-
./fake/en/MegaTTS3/northandsouth_19_f000107.wav|en_US/by_book/female/mary_ann/northandsouth/wavs/northandsouth_19_f000107.wav|en|True|3.760|unknown|MegaTTS3|MegaTTS3|Before Margaret could answer, Higgins broke out,|-
./fake/en/MegaTTS3/pink_fairy_book_12_f000196.wav|en_US/by_book/male/elliot_miller/pink_fairy_book/wavs/pink_fairy_book_12_f000196.wav|en|True|4.880|unknown|MegaTTS3|MegaTTS3|with a coachman, footmen and postilions with gold crowns on.|-
./fake/en/MegaTTS3/pink_fairy_book_33_f000026.wav|en_US/by_book/male/elliot_miller/pink_fairy_book/wavs/pink_fairy_book_33_f000026.wav|en|True|7.280|unknown|MegaTTS3|MegaTTS3|as he agreed with all they said, and they left him feeling very pleased with themselves and their own wisdom.|-
./fake/en/MegaTTS3/wives_and_daughters_23_f000133.wav|en_UK/by_book/female/elizabeth_klett/wives_and_daughters/wavs/wives_and_daughters_23_f000133.wav|en|True|7.760|unknown|MegaTTS3|MegaTTS3|You'll not like it, said the squire, still holding the door against him, but speaking in a relenting tone.|-
./fake/en/MegaTTS3/jane_eyre_23_f000223.wav|en_UK/by_book/female/elizabeth_klett/jane_eyre/wavs/jane_eyre_23_f000223.wav|en|True|8.000|unknown|MegaTTS3|MegaTTS3|I only smiled at her, and ran upstairs. Explanation will do for another time, thought I.|-
./fake/en/MegaTTS3/jane_eyre_35_f000051.wav|en_UK/by_book/female/elizabeth_klett/jane_eyre/wavs/jane_eyre_35_f000051.wav|en|True|3.920|unknown|MegaTTS3|MegaTTS3|Once more, why this refusal? he asked.|-
./fake/en/MegaTTS3/jane_eyre_06_f000056.wav|en_UK/by_book/female/elizabeth_klett/jane_eyre/wavs/jane_eyre_06_f000056.wav|en|True|6.960|unknown|MegaTTS3|MegaTTS3|that wind would then have saddened my heart; this obscure chaos would have disturbed my peace!|-
./fake/en/MegaTTS3/northandsouth_05_f000063.wav|en_US/by_book/female/mary_ann/northandsouth/wavs/northandsouth_05_f000063.wav|en|True|5.360|unknown|MegaTTS3|MegaTTS3|The fine crisp morning made her mother feel particularly well and happy at breakfast-time.|-
./fake/en/MegaTTS3/jane_eyre_32_f000203.wav|en_UK/by_book/female/elizabeth_klett/jane_eyre/wavs/jane_eyre_32_f000203.wav|en|True|8.480|unknown|MegaTTS3|MegaTTS3|You are original, said he, and not timid. There is something brave in your spirit, as well as penetrating in your eye;|-
./fake/en/MegaTTS3/wives_and_daughters_34_f000131.wav|en_UK/by_book/female/elizabeth_klett/wives_and_daughters/wavs/wives_and_daughters_34_f000131.wav|en|True|5.200|unknown|MegaTTS3|MegaTTS3|Molly could not resist the action - the mute entreaty for a caress.|-
./fake/en/MegaTTS3/wives_and_daughters_42_f000049.wav|en_UK/by_book/female/elizabeth_klett/wives_and_daughters/wavs/wives_and_daughters_42_f000049.wav|en|True|10.960|unknown|MegaTTS3|MegaTTS3|The loneliest part of the road was the first - the lane, the wood, the little bridge, and the clambering through the upland fields.|-
./fake/en/MegaTTS3/jane_eyre_13_f000069.wav|en_UK/by_book/female/elizabeth_klett/jane_eyre/wavs/jane_eyre_13_f000069.wav|en|True|13.200|unknown|MegaTTS3|MegaTTS3|Who talks of cadeaux? said he gruffly. Did you expect a present, Miss Eyre? Are you fond of presents? and he searched my face with eyes that I saw were dark, irate, and piercing.|-
./fake/en/MegaTTS3/silent_bullet_08_f000181.wav|en_US/by_book/male/elliot_miller/silent_bullet/wavs/silent_bullet_08_f000181.wav|en|True|12.480|unknown|MegaTTS3|MegaTTS3|She volunteered the information that in his handling of her case he had been very unjust to her, in spite of the fact that she had known him well a long time ago.|-
./fake/en/MegaTTS3/northandsouth_15_f000088.wav|en_US/by_book/female/mary_ann/northandsouth/wavs/northandsouth_15_f000088.wav|en|True|3.360|unknown|MegaTTS3|MegaTTS3|And that is-? asked mister Hale.|-
./fake/en/MegaTTS3/northandsouth_32_f000047.wav|en_US/by_book/female/mary_ann/northandsouth/wavs/northandsouth_32_f000047.wav|en|True|4.240|unknown|MegaTTS3|MegaTTS3|mister Thornton; you saw him before, you know.|-
./fake/en/MegaTTS3/emerald_city_of_oz_20_f000004.wav|en_US/by_book/female/judy_bieber/emerald_city_of_oz/wavs/emerald_city_of_oz_20_f000004.wav|en|True|3.440|unknown|MegaTTS3|MegaTTS3|The Captain had a sword and a white plume in his shako.|-
./fake/en/MegaTTS3/poisoned_pen_11_f000062.wav|en_US/by_book/male/elliot_miller/poisoned_pen/wavs/poisoned_pen_11_f000062.wav|en|True|12.320|unknown|MegaTTS3|MegaTTS3|Prescott, then, believes that the elements are merely progressive variations of an original substance or base called protyle, from which everything is derived.|-
./fake/en/MegaTTS3/wives_and_daughters_36_f000008.wav|en_UK/by_book/female/elizabeth_klett/wives_and_daughters/wavs/wives_and_daughters_36_f000008.wav|en|True|8.320|unknown|MegaTTS3|MegaTTS3|He did not like the having to go and tell of a love-affair so soon after he had declared his belief that no such thing existed;|-
./fake/en/MegaTTS3/midnight_passenger_14_f000110.wav|en_US/by_book/female/mary_ann/midnight_passenger/wavs/midnight_passenger_14_f000110.wav|en|True|8.800|unknown|MegaTTS3|MegaTTS3|Take her into the house, men, cried the sergeant, as a score of hardy soldiers now closed around the excited group.|-
./fake/en/MegaTTS3/piratesofersatz_07_leinster_64kb_f000225.wav|en_US/by_book/male/elliot_miller/pirates_of_ersatz/wavs/piratesofersatz_07_leinster_64kb_f000225.wav|en|True|14.880|unknown|MegaTTS3|MegaTTS3|They spit fire. No door on this side. Don Loris said knock on the door. We go around the front. Frrrrd harch! two, three, four, hup, two, three, four.|-
./fake/en/MegaTTS3/emerald_city_of_oz_16_f000080.wav|en_US/by_book/female/judy_bieber/emerald_city_of_oz/wavs/emerald_city_of_oz_16_f000080.wav|en|True|15.280|unknown|MegaTTS3|MegaTTS3|Tell me, please, what IS our business? inquired a potato-masher, winking at Dorothy somewhat impertinently. I'm fond of little girls, myself,|-
./fake/en/MegaTTS3/midnight_passenger_08_f000083.wav|en_US/by_book/female/mary_ann/midnight_passenger/wavs/midnight_passenger_08_f000083.wav|en|True|6.320|unknown|MegaTTS3|MegaTTS3|The faithless pistol of the dead cashier now lay twenty fathoms under the dark tide.|-
./fake/en/MegaTTS3/wives_and_daughters_14_f000115.wav|en_UK/by_book/female/elizabeth_klett/wives_and_daughters/wavs/wives_and_daughters_14_f000115.wav|en|True|7.520|unknown|MegaTTS3|MegaTTS3|While she was hesitating, and slowly tending towards consent, Lady Harriet spoke, I cannot spare Miss Gibson.|-
./fake/en/MegaTTS3/midnight_passenger_06_f000006.wav|en_US/by_book/female/mary_ann/midnight_passenger/wavs/midnight_passenger_06_f000006.wav|en|True|9.680|unknown|MegaTTS3|MegaTTS3|It was true that dark blue Russian violets, the starry forget-me-not, and the peerless lilies of the valley were therein hidden,|-
./fake/en/MegaTTS3/northandsouth_41_f000024.wav|en_US/by_book/female/mary_ann/northandsouth/wavs/northandsouth_41_f000024.wav|en|True|5.680|unknown|MegaTTS3|MegaTTS3|They were quiet wishes to be sure, and hardly named without hesitation and apology.|-
./fake/en/MegaTTS3/emerald_city_of_oz_04_f000040.wav|en_US/by_book/female/judy_bieber/emerald_city_of_oz/wavs/emerald_city_of_oz_04_f000040.wav|en|True|5.120|unknown|MegaTTS3|MegaTTS3|And contented and prosperous? inquired the Nome.|-
./fake/en/MegaTTS3/dorothy_and_wizard_oz_14_f000038.wav|en_US/by_book/female/judy_bieber/dorothy_and_wizard_oz/wavs/dorothy_and_wizard_oz_14_f000038.wav|en|True|8.880|unknown|MegaTTS3|MegaTTS3|No, answered Dorothy. But don't you lose heart, Jim, for I'm sure this isn't the end of our story, by any means.|-
./fake/en/MegaTTS3/the_sea_fairies_09_f000100.wav|en_US/by_book/female/judy_bieber/the_sea_fairies/wavs/the_sea_fairies_09_f000100.wav|en|True|4.800|unknown|MegaTTS3|MegaTTS3|They were larger than the swordfishes and seemed more fierce and bold.|-
./fake/en/MegaTTS3/rinkitink_baum_04_64kb_f000113.wav|en_US/by_book/female/judy_bieber/rinkitink_in_oz/wavs/rinkitink_baum_04_64kb_f000113.wav|en|True|12.000|unknown|MegaTTS3|MegaTTS3|When, at nightfall, they reached the lower end of Pingaree and found it swept as bare as the rest, Inga's grief was almost more than he could bear.|-
./fake/en/MegaTTS3/hunters_space_11_f000037.wav|en_US/by_book/male/elliot_miller/hunters_space/wavs/hunters_space_11_f000037.wav|en|True|7.760|unknown|MegaTTS3|MegaTTS3|Odin was about to reply that he didn't give a damn if the man were a colonel or a two star general. But Gunnar hurried on to explain.|-
./fake/en/MegaTTS3/dorothy_and_wizard_oz_05_f000018.wav|en_US/by_book/female/judy_bieber/dorothy_and_wizard_oz/wavs/dorothy_and_wizard_oz_05_f000018.wav|en|True|12.240|unknown|MegaTTS3|MegaTTS3|Sir, said the Royal Lady, with much dignity, you have wronged me greatly, and would have wronged me still more had not these strangers come to my rescue.|-
./fake/en/MegaTTS3/northandsouth_32_f000060.wav|en_US/by_book/female/mary_ann/northandsouth/wavs/northandsouth_32_f000060.wav|en|True|9.360|unknown|MegaTTS3|MegaTTS3|She heard a step following them along the flags; it stopped when they stopped, looking out along the line and hearing the whizz of the coming train.|-
./fake/en/MegaTTS3/wives_and_daughters_49_f000156.wav|en_UK/by_book/female/elizabeth_klett/wives_and_daughters/wavs/wives_and_daughters_49_f000156.wav|en|True|8.960|unknown|MegaTTS3|MegaTTS3|Is your ladyship's curiosity with an emphasis on this last word satisfied with this rather mortifying confession of mine?|-
./fake/en/MegaTTS3/pink_fairy_book_12_f000036.wav|en_US/by_book/male/elliot_miller/pink_fairy_book/wavs/pink_fairy_book_12_f000036.wav|en|True|6.880|unknown|MegaTTS3|MegaTTS3|The little boy was frightened, and sprang down from the chair. It seemed as if a great white bird had flown past the window.|-
./fake/en/MegaTTS3/northandsouth_01_f000082.wav|en_US/by_book/female/mary_ann/northandsouth/wavs/northandsouth_01_f000082.wav|en|True|6.560|unknown|MegaTTS3|MegaTTS3|At home-before she came to live in Harley Street-her mothers dressing-room had been her nursery;|-
./fake/en/MegaTTS3/the_sea_fairies_01_f000026.wav|en_US/by_book/female/judy_bieber/the_sea_fairies/wavs/the_sea_fairies_01_f000026.wav|en|True|2.400|unknown|MegaTTS3|MegaTTS3|had been the Captain's mate.|-
./fake/en/MegaTTS3/emerald_city_of_oz_16_f000032.wav|en_US/by_book/female/judy_bieber/emerald_city_of_oz/wavs/emerald_city_of_oz_16_f000032.wav|en|True|9.120|unknown|MegaTTS3|MegaTTS3|Toto lay at Dorothy's feet and Billina flew upon the range, which had no fire in it, and perched there as comfortably as she could.|-
./fake/en/MegaTTS3/midnight_passenger_07_f000051.wav|en_US/by_book/female/mary_ann/midnight_passenger/wavs/midnight_passenger_07_f000051.wav|en|True|9.040|unknown|MegaTTS3|MegaTTS3|He had already repented the violent quarrel. This marriage may be a mere rumor, he mused. Jack Witherspoon must make his words good when he comes.|-
./fake/en/MegaTTS3/northandsouth_44_f000125.wav|en_US/by_book/female/mary_ann/northandsouth/wavs/northandsouth_44_f000125.wav|en|True|13.920|unknown|MegaTTS3|MegaTTS3|To be sure! To be sure! Why, some one asked me if he had not been over then, and I denied it stoutly-not many weeks ago-who could it have been? Oh! I recollect!|-
./fake/en/MegaTTS3/jane_eyre_01_f000045.wav|en_UK/by_book/female/elizabeth_klett/jane_eyre/wavs/jane_eyre_01_f000045.wav|en|True|8.080|unknown|MegaTTS3|MegaTTS3|or as at a later period I discovered from the pages of Pamela, and Henry, Earl of Moreland.|-
./fake/en/MegaTTS3/northandsouth_43_f000152.wav|en_US/by_book/female/mary_ann/northandsouth/wavs/northandsouth_43_f000152.wav|en|True|6.800|unknown|MegaTTS3|MegaTTS3|So the arrangements went on; and Captain Lennox came, and with him news of Edith and the little boy;|-
./fake/en/MegaTTS3/jane_eyre_25_f000090.wav|en_UK/by_book/female/elizabeth_klett/jane_eyre/wavs/jane_eyre_25_f000090.wav|en|True|9.760|unknown|MegaTTS3|MegaTTS3|Take a seat and bear me company, Jane: please God, it is the last meal but one you will eat at Thornfield Hall for a long time.|-
./fake/en/MegaTTS3/skyisland_03_baum_64kb_f000063.wav|en_US/by_book/female/judy_bieber/sky_island/wavs/skyisland_03_baum_64kb_f000063.wav|en|True|11.280|unknown|MegaTTS3|MegaTTS3|The umbrella will carry us there in no time. Let's go! repeated Trot. We'll never have another such chance, captain. It's too far to sail or row,|-
./fake/en/MegaTTS3/midnight_passenger_02_f000045.wav|en_US/by_book/female/mary_ann/midnight_passenger/wavs/midnight_passenger_02_f000045.wav|en|True|13.040|unknown|MegaTTS3|MegaTTS3|Einstein's dress and bearing was fully worthy of his respectable business station. He might well be taken for the precious only son of some well-to-do Jewish-American merchant.|-
./fake/en/MegaTTS3/midnight_passenger_04_f000109.wav|en_US/by_book/female/mary_ann/midnight_passenger/wavs/midnight_passenger_04_f000109.wav|en|True|8.560|unknown|MegaTTS3|MegaTTS3|Your hundred dollars await you. The agile lad nodded and stole out, springing down the stairs to await the slowly-descending elevator.|-
./fake/en/MegaTTS3/jane_eyre_11_f000233.wav|en_UK/by_book/female/elizabeth_klett/jane_eyre/wavs/jane_eyre_11_f000233.wav|en|True|11.120|unknown|MegaTTS3|MegaTTS3|but there was one bookcase left open containing everything that could be needed in the way of elementary works, and several volumes of light literature,|-
./fake/en/MegaTTS3/skyisland_07_baum_64kb_f000052.wav|en_US/by_book/female/judy_bieber/sky_island/wavs/skyisland_07_baum_64kb_f000052.wav|en|True|9.280|unknown|MegaTTS3|MegaTTS3|Oh, said Button-Bright. How old is the Boolooroo? He was two hundred years old when he was elected, replied Ghip-Ghisizzle.|-
./fake/en/MegaTTS3/piratesofersatz_06_leinster_64kb_f000191.wav|en_US/by_book/male/elliot_miller/pirates_of_ersatz/wavs/piratesofersatz_06_leinster_64kb_f000191.wav|en|True|10.880|unknown|MegaTTS3|MegaTTS3|The spaceport and the town rushed toward a spot beneath the spaceboat's tail. They shrank and shrank. He saw other places.|-
./fake/en/MegaTTS3/pink_fairy_book_14_f000030.wav|en_US/by_book/male/elliot_miller/pink_fairy_book/wavs/pink_fairy_book_14_f000030.wav|en|True|14.720|unknown|MegaTTS3|MegaTTS3|Then the smith came dragging one as thick as a waggon-pole, but Hans bent it over his knee and broke it like a straw. The smith then had to collect all the iron he had,|-
./fake/en/MegaTTS3/midnight_passenger_06_f000120.wav|en_US/by_book/female/mary_ann/midnight_passenger/wavs/midnight_passenger_06_f000120.wav|en|True|5.440|unknown|MegaTTS3|MegaTTS3|You know not my abode. You cannot write or telegraph safely to my office.|-
./fake/en/MegaTTS3/jane_eyre_08_f000153.wav|en_UK/by_book/female/elizabeth_klett/jane_eyre/wavs/jane_eyre_08_f000153.wav|en|True|4.000|unknown|MegaTTS3|MegaTTS3|sweet paintings of butterflies hovering over unblown roses,|-
./fake/en/MegaTTS3/jane_eyre_20_f000155.wav|en_UK/by_book/female/elizabeth_klett/jane_eyre/wavs/jane_eyre_20_f000155.wav|en|True|13.120|unknown|MegaTTS3|MegaTTS3|Not a whit! - courage! This day fortnight you'll hardly be a pin the worse of it: you've lost a little blood; that's all. Carter, assure him there's no danger.|-
./fake/en/MegaTTS3/piratesofersatz_01_leinster_64kb_f000123.wav|en_US/by_book/male/elliot_miller/pirates_of_ersatz/wavs/piratesofersatz_01_leinster_64kb_f000123.wav|en|True|21.360|unknown|MegaTTS3|MegaTTS3|And-merely-wishes-security-against-repetition-of-the-offense, I-rule-that-the-defendant-may-be-released-upon-posting-suitable-bond-for -good-behavior-in-the-future.|-
./fake/en/MegaTTS3/jane_eyre_15_f000118.wav|en_UK/by_book/female/elizabeth_klett/jane_eyre/wavs/jane_eyre_15_f000118.wav|en|True|10.960|unknown|MegaTTS3|MegaTTS3|I meditated wonderingly on this incident; but gradually quitting it, as I found it for the present inexplicable, I turned to the consideration of my master's manner to myself.|-
./fake/en/MegaTTS3/wives_and_daughters_20_f000142.wav|en_UK/by_book/female/elizabeth_klett/wives_and_daughters/wavs/wives_and_daughters_20_f000142.wav|en|True|7.120|unknown|MegaTTS3|MegaTTS3|and Cynthia's late return from Boulogne made it a very natural subject of conversation.|-
./fake/en/MegaTTS3/piratesofersatz_03_leinster_64kb_f000106.wav|en_US/by_book/male/elliot_miller/pirates_of_ersatz/wavs/piratesofersatz_03_leinster_64kb_f000106.wav|en|True|11.040|unknown|MegaTTS3|MegaTTS3|Normality extended through all the galaxy so far inhabited by men. There were worlds on which there was peace, and worlds on which there was tumult.|-
./fake/en/MegaTTS3/dorothy_and_wizard_oz_03_f000117.wav|en_US/by_book/female/judy_bieber/dorothy_and_wizard_oz/wavs/dorothy_and_wizard_oz_03_f000117.wav|en|True|5.920|unknown|MegaTTS3|MegaTTS3|You are indeed a wonderful Wizard, and your powers are greater than those of my Sorcerer.|-
./fake/en/MegaTTS3/poisoned_pen_07_f000146.wav|en_US/by_book/male/elliot_miller/poisoned_pen/wavs/poisoned_pen_07_f000146.wav|en|True|10.960|unknown|MegaTTS3|MegaTTS3|I don't know how we managed to do it, but by dint of subway, elevated, and taxicab we arrived on the scene of the tragedy not very long after the coroner.|-
./fake/en/MegaTTS3/pink_fairy_book_14_f000138.wav|en_US/by_book/male/elliot_miller/pink_fairy_book/wavs/pink_fairy_book_14_f000138.wav|en|True|11.760|unknown|MegaTTS3|MegaTTS3|Just as he was at his busiest with this, Old Eric rose out of the lake, caught him by the cuff of the neck, whipped him out of the boat, and dragged him down to the bottom.|-
./fake/en/MegaTTS3/jane_eyre_21_f000469.wav|en_UK/by_book/female/elizabeth_klett/jane_eyre/wavs/jane_eyre_21_f000469.wav|en|True|2.560|unknown|MegaTTS3|MegaTTS3|Neither of us had dropt a tear.|-
./fake/en/MegaTTS3/dorothy_and_wizard_oz_08_f000099.wav|en_US/by_book/female/judy_bieber/dorothy_and_wizard_oz/wavs/dorothy_and_wizard_oz_08_f000099.wav|en|True|11.920|unknown|MegaTTS3|MegaTTS3|For two reasons, my dear, the woman's voice answered. The dama-fruit is the most delicious thing that grows, and when it makes us invisible the bears cannot find us to eat us up.|-
./fake/en/MegaTTS3/wives_and_daughters_05_f000071.wav|en_UK/by_book/female/elizabeth_klett/wives_and_daughters/wavs/wives_and_daughters_05_f000071.wav|en|True|12.480|unknown|MegaTTS3|MegaTTS3|This night Mister Gibson watched their countenances furtively from under his long eye-lashes, while he tried against his wont to keep up a degage manner,|-
./fake/en/MegaTTS3/silent_bullet_08_f000085.wav|en_US/by_book/male/elliot_miller/silent_bullet/wavs/silent_bullet_08_f000085.wav|en|True|4.080|unknown|MegaTTS3|MegaTTS3|energetic, optimistic temperament.|-
./fake/en/MegaTTS3/piratesofersatz_10_leinster_64kb_f000030.wav|en_US/by_book/male/elliot_miller/pirates_of_ersatz/wavs/piratesofersatz_10_leinster_64kb_f000030.wav|en|True|12.800|unknown|MegaTTS3|MegaTTS3|They could not even see that anything else had any value at all. Most of them could only look forward to starvation when the ship supplies were exhausted,|-
./fake/en/MegaTTS3/skyisland_12_baum_64kb_f000010.wav|en_US/by_book/female/judy_bieber/sky_island/wavs/skyisland_12_baum_64kb_f000010.wav|en|True|15.520|unknown|MegaTTS3|MegaTTS3|But how'll we ever manage to get there? inquired Trot. Aren't we already lost in this fog? Not yet, said captain Bill. I've kep' my face turned straight ahead ever since we climbed inter this bank of wetness.|-
./fake/en/MegaTTS3/wives_and_daughters_20_f000131.wav|en_UK/by_book/female/elizabeth_klett/wives_and_daughters/wavs/wives_and_daughters_20_f000131.wav|en|True|4.160|unknown|MegaTTS3|MegaTTS3|Molly saw the look of content on Missis Gibson's face;|-
./fake/en/MegaTTS3/the_sea_fairies_09_f000022.wav|en_US/by_book/female/judy_bieber/the_sea_fairies/wavs/the_sea_fairies_09_f000022.wav|en|True|9.280|unknown|MegaTTS3|MegaTTS3|His eyes were somewhat dull and watery, and he had a moustache of long, hair-like feelers that curled stiffly at the ends.|-
./fake/en/MegaTTS3/skyisland_24_baum_64kb_f000054.wav|en_US/by_book/female/judy_bieber/sky_island/wavs/skyisland_24_baum_64kb_f000054.wav|en|True|6.160|unknown|MegaTTS3|MegaTTS3|Then she seated herself in an out-of-the-way place and quietly waited.|-
./fake/en/MegaTTS3/pink_fairy_book_32_f000076.wav|en_US/by_book/male/elliot_miller/pink_fairy_book/wavs/pink_fairy_book_32_f000076.wav|en|True|3.760|unknown|MegaTTS3|MegaTTS3|which had every second bristle of gold and of silver.|-
./fake/en/MegaTTS3/northandsouth_45_f000006.wav|en_US/by_book/female/mary_ann/northandsouth/wavs/northandsouth_45_f000006.wav|en|True|3.600|unknown|MegaTTS3|MegaTTS3|Ah! let me close my eyes and dream.|-
./fake/en/MegaTTS3/silent_bullet_10_f000056.wav|en_US/by_book/male/elliot_miller/silent_bullet/wavs/silent_bullet_10_f000056.wav|en|True|12.400|unknown|MegaTTS3|MegaTTS3|Norton took the cue. Now you newspaper men are the first that Ive allowed in here, he said. Can I trust your word of honour not to publish a line except such as I O.K. after you write it?|-
./fake/en/MegaTTS3/poisoned_pen_04_f000142.wav|en_US/by_book/male/elliot_miller/poisoned_pen/wavs/poisoned_pen_04_f000142.wav|en|True|8.960|unknown|MegaTTS3|MegaTTS3|Should he open the door and let this highly inflammable gas out or should he wait patiently until the natural ventilation of the little office had dispelled it?|-
./fake/en/MegaTTS3/northandsouth_43_f000032.wav|en_US/by_book/female/mary_ann/northandsouth/wavs/northandsouth_43_f000032.wav|en|True|12.640|unknown|MegaTTS3|MegaTTS3|Then as to dress, and Dixon, and personal expenses, and confectionery all young ladies eat confectionery till wisdom comes by age,|-
./fake/en/MegaTTS3/dorothy_and_wizard_oz_12_f000030.wav|en_US/by_book/female/judy_bieber/dorothy_and_wizard_oz/wavs/dorothy_and_wizard_oz_12_f000030.wav|en|True|2.720|unknown|MegaTTS3|MegaTTS3|yet all were strong and substantial.|-
./fake/en/MegaTTS3/jane_eyre_30_f000037.wav|en_UK/by_book/female/elizabeth_klett/jane_eyre/wavs/jane_eyre_30_f000037.wav|en|True|11.920|unknown|MegaTTS3|MegaTTS3|Mary would sit and watch me by the hour together: then she would take lessons; and a docile, intelligent, assiduous pupil she made.|-
./fake/en/MegaTTS3/silent_bullet_08_f000246.wav|en_US/by_book/male/elliot_miller/silent_bullet/wavs/silent_bullet_08_f000246.wav|en|True|6.640|unknown|MegaTTS3|MegaTTS3|We were all intent on what Craig was doing, especially Doctor Nott, who now broke in with a question.|-
./fake/en/MegaTTS3/jane_eyre_29_f000114.wav|en_UK/by_book/female/elizabeth_klett/jane_eyre/wavs/jane_eyre_29_f000114.wav|en|True|9.200|unknown|MegaTTS3|MegaTTS3|they had liked learning, all three, almost from the time they could speak; and they had always been of a mak of their own. Mister|-
./fake/en/MegaTTS3/northandsouth_51_f000023.wav|en_US/by_book/female/mary_ann/northandsouth/wavs/northandsouth_51_f000023.wav|en|True|4.080|unknown|MegaTTS3|MegaTTS3|you know-who is in London about some law business.|-
./fake/en/MegaTTS3/silent_bullet_12_f000175.wav|en_US/by_book/male/elliot_miller/silent_bullet/wavs/silent_bullet_12_f000175.wav|en|True|10.800|unknown|MegaTTS3|MegaTTS3|I gazed next intently at the electric lights. They became the sun itself in their steadiness, until I had to turn away my head and close my eyes.|-
./fake/en/MegaTTS3/northandsouth_35_f000253.wav|en_US/by_book/female/mary_ann/northandsouth/wavs/northandsouth_35_f000253.wav|en|True|9.600|unknown|MegaTTS3|MegaTTS3|that this knowledge would perpetually recur to trouble him, in various shapes of exaggeration and distortion from the simple truth.|-
./fake/en/MegaTTS3/pink_fairy_book_22_f000019.wav|en_US/by_book/male/elliot_miller/pink_fairy_book/wavs/pink_fairy_book_22_f000019.wav|en|True|7.520|unknown|MegaTTS3|MegaTTS3|But his heart was no softer than his brothers, and every man that was not a skilled workman was chased away with hard words.|-
./fake/en/MegaTTS3/northandsouth_38_f000021.wav|en_US/by_book/female/mary_ann/northandsouth/wavs/northandsouth_38_f000021.wav|en|True|3.360|unknown|MegaTTS3|MegaTTS3|He lashed himself into an agony of fierce jealousy.|-
./fake/en/MegaTTS3/wives_and_daughters_58_f000059.wav|en_UK/by_book/female/elizabeth_klett/wives_and_daughters/wavs/wives_and_daughters_58_f000059.wav|en|True|9.440|unknown|MegaTTS3|MegaTTS3|besides - it seems so long since I saw you, and I have a message from my father to give you. He is very angry with you.|-
./fake/en/MegaTTS3/silent_bullet_05_f000132.wav|en_US/by_book/male/elliot_miller/silent_bullet/wavs/silent_bullet_05_f000132.wav|en|True|18.560|unknown|MegaTTS3|MegaTTS3|The editor then waged even more confidential, for if I am anything at all, I am a good listener, and I have found that often by sitting tight and listening I can get more than if I were a too-eager questioner.|-
./fake/en/MegaTTS3/pink_fairy_book_07_f000021.wav|en_US/by_book/male/elliot_miller/pink_fairy_book/wavs/pink_fairy_book_07_f000021.wav|en|True|4.480|unknown|MegaTTS3|MegaTTS3|They sat close to each other, and he told her a story about her eyes.|-
./fake/en/MegaTTS3/wives_and_daughters_42_f000052.wav|en_UK/by_book/female/elizabeth_klett/wives_and_daughters/wavs/wives_and_daughters_42_f000052.wav|en|True|9.680|unknown|MegaTTS3|MegaTTS3|past the last cottage where a little child had tumbled down the sloping bank, and was publishing the accident with frightened cries.|-
./fake/en/MegaTTS3/northandsouth_40_f000232.wav|en_US/by_book/female/mary_ann/northandsouth/wavs/northandsouth_40_f000232.wav|en|True|12.400|unknown|MegaTTS3|MegaTTS3|They were very quiet and still for some minutes. But, on stroking her cheek in a caressing way soon after, he was almost shocked to find her face wet with tears.|-
./fake/en/MegaTTS3/silent_bullet_12_f000011.wav|en_US/by_book/male/elliot_miller/silent_bullet/wavs/silent_bullet_12_f000011.wav|en|True|12.160|unknown|MegaTTS3|MegaTTS3|With a hastily mumbled apology I checked myself and backed out toward my own room. I may as well confess that I did not retreat very fast, however.|-
./fake/en/MegaTTS3/silent_bullet_02_f000018.wav|en_US/by_book/male/elliot_miller/silent_bullet/wavs/silent_bullet_02_f000018.wav|en|True|9.440|unknown|MegaTTS3|MegaTTS3|After his man had told me the story I had a feeling that the murder was committed by either a Sicilian labourer on the links or a negro waiter at the club.|-
./fake/en/MegaTTS3/northandsouth_16_f000143.wav|en_US/by_book/female/mary_ann/northandsouth/wavs/northandsouth_16_f000143.wav|en|True|6.960|unknown|MegaTTS3|MegaTTS3|and I dare say master might, if hed just minded missus, and let the weary reading and thinking alone.|-
./fake/en/MegaTTS3/silent_bullet_04_f000222.wav|en_US/by_book/male/elliot_miller/silent_bullet/wavs/silent_bullet_04_f000222.wav|en|True|15.760|unknown|MegaTTS3|MegaTTS3|Kennedy paused to emphasise the statement, then continued. I am now going to ask doctor Leslie to give us a little talk on a recent discovery in the field of typhoid fever - you understand,|-
./fake/en/MegaTTS3/jane_eyre_06_f000048.wav|en_UK/by_book/female/elizabeth_klett/jane_eyre/wavs/jane_eyre_06_f000048.wav|en|True|14.160|unknown|MegaTTS3|MegaTTS3|the schoolroom felt warmer than in the morning - its fires being allowed to burn a little more brightly, to supply, in some measure, the place of candles, not yet introduced:|-
./fake/en/MegaTTS3/hunters_space_02_f000087.wav|en_US/by_book/male/elliot_miller/hunters_space/wavs/hunters_space_02_f000087.wav|en|True|9.360|unknown|MegaTTS3|MegaTTS3|His legs shattered, and infection setting in, the Neebling had crawled against the wall to die.|-
./fake/en/MegaTTS3/wives_and_daughters_15_f000152.wav|en_UK/by_book/female/elizabeth_klett/wives_and_daughters/wavs/wives_and_daughters_15_f000152.wav|en|True|5.200|unknown|MegaTTS3|MegaTTS3|on condition that his great-nephew remained with him during the rest of his life.|-
./fake/en/MegaTTS3/northandsouth_36_f000214.wav|en_US/by_book/female/mary_ann/northandsouth/wavs/northandsouth_36_f000214.wav|en|True|6.240|unknown|MegaTTS3|MegaTTS3|As Margaret and her father went slowly up the street, she paused at Higginss closed door.|-
./fake/en/MegaTTS3/ozma_of_oz_08_f000036.wav|en_US/by_book/female/judy_bieber/ozma_of_oz/wavs/ozma_of_oz_08_f000036.wav|en|True|13.840|unknown|MegaTTS3|MegaTTS3|All a mistake, my dear, protested the Lion gravely. To others I may have seemed brave, at times, but I have never been in any danger that I was not afraid.|-
./fake/en/MegaTTS3/midnight_passenger_11_f000155.wav|en_US/by_book/female/mary_ann/midnight_passenger/wavs/midnight_passenger_11_f000155.wav|en|True|7.760|unknown|MegaTTS3|MegaTTS3|Another such outbreak and you can say adieu forever to the woman whose life you have wrecked, whispered Boardman.|-
./fake/en/MegaTTS3/the_sea_fairies_03_f000017.wav|en_US/by_book/female/judy_bieber/the_sea_fairies/wavs/the_sea_fairies_03_f000017.wav|en|True|2.880|unknown|MegaTTS3|MegaTTS3|Green as em'ralds, Captain.|-
./fake/en/MegaTTS3/silent_bullet_13_f000041.wav|en_US/by_book/male/elliot_miller/silent_bullet/wavs/silent_bullet_13_f000041.wav|en|True|15.520|unknown|MegaTTS3|MegaTTS3|Kennedy, replied OConnor in the same reproachful tone with which he had addressed me, talk sense. Im in earnest. You know the Vesper Club is barred and barricaded like the National City Bank.|-
./fake/en/MegaTTS3/northandsouth_07_f000058.wav|en_US/by_book/female/mary_ann/northandsouth/wavs/northandsouth_07_f000058.wav|en|True|6.720|unknown|MegaTTS3|MegaTTS3|They went through their list, rejecting each as they visited it. Then they looked at each other in dismay.|-
./fake/en/MegaTTS3/jane_eyre_30_f000040.wav|en_UK/by_book/female/elizabeth_klett/jane_eyre/wavs/jane_eyre_30_f000040.wav|en|True|6.000|unknown|MegaTTS3|MegaTTS3|One reason of the distance yet observed between us was, that he was comparatively seldom at home:|-
./fake/en/MegaTTS3/silent_bullet_03_f000198.wav|en_US/by_book/male/elliot_miller/silent_bullet/wavs/silent_bullet_03_f000198.wav|en|True|13.520|unknown|MegaTTS3|MegaTTS3|Kennedy had never let his particular branch of science narrow him, but had made a practice of keeping abreast of all the important discoveries and methods in other fields.|-
./fake/en/MegaTTS3/hunters_space_08_f000063.wav|en_US/by_book/male/elliot_miller/hunters_space/wavs/hunters_space_08_f000063.wav|en|True|13.040|unknown|MegaTTS3|MegaTTS3|Again Nea's dark eyes flashed. Oh, once he was dead you thought very well of him. And as for resentment, isn't this whole trip being made because you resent Grim Hagen Ato's face was growing darker.|-
./fake/en/MegaTTS3/midnight_passenger_11_f000132.wav|en_US/by_book/female/mary_ann/midnight_passenger/wavs/midnight_passenger_11_f000132.wav|en|True|8.080|unknown|MegaTTS3|MegaTTS3|He could see her now, her face buried in her thin, white hands, the coronal of golden hair gleaming out over the black gown.|-
./fake/en/MegaTTS3/the_sea_fairies_04_f000043.wav|en_US/by_book/female/judy_bieber/the_sea_fairies/wavs/the_sea_fairies_04_f000043.wav|en|True|10.880|unknown|MegaTTS3|MegaTTS3|The child did not examine them very closely, for across the carpet of flowers loomed the magnificent and extensive palaces of the mermaids.|-
./fake/en/MegaTTS3/northandsouth_17_f000140.wav|en_US/by_book/female/mary_ann/northandsouth/wavs/northandsouth_17_f000140.wav|en|True|6.160|unknown|MegaTTS3|MegaTTS3|Manys the time Ive repeated the verses in the seventh chapter to myself, just for the sound.|-
./fake/en/MegaTTS3/pink_fairy_book_14_f000006.wav|en_US/by_book/male/elliot_miller/pink_fairy_book/wavs/pink_fairy_book_14_f000006.wav|en|True|9.280|unknown|MegaTTS3|MegaTTS3|It happened one time that he had gone out to fish in good weather, all alone in a little boat, but he did not come home that day, nor the following one,|-
./fake/en/MegaTTS3/jane_eyre_17_f000075.wav|en_UK/by_book/female/elizabeth_klett/jane_eyre/wavs/jane_eyre_17_f000075.wav|en|True|11.040|unknown|MegaTTS3|MegaTTS3|carpets were laid down, bed-hangings festooned, radiant white counterpanes spread, toilet tables arranged, furniture rubbed, flowers piled in vases:|-
./fake/en/MegaTTS3/wives_and_daughters_18_f000243.wav|en_UK/by_book/female/elizabeth_klett/wives_and_daughters/wavs/wives_and_daughters_18_f000243.wav|en|True|7.840|unknown|MegaTTS3|MegaTTS3|Osborne put on an indifferent manner to his father, which Molly felt sure was assumed; but it was not conciliatory for all that.|-
./fake/en/MegaTTS3/pink_fairy_book_40_f000084.wav|en_US/by_book/male/elliot_miller/pink_fairy_book/wavs/pink_fairy_book_40_f000084.wav|en|True|7.680|unknown|MegaTTS3|MegaTTS3|Therefore you must give your first basketful to your brother Peppe, as the price of his leave to put your ladder against the tree;|-
./fake/en/MegaTTS3/northandsouth_46_f000375.wav|en_US/by_book/female/mary_ann/northandsouth/wavs/northandsouth_46_f000375.wav|en|True|10.720|unknown|MegaTTS3|MegaTTS3|and especially with her father and mother, that if it were all to come over again, she should shrink back from such another visit as that which she had paid with mister Bell.|-
./fake/en/MegaTTS3/pink_fairy_book_17_f000023.wav|en_US/by_book/male/elliot_miller/pink_fairy_book/wavs/pink_fairy_book_17_f000023.wav|en|True|16.240|unknown|MegaTTS3|MegaTTS3|Ah! Ivan, Ivan, exclaimed Marie, trembling with joy, heaven has sent us a child at last! And she threw herself upon Snowflake for that was the snow-childs name and covered her with kisses.|-
./fake/en/MegaTTS3/the_master_key_20_f000083.wav|en_US/by_book/female/judy_bieber/the_master_key/wavs/the_master_key_20_f000083.wav|en|True|13.520|unknown|MegaTTS3|MegaTTS3|And, in the meanwhile, consider my helpless position, cut off from all interest in the world while I have such wonderful inventions on my hands for the benefit of mankind.|-
./fake/en/MegaTTS3/wives_and_daughters_50_f000058.wav|en_UK/by_book/female/elizabeth_klett/wives_and_daughters/wavs/wives_and_daughters_50_f000058.wav|en|True|5.760|unknown|MegaTTS3|MegaTTS3|And if he does, what have they to marry upon, I should like to know?|-
./fake/en/MegaTTS3/wives_and_daughters_38_f000091.wav|en_UK/by_book/female/elizabeth_klett/wives_and_daughters/wavs/wives_and_daughters_38_f000091.wav|en|True|4.800|unknown|MegaTTS3|MegaTTS3|By this time Missis Goodenough gave evident signs of being tired;|-
./fake/en/MegaTTS3/pink_fairy_book_12_f000120.wav|en_US/by_book/male/elliot_miller/pink_fairy_book/wavs/pink_fairy_book_12_f000120.wav|en|True|8.320|unknown|MegaTTS3|MegaTTS3|What! Do you think you have? cried the little girl, and she almost squeezed the crow to death as she kissed him.|-
./fake/en/MegaTTS3/northandsouth_31_f000164.wav|en_US/by_book/female/mary_ann/northandsouth/wavs/northandsouth_31_f000164.wav|en|True|9.600|unknown|MegaTTS3|MegaTTS3|but you ought not to let her ally herself to one under such a serious charge, without showing the world exactly how it is you stand.|-
./fake/en/MegaTTS3/wives_and_daughters_36_f000092.wav|en_UK/by_book/female/elizabeth_klett/wives_and_daughters/wavs/wives_and_daughters_36_f000092.wav|en|True|6.560|unknown|MegaTTS3|MegaTTS3|I don't think she did take it coolly; I believe I don't quite understand her either, but I love her dearly all the same.|-
./fake/en/MegaTTS3/piratesofersatz_01_leinster_64kb_f000181.wav|en_US/by_book/male/elliot_miller/pirates_of_ersatz/wavs/piratesofersatz_01_leinster_64kb_f000181.wav|en|True|8.720|unknown|MegaTTS3|MegaTTS3|Very shortly before nightfall he performed certain cryptic actions. He unraveled threads from his shirt and put them aside.|-
./fake/en/MegaTTS3/jane_eyre_29_f000008.wav|en_UK/by_book/female/elizabeth_klett/jane_eyre/wavs/jane_eyre_29_f000008.wav|en|True|6.560|unknown|MegaTTS3|MegaTTS3|I took no note of the lapse of time - of the change from morning to noon, from noon to evening.|-
./fake/en/MegaTTS3/the_sea_fairies_21_f000020.wav|en_US/by_book/female/judy_bieber/the_sea_fairies/wavs/the_sea_fairies_21_f000020.wav|en|True|4.400|unknown|MegaTTS3|MegaTTS3|I really ought to say goodbye to Brother Joe, observed the sailor man.|-
./fake/en/MegaTTS3/poisoned_pen_04_f000167.wav|en_US/by_book/male/elliot_miller/poisoned_pen/wavs/poisoned_pen_04_f000167.wav|en|True|14.640|unknown|MegaTTS3|MegaTTS3|Next day McCormick dropped in to see us again. This time he had another note, a disguised scrawl which read: Chief I'm not through. Watch me get another store yet.|-
./fake/en/MegaTTS3/wives_and_daughters_45_f000163.wav|en_UK/by_book/female/elizabeth_klett/wives_and_daughters/wavs/wives_and_daughters_45_f000163.wav|en|True|7.840|unknown|MegaTTS3|MegaTTS3|She will be sorry to miss you. We were speaking of you only yesterday, and she said how long it was since we had seen you.|-
./fake/en/MegaTTS3/jane_eyre_13_f000188.wav|en_UK/by_book/female/elizabeth_klett/jane_eyre/wavs/jane_eyre_13_f000188.wav|en|True|7.840|unknown|MegaTTS3|MegaTTS3|and an eye hollow and fixed, blank of meaning but for the glassiness of despair, alone were visible.|-
./fake/en/MegaTTS3/midnight_passenger_06_f000218.wav|en_US/by_book/female/mary_ann/midnight_passenger/wavs/midnight_passenger_06_f000218.wav|en|True|6.720|unknown|MegaTTS3|MegaTTS3|His hand was on the carriage door when his glances fell upon the questioning face of Emil Einstein.|-
./fake/en/MegaTTS3/the_master_key_05_f000005.wav|en_US/by_book/female/judy_bieber/the_master_key/wavs/the_master_key_05_f000005.wav|en|True|3.920|unknown|MegaTTS3|MegaTTS3|It's the ocean, of course, he said to himself.|-
./fake/en/MegaTTS3/pink_fairy_book_32_f000038.wav|en_US/by_book/male/elliot_miller/pink_fairy_book/wavs/pink_fairy_book_32_f000038.wav|en|True|9.440|unknown|MegaTTS3|MegaTTS3|All the eleven assured him that they had never said anything of the kind, and they did not believe that such a dove existed in the whole world.|-
./fake/en/MegaTTS3/pink_fairy_book_41_f000025.wav|en_US/by_book/male/elliot_miller/pink_fairy_book/wavs/pink_fairy_book_41_f000025.wav|en|True|13.280|unknown|MegaTTS3|MegaTTS3|And Don Giovanni followed him, and an agreement was drawn up by which the house was to be sold at once, and a large sum of money paid down in eight days.|-
./fake/en/MegaTTS3/wives_and_daughters_21_f000224.wav|en_UK/by_book/female/elizabeth_klett/wives_and_daughters/wavs/wives_and_daughters_21_f000224.wav|en|True|4.640|unknown|MegaTTS3|MegaTTS3|Missis Gibson coloured, and looked at Cynthia before she replied.|-
./fake/en/MegaTTS3/rinkitink_baum_07_64kb_f000021.wav|en_US/by_book/female/judy_bieber/rinkitink_in_oz/wavs/rinkitink_baum_07_64kb_f000021.wav|en|True|7.680|unknown|MegaTTS3|MegaTTS3|In this way it was easy to pass from one island to the other and in times of danger the bridge could be quickly removed.|-
./fake/en/MegaTTS3/wives_and_daughters_60_f000117.wav|en_UK/by_book/female/elizabeth_klett/wives_and_daughters/wavs/wives_and_daughters_60_f000117.wav|en|True|7.200|unknown|MegaTTS3|MegaTTS3|Now by being in lodgings, and having her own servants - nice pretty rooms they are, too;|-
./fake/en/MegaTTS3/jane_eyre_24_f000066.wav|en_UK/by_book/female/elizabeth_klett/jane_eyre/wavs/jane_eyre_24_f000066.wav|en|True|8.800|unknown|MegaTTS3|MegaTTS3|I laughed at him as he said this. I am not an angel, I asserted; and I will not be one till I die: I will be myself.|-
./fake/en/MegaTTS3/wives_and_daughters_01_f000057.wav|en_UK/by_book/female/elizabeth_klett/wives_and_daughters/wavs/wives_and_daughters_01_f000057.wav|en|True|5.040|unknown|MegaTTS3|MegaTTS3|she was glad to enlist the sympathy of the Hollingford ladies in this school,|-
./fake/en/MegaTTS3/the_master_key_05_f000127.wav|en_US/by_book/female/judy_bieber/the_master_key/wavs/the_master_key_05_f000127.wav|en|True|12.160|unknown|MegaTTS3|MegaTTS3|So he muttered some orders to the man next him, who wriggled along the ground until he had reached a position behind Rob, when he rose and pricked the suspended god with the point of his spear.|-
./fake/en/MegaTTS3/wives_and_daughters_11_f000148.wav|en_UK/by_book/female/elizabeth_klett/wives_and_daughters/wavs/wives_and_daughters_11_f000148.wav|en|True|12.400|unknown|MegaTTS3|MegaTTS3|It has been very charming having you all to myself, but I know Lady Cumnor will be expecting us now, and she was very curious to see you, - my future daughter, as she calls you.|-
./fake/en/MegaTTS3/northandsouth_35_f000217.wav|en_US/by_book/female/mary_ann/northandsouth/wavs/northandsouth_35_f000217.wav|en|True|9.200|unknown|MegaTTS3|MegaTTS3|But these may be only lawyers dodges. I have just caught a packet on the point of sailing-I am off in five minutes.|-
./fake/en/MegaTTS3/northandsouth_48_f000043.wav|en_US/by_book/female/mary_ann/northandsouth/wavs/northandsouth_48_f000043.wav|en|True|6.960|unknown|MegaTTS3|MegaTTS3|Im sure he would much rather come and dine with us quite alone than with the most agreeable strangers you could pick up.|-
./fake/en/MegaTTS3/silent_bullet_04_f000076.wav|en_US/by_book/male/elliot_miller/silent_bullet/wavs/silent_bullet_04_f000076.wav|en|True|11.280|unknown|MegaTTS3|MegaTTS3|His apartment and his country home were models. No sanitarium could have been more punctilious. He lived what one of his friends called an antiseptic life.|-
./fake/en/MegaTTS3/midnight_passenger_14_f000180.wav|en_US/by_book/female/mary_ann/midnight_passenger/wavs/midnight_passenger_14_f000180.wav|en|True|8.640|unknown|MegaTTS3|MegaTTS3|The whole crime seemed to be now cleared up from the frank confessions of Leah Einstein and the unknown Magyar beauty.|-
./fake/en/MegaTTS3/northandsouth_50_f000042.wav|en_US/by_book/female/mary_ann/northandsouth/wavs/northandsouth_50_f000042.wav|en|True|11.280|unknown|MegaTTS3|MegaTTS3|simply because it led him into such close contact, and gave him the opportunity of so much power, among a race of people strange, shrewd, ignorant;|-
./fake/en/MegaTTS3/northandsouth_16_f000023.wav|en_US/by_book/female/mary_ann/northandsouth/wavs/northandsouth_16_f000023.wav|en|True|11.760|unknown|MegaTTS3|MegaTTS3|What is the matter with mamma? You will oblige me by telling the simple truth. Then, seeing a slight hesitation on the doctors part, she added-|-
./fake/en/MegaTTS3/jane_eyre_16_f000196.wav|en_UK/by_book/female/elizabeth_klett/jane_eyre/wavs/jane_eyre_16_f000196.wav|en|True|6.960|unknown|MegaTTS3|MegaTTS3|I'll do it, I resolved: and having framed this determination, I grew calm, and fell asleep.|-
./fake/en/MegaTTS3/the_sea_fairies_05_f000036.wav|en_US/by_book/female/judy_bieber/the_sea_fairies/wavs/the_sea_fairies_05_f000036.wav|en|True|2.640|unknown|MegaTTS3|MegaTTS3|I candt say exactly.|-
./fake/en/MegaTTS3/wives_and_daughters_54_f000206.wav|en_UK/by_book/female/elizabeth_klett/wives_and_daughters/wavs/wives_and_daughters_54_f000206.wav|en|True|6.400|unknown|MegaTTS3|MegaTTS3|Very foolish, said Mister Gibson, echoing his wife's words, but smiling at Cynthia.|-
./fake/en/MegaTTS3/silent_bullet_10_f000233.wav|en_US/by_book/male/elliot_miller/silent_bullet/wavs/silent_bullet_10_f000233.wav|en|True|10.000|unknown|MegaTTS3|MegaTTS3|He threw off all disguise now and with authority from Norton directed the repairing of the machine. Fortunately it was in pretty good condition.|-
./fake/en/MegaTTS3/wives_and_daughters_03_f000122.wav|en_UK/by_book/female/elizabeth_klett/wives_and_daughters/wavs/wives_and_daughters_03_f000122.wav|en|True|12.080|unknown|MegaTTS3|MegaTTS3|was vehemently opposed to any division of her authority and influence over the child who had been her charge, her plague, and her delight ever since Missis Gibson's death.|-
./fake/en/MegaTTS3/pink_fairy_book_34_f000084.wav|en_US/by_book/male/elliot_miller/pink_fairy_book/wavs/pink_fairy_book_34_f000084.wav|en|True|2.640|unknown|MegaTTS3|MegaTTS3|He is in the serpent-pit.|-
./fake/en/MegaTTS3/jane_eyre_19_f000085.wav|en_UK/by_book/female/elizabeth_klett/jane_eyre/wavs/jane_eyre_19_f000085.wav|en|True|6.640|unknown|MegaTTS3|MegaTTS3|No; but I can scarcely see what Mister Rochester has to do with the theme you had introduced.|-
./fake/en/MegaTTS3/jane_eyre_17_f000161.wav|en_UK/by_book/female/elizabeth_klett/jane_eyre/wavs/jane_eyre_17_f000161.wav|en|True|3.680|unknown|MegaTTS3|MegaTTS3|and he replied, in his quick way - Nonsense!|-
./fake/en/MegaTTS3/rinkitink_baum_13_64kb_f000052.wav|en_US/by_book/female/judy_bieber/rinkitink_in_oz/wavs/rinkitink_baum_13_64kb_f000052.wav|en|True|2.400|unknown|MegaTTS3|MegaTTS3|quickly placing it upon his own.|-
./fake/en/MegaTTS3/ozma_of_oz_06_f000034.wav|en_US/by_book/female/judy_bieber/ozma_of_oz/wavs/ozma_of_oz_06_f000034.wav|en|True|6.480|unknown|MegaTTS3|MegaTTS3|The Wheeler burst into a flood of tears, to Dorothy's great surprise.|-
./fake/en/MegaTTS3/wives_and_daughters_10_f000281.wav|en_UK/by_book/female/elizabeth_klett/wives_and_daughters/wavs/wives_and_daughters_10_f000281.wav|en|True|3.600|unknown|MegaTTS3|MegaTTS3|But he meant her to perceive that he should not leave her;|-
./fake/en/MegaTTS3/the_sea_fairies_06_f000073.wav|en_US/by_book/female/judy_bieber/the_sea_fairies/wavs/the_sea_fairies_06_f000073.wav|en|True|13.680|unknown|MegaTTS3|MegaTTS3|They seemed to have neither heads, eyes nor ears, yet it was easy to see they were alive and able to float in any direction they wished to go.|-
./fake/en/MegaTTS3/midnight_passenger_13_f000128.wav|en_US/by_book/female/mary_ann/midnight_passenger/wavs/midnight_passenger_13_f000128.wav|en|True|12.480|unknown|MegaTTS3|MegaTTS3|At last, as the tiger springs upon its prey, McNerney leaped out of his hiding place, for the sobbing woman had turned alone toward the East River.|-
./fake/en/MegaTTS3/wives_and_daughters_25_f000146.wav|en_UK/by_book/female/elizabeth_klett/wives_and_daughters/wavs/wives_and_daughters_25_f000146.wav|en|True|10.640|unknown|MegaTTS3|MegaTTS3|and Cynthia was desirous of setting off Molly's rather peculiar charms - her cream-coloured skin, her profusion of curly black hair,|-
./fake/en/MegaTTS3/dorothy_and_wizard_oz_03_f000120.wav|en_US/by_book/female/judy_bieber/dorothy_and_wizard_oz/wavs/dorothy_and_wizard_oz_03_f000120.wav|en|True|10.960|unknown|MegaTTS3|MegaTTS3|Because I am going to stop your breath, was the reply. I perceive that you are curiously constructed, and that if you cannot breathe you cannot keep alive.|-
./fake/en/MegaTTS3/jane_eyre_37_f000278.wav|en_UK/by_book/female/elizabeth_klett/jane_eyre/wavs/jane_eyre_37_f000278.wav|en|True|6.320|unknown|MegaTTS3|MegaTTS3|I never thought of it, before; but you certainly are rather like Vulcan, sir.|-
./fake/en/MegaTTS3/rinkitink_baum_23_64kb_f000012.wav|en_US/by_book/female/judy_bieber/rinkitink_in_oz/wavs/rinkitink_baum_23_64kb_f000012.wav|en|True|5.200|unknown|MegaTTS3|MegaTTS3|There they found the boat with the silver lining still lying undisturbed on the beach.|-
./fake/en/MegaTTS3/northandsouth_28_f000059.wav|en_US/by_book/female/mary_ann/northandsouth/wavs/northandsouth_28_f000059.wav|en|True|9.840|unknown|MegaTTS3|MegaTTS3|The voice in which she spoke was very low and solemn; but there was no fear or doubt expressed in it, either of him or of his compliance.|-
./fake/en/MegaTTS3/midnight_passenger_06_f000005.wav|en_US/by_book/female/mary_ann/midnight_passenger/wavs/midnight_passenger_06_f000005.wav|en|True|8.640|unknown|MegaTTS3|MegaTTS3|A couple of wandering peris gazed wishfully at the hand bundle carefully enveloped in silvery tissue paper.|-
./fake/en/MegaTTS3/silent_bullet_09_f000278.wav|en_US/by_book/male/elliot_miller/silent_bullet/wavs/silent_bullet_09_f000278.wav|en|True|7.120|unknown|MegaTTS3|MegaTTS3|Yes, and then the body was found in the midst of combustible furniture that was not touched.|-
./fake/en/MegaTTS3/silent_bullet_04_f000223.wav|en_US/by_book/male/elliot_miller/silent_bullet/wavs/silent_bullet_04_f000223.wav|en|True|3.440|unknown|MegaTTS3|MegaTTS3|Commissioner, what I mean, I believe?|-
./fake/en/MegaTTS3/jane_eyre_16_f000105.wav|en_UK/by_book/female/elizabeth_klett/jane_eyre/wavs/jane_eyre_16_f000105.wav|en|True|9.440|unknown|MegaTTS3|MegaTTS3|darkness only came in through the window. Still it was not late; he often sent for me at seven and eight o'clock, and it was yet but six.|-
./fake/en/MegaTTS3/northandsouth_28_f000190.wav|en_US/by_book/female/mary_ann/northandsouth/wavs/northandsouth_28_f000190.wav|en|True|5.760|unknown|MegaTTS3|MegaTTS3|-folk whove had time to think on these things,-while my time has had to be gien up to getting my bread.|-
./fake/en/MegaTTS3/the_sea_fairies_11_f000023.wav|en_US/by_book/female/judy_bieber/the_sea_fairies/wavs/the_sea_fairies_11_f000023.wav|en|True|2.640|unknown|MegaTTS3|MegaTTS3|I think it will be wise to retreat.|-
./fake/en/MegaTTS3/wives_and_daughters_09_f000170.wav|en_UK/by_book/female/elizabeth_klett/wives_and_daughters/wavs/wives_and_daughters_09_f000170.wav|en|True|8.160|unknown|MegaTTS3|MegaTTS3|But once Missis Kirkpatrick came upon a sentence in a letter from Lord Cumnor, which she was reading out loud to his wife,|-
./fake/en/MegaTTS3/skyisland_15_baum_64kb_f000023.wav|en_US/by_book/female/judy_bieber/sky_island/wavs/skyisland_15_baum_64kb_f000023.wav|en|True|10.640|unknown|MegaTTS3|MegaTTS3|Let's fly! cried the parrot, turning his head so that one bright little eye looked directly into the girl's eye. Say goodbye and let's fly through the sky, far and high!|-
./fake/en/MegaTTS3/northandsouth_42_f000202.wav|en_US/by_book/female/mary_ann/northandsouth/wavs/northandsouth_42_f000202.wav|en|True|12.160|unknown|MegaTTS3|MegaTTS3|and for some time, whenever that especial dinner recurred in their dietary, I was sure to be met by these men, with a Master, theres hot-pot for dinner to-day, win yo come?|-
./fake/en/MegaTTS3/northandsouth_19_f000082.wav|en_US/by_book/female/mary_ann/northandsouth/wavs/northandsouth_19_f000082.wav|en|True|8.960|unknown|MegaTTS3|MegaTTS3|But if yo ask me to cool yor tongue wi the tip of my finger, Ill come across the great gulf to yo just for the thought o what yove been to me here.|-
./fake/en/MegaTTS3/northandsouth_21_f000111.wav|en_US/by_book/female/mary_ann/northandsouth/wavs/northandsouth_21_f000111.wav|en|True|12.880|unknown|MegaTTS3|MegaTTS3|She was restless and uncomfortable in every position, and before night she became very feverish. mister Hale was utterly listless, and incapable of deciding on anything.|-
./fake/en/MegaTTS3/pink_fairy_book_17_f000016.wav|en_US/by_book/male/elliot_miller/pink_fairy_book/wavs/pink_fairy_book_17_f000016.wav|en|True|3.920|unknown|MegaTTS3|MegaTTS3|What in the world are you doing? asked a passer-by.|-
./fake/en/MegaTTS3/pink_fairy_book_36_f000136.wav|en_US/by_book/male/elliot_miller/pink_fairy_book/wavs/pink_fairy_book_36_f000136.wav|en|True|14.800|unknown|MegaTTS3|MegaTTS3|The queen had only one nut left now, but even that she was ready to give up in order to deliver the man. This time she cracked the nut as soon as she came near the place where the spirits appeared,|-
./fake/en/MegaTTS3/rinkitink_baum_13_64kb_f000067.wav|en_US/by_book/female/judy_bieber/rinkitink_in_oz/wavs/rinkitink_baum_13_64kb_f000067.wav|en|True|11.760|unknown|MegaTTS3|MegaTTS3|Inga quickly removed all the shackles from the women of his country and comforted them, telling them they should work no more but would soon be restored to their homes in Pingaree.|-
./fake/en/MegaTTS3/jane_eyre_14_f000157.wav|en_UK/by_book/female/elizabeth_klett/jane_eyre/wavs/jane_eyre_14_f000157.wav|en|True|14.240|unknown|MegaTTS3|MegaTTS3|I was your equal at eighteen - quite your equal. Nature meant me to be, on the whole, a good man, Miss Eyre; one of the better kind, and you see I am not so.|-
./fake/en/MegaTTS3/silent_bullet_10_f000301.wav|en_US/by_book/male/elliot_miller/silent_bullet/wavs/silent_bullet_10_f000301.wav|en|True|11.600|unknown|MegaTTS3|MegaTTS3|Two burly Pinkertons leaped forward gingerly into the midst of the electrical apparatus, and in less time than it takes to write it Lamar was hustled out to the doorway,|-
./fake/en/MegaTTS3/piratesofersatz_11_leinster_64kb_f000128.wav|en_US/by_book/male/elliot_miller/pirates_of_ersatz/wavs/piratesofersatz_11_leinster_64kb_f000128.wav|en|True|10.000|unknown|MegaTTS3|MegaTTS3|Girls watched them with round, frightened, fascinated eyes. Younger men found it vastly thrilling to carry burdens of loot back to the pirate ship for them.|-
./fake/en/MegaTTS3/dorothy_and_wizard_oz_16_f000072.wav|en_US/by_book/female/judy_bieber/dorothy_and_wizard_oz/wavs/dorothy_and_wizard_oz_16_f000072.wav|en|True|4.960|unknown|MegaTTS3|MegaTTS3|treading so lightly that they were upon him before he was aware of their presence.|-
./fake/en/MegaTTS3/ozma_of_oz_12_f000016.wav|en_US/by_book/female/judy_bieber/ozma_of_oz/wavs/ozma_of_oz_12_f000016.wav|en|True|12.800|unknown|MegaTTS3|MegaTTS3|and the entire palace was lighted by a mysterious rosy glow that seemed to come from no particular place but flooded each apartment with its soft and pleasing radiance.|-
./fake/en/MegaTTS3/skyisland_15_baum_64kb_f000088.wav|en_US/by_book/female/judy_bieber/sky_island/wavs/skyisland_15_baum_64kb_f000088.wav|en|True|11.920|unknown|MegaTTS3|MegaTTS3|We have decided there are but two things for us do to: either permit you to remain here as honored guests or take you to an edge of the island and throw you over the bushes into the sky.|-
./fake/en/MegaTTS3/northandsouth_44_f000077.wav|en_US/by_book/female/mary_ann/northandsouth/wavs/northandsouth_44_f000077.wav|en|True|7.280|unknown|MegaTTS3|MegaTTS3|Yes, replied mister Bell. You knew him formerly, didnt you? What sort of a person is he, Margaret?|-
./fake/en/MegaTTS3/pink_fairy_book_41_f000043.wav|en_US/by_book/male/elliot_miller/pink_fairy_book/wavs/pink_fairy_book_41_f000043.wav|en|True|11.040|unknown|MegaTTS3|MegaTTS3|But when it came, and the princess saw the horrible figure, she screamed out, What! marry this dirty beggar? Never, never!|-
./fake/en/MegaTTS3/jane_eyre_19_f000066.wav|en_UK/by_book/female/elizabeth_klett/jane_eyre/wavs/jane_eyre_19_f000066.wav|en|True|7.040|unknown|MegaTTS3|MegaTTS3|Is there not one face you study? one figure whose movements you follow with at least curiosity?|-
./fake/en/MegaTTS3/silent_bullet_12_f000244.wav|en_US/by_book/male/elliot_miller/silent_bullet/wavs/silent_bullet_12_f000244.wav|en|True|12.480|unknown|MegaTTS3|MegaTTS3|He is dead! she gasped as she swayed backward and I caught her. With Kennedys help I carried her, limp and unconscious, across the room, and placed her in a deep armchair.|-
./fake/en/MegaTTS3/wives_and_daughters_23_f000087.wav|en_UK/by_book/female/elizabeth_klett/wives_and_daughters/wavs/wives_and_daughters_23_f000087.wav|en|True|6.720|unknown|MegaTTS3|MegaTTS3|When Roger came home Osborne did not let a day pass before telling his brother of his plans.|-
./fake/en/MegaTTS3/dorothy_and_wizard_oz_09_f000078.wav|en_US/by_book/female/judy_bieber/dorothy_and_wizard_oz/wavs/dorothy_and_wizard_oz_09_f000078.wav|en|True|2.800|unknown|MegaTTS3|MegaTTS3|You cannot escape the bears that way.|-
./fake/en/MegaTTS3/wives_and_daughters_60_f000242.wav|en_UK/by_book/female/elizabeth_klett/wives_and_daughters/wavs/wives_and_daughters_60_f000242.wav|en|True|8.240|unknown|MegaTTS3|MegaTTS3|But the fact is, in this generation there are so many more rich young men than there were when I was a girl.|-
./fake/en/MegaTTS3/pink_fairy_book_38_f000048.wav|en_US/by_book/male/elliot_miller/pink_fairy_book/wavs/pink_fairy_book_38_f000048.wav|en|True|8.640|unknown|MegaTTS3|MegaTTS3|Between his fright and his hurry he was almost dead of exhaustion when he reached his own village, where the nyamatsanes could not follow him,|-
./fake/en/MegaTTS3/poisoned_pen_02_f000070.wav|en_US/by_book/male/elliot_miller/poisoned_pen/wavs/poisoned_pen_02_f000070.wav|en|True|9.520|unknown|MegaTTS3|MegaTTS3|Still, with the true persistency of his kind, he probably repeated the dose, using more and more of the soup until the joint was stretched a little,|-
./fake/en/MegaTTS3/wives_and_daughters_08_f000060.wav|en_UK/by_book/female/elizabeth_klett/wives_and_daughters/wavs/wives_and_daughters_08_f000060.wav|en|True|12.480|unknown|MegaTTS3|MegaTTS3|Osborne himself seemed so sure of it, that the squire can't understand it, and is seriously angry, and growing more so the more he talks about it.|-
./fake/en/MegaTTS3/northandsouth_32_f000002.wav|en_US/by_book/female/mary_ann/northandsouth/wavs/northandsouth_32_f000002.wav|en|True|2.480|unknown|MegaTTS3|MegaTTS3|What! remain to be|-
./fake/en/MegaTTS3/wives_and_daughters_35_f000039.wav|en_UK/by_book/female/elizabeth_klett/wives_and_daughters/wavs/wives_and_daughters_35_f000039.wav|en|True|8.880|unknown|MegaTTS3|MegaTTS3|Never mind the glass. I ask you again, Hyacinth, who told you anything about Osborne Hamley's state of health?|-
./fake/en/MegaTTS3/the_sea_fairies_03_f000149.wav|en_US/by_book/female/judy_bieber/the_sea_fairies/wavs/the_sea_fairies_03_f000149.wav|en|True|2.960|unknown|MegaTTS3|MegaTTS3|Oh, 'bout two mile, he answered.|-
./fake/en/MegaTTS3/poisoned_pen_08_f000017.wav|en_US/by_book/male/elliot_miller/poisoned_pen/wavs/poisoned_pen_08_f000017.wav|en|True|3.040|unknown|MegaTTS3|MegaTTS3|called the By-Products Bank.|-
./fake/en/MegaTTS3/skyisland_27_baum_64kb_f000011.wav|en_US/by_book/female/judy_bieber/sky_island/wavs/skyisland_27_baum_64kb_f000011.wav|en|True|10.880|unknown|MegaTTS3|MegaTTS3|I'd like to help you, said he, but nothing will ever induce me to marry one of those snubnoses. They're very pretty for Blueskins, said Trot.|-
./fake/en/MegaTTS3/midnight_passenger_14_f000025.wav|en_US/by_book/female/mary_ann/midnight_passenger/wavs/midnight_passenger_14_f000025.wav|en|True|11.200|unknown|MegaTTS3|MegaTTS3|He had papers and secrets which might ruin his uncle, and a discovery of the hidden relations with Hugh would gravely affect our company's commanding position.|-
./fake/en/MegaTTS3/piratesofersatz_09_leinster_64kb_f000063.wav|en_US/by_book/male/elliot_miller/pirates_of_ersatz/wavs/piratesofersatz_09_leinster_64kb_f000063.wav|en|True|2.560|unknown|MegaTTS3|MegaTTS3|none of whom could handle it alone.|-
./fake/en/MegaTTS3/midnight_passenger_14_f000093.wav|en_US/by_book/female/mary_ann/midnight_passenger/wavs/midnight_passenger_14_f000093.wav|en|True|8.640|unknown|MegaTTS3|MegaTTS3|Was it fancy, or did McNerney see a grim, human face glaring out of the window of a round tower at the angle of the facade?|-
./fake/en/MegaTTS3/pink_fairy_book_02_f000027.wav|en_US/by_book/male/elliot_miller/pink_fairy_book/wavs/pink_fairy_book_02_f000027.wav|en|True|7.840|unknown|MegaTTS3|MegaTTS3|dragon! dragon! if anyone asks you what has become of your horse, you can say that I have got him!|-
./fake/en/MegaTTS3/jane_eyre_04_f000179.wav|en_UK/by_book/female/elizabeth_klett/jane_eyre/wavs/jane_eyre_04_f000179.wav|en|True|7.280|unknown|MegaTTS3|MegaTTS3|and, said she, they looked at my dress and mama's, as if they had never seen a silk gown before.|-
./fake/en/MegaTTS3/the_sea_fairies_12_f000044.wav|en_US/by_book/female/judy_bieber/the_sea_fairies/wavs/the_sea_fairies_12_f000044.wav|en|True|13.440|unknown|MegaTTS3|MegaTTS3|Goldfish and silverfish darted here and there among the foliage, and the whole scene was so pretty and peaceful that Trot began to doubt there was any danger lurking in such a lovely place.|-
./fake/en/MegaTTS3/skyisland_09_baum_64kb_f000022.wav|en_US/by_book/female/judy_bieber/sky_island/wavs/skyisland_09_baum_64kb_f000022.wav|en|True|11.920|unknown|MegaTTS3|MegaTTS3|Dare to disobey us and you will quickly find out, snapped Indigo, swaying her head from side to side on its long, swan-like neck like the pendulum of a clock.|-
./fake/en/MegaTTS3/poisoned_pen_11_f000090.wav|en_US/by_book/male/elliot_miller/poisoned_pen/wavs/poisoned_pen_11_f000090.wav|en|True|9.040|unknown|MegaTTS3|MegaTTS3|GRACE MARTIN. - Information wanted about the present whereabouts of Missis Grace Martin, formerly Grace Haswell of Brooklyn.|-
./fake/en/MegaTTS3/jane_eyre_37_f000109.wav|en_UK/by_book/female/elizabeth_klett/jane_eyre/wavs/jane_eyre_37_f000109.wav|en|True|8.000|unknown|MegaTTS3|MegaTTS3|And you do not lie dead in some ditch under some stream? And you are not a pining outcast amongst strangers?|-
./fake/en/MegaTTS3/ozma_of_oz_08_f000021.wav|en_US/by_book/female/judy_bieber/ozma_of_oz/wavs/ozma_of_oz_08_f000021.wav|en|True|3.600|unknown|MegaTTS3|MegaTTS3|Then why don't you eat something? she asked.|-
./fake/en/MegaTTS3/wives_and_daughters_10_f000028.wav|en_UK/by_book/female/elizabeth_klett/wives_and_daughters/wavs/wives_and_daughters_10_f000028.wav|en|True|4.480|unknown|MegaTTS3|MegaTTS3|Cynthia remembers you with so much - affection, I may say.|-
./fake/en/MegaTTS3/wives_and_daughters_40_f000018.wav|en_UK/by_book/female/elizabeth_klett/wives_and_daughters/wavs/wives_and_daughters_40_f000018.wav|en|True|7.760|unknown|MegaTTS3|MegaTTS3|You, at any rate, have been a new delight to me - a sister; and I never knew how charming such a relationship could be.|-
./fake/en/MegaTTS3/wives_and_daughters_41_f000042.wav|en_UK/by_book/female/elizabeth_klett/wives_and_daughters/wavs/wives_and_daughters_41_f000042.wav|en|True|11.680|unknown|MegaTTS3|MegaTTS3|more frequently plaintive or discontented in tone than cheerful, and which at the end conveyed no distinct impression of either the speaker's thought or feeling.|-
./fake/en/MegaTTS3/jane_eyre_31_f000066.wav|en_UK/by_book/female/elizabeth_klett/jane_eyre/wavs/jane_eyre_31_f000066.wav|en|True|10.800|unknown|MegaTTS3|MegaTTS3|What you had left before I saw you, of course I do not know; but I counsel you to resist firmly every temptation which would incline you to look back:|-
./fake/en/MegaTTS3/hunters_space_15_f000073.wav|en_US/by_book/male/elliot_miller/hunters_space/wavs/hunters_space_15_f000073.wav|en|True|7.840|unknown|MegaTTS3|MegaTTS3|Meanwhile, Ato's guns were going out. The last became a white torch when a magnesium blob struck it.|-
./fake/en/MegaTTS3/the_sea_fairies_19_f000036.wav|en_US/by_book/female/judy_bieber/the_sea_fairies/wavs/the_sea_fairies_19_f000036.wav|en|True|6.880|unknown|MegaTTS3|MegaTTS3|I candt save you, dear little mate, he said sadly, but we've lived a long time together, and now we'll die together.|-
./fake/en/MegaTTS3/poisoned_pen_08_f000144.wav|en_US/by_book/male/elliot_miller/poisoned_pen/wavs/poisoned_pen_08_f000144.wav|en|True|6.880|unknown|MegaTTS3|MegaTTS3|The quick pace at which he crossed the campus to the Chemistry Building told me that he had decided on something.|-
./fake/en/MegaTTS3/silent_bullet_12_f000243.wav|en_US/by_book/male/elliot_miller/silent_bullet/wavs/silent_bullet_12_f000243.wav|en|True|8.640|unknown|MegaTTS3|MegaTTS3|In an instant her face was drawn and pale, and the receiver fell clattering to the hard-wood floor from her nerveless fingers.|-
./fake/en/MegaTTS3/ozma_of_oz_09_f000030.wav|en_US/by_book/female/judy_bieber/ozma_of_oz/wavs/ozma_of_oz_09_f000030.wav|en|True|11.680|unknown|MegaTTS3|MegaTTS3|For the reason that we often steal his treasures, continued Ozma, the Ruler of the Underground World is not fond of those who live upon the earth's surface, and never appears among us.|-
./fake/en/MegaTTS3/pink_fairy_book_13_f000108.wav|en_US/by_book/male/elliot_miller/pink_fairy_book/wavs/pink_fairy_book_13_f000108.wav|en|True|3.840|unknown|MegaTTS3|MegaTTS3|Who is Humpty Dumpty? asked the little mice.|-
./fake/en/MegaTTS3/the_sea_fairies_08_f000085.wav|en_US/by_book/female/judy_bieber/the_sea_fairies/wavs/the_sea_fairies_08_f000085.wav|en|True|11.440|unknown|MegaTTS3|MegaTTS3|She performed the same ceremony for Captain Bill, who was doubtful about the Magic Circle because he felt the same after it as he had before.|-
./fake/en/MegaTTS3/skyisland_10_baum_64kb_f000039.wav|en_US/by_book/female/judy_bieber/sky_island/wavs/skyisland_10_baum_64kb_f000039.wav|en|True|17.360|unknown|MegaTTS3|MegaTTS3|During his absence, the prisoners had been talking together very earnestly. We must get away from here somehow 'r other, said captain Bill, but of course we can't stir a step without the Magic Umbrel.|-
./fake/en/MegaTTS3/silent_bullet_06_f000153.wav|en_US/by_book/male/elliot_miller/silent_bullet/wavs/silent_bullet_06_f000153.wav|en|True|5.600|unknown|MegaTTS3|MegaTTS3|Is that case in the book all you base your opinion on? asked Craig with excessive politeness.|-
./fake/en/MegaTTS3/poisoned_pen_05_f000017.wav|en_US/by_book/male/elliot_miller/poisoned_pen/wavs/poisoned_pen_05_f000017.wav|en|True|10.720|unknown|MegaTTS3|MegaTTS3|Of course I can't say exactly, but from hints I have received here and there I should think that a safe bet would be that some one has cashed in upward of half a million dollars already.|-
./fake/en/MegaTTS3/silent_bullet_04_f000202.wav|en_US/by_book/male/elliot_miller/silent_bullet/wavs/silent_bullet_04_f000202.wav|en|True|7.600|unknown|MegaTTS3|MegaTTS3|Certainly I will, I replied, glad to get my errand done in first-class fashion in that way.|-
./fake/en/MegaTTS3/wives_and_daughters_53_f000200.wav|en_UK/by_book/female/elizabeth_klett/wives_and_daughters/wavs/wives_and_daughters_53_f000200.wav|en|True|6.000|unknown|MegaTTS3|MegaTTS3|Molly wondered in her heart about this going away, on which the Squire seemed fully resolved.|-
./fake/en/MegaTTS3/midnight_passenger_13_f000271.wav|en_US/by_book/female/mary_ann/midnight_passenger/wavs/midnight_passenger_13_f000271.wav|en|True|6.640|unknown|MegaTTS3|MegaTTS3|It may have been Lilienthal, for Mister Wade was often in that back room of his.|-
./fake/en/MegaTTS3/wives_and_daughters_04_f000103.wav|en_UK/by_book/female/elizabeth_klett/wives_and_daughters/wavs/wives_and_daughters_04_f000103.wav|en|True|5.600|unknown|MegaTTS3|MegaTTS3|At any rate, the Hamleys were a very old family, if not aborigines.|-
./fake/en/MegaTTS3/silent_bullet_11_f000218.wav|en_US/by_book/male/elliot_miller/silent_bullet/wavs/silent_bullet_11_f000218.wav|en|True|12.960|unknown|MegaTTS3|MegaTTS3|The lieutenant leaned back and watched Kennedy closely without seeming to do so. When I was in Italy last year, he replied at length, I did a good deal of work in tracing up some Camorra suspects.|-
./fake/en/MegaTTS3/the_master_key_03_f000073.wav|en_US/by_book/female/judy_bieber/the_master_key/wavs/the_master_key_03_f000073.wav|en|True|6.560|unknown|MegaTTS3|MegaTTS3|Opposed to these is centrifugal electric force, drawing objects from east to west, or in the opposite direction.|-
./fake/en/MegaTTS3/skyisland_18_baum_64kb_f000023.wav|en_US/by_book/female/judy_bieber/sky_island/wavs/skyisland_18_baum_64kb_f000023.wav|en|True|7.920|unknown|MegaTTS3|MegaTTS3|The parrot made quite a long speech, flying high above the arch where Polychrome stood and then back to captain Bill's shoulder.|-
./fake/en/MegaTTS3/wives_and_daughters_60_f000361.wav|en_UK/by_book/female/elizabeth_klett/wives_and_daughters/wavs/wives_and_daughters_60_f000361.wav|en|True|5.920|unknown|MegaTTS3|MegaTTS3|and yet, never did brotherly blood run more manifest than in the veins of those two.|-
./fake/en/MegaTTS3/the_sea_fairies_03_f000078.wav|en_US/by_book/female/judy_bieber/the_sea_fairies/wavs/the_sea_fairies_03_f000078.wav|en|True|1.600|unknown|MegaTTS3|MegaTTS3|Candt they get in?|-
./fake/en/MegaTTS3/wives_and_daughters_55_f000010.wav|en_UK/by_book/female/elizabeth_klett/wives_and_daughters/wavs/wives_and_daughters_55_f000010.wav|en|True|4.800|unknown|MegaTTS3|MegaTTS3|and as she did so with these blossoms, she made some comments on each.|-
./fake/en/MegaTTS3/the_sea_fairies_17_f000007.wav|en_US/by_book/female/judy_bieber/the_sea_fairies/wavs/the_sea_fairies_17_f000007.wav|en|True|4.240|unknown|MegaTTS3|MegaTTS3|Why, I feel like the inside of a steam engine!|-
./fake/en/MegaTTS3/wives_and_daughters_22_f000009.wav|en_UK/by_book/female/elizabeth_klett/wives_and_daughters/wavs/wives_and_daughters_22_f000009.wav|en|True|6.560|unknown|MegaTTS3|MegaTTS3|He was conscious of her pleasant influence over him, and became at peace with himself when in her presence;|-
./fake/en/MegaTTS3/jane_eyre_13_f000235.wav|en_UK/by_book/female/elizabeth_klett/jane_eyre/wavs/jane_eyre_13_f000235.wav|en|True|1.760|unknown|MegaTTS3|MegaTTS3|Why should he shun it?|-
./fake/en/MegaTTS3/hunters_space_15_f000032.wav|en_US/by_book/male/elliot_miller/hunters_space/wavs/hunters_space_15_f000032.wav|en|True|12.960|unknown|MegaTTS3|MegaTTS3|It was from the Old Ship, Gunnar said. I wonder But there was no time left to wonder. As the thing died, the phosphor glow faded from its lashing tentacles.|-
./fake/en/MegaTTS3/midnight_passenger_05_f000174.wav|en_US/by_book/female/mary_ann/midnight_passenger/wavs/midnight_passenger_05_f000174.wav|en|True|12.720|unknown|MegaTTS3|MegaTTS3|He would have to keep his mouth shut, for he has his own tracks to cover, and he would easily believe that the pretty jade has run off and left me. And he fears publicity.|-
./fake/en/MegaTTS3/rinkitink_baum_13_64kb_f000005.wav|en_US/by_book/female/judy_bieber/rinkitink_in_oz/wavs/rinkitink_baum_13_64kb_f000005.wav|en|True|9.600|unknown|MegaTTS3|MegaTTS3|So the slave driver went to fetch the rebellious ones and Queen Cor sat down to eat her breakfast, an ugly look on her face.|-
./fake/en/MegaTTS3/wives_and_daughters_13_f000061.wav|en_UK/by_book/female/elizabeth_klett/wives_and_daughters/wavs/wives_and_daughters_13_f000061.wav|en|True|6.160|unknown|MegaTTS3|MegaTTS3|I never said what the silly notion was, Miss Browning; did I now, Miss Phoebe?|-
./fake/en/MegaTTS3/wives_and_daughters_53_f000047.wav|en_UK/by_book/female/elizabeth_klett/wives_and_daughters/wavs/wives_and_daughters_53_f000047.wav|en|True|9.520|unknown|MegaTTS3|MegaTTS3|and both of them, from their imperfect knowledge of possibilities, made the most curious, fantastic, and improbable guesses at the truth.|-
./fake/en/MegaTTS3/northandsouth_01_f000201.wav|en_US/by_book/female/mary_ann/northandsouth/wavs/northandsouth_01_f000201.wav|en|True|8.720|unknown|MegaTTS3|MegaTTS3|but his face was intelligent, keen, and mobile; and now and then Margaret wondered what it was that he could be thinking about,|-
./fake/en/MegaTTS3/jane_eyre_12_f000157.wav|en_UK/by_book/female/elizabeth_klett/jane_eyre/wavs/jane_eyre_12_f000157.wav|en|True|3.520|unknown|MegaTTS3|MegaTTS3|You have not an umbrella that I can use as a stick?|-
./fake/en/MegaTTS3/wives_and_daughters_40_f000097.wav|en_UK/by_book/female/elizabeth_klett/wives_and_daughters/wavs/wives_and_daughters_40_f000097.wav|en|True|9.920|unknown|MegaTTS3|MegaTTS3|Oh, yes, I think so. They've had a dinner-party; and one night, when mamma was at Lady Cumnor's, Cynthia went to the play with her cousins.|-
./fake/en/MegaTTS3/hunters_space_10_f000102.wav|en_US/by_book/male/elliot_miller/hunters_space/wavs/hunters_space_10_f000102.wav|en|True|15.840|unknown|MegaTTS3|MegaTTS3|Ato stood tall and proud as he answered. His eyes were blazing now, as he saw through Grim Hagen's plan. So, you thought I would bargain away Wolden's secret, did you? Well, your surmises were wrong.|-
./fake/en/MegaTTS3/midnight_passenger_01_f000048.wav|en_US/by_book/female/mary_ann/midnight_passenger/wavs/midnight_passenger_01_f000048.wav|en|True|8.720|unknown|MegaTTS3|MegaTTS3|The grave sense of gratitude, his place of trust, the stern admonitions of his sententious patron, Worthington,|-
./fake/en/MegaTTS3/pink_fairy_book_41_f000003.wav|en_US/by_book/male/elliot_miller/pink_fairy_book/wavs/pink_fairy_book_41_f000003.wav|en|True|11.040|unknown|MegaTTS3|MegaTTS3|There was once a man whose name was Don Giovanni de la Fortuna, and he lived in a beautiful house that his father had built, and spent a great deal of money.|-
./fake/en/MegaTTS3/midnight_passenger_02_f000208.wav|en_US/by_book/female/mary_ann/midnight_passenger/wavs/midnight_passenger_02_f000208.wav|en|True|6.400|unknown|MegaTTS3|MegaTTS3|It's not in his game to do anything but hoodwink you. What did he tell you now of this Western trip?|-
./fake/en/MegaTTS3/pink_fairy_book_07_f000003.wav|en_US/by_book/male/elliot_miller/pink_fairy_book/wavs/pink_fairy_book_07_f000003.wav|en|True|12.320|unknown|MegaTTS3|MegaTTS3|There was once a merchant who was so rich that he could have paved the whole street, and perhaps even a little side-street besides, with silver.|-
./fake/en/MegaTTS3/skyisland_17_baum_64kb_f000002.wav|en_US/by_book/female/judy_bieber/sky_island/wavs/skyisland_17_baum_64kb_f000002.wav|en|True|13.760|unknown|MegaTTS3|MegaTTS3|Sky island by L Frank Baum. Chapter seventeen THE ARRIVAL OF POLYCHROME. captain Bill had determined to fight desperately for their lives, but he was a shrewd old sailorman,|-
./fake/en/MegaTTS3/the_master_key_08_f000076.wav|en_US/by_book/female/judy_bieber/the_master_key/wavs/the_master_key_08_f000076.wav|en|True|7.360|unknown|MegaTTS3|MegaTTS3|For this reason men are not always to blame for bad character, as they acquire it unconsciously.|-
./fake/en/MegaTTS3/poisoned_pen_01_f000147.wav|en_US/by_book/male/elliot_miller/poisoned_pen/wavs/poisoned_pen_01_f000147.wav|en|True|11.040|unknown|MegaTTS3|MegaTTS3|Oh, Harris, can't you settle with him if he asks anything? Don't forget so soon that we once thought we were going to be the happiest of mortals - at least I did.|-
./fake/en/MegaTTS3/wives_and_daughters_39_f000002.wav|en_UK/by_book/female/elizabeth_klett/wives_and_daughters/wavs/wives_and_daughters_39_f000002.wav|en|True|6.320|unknown|MegaTTS3|MegaTTS3|Wives and Daughters by Elisabeth Gaskell. Chapter thirty-nine SECRET THOUGHTS OOZE OUT.|-
./fake/en/MegaTTS3/wives_and_daughters_39_f000071.wav|en_UK/by_book/female/elizabeth_klett/wives_and_daughters/wavs/wives_and_daughters_39_f000071.wav|en|True|7.600|unknown|MegaTTS3|MegaTTS3|I was very foolish to attribute it to anything more serious, and dear papa might be displeased if he knew I had done so.|-
./fake/en/MegaTTS3/the_sea_fairies_10_f000074.wav|en_US/by_book/female/judy_bieber/the_sea_fairies/wavs/the_sea_fairies_10_f000074.wav|en|True|12.160|unknown|MegaTTS3|MegaTTS3|In the center of the island rose high cliffs on top of which were to be seen great flocks of seagulls, some whirling in the air, while others were perched upon the points of rock.|-
./fake/en/MegaTTS3/northandsouth_18_f000118.wav|en_US/by_book/female/mary_ann/northandsouth/wavs/northandsouth_18_f000118.wav|en|True|9.680|unknown|MegaTTS3|MegaTTS3|Yet these fools go back to the prices paid three years ago-nay, some of their leaders quote Dickinsons prices now-though they know as well as we do that,|-
./fake/en/MegaTTS3/northandsouth_05_f000121.wav|en_US/by_book/female/mary_ann/northandsouth/wavs/northandsouth_05_f000121.wav|en|True|12.880|unknown|MegaTTS3|MegaTTS3|Partly, said Margaret, sighing, because it is so very different from Helstone-partly because mister Bell says there is an opening there for a private tutor.|-
./fake/en/MegaTTS3/the_master_key_16_f000090.wav|en_US/by_book/female/judy_bieber/the_master_key/wavs/the_master_key_16_f000090.wav|en|True|3.440|unknown|MegaTTS3|MegaTTS3|Which will it be-sharks or silence?|-
./fake/en/MegaTTS3/pink_fairy_book_12_f000197.wav|en_US/by_book/male/elliot_miller/pink_fairy_book/wavs/pink_fairy_book_12_f000197.wav|en|True|4.240|unknown|MegaTTS3|MegaTTS3|The prince and princess helped her into the carriage and wished her good luck.|-
./fake/en/MegaTTS3/wives_and_daughters_50_f000244.wav|en_UK/by_book/female/elizabeth_klett/wives_and_daughters/wavs/wives_and_daughters_50_f000244.wav|en|True|4.560|unknown|MegaTTS3|MegaTTS3|I only wish her poor father had been alive, and all this would never have happened.|-
./fake/en/MegaTTS3/pink_fairy_book_37_f000008.wav|en_US/by_book/male/elliot_miller/pink_fairy_book/wavs/pink_fairy_book_37_f000008.wav|en|True|5.440|unknown|MegaTTS3|MegaTTS3|So he shouted as loud as he could, Ohe, ohe, mother dove.|-
./fake/en/MegaTTS3/wives_and_daughters_16_f000047.wav|en_UK/by_book/female/elizabeth_klett/wives_and_daughters/wavs/wives_and_daughters_16_f000047.wav|en|True|9.680|unknown|MegaTTS3|MegaTTS3|Do you want any more books? said he. If you do, make a list out, and send it to my mother before I leave, next Tuesday.|-
./fake/en/MegaTTS3/wives_and_daughters_50_f000228.wav|en_UK/by_book/female/elizabeth_klett/wives_and_daughters/wavs/wives_and_daughters_50_f000228.wav|en|True|12.880|unknown|MegaTTS3|MegaTTS3|Yes! he said, I do say it. You cannot tell what evil constructions are put upon actions ever so slightly beyond the bounds of maidenly propriety.|-
./fake/en/MegaTTS3/northandsouth_17_f000071.wav|en_US/by_book/female/mary_ann/northandsouth/wavs/northandsouth_17_f000071.wav|en|True|14.080|unknown|MegaTTS3|MegaTTS3|Our business being, yo understand, to take the bated wage, and be thankful, and their business to bate us down to clemming point, to swell their profits. Thats what it is.|-
./fake/en/MegaTTS3/piratesofersatz_09_leinster_64kb_f000149.wav|en_US/by_book/male/elliot_miller/pirates_of_ersatz/wavs/piratesofersatz_09_leinster_64kb_f000149.wav|en|True|14.160|unknown|MegaTTS3|MegaTTS3|Time passed. Much time. Hoddan went over the arguments he meant to use on Don Loris. He needed to make up a very great sum, and it could be done thus-and-so,|-
./fake/en/MegaTTS3/piratesofersatz_12_leinster_64kb_f000119.wav|en_US/by_book/male/elliot_miller/pirates_of_ersatz/wavs/piratesofersatz_12_leinster_64kb_f000119.wav|en|True|13.360|unknown|MegaTTS3|MegaTTS3|Yes, Lady Fani. But not the way I'd've treated my sister. My sisters, Lady Fani, bit me when they were little, slapped me when they were bigger, and scorned me when I grew up.|-
./fake/en/MegaTTS3/poisoned_pen_04_f000304.wav|en_US/by_book/male/elliot_miller/poisoned_pen/wavs/poisoned_pen_04_f000304.wav|en|True|15.600|unknown|MegaTTS3|MegaTTS3|Pooh! exclaimed Stacey, smoking complacently at his cigar. We have been victimised in those fires by people who have grudges against us, labour unions and others.|-
./fake/en/MegaTTS3/emerald_city_of_oz_21_f000036.wav|en_US/by_book/female/judy_bieber/emerald_city_of_oz/wavs/emerald_city_of_oz_21_f000036.wav|en|True|9.920|unknown|MegaTTS3|MegaTTS3|Then one of these tossed the other upward and remained alone of all his fellows. This last juggler now touched the red ball, which fell apart,|-
./fake/en/MegaTTS3/ozma_of_oz_21_f000005.wav|en_US/by_book/female/judy_bieber/ozma_of_oz/wavs/ozma_of_oz_21_f000005.wav|en|True|17.360|unknown|MegaTTS3|MegaTTS3|One day, however, as she sat in Ozma's private room, she noticed hanging upon the wall a picture which constantly changed in appearance, at one time showing a meadow and at another time a forest, a lake or a village.|-
./fake/en/MegaTTS3/pink_fairy_book_35_f000003.wav|en_US/by_book/male/elliot_miller/pink_fairy_book/wavs/pink_fairy_book_35_f000003.wav|en|True|14.480|unknown|MegaTTS3|MegaTTS3|There lay three houses in a row, in one of which there lived a tailor, in another a carpenter, and in the third a smith. All three were married,|-
./fake/en/MegaTTS3/pink_fairy_book_36_f000028.wav|en_US/by_book/male/elliot_miller/pink_fairy_book/wavs/pink_fairy_book_36_f000028.wav|en|True|7.280|unknown|MegaTTS3|MegaTTS3|That does not concern you, said the prince. I am the prince, and can drive where I please.|-
./fake/en/MegaTTS3/wives_and_daughters_12_f000076.wav|en_UK/by_book/female/elizabeth_klett/wives_and_daughters/wavs/wives_and_daughters_12_f000076.wav|en|True|9.120|unknown|MegaTTS3|MegaTTS3|and her liking for Mister Gibson grew in proportion to her sense of the evils from which he was going to serve as a means of escape.|-
./fake/en/MegaTTS3/poisoned_pen_11_f000069.wav|en_US/by_book/male/elliot_miller/poisoned_pen/wavs/poisoned_pen_11_f000069.wav|en|True|5.200|unknown|MegaTTS3|MegaTTS3|and the psychical - a system of absolute scientific monism.|-
./fake/en/MegaTTS3/wives_and_daughters_60_f000008.wav|en_UK/by_book/female/elizabeth_klett/wives_and_daughters/wavs/wives_and_daughters_60_f000008.wav|en|True|6.640|unknown|MegaTTS3|MegaTTS3|But this morning her old sweet, frank manner had returned - in their last interview, at any rate.|-
./fake/en/MegaTTS3/poisoned_pen_01_f000233.wav|en_US/by_book/male/elliot_miller/poisoned_pen/wavs/poisoned_pen_01_f000233.wav|en|True|5.520|unknown|MegaTTS3|MegaTTS3|You are all familiar with the circumstances and with the note discovered in the jar of ammonia.|-
./fake/en/MegaTTS3/piratesofersatz_05_leinster_64kb_f000133.wav|en_US/by_book/male/elliot_miller/pirates_of_ersatz/wavs/piratesofersatz_05_leinster_64kb_f000133.wav|en|True|6.720|unknown|MegaTTS3|MegaTTS3|The Lord Ghek would like it that way. He's locked up in a room that's particularly inflammable.|-
./fake/en/MegaTTS3/pink_fairy_book_37_f000033.wav|en_US/by_book/male/elliot_miller/pink_fairy_book/wavs/pink_fairy_book_37_f000033.wav|en|True|4.000|unknown|MegaTTS3|MegaTTS3|And when the rain comes from that quarter, which side do you turn to?|-
./fake/en/MegaTTS3/silent_bullet_08_f000094.wav|en_US/by_book/male/elliot_miller/silent_bullet/wavs/silent_bullet_08_f000094.wav|en|True|11.920|unknown|MegaTTS3|MegaTTS3|About three years ago. Im coming to that in a moment. The sisters went to college together, Templeton to law school, and Vanderdyke studied civil engineering.|-
./fake/en/MegaTTS3/emerald_city_of_oz_17_f000030.wav|en_US/by_book/female/judy_bieber/emerald_city_of_oz/wavs/emerald_city_of_oz_17_f000030.wav|en|True|7.600|unknown|MegaTTS3|MegaTTS3|There was a delightful fragrant odor of fresh bread in the town, and this made the little girl more hungry than ever.|-
./fake/en/MegaTTS3/jane_eyre_27_f000459.wav|en_UK/by_book/female/elizabeth_klett/jane_eyre/wavs/jane_eyre_27_f000459.wav|en|True|5.280|unknown|MegaTTS3|MegaTTS3|I declared I could not change: you tell me to my face I shall change soon.|-
./fake/en/MegaTTS3/jane_eyre_07_f000145.wav|en_UK/by_book/female/elizabeth_klett/jane_eyre/wavs/jane_eyre_07_f000145.wav|en|True|2.240|unknown|MegaTTS3|MegaTTS3|Place the child upon it.|-
./fake/en/MegaTTS3/skyisland_30_baum_64kb_f000036.wav|en_US/by_book/female/judy_bieber/sky_island/wavs/skyisland_30_baum_64kb_f000036.wav|en|True|13.760|unknown|MegaTTS3|MegaTTS3|It was an exciting ride. Scenes presented themselves entirely different from those they had seen on their former voyage, for the sky changes continually,|-
./fake/en/MegaTTS3/wives_and_daughters_21_f000229.wav|en_UK/by_book/female/elizabeth_klett/wives_and_daughters/wavs/wives_and_daughters_21_f000229.wav|en|True|8.960|unknown|MegaTTS3|MegaTTS3|Oh, vague stories, you know: scandal, I daresay. No one ever believed them.|-
./fake/en/MegaTTS3/northandsouth_20_f000007.wav|en_US/by_book/female/mary_ann/northandsouth/wavs/northandsouth_20_f000007.wav|en|True|5.440|unknown|MegaTTS3|MegaTTS3|always looked to Margarets return from the shortest walk as bringing in some news.|-
./fake/en/MegaTTS3/wives_and_daughters_50_f000166.wav|en_UK/by_book/female/elizabeth_klett/wives_and_daughters/wavs/wives_and_daughters_50_f000166.wav|en|True|4.720|unknown|MegaTTS3|MegaTTS3|What business have they with me? How came they to talk about me in any way?|-
./fake/en/MegaTTS3/poisoned_pen_04_f000197.wav|en_US/by_book/male/elliot_miller/poisoned_pen/wavs/poisoned_pen_04_f000197.wav|en|True|8.800|unknown|MegaTTS3|MegaTTS3|About the ground floors the red-helmeted salvage corps were busy covering up what they could of the goods with rubber sheets to protect them from water.|-
./fake/en/MegaTTS3/jane_eyre_11_f000069.wav|en_UK/by_book/female/elizabeth_klett/jane_eyre/wavs/jane_eyre_11_f000069.wav|en|True|6.240|unknown|MegaTTS3|MegaTTS3|And she produced from her pocket a most housewifely bunch of keys, and delivered them to the servant.|-
./fake/en/MegaTTS3/pink_fairy_book_29_f000020.wav|en_US/by_book/male/elliot_miller/pink_fairy_book/wavs/pink_fairy_book_29_f000020.wav|en|True|5.280|unknown|MegaTTS3|MegaTTS3|and the bride found herself in the middle of a field, not knowing where she was or whither to go.|-
./fake/en/MegaTTS3/northandsouth_38_f000154.wav|en_US/by_book/female/mary_ann/northandsouth/wavs/northandsouth_38_f000154.wav|en|True|12.160|unknown|MegaTTS3|MegaTTS3|No, Miss Hale, said  Missis Thornton, her truthfulness causing her to arrest the confession Margaret was on the point of making, though her curiosity was itching to hear it.|-
./fake/en/MegaTTS3/jane_eyre_17_f000030.wav|en_UK/by_book/female/elizabeth_klett/jane_eyre/wavs/jane_eyre_17_f000030.wav|en|True|6.960|unknown|MegaTTS3|MegaTTS3|I said, nonchalantly - Mister Rochester is not likely to return soon, I suppose?|-
./fake/en/MegaTTS3/skyisland_24_baum_64kb_f000030.wav|en_US/by_book/female/judy_bieber/sky_island/wavs/skyisland_24_baum_64kb_f000030.wav|en|True|7.120|unknown|MegaTTS3|MegaTTS3|The knife was built into a huge framework like a derrick, that reached to the ceiling,|-
./fake/en/MegaTTS3/jane_eyre_10_f000130.wav|en_UK/by_book/female/elizabeth_klett/jane_eyre/wavs/jane_eyre_10_f000130.wav|en|True|10.160|unknown|MegaTTS3|MegaTTS3|Missis Fairfax! I saw her in a black gown and widow's cap; frigid, perhaps, but not uncivil: a model of elderly English respectability.|-
./fake/en/MegaTTS3/wives_and_daughters_13_f000069.wav|en_UK/by_book/female/elizabeth_klett/wives_and_daughters/wavs/wives_and_daughters_13_f000069.wav|en|True|6.320|unknown|MegaTTS3|MegaTTS3|They wished each other good-night, going through the usual forms in the coolest manner possible.|-
./fake/en/MegaTTS3/poisoned_pen_12_f000354.wav|en_US/by_book/male/elliot_miller/poisoned_pen/wavs/poisoned_pen_12_f000354.wav|en|True|7.760|unknown|MegaTTS3|MegaTTS3|Kennedy had scored a palpable hit. McLaughlin and Hanford were speechless. Still Craig hurried on.|-
./fake/en/MegaTTS3/ozma_of_oz_19_f000017.wav|en_US/by_book/female/judy_bieber/ozma_of_oz/wavs/ozma_of_oz_19_f000017.wav|en|True|12.160|unknown|MegaTTS3|MegaTTS3|Oh, tin is an excellent material, the Scarecrow hastened to say; and if anything ever happened to poor Nick Chopper he was always easily soldered.|-
./fake/en/MegaTTS3/piratesofersatz_02_leinster_64kb_f000105.wav|en_US/by_book/male/elliot_miller/pirates_of_ersatz/wavs/piratesofersatz_02_leinster_64kb_f000105.wav|en|True|13.280|unknown|MegaTTS3|MegaTTS3|To be honest, he admitted, I've no doubt that you invented it independently, but they've been using such a device for half a century in the Cetis cluster. They've had no trouble.|-
./fake/en/MegaTTS3/jane_eyre_21_f000156.wav|en_UK/by_book/female/elizabeth_klett/jane_eyre/wavs/jane_eyre_21_f000156.wav|en|True|6.960|unknown|MegaTTS3|MegaTTS3|the floor was spotless; the grate and fire-irons were burnished bright, and the fire burnt clear.|-
./fake/en/MegaTTS3/wives_and_daughters_17_f000045.wav|en_UK/by_book/female/elizabeth_klett/wives_and_daughters/wavs/wives_and_daughters_17_f000045.wav|en|True|3.840|unknown|MegaTTS3|MegaTTS3|she told Molly of the family distress and disappointment.|-
./fake/en/MegaTTS3/wives_and_daughters_10_f000180.wav|en_UK/by_book/female/elizabeth_klett/wives_and_daughters/wavs/wives_and_daughters_10_f000180.wav|en|True|10.000|unknown|MegaTTS3|MegaTTS3|No one would know what became of her - and, with the ingratitude of misery, she added to herself, no one would care.|-
./fake/en/MegaTTS3/jane_eyre_31_f000145.wav|en_UK/by_book/female/elizabeth_klett/jane_eyre/wavs/jane_eyre_31_f000145.wav|en|True|11.200|unknown|MegaTTS3|MegaTTS3|But he curbed it, I think, as a resolute rider would curb a rearing steed. He responded neither by word nor movement to the gentle advances made him.|-
./fake/en/MegaTTS3/wives_and_daughters_10_f000037.wav|en_UK/by_book/female/elizabeth_klett/wives_and_daughters/wavs/wives_and_daughters_10_f000037.wav|en|True|5.840|unknown|MegaTTS3|MegaTTS3|Perhaps I did wrong in yielding to his wish, to have her called by such a romantic name.|-
./fake/en/MegaTTS3/emerald_city_of_oz_11_f000052.wav|en_US/by_book/female/judy_bieber/emerald_city_of_oz/wavs/emerald_city_of_oz_11_f000052.wav|en|True|8.560|unknown|MegaTTS3|MegaTTS3|This Guph was really a clever rascal, and it seems a pity he was so bad, for in a good cause he might have accomplished much.|-
./fake/en/MegaTTS3/midnight_passenger_15_f000117.wav|en_US/by_book/female/mary_ann/midnight_passenger/wavs/midnight_passenger_15_f000117.wav|en|True|4.640|unknown|MegaTTS3|MegaTTS3|Let me be forgotten by all the world, forgiven by one alone.|-
./fake/en/MegaTTS3/wives_and_daughters_24_f000037.wav|en_UK/by_book/female/elizabeth_klett/wives_and_daughters/wavs/wives_and_daughters_24_f000037.wav|en|True|4.720|unknown|MegaTTS3|MegaTTS3|Don't let us run away as if we were beaten, mamma, said Cynthia.|-
./fake/en/MegaTTS3/silent_bullet_05_f000243.wav|en_US/by_book/male/elliot_miller/silent_bullet/wavs/silent_bullet_05_f000243.wav|en|True|8.960|unknown|MegaTTS3|MegaTTS3|That would further serve to divert suspicion. The fact is that a more horrible plot could hardly have been planned or executed.|-
./fake/en/MegaTTS3/the_sea_fairies_19_f000008.wav|en_US/by_book/female/judy_bieber/the_sea_fairies/wavs/the_sea_fairies_19_f000008.wav|en|True|8.160|unknown|MegaTTS3|MegaTTS3|and then they turned and with wicked eyes and sharp fangs began a fierce attack upon the mermaids and the earth dwellers.|-
./fake/en/MegaTTS3/piratesofersatz_02_leinster_64kb_f000028.wav|en_US/by_book/male/elliot_miller/pirates_of_ersatz/wavs/piratesofersatz_02_leinster_64kb_f000028.wav|en|True|10.720|unknown|MegaTTS3|MegaTTS3|There's some that work so hard at enjoying it that they don't get no fun out of it. And the rest of us spend our lives complainin' that there ain't any fun in it anyhow.|-
./fake/en/MegaTTS3/northandsouth_22_f000032.wav|en_US/by_book/female/mary_ann/northandsouth/wavs/northandsouth_22_f000032.wav|en|True|9.200|unknown|MegaTTS3|MegaTTS3|He came out, looked up at them-the pale cluster of faces-and smiled good courage to them, before he locked the factory-door.|-
./fake/en/MegaTTS3/northandsouth_20_f000088.wav|en_US/by_book/female/mary_ann/northandsouth/wavs/northandsouth_20_f000088.wav|en|True|6.080|unknown|MegaTTS3|MegaTTS3|we hardly hear it, except in summer weather, when all the windows are open;|-
./fake/en/MegaTTS3/skyisland_06_baum_64kb_f000029.wav|en_US/by_book/female/judy_bieber/sky_island/wavs/skyisland_06_baum_64kb_f000029.wav|en|True|14.800|unknown|MegaTTS3|MegaTTS3|There were six of them, all gorgeously dressed in silken gowns with many puffs and tucks and ruffles and flounces and laces and ribbons, everything being in some shade of blue,|-
./fake/en/MegaTTS3/the_sea_fairies_18_f000004.wav|en_US/by_book/female/judy_bieber/the_sea_fairies/wavs/the_sea_fairies_18_f000004.wav|en|True|2.880|unknown|MegaTTS3|MegaTTS3|She tried, but could not stir.|-
./fake/en/MegaTTS3/northandsouth_37_f000161.wav|en_US/by_book/female/mary_ann/northandsouth/wavs/northandsouth_37_f000161.wav|en|True|3.920|unknown|MegaTTS3|MegaTTS3|and would feel himself bound to maintain his own ground.|-
./fake/en/MegaTTS3/jane_eyre_12_f000076.wav|en_UK/by_book/female/elizabeth_klett/jane_eyre/wavs/jane_eyre_12_f000076.wav|en|True|11.840|unknown|MegaTTS3|MegaTTS3|From my seat I could look down on Thornfield: the grey and battlemented hall was the principal object in the vale below me; its woods and dark rookery rose against the west.|-
./fake/en/MegaTTS3/northandsouth_04_f000043.wav|en_US/by_book/female/mary_ann/northandsouth/wavs/northandsouth_04_f000043.wav|en|True|7.680|unknown|MegaTTS3|MegaTTS3|Margaret could not bear the sight of the suspense, which was even more distressing to her father than to herself.|-
./fake/en/MegaTTS3/northandsouth_15_f000277.wav|en_US/by_book/female/mary_ann/northandsouth/wavs/northandsouth_15_f000277.wav|en|True|10.880|unknown|MegaTTS3|MegaTTS3|-but if you are ever conscious of being influenced by others, and not by circumstances, have those others been working directly or indirectly?|-
./fake/en/MegaTTS3/skyisland_07_baum_64kb_f000034.wav|en_US/by_book/female/judy_bieber/sky_island/wavs/skyisland_07_baum_64kb_f000034.wav|en|True|16.240|unknown|MegaTTS3|MegaTTS3|Hush-sh-sh! cried everyone in a chorus, and they all looked over their shoulders as if frightened by the question. The officer with the blue-gold chain pulled Button-Bright's sleeve and whispered, Follow me, please.|-
./fake/en/MegaTTS3/poisoned_pen_08_f000076.wav|en_US/by_book/male/elliot_miller/poisoned_pen/wavs/poisoned_pen_08_f000076.wav|en|True|4.720|unknown|MegaTTS3|MegaTTS3|But I hardly think this is going to prove one of those simple cases.|-
./fake/en/MegaTTS3/poisoned_pen_01_f000299.wav|en_US/by_book/male/elliot_miller/poisoned_pen/wavs/poisoned_pen_01_f000299.wav|en|True|15.200|unknown|MegaTTS3|MegaTTS3|In this way I can alternately make the marks appear and disappear by using the sulpho-cyanide and the ammonia. Whoever wrote this note with doctor Dixon's name on it must have had the doctor's reply to the Thurston letter containing the words,|-
./fake/en/MegaTTS3/silent_bullet_07_f000207.wav|en_US/by_book/male/elliot_miller/silent_bullet/wavs/silent_bullet_07_f000207.wav|en|True|4.960|unknown|MegaTTS3|MegaTTS3|I tried to get him to give it here, but he absolutely refused.|-
./fake/en/MegaTTS3/jane_eyre_34_f000115.wav|en_UK/by_book/female/elizabeth_klett/jane_eyre/wavs/jane_eyre_34_f000115.wav|en|True|6.480|unknown|MegaTTS3|MegaTTS3|He gave each one quiet kiss, said in a low tone a few words of welcome, stood a while to be talked to,|-
./fake/en/MegaTTS3/northandsouth_41_f000052.wav|en_US/by_book/female/mary_ann/northandsouth/wavs/northandsouth_41_f000052.wav|en|True|8.560|unknown|MegaTTS3|MegaTTS3|When her father had driven off on his way to the railroad, Margaret felt how great and long had been the pressure on her time and her spirits.|-
./fake/en/MegaTTS3/wives_and_daughters_12_f000054.wav|en_UK/by_book/female/elizabeth_klett/wives_and_daughters/wavs/wives_and_daughters_12_f000054.wav|en|True|12.160|unknown|MegaTTS3|MegaTTS3|But the fifteen pounds were not returned. Indeed, not merely that sum, but a great part of the hundred which Lord Cumnor had given her for her trousseau,|-
./fake/en/MegaTTS3/northandsouth_25_f000108.wav|en_US/by_book/female/mary_ann/northandsouth/wavs/northandsouth_25_f000108.wav|en|True|8.320|unknown|MegaTTS3|MegaTTS3|Read me-not a sermon chapter, but a story chapter; theyve pictures in them, which I see when my eyes are shut.|-
./fake/en/MegaTTS3/jane_eyre_14_f000001.wav|en_UK/by_book/female/elizabeth_klett/jane_eyre/wavs/jane_eyre_14_f000001.wav|en|True|16.960|unknown|MegaTTS3|MegaTTS3|Chapter fourteen of Jane eyre. This is there librivox recording. All librivox recordings are in the public domain. For more information or to volunteer please visit librivox dot org.|-
./fake/en/MegaTTS3/rinkitink_baum_19_64kb_f000015.wav|en_US/by_book/female/judy_bieber/rinkitink_in_oz/wavs/rinkitink_baum_19_64kb_f000015.wav|en|True|12.960|unknown|MegaTTS3|MegaTTS3|Then he began to chuckle: Hoo, hoo, hoo hee, hee heek, keek, eek! and Kaliko sat and frowned because he realized that the little fat King was poking fun at him.|-
./fake/en/MegaTTS3/jane_eyre_21_f000378.wav|en_UK/by_book/female/elizabeth_klett/jane_eyre/wavs/jane_eyre_21_f000378.wav|en|True|9.520|unknown|MegaTTS3|MegaTTS3|You need not think that because we chanced to be born of the same parents, I shall suffer you to fasten me down by even the feeblest claim:|-
./fake/en/MegaTTS3/northandsouth_28_f000095.wav|en_US/by_book/female/mary_ann/northandsouth/wavs/northandsouth_28_f000095.wav|en|True|9.440|unknown|MegaTTS3|MegaTTS3|Bless thy white lips, lass,-theyve a smile onthem now! and Im glad to see it once again, though Im lone and forlorn for evermore.|-
./fake/en/MegaTTS3/dorothy_and_wizard_oz_14_f000042.wav|en_US/by_book/female/judy_bieber/dorothy_and_wizard_oz/wavs/dorothy_and_wizard_oz_14_f000042.wav|en|True|7.520|unknown|MegaTTS3|MegaTTS3|What's wrong? asked a piglet. We've been in the dark quite a while, and you may as well explain what has happened.|-
./fake/en/MegaTTS3/the_master_key_10_f000123.wav|en_US/by_book/female/judy_bieber/the_master_key/wavs/the_master_key_10_f000123.wav|en|True|2.640|unknown|MegaTTS3|MegaTTS3|demanded the king, eagerly.|-
./fake/en/MegaTTS3/jane_eyre_21_f000008.wav|en_UK/by_book/female/elizabeth_klett/jane_eyre/wavs/jane_eyre_21_f000008.wav|en|True|5.120|unknown|MegaTTS3|MegaTTS3|And signs, for aught we know, may be but the sympathies of Nature with man.|-
./fake/en/MegaTTS3/wives_and_daughters_12_f000071.wav|en_UK/by_book/female/elizabeth_klett/wives_and_daughters/wavs/wives_and_daughters_12_f000071.wav|en|True|9.200|unknown|MegaTTS3|MegaTTS3|when she had taken above an hour to arrange her hair in some new mode carefully studied from Missis Bradley's fashion-book - after all,|-
./fake/en/MegaTTS3/northandsouth_04_f000063.wav|en_US/by_book/female/mary_ann/northandsouth/wavs/northandsouth_04_f000063.wav|en|True|9.280|unknown|MegaTTS3|MegaTTS3|Oh! Margaret, how I love the holy Church from which I am to be shut out! He could not go on for a moment or two.|-
./fake/en/MegaTTS3/the_sea_fairies_17_f000022.wav|en_US/by_book/female/judy_bieber/the_sea_fairies/wavs/the_sea_fairies_17_f000022.wav|en|True|3.760|unknown|MegaTTS3|MegaTTS3|Do you care to sleep again? asked the Queen.|-
./fake/en/MegaTTS3/wives_and_daughters_41_f000007.wav|en_UK/by_book/female/elizabeth_klett/wives_and_daughters/wavs/wives_and_daughters_41_f000007.wav|en|True|6.800|unknown|MegaTTS3|MegaTTS3|C. had floated over housemaids and footmen. Cynthia, too, was so much admired;|-
./fake/en/MegaTTS3/northandsouth_30_f000080.wav|en_US/by_book/female/mary_ann/northandsouth/wavs/northandsouth_30_f000080.wav|en|True|3.520|unknown|MegaTTS3|MegaTTS3|without her being at hand to comfort him.|-
./fake/en/MegaTTS3/poisoned_pen_06_f000207.wav|en_US/by_book/male/elliot_miller/poisoned_pen/wavs/poisoned_pen_06_f000207.wav|en|True|14.640|unknown|MegaTTS3|MegaTTS3|If you can pull yourself together by this afternoon, be over at your office at four. Be sure to have Shelton and Capps there, and you can tell mister Taylor that you have something very important to set before him.|-
./fake/en/MegaTTS3/dorothy_and_wizard_oz_02_f000103.wav|en_US/by_book/female/judy_bieber/dorothy_and_wizard_oz/wavs/dorothy_and_wizard_oz_02_f000103.wav|en|True|6.880|unknown|MegaTTS3|MegaTTS3|And maybe he won't! answered Jim. I've tumbled through the air long enough to make me contented on this roof.|-
./fake/en/MegaTTS3/midnight_passenger_12_f000178.wav|en_US/by_book/female/mary_ann/midnight_passenger/wavs/midnight_passenger_12_f000178.wav|en|True|3.920|unknown|MegaTTS3|MegaTTS3|These great lawyers are bound up in the affairs of millions.|-
./fake/en/MegaTTS3/northandsouth_28_f000329.wav|en_US/by_book/female/mary_ann/northandsouth/wavs/northandsouth_28_f000329.wav|en|True|6.960|unknown|MegaTTS3|MegaTTS3|Its so wi them. In those days of sore oppression the Unions began; it were a necessity.|-
./fake/en/MegaTTS3/skyisland_01_baum_64kb_f000008.wav|en_US/by_book/female/judy_bieber/sky_island/wavs/skyisland_01_baum_64kb_f000008.wav|en|True|10.000|unknown|MegaTTS3|MegaTTS3|captain Bill is also a new character who seems to have won approval, and so both Trot and the old sailor are again introduced in the present story,|-
./fake/en/MegaTTS3/skyisland_03_baum_64kb_f000013.wav|en_US/by_book/female/judy_bieber/sky_island/wavs/skyisland_03_baum_64kb_f000013.wav|en|True|4.880|unknown|MegaTTS3|MegaTTS3|Button-Bright and Trot both thought captain Bill's invention very clever.|-
./fake/en/MegaTTS3/jane_eyre_34_f000040.wav|en_UK/by_book/female/elizabeth_klett/jane_eyre/wavs/jane_eyre_34_f000040.wav|en|True|6.880|unknown|MegaTTS3|MegaTTS3|as words can convey but an inadequate notion of to the uninitiated like you.|-
./fake/en/MegaTTS3/jane_eyre_29_f000067.wav|en_UK/by_book/female/elizabeth_klett/jane_eyre/wavs/jane_eyre_29_f000067.wav|en|True|3.840|unknown|MegaTTS3|MegaTTS3|But I must do something. Let me have them.|-
./fake/en/MegaTTS3/silent_bullet_10_f000276.wav|en_US/by_book/male/elliot_miller/silent_bullet/wavs/silent_bullet_10_f000276.wav|en|True|9.280|unknown|MegaTTS3|MegaTTS3|He was motionless. His engine had been cut out, and I could see his propeller stopped. He was riding as a ship rides on the ocean.|-
./fake/en/MegaTTS3/piratesofersatz_03_leinster_64kb_f000222.wav|en_US/by_book/male/elliot_miller/pirates_of_ersatz/wavs/piratesofersatz_03_leinster_64kb_f000222.wav|en|True|13.840|unknown|MegaTTS3|MegaTTS3|Then he'd felt ignored and lonely and friendless on a strange and primitive world. He still had no friends, but he had already acquired some enemies and therefore material for more or less worthwhile achievement.|-
./fake/en/MegaTTS3/wives_and_daughters_04_f000205.wav|en_UK/by_book/female/elizabeth_klett/wives_and_daughters/wavs/wives_and_daughters_04_f000205.wav|en|True|11.760|unknown|MegaTTS3|MegaTTS3|Still Mister Gibson remembered that he had had far worse young gentlemen to deal with; and was content with, if not thankful for, such an elder pupil as Mister Wynne.|-
./fake/en/MegaTTS3/wives_and_daughters_53_f000142.wav|en_UK/by_book/female/elizabeth_klett/wives_and_daughters/wavs/wives_and_daughters_53_f000142.wav|en|True|4.960|unknown|MegaTTS3|MegaTTS3|and betake himself to the drawing-room where Molly was, he knew.|-
./fake/en/MegaTTS3/rinkitink_baum_17_64kb_f000054.wav|en_US/by_book/female/judy_bieber/rinkitink_in_oz/wavs/rinkitink_baum_17_64kb_f000054.wav|en|True|12.080|unknown|MegaTTS3|MegaTTS3|I know it, said Kaliko. I consider it a clever lie, though, because it is woven without a thread of truth. However, that is none of my business.|-
./fake/en/MegaTTS3/wives_and_daughters_30_f000132.wav|en_UK/by_book/female/elizabeth_klett/wives_and_daughters/wavs/wives_and_daughters_30_f000132.wav|en|True|9.360|unknown|MegaTTS3|MegaTTS3|I desired him to keep his men off my land, said the Squire to his son - his wish to stand well in Roger's opinion restraining his temper a little;|-
./fake/en/MegaTTS3/poisoned_pen_11_f000023.wav|en_US/by_book/male/elliot_miller/poisoned_pen/wavs/poisoned_pen_11_f000023.wav|en|True|4.000|unknown|MegaTTS3|MegaTTS3|and I should have been laughed out of court for my pains.|-
./fake/en/MegaTTS3/pink_fairy_book_22_f000031.wav|en_US/by_book/male/elliot_miller/pink_fairy_book/wavs/pink_fairy_book_22_f000031.wav|en|True|8.400|unknown|MegaTTS3|MegaTTS3|Oh, good father, cried the young man, you will not forsake me? Stay with me, I pray you, and lead me to the king!|-
./fake/en/MegaTTS3/northandsouth_21_f000062.wav|en_US/by_book/female/mary_ann/northandsouth/wavs/northandsouth_21_f000062.wav|en|True|6.400|unknown|MegaTTS3|MegaTTS3|No, sir, it was not cruel! replied Doctor Donaldson, with quick decision.|-
./fake/en/MegaTTS3/midnight_passenger_13_f000046.wav|en_US/by_book/female/mary_ann/midnight_passenger/wavs/midnight_passenger_13_f000046.wav|en|True|5.040|unknown|MegaTTS3|MegaTTS3|that he made a will, and left his little savings to one whom you will respect and honor.|-
./fake/en/MegaTTS3/poisoned_pen_11_f000197.wav|en_US/by_book/male/elliot_miller/poisoned_pen/wavs/poisoned_pen_11_f000197.wav|en|True|13.120|unknown|MegaTTS3|MegaTTS3|Again, you know that we have found that all the elements fall into groups. Each group has certain related atomic weights and properties which can be and have been predicted in advance of the discovery of missing elements in the group.|-
./fake/en/MegaTTS3/dorothy_and_wizard_oz_04_f000025.wav|en_US/by_book/female/judy_bieber/dorothy_and_wizard_oz/wavs/dorothy_and_wizard_oz_04_f000025.wav|en|True|3.760|unknown|MegaTTS3|MegaTTS3|It's violet, said the Wizard, who was in the buggy.|-
./fake/en/MegaTTS3/wives_and_daughters_47_f000188.wav|en_UK/by_book/female/elizabeth_klett/wives_and_daughters/wavs/wives_and_daughters_47_f000188.wav|en|True|7.600|unknown|MegaTTS3|MegaTTS3|At any rate, you can let me hear what you've heard, said he, putting his elbow on the table, and screening his eyes with his hand.|-
./fake/en/MegaTTS3/the_master_key_15_f000037.wav|en_US/by_book/female/judy_bieber/the_master_key/wavs/the_master_key_15_f000037.wav|en|True|13.760|unknown|MegaTTS3|MegaTTS3|Its mate, perhaps warned by this sudden disaster, renewed its circling flight, moving so swiftly that Rob could scarcely follow it, and drawing nearer and nearer every moment to its intended victim.|-
./fake/en/MegaTTS3/the_sea_fairies_03_f000128.wav|en_US/by_book/female/judy_bieber/the_sea_fairies/wavs/the_sea_fairies_03_f000128.wav|en|True|1.920|unknown|MegaTTS3|MegaTTS3|Older than Captain Bill?|-
./fake/en/MegaTTS3/the_sea_fairies_13_f000167.wav|en_US/by_book/female/judy_bieber/the_sea_fairies/wavs/the_sea_fairies_13_f000167.wav|en|True|9.200|unknown|MegaTTS3|MegaTTS3|And now they were in a lofty, broad corridor having many doors hung with seaweed draperies.|-
./fake/en/MegaTTS3/wives_and_daughters_44_f000154.wav|en_UK/by_book/female/elizabeth_klett/wives_and_daughters/wavs/wives_and_daughters_44_f000154.wav|en|True|4.320|unknown|MegaTTS3|MegaTTS3|and she a young woman, as if she had been a pure angel of heaven.|-
./fake/en/MegaTTS3/wives_and_daughters_32_f000071.wav|en_UK/by_book/female/elizabeth_klett/wives_and_daughters/wavs/wives_and_daughters_32_f000071.wav|en|True|10.720|unknown|MegaTTS3|MegaTTS3|Lord Hollingford has written for me; he knows my great wish for employment, and has heard of something which he considers suitable; there's his letter if you care to read it.|-
./fake/en/MegaTTS3/wives_and_daughters_33_f000013.wav|en_UK/by_book/female/elizabeth_klett/wives_and_daughters/wavs/wives_and_daughters_33_f000013.wav|en|True|5.600|unknown|MegaTTS3|MegaTTS3|Mister Gibson could not bring himself to say yes to this latter form of sentence.|-
./fake/en/MegaTTS3/wives_and_daughters_13_f000210.wav|en_UK/by_book/female/elizabeth_klett/wives_and_daughters/wavs/wives_and_daughters_13_f000210.wav|en|True|4.320|unknown|MegaTTS3|MegaTTS3|Oh! I suppose she's very clever and accomplished?|-
./fake/en/MegaTTS3/midnight_passenger_01_f000021.wav|en_US/by_book/female/mary_ann/midnight_passenger/wavs/midnight_passenger_01_f000021.wav|en|True|8.560|unknown|MegaTTS3|MegaTTS3|Certain gray-bearded bookkeepers, a couple of brisk correspondents, a stony-faced woman stenographer,|-
./fake/en/MegaTTS3/wives_and_daughters_46_f000128.wav|en_UK/by_book/female/elizabeth_klett/wives_and_daughters/wavs/wives_and_daughters_46_f000128.wav|en|True|12.800|unknown|MegaTTS3|MegaTTS3|It's not the out-speaking, it's what you say that goes against me, Miss Browning, said Missis Goodenough, affronted, yet ready to play her card as soon as needed.|-
./fake/en/MegaTTS3/silent_bullet_12_f000307.wav|en_US/by_book/male/elliot_miller/silent_bullet/wavs/silent_bullet_12_f000307.wav|en|True|3.360|unknown|MegaTTS3|MegaTTS3|to give me a good contact with the body.|-
./fake/en/MegaTTS3/northandsouth_41_f000227.wav|en_US/by_book/female/mary_ann/northandsouth/wavs/northandsouth_41_f000227.wav|en|True|5.920|unknown|MegaTTS3|MegaTTS3|Im dreadfully afraid of being tempted, at an unguarded moment, by the aunt.|-
./fake/en/MegaTTS3/wives_and_daughters_38_f000014.wav|en_UK/by_book/female/elizabeth_klett/wives_and_daughters/wavs/wives_and_daughters_38_f000014.wav|en|True|17.920|unknown|MegaTTS3|MegaTTS3|Every now and then Molly came to a dead wall, beyond which she could not pass - at least with the delicate instruments which were all she chose to use.|-
./fake/en/MegaTTS3/poisoned_pen_04_f000164.wav|en_US/by_book/male/elliot_miller/poisoned_pen/wavs/poisoned_pen_04_f000164.wav|en|True|10.880|unknown|MegaTTS3|MegaTTS3|Search as we might, we could find no other trace of the firebug, and at last we left. Kennedy carried the charred paper carefully in a large hat-box.|-
./fake/en/MegaTTS3/ozma_of_oz_08_f000052.wav|en_US/by_book/female/judy_bieber/ozma_of_oz/wavs/ozma_of_oz_08_f000052.wav|en|True|2.080|unknown|MegaTTS3|MegaTTS3|Didn't I do him up brown?|-
./fake/en/MegaTTS3/pink_fairy_book_32_f000005.wav|en_US/by_book/male/elliot_miller/pink_fairy_book/wavs/pink_fairy_book_32_f000005.wav|en|True|3.280|unknown|MegaTTS3|MegaTTS3|but was a sort of outcast among them.|-
./fake/en/MegaTTS3/silent_bullet_08_f000001.wav|en_US/by_book/male/elliot_miller/silent_bullet/wavs/silent_bullet_08_f000001.wav|en|True|1.520|unknown|MegaTTS3|MegaTTS3|The Azure Ring.|-
./fake/en/MegaTTS3/midnight_passenger_08_f000093.wav|en_US/by_book/female/mary_ann/midnight_passenger/wavs/midnight_passenger_08_f000093.wav|en|True|5.840|unknown|MegaTTS3|MegaTTS3|He groped his way aft to where the cheap heavy-looking package lay with one side balanced upon the rail.|-
./fake/en/MegaTTS3/wives_and_daughters_47_f000006.wav|en_UK/by_book/female/elizabeth_klett/wives_and_daughters/wavs/wives_and_daughters_47_f000006.wav|en|True|12.240|unknown|MegaTTS3|MegaTTS3|But Molly managed to arrest him in the hall, standing there with his great coat held out ready for him to put on, but whispering as she did so Papa!|-
./fake/en/MegaTTS3/pink_fairy_book_21_f000014.wav|en_US/by_book/male/elliot_miller/pink_fairy_book/wavs/pink_fairy_book_21_f000014.wav|en|True|12.800|unknown|MegaTTS3|MegaTTS3|Only a few days after this the merchant heard the news that all his finest ships, laden with the richest merchandise, had been sunk in a storm, and he was left a beggar.|-
./fake/en/MegaTTS3/pink_fairy_book_22_f000108.wav|en_US/by_book/male/elliot_miller/pink_fairy_book/wavs/pink_fairy_book_22_f000108.wav|en|True|11.920|unknown|MegaTTS3|MegaTTS3|At last he took the kings crown, and put it on the top. He carried his burden to the ship and stowed his treasures away, and the youth followed, leading the kings daughter.|-
./fake/en/MegaTTS3/northandsouth_41_f000009.wav|en_US/by_book/female/mary_ann/northandsouth/wavs/northandsouth_41_f000009.wav|en|True|11.520|unknown|MegaTTS3|MegaTTS3|So the winter was getting on, and the days were beginning to lengthen, without bringing with them any of the brightness of hope which usually accompanies the rays of a February sun.|-
./fake/en/MegaTTS3/midnight_passenger_05_f000084.wav|en_US/by_book/female/mary_ann/midnight_passenger/wavs/midnight_passenger_05_f000084.wav|en|True|6.080|unknown|MegaTTS3|MegaTTS3|It is a fight for my life now. I must reach Irma at once. I must tell her all.|-
./fake/en/MegaTTS3/wives_and_daughters_21_f000007.wav|en_UK/by_book/female/elizabeth_klett/wives_and_daughters/wavs/wives_and_daughters_21_f000007.wav|en|True|8.000|unknown|MegaTTS3|MegaTTS3|who, she imagined, ought to have a house and servants, and pay rent and taxes, and live with his wife.|-
./fake/en/MegaTTS3/emerald_city_of_oz_17_f000039.wav|en_US/by_book/female/judy_bieber/emerald_city_of_oz/wavs/emerald_city_of_oz_17_f000039.wav|en|True|5.200|unknown|MegaTTS3|MegaTTS3|and there is neither right nor justice in your coming here to feed upon us.|-
./fake/en/MegaTTS3/wives_and_daughters_60_f000181.wav|en_UK/by_book/female/elizabeth_klett/wives_and_daughters/wavs/wives_and_daughters_60_f000181.wav|en|True|3.280|unknown|MegaTTS3|MegaTTS3|But you will take a message, at any rate?|-
./fake/en/MegaTTS3/northandsouth_28_f000228.wav|en_US/by_book/female/mary_ann/northandsouth/wavs/northandsouth_28_f000228.wav|en|True|6.240|unknown|MegaTTS3|MegaTTS3|-But yo know, shes lying dead at home and Im welly dazed wi sorrow, and at times I hardly know what Im saying.|-
./fake/en/MegaTTS3/poisoned_pen_10_f000238.wav|en_US/by_book/male/elliot_miller/poisoned_pen/wavs/poisoned_pen_10_f000238.wav|en|True|13.040|unknown|MegaTTS3|MegaTTS3|I thought, I did not get appreciably nearer a solution, for we strolled over to the laboratory, where Craig loaded me down with a huge package which was wrapped up in heavy paper.|-
./fake/en/MegaTTS3/emerald_city_of_oz_24_f000013.wav|en_US/by_book/female/judy_bieber/emerald_city_of_oz/wavs/emerald_city_of_oz_24_f000013.wav|en|True|8.960|unknown|MegaTTS3|MegaTTS3|Originally he was a farmer, for he passed his early life in a cornfield, where he was supposed to frighten away the crows.|-
./fake/en/MegaTTS3/wives_and_daughters_51_f000089.wav|en_UK/by_book/female/elizabeth_klett/wives_and_daughters/wavs/wives_and_daughters_51_f000089.wav|en|True|13.120|unknown|MegaTTS3|MegaTTS3|Oh, dear! said Maria. And there's a man come on horseback from Hamley Hall, and he says as Mister Osborne is dead, and that master must go off to the Squire straight away.|-
./fake/en/MegaTTS3/pink_fairy_book_23_f000026.wav|en_US/by_book/male/elliot_miller/pink_fairy_book/wavs/pink_fairy_book_23_f000026.wav|en|True|4.560|unknown|MegaTTS3|MegaTTS3|But how shall we know if any evil thing befall him?|-
./fake/en/MegaTTS3/northandsouth_48_f000118.wav|en_US/by_book/female/mary_ann/northandsouth/wavs/northandsouth_48_f000118.wav|en|True|9.920|unknown|MegaTTS3|MegaTTS3|If all the world spoke, acted, or kept silence with intent to deceive,-if dearest interests were at stake,|-
./fake/en/MegaTTS3/midnight_passenger_15_f000045.wav|en_US/by_book/female/mary_ann/midnight_passenger/wavs/midnight_passenger_15_f000045.wav|en|True|8.800|unknown|MegaTTS3|MegaTTS3|Believe me, she is following out her father's last advice; and if she lets Ferris off easy, you must do the same!|-
./fake/en/MegaTTS3/northandsouth_35_f000157.wav|en_US/by_book/female/mary_ann/northandsouth/wavs/northandsouth_35_f000157.wav|en|True|9.440|unknown|MegaTTS3|MegaTTS3|He was putting it up, when she said, I think it is a cramped, dazzling sort of writing. I could not read it; will you just read it to me?|-
./fake/en/MegaTTS3/emerald_city_of_oz_22_f000026.wav|en_US/by_book/female/judy_bieber/emerald_city_of_oz/wavs/emerald_city_of_oz_22_f000026.wav|en|True|7.680|unknown|MegaTTS3|MegaTTS3|They don't sound very interesting, objected Aunt Em. But perhaps they are.|-
./fake/en/MegaTTS3/northandsouth_41_f000156.wav|en_US/by_book/female/mary_ann/northandsouth/wavs/northandsouth_41_f000156.wav|en|True|13.840|unknown|MegaTTS3|MegaTTS3|I know I have not that much; and yet men set me down in their fools books as a wise man; an independent character; strong-minded, and all that cant.|-
./fake/en/MegaTTS3/jane_eyre_24_f000252.wav|en_UK/by_book/female/elizabeth_klett/jane_eyre/wavs/jane_eyre_24_f000252.wav|en|True|11.760|unknown|MegaTTS3|MegaTTS3|It would, indeed, be a relief, I thought, if I had ever so small an independency; I never can bear being dressed like a doll by Mister|-
./fake/en/MegaTTS3/wives_and_daughters_58_f000104.wav|en_UK/by_book/female/elizabeth_klett/wives_and_daughters/wavs/wives_and_daughters_58_f000104.wav|en|True|4.880|unknown|MegaTTS3|MegaTTS3|and my favourite young woman, are finding out each other's good qualities?|-
./fake/en/MegaTTS3/jane_eyre_07_f000052.wav|en_UK/by_book/female/elizabeth_klett/jane_eyre/wavs/jane_eyre_07_f000052.wav|en|True|3.200|unknown|MegaTTS3|MegaTTS3|I now glanced sideways at this piece of architecture.|-
./fake/en/MegaTTS3/piratesofersatz_04_leinster_64kb_f000258.wav|en_US/by_book/male/elliot_miller/pirates_of_ersatz/wavs/piratesofersatz_04_leinster_64kb_f000258.wav|en|True|7.040|unknown|MegaTTS3|MegaTTS3|There on a galloping horse beside Hoddan in the darkness, Thal zestfully repeated his lesson.|-
./fake/en/MegaTTS3/pink_fairy_book_14_f000061.wav|en_US/by_book/male/elliot_miller/pink_fairy_book/wavs/pink_fairy_book_14_f000061.wav|en|True|11.440|unknown|MegaTTS3|MegaTTS3|However, when he saw the flail that Hans had used, and learned how he had made room for himself to swing it, he was so afraid of the strong fellow,|-
./fake/en/MegaTTS3/northandsouth_02_f000078.wav|en_US/by_book/female/mary_ann/northandsouth/wavs/northandsouth_02_f000078.wav|en|True|10.880|unknown|MegaTTS3|MegaTTS3|Her keen enjoyment of every sensuous pleasure, was balanced finely, if not overbalanced, by her conscious pride in being able to do without them all, if need were.|-
./fake/en/MegaTTS3/emerald_city_of_oz_17_f000091.wav|en_US/by_book/female/judy_bieber/emerald_city_of_oz/wavs/emerald_city_of_oz_17_f000091.wav|en|True|3.200|unknown|MegaTTS3|MegaTTS3|Where do you get the butter? she inquired.|-
./fake/en/MegaTTS3/silent_bullet_12_f000196.wav|en_US/by_book/male/elliot_miller/silent_bullet/wavs/silent_bullet_12_f000196.wav|en|True|3.760|unknown|MegaTTS3|MegaTTS3|None, unless he went home, she replied guardedly.|-
./fake/en/MegaTTS3/poisoned_pen_05_f000140.wav|en_US/by_book/male/elliot_miller/poisoned_pen/wavs/poisoned_pen_05_f000140.wav|en|True|4.960|unknown|MegaTTS3|MegaTTS3|approaching in the shadow as much as possible, on the side farthest from the river.|-
./fake/en/MegaTTS3/jane_eyre_19_f000113.wav|en_UK/by_book/female/elizabeth_klett/jane_eyre/wavs/jane_eyre_19_f000113.wav|en|True|7.600|unknown|MegaTTS3|MegaTTS3|he's dished - But, mother, I did not come to hear Mister Rochester's fortune: I came to hear my own;|-
./fake/en/MegaTTS3/jane_eyre_25_f000036.wav|en_UK/by_book/female/elizabeth_klett/jane_eyre/wavs/jane_eyre_25_f000036.wav|en|True|14.480|unknown|MegaTTS3|MegaTTS3|Descending the laurel walk, I faced the wreck of the chestnut-tree; it stood up black and riven: the trunk, split down the centre, gasped ghastly.|-
./fake/en/MegaTTS3/the_sea_fairies_10_f000003.wav|en_US/by_book/female/judy_bieber/the_sea_fairies/wavs/the_sea_fairies_10_f000003.wav|en|True|12.000|unknown|MegaTTS3|MegaTTS3|The sands were covered with a growth of weeds so gorgeously colored that one who had never peered beneath the surface of the sea would scarcely believe they were not the product of a dye shop.|-
./fake/en/MegaTTS3/wives_and_daughters_07_f000130.wav|en_UK/by_book/female/elizabeth_klett/wives_and_daughters/wavs/wives_and_daughters_07_f000130.wav|en|True|5.760|unknown|MegaTTS3|MegaTTS3|You have been thinking so long of his coming home. I am afraid it is a great disappointment.|-
./fake/en/MegaTTS3/poisoned_pen_12_f000402.wav|en_US/by_book/male/elliot_miller/poisoned_pen/wavs/poisoned_pen_12_f000402.wav|en|True|12.160|unknown|MegaTTS3|MegaTTS3|High up in the League headquarters, when we returned, a corps of clerks was tabulating returns, comparing official and semi-official reports.|-
./fake/en/MegaTTS3/wives_and_daughters_05_f000184.wav|en_UK/by_book/female/elizabeth_klett/wives_and_daughters/wavs/wives_and_daughters_05_f000184.wav|en|True|10.880|unknown|MegaTTS3|MegaTTS3|Osborne may marry where he likes. If Lord Hollingford had a daughter, Osborne would have been as good a match as she could have required.|-
./fake/en/MegaTTS3/silent_bullet_12_f000061.wav|en_US/by_book/male/elliot_miller/silent_bullet/wavs/silent_bullet_12_f000061.wav|en|True|4.560|unknown|MegaTTS3|MegaTTS3|Yes, Juanita, what is it - a message for me?|-
./fake/en/MegaTTS3/northandsouth_29_f000083.wav|en_US/by_book/female/mary_ann/northandsouth/wavs/northandsouth_29_f000083.wav|en|True|6.640|unknown|MegaTTS3|MegaTTS3|Oh, mamma! dont try and make a bugbear of aunt Shaw said Margaret, laughing.|-
./fake/en/MegaTTS3/midnight_passenger_14_f000154.wav|en_US/by_book/female/mary_ann/midnight_passenger/wavs/midnight_passenger_14_f000154.wav|en|True|7.840|unknown|MegaTTS3|MegaTTS3|The two guilty women were weeping together when McNerney stole into the room. He drew the young doctor aside.|-
./fake/en/MegaTTS3/northandsouth_30_f000241.wav|en_US/by_book/female/mary_ann/northandsouth/wavs/northandsouth_30_f000241.wav|en|True|7.040|unknown|MegaTTS3|MegaTTS3|For Frederick had broken down now, and all his theories were of no use to him.|-
./fake/en/MegaTTS3/northandsouth_41_f000027.wav|en_US/by_book/female/mary_ann/northandsouth/wavs/northandsouth_41_f000027.wav|en|True|12.400|unknown|MegaTTS3|MegaTTS3|she in Spanish-English, as was but natural, and he with little turns and inversions of words which proved how far the idioms of his brides country were infecting him.|-
./fake/en/MegaTTS3/poisoned_pen_12_f000406.wav|en_US/by_book/male/elliot_miller/poisoned_pen/wavs/poisoned_pen_12_f000406.wav|en|True|12.400|unknown|MegaTTS3|MegaTTS3|Would the up-state returns, I had wondered at first, be large enough to overcome the hostile city vote? I was amazed now to see how strongly the city was turning to Travis.|-
./fake/en/MegaTTS3/jane_eyre_35_f000202.wav|en_UK/by_book/female/elizabeth_klett/jane_eyre/wavs/jane_eyre_35_f000202.wav|en|True|4.400|unknown|MegaTTS3|MegaTTS3|John's wrath: I grew pliant as a reed under his kindness.|-
./fake/en/MegaTTS3/wives_and_daughters_22_f000213.wav|en_UK/by_book/female/elizabeth_klett/wives_and_daughters/wavs/wives_and_daughters_22_f000213.wav|en|True|8.320|unknown|MegaTTS3|MegaTTS3|I don't wonder master feels it, for I'm sure I do. She was a lady who had always a becoming respect for a butler's position,|-
./fake/en/MegaTTS3/midnight_passenger_02_f000137.wav|en_US/by_book/female/mary_ann/midnight_passenger/wavs/midnight_passenger_02_f000137.wav|en|True|6.960|unknown|MegaTTS3|MegaTTS3|Clayton lingered at his table in the Grand Union cafe long after the waiter had removed his half-tasted dinner.|-
./fake/en/MegaTTS3/dorothy_and_wizard_oz_19_f000017.wav|en_US/by_book/female/judy_bieber/dorothy_and_wizard_oz/wavs/dorothy_and_wizard_oz_19_f000017.wav|en|True|6.640|unknown|MegaTTS3|MegaTTS3|Let the Public Accuser continue, called Ozma from her throne, and I pray you do not interrupt him.|-
./fake/en/MegaTTS3/wives_and_daughters_40_f000152.wav|en_UK/by_book/female/elizabeth_klett/wives_and_daughters/wavs/wives_and_daughters_40_f000152.wav|en|True|4.320|unknown|MegaTTS3|MegaTTS3|How shocking! said Miss Phoebe, duly impressed.|-
./fake/en/MegaTTS3/jane_eyre_04_f000297.wav|en_UK/by_book/female/elizabeth_klett/jane_eyre/wavs/jane_eyre_04_f000297.wav|en|True|9.440|unknown|MegaTTS3|MegaTTS3|I don't think I shall ever be afraid of you again, Bessie, because I have got used to you, and I shall soon have another set of people to dread.|-
./fake/en/MegaTTS3/emerald_city_of_oz_24_f000080.wav|en_US/by_book/female/judy_bieber/emerald_city_of_oz/wavs/emerald_city_of_oz_24_f000080.wav|en|True|6.960|unknown|MegaTTS3|MegaTTS3|What can be done? asked Dorothy, shuddering a little at the prospect of this awful fate.|-
./fake/en/MegaTTS3/pink_fairy_book_34_f000095.wav|en_US/by_book/male/elliot_miller/pink_fairy_book/wavs/pink_fairy_book_34_f000095.wav|en|True|7.760|unknown|MegaTTS3|MegaTTS3|With this he cut a piece off the beak, and there came a voice which said, Oh, oh, you cut my little finger!|-
./fake/en/MegaTTS3/midnight_passenger_12_f000083.wav|en_US/by_book/female/mary_ann/midnight_passenger/wavs/midnight_passenger_12_f000083.wav|en|True|5.040|unknown|MegaTTS3|MegaTTS3|Before the two separated, Einstein had forgotten his Hebrew timidity.|-
./fake/en/MegaTTS3/northandsouth_05_f000227.wav|en_US/by_book/female/mary_ann/northandsouth/wavs/northandsouth_05_f000227.wav|en|True|8.160|unknown|MegaTTS3|MegaTTS3|I have hit upon such a beautiful plan. Look here-in Darkshire, hardly the breadth of my finger from Milton,|-
./fake/en/MegaTTS3/the_master_key_18_f000051.wav|en_US/by_book/female/judy_bieber/the_master_key/wavs/the_master_key_18_f000051.wav|en|True|3.280|unknown|MegaTTS3|MegaTTS3|But what do you say to the proposition?|-
./fake/en/MegaTTS3/the_master_key_01_f000047.wav|en_US/by_book/female/judy_bieber/the_master_key/wavs/the_master_key_01_f000047.wav|en|True|12.320|unknown|MegaTTS3|MegaTTS3|As for Rob, he thought he knew all about the wires, and what each one was for; but they puzzled even him, at times, and he was often perplexed to know how to utilize them all.|-
./fake/en/MegaTTS3/jane_eyre_19_f000102.wav|en_UK/by_book/female/elizabeth_klett/jane_eyre/wavs/jane_eyre_19_f000102.wav|en|True|6.880|unknown|MegaTTS3|MegaTTS3|Humph! Not exactly. Your witch's skill is rather at fault sometimes.|-
./fake/en/MegaTTS3/midnight_passenger_04_f000243.wav|en_US/by_book/female/mary_ann/midnight_passenger/wavs/midnight_passenger_04_f000243.wav|en|True|10.480|unknown|MegaTTS3|MegaTTS3|Here the Juggernaut car of King Alcohol was rolling on remorselessly, crushing out all life save the frenzied dream of the dipsomaniac.|-
./fake/en/MegaTTS3/the_sea_fairies_03_f000130.wav|en_US/by_book/female/judy_bieber/the_sea_fairies/wavs/the_sea_fairies_03_f000130.wav|en|True|5.840|unknown|MegaTTS3|MegaTTS3|But we haven't any gray whiskers, added Merla merrily, and our hearts are ever young.|-
./fake/en/MegaTTS3/the_master_key_13_f000028.wav|en_US/by_book/female/judy_bieber/the_master_key/wavs/the_master_key_13_f000028.wav|en|True|13.760|unknown|MegaTTS3|MegaTTS3|Those fellows seem to be looking for trouble, remarked the boy, as he glided over them, and it wouldn't be exactly healthy for an enemy to get in their way.|-
./fake/en/MegaTTS3/jane_eyre_04_f000267.wav|en_UK/by_book/female/elizabeth_klett/jane_eyre/wavs/jane_eyre_04_f000267.wav|en|True|12.080|unknown|MegaTTS3|MegaTTS3|I opened the glass-door in the breakfast-room: the shrubbery was quite still: the black frost reigned, unbroken by sun or breeze, through the grounds.|-
./fake/en/MegaTTS3/the_sea_fairies_13_f000044.wav|en_US/by_book/female/judy_bieber/the_sea_fairies/wavs/the_sea_fairies_13_f000044.wav|en|True|4.480|unknown|MegaTTS3|MegaTTS3|The result is a fine capture of important personages.|-
./fake/en/MegaTTS3/the_sea_fairies_15_f000083.wav|en_US/by_book/female/judy_bieber/the_sea_fairies/wavs/the_sea_fairies_15_f000083.wav|en|True|7.680|unknown|MegaTTS3|MegaTTS3|Instead, they were as jolly and good-natured as could be and seemed to like their life under the water.|-
./fake/en/MegaTTS3/wives_and_daughters_41_f000011.wav|en_UK/by_book/female/elizabeth_klett/wives_and_daughters/wavs/wives_and_daughters_41_f000011.wav|en|True|9.600|unknown|MegaTTS3|MegaTTS3|And now, Molly, what have you and papa been doing? Very gay, you sounded in your letter.|-
./fake/en/MegaTTS3/wives_and_daughters_06_f000002.wav|en_UK/by_book/female/elizabeth_klett/wives_and_daughters/wavs/wives_and_daughters_06_f000002.wav|en|True|6.320|unknown|MegaTTS3|MegaTTS3|Wives and Daughters by Elisabeth Gaskell. Chapter six A VISIT TO THE HAMLEYS.|-
./fake/en/MegaTTS3/northandsouth_17_f000095.wav|en_US/by_book/female/mary_ann/northandsouth/wavs/northandsouth_17_f000095.wav|en|True|13.840|unknown|MegaTTS3|MegaTTS3|than just the clashing and clanging and clattering that has wearied a my life long, about work and wages, and masters, and hands, and knobsticks.|-
./fake/en/MegaTTS3/poisoned_pen_05_f000129.wav|en_US/by_book/male/elliot_miller/poisoned_pen/wavs/poisoned_pen_05_f000129.wav|en|True|18.080|unknown|MegaTTS3|MegaTTS3|Oh, yes. That's why I'm taking up this case. I believe science can really be used to detect crime, any crime, and in the present instance I've just pride enough to stick to this thing until - until they begin to cut ice on the Styx.|-
./fake/en/MegaTTS3/dorothy_and_wizard_oz_01_f000065.wav|en_US/by_book/female/judy_bieber/dorothy_and_wizard_oz/wavs/dorothy_and_wizard_oz_01_f000065.wav|en|True|3.680|unknown|MegaTTS3|MegaTTS3|Gid-dap! called the boy, again.|-
./fake/en/MegaTTS3/wives_and_daughters_11_f000037.wav|en_UK/by_book/female/elizabeth_klett/wives_and_daughters/wavs/wives_and_daughters_11_f000037.wav|en|True|7.280|unknown|MegaTTS3|MegaTTS3|Thank you, my own love. How good you are! So many men would think only of their own wishes and interests!|-
./fake/en/MegaTTS3/jane_eyre_27_f000379.wav|en_UK/by_book/female/elizabeth_klett/jane_eyre/wavs/jane_eyre_27_f000379.wav|en|True|9.760|unknown|MegaTTS3|MegaTTS3|but without, I am perfectly aware, lies at my feet a rough tract to travel, and around me gather black tempests to encounter.|-
./fake/en/MegaTTS3/wives_and_daughters_37_f000077.wav|en_UK/by_book/female/elizabeth_klett/wives_and_daughters/wavs/wives_and_daughters_37_f000077.wav|en|True|12.720|unknown|MegaTTS3|MegaTTS3|I do assure you I haven't a chance with Miss Gibson, he continued, not knowing what to say, and fancying that his inconstancy was rankling in Mister Gibson's mind.|-
./fake/en/MegaTTS3/rinkitink_baum_02_64kb_f000074.wav|en_US/by_book/female/judy_bieber/rinkitink_in_oz/wavs/rinkitink_baum_02_64kb_f000074.wav|en|True|11.440|unknown|MegaTTS3|MegaTTS3|But I'm too fat. Really, Bilbil, I'm surprised at you. Haven't I brought you all this distance so you may see something of the world and enjoy life?|-
./fake/en/MegaTTS3/hunters_space_06_f000035.wav|en_US/by_book/male/elliot_miller/hunters_space/wavs/hunters_space_06_f000035.wav|en|True|11.040|unknown|MegaTTS3|MegaTTS3|Apparently the Brons intend to sow their seed among the stars. And with families. I'll wager that your lists are not worth a darning needle.|-
./fake/en/MegaTTS3/the_sea_fairies_15_f000059.wav|en_US/by_book/female/judy_bieber/the_sea_fairies/wavs/the_sea_fairies_15_f000059.wav|en|True|4.720|unknown|MegaTTS3|MegaTTS3|Hurry up and get it ready, suggested Trot.|-
./fake/en/MegaTTS3/hunters_space_02_f000051.wav|en_US/by_book/male/elliot_miller/hunters_space/wavs/hunters_space_02_f000051.wav|en|True|8.880|unknown|MegaTTS3|MegaTTS3|Pointing his light upward, he could faintly see the knotted end of his rope swinging back and forth up there against the precipice.|-
./fake/en/MegaTTS3/wives_and_daughters_13_f000151.wav|en_UK/by_book/female/elizabeth_klett/wives_and_daughters/wavs/wives_and_daughters_13_f000151.wav|en|True|8.240|unknown|MegaTTS3|MegaTTS3|standing by her less polished, less handsome, middle-aged husband, might be too much of a contrast to be agreeable.|-
./fake/en/MegaTTS3/jane_eyre_21_f000229.wav|en_UK/by_book/female/elizabeth_klett/jane_eyre/wavs/jane_eyre_21_f000229.wav|en|True|7.520|unknown|MegaTTS3|MegaTTS3|I had taken a journey of a hundred miles to see my aunt, and I must stay with her till she was better - or dead:|-
./fake/en/MegaTTS3/midnight_passenger_12_f000077.wav|en_US/by_book/female/mary_ann/midnight_passenger/wavs/midnight_passenger_12_f000077.wav|en|True|11.280|unknown|MegaTTS3|MegaTTS3|While they talked of the dead, in hushed voices, Policeman Dennis McNerney was chatting with Emil Einstein over the counter of the Magdal Pharmacy.|-
./fake/en/MegaTTS3/jane_eyre_30_f000172.wav|en_UK/by_book/female/elizabeth_klett/jane_eyre/wavs/jane_eyre_30_f000172.wav|en|True|9.920|unknown|MegaTTS3|MegaTTS3|and the worst of it is, my conscience will hardly permit me to dissuade him from his severe decision: certainly, I cannot for a moment blame him for it.|-
./fake/en/MegaTTS3/northandsouth_36_f000105.wav|en_US/by_book/female/mary_ann/northandsouth/wavs/northandsouth_36_f000105.wav|en|True|8.000|unknown|MegaTTS3|MegaTTS3|Gathering, gathering along the narrow street, came a hollow, measured sound; now forcing itself on their attention.|-
./fake/en/MegaTTS3/skyisland_04_baum_64kb_f000007.wav|en_US/by_book/female/judy_bieber/sky_island/wavs/skyisland_04_baum_64kb_f000007.wav|en|True|12.880|unknown|MegaTTS3|MegaTTS3|Hold on, there! cried captain Bill. If it ain't keerful, the ol' thing will pass by the island. I I'm sure it has passed it already, exclaimed Trot.|-
./fake/en/MegaTTS3/wives_and_daughters_51_f000183.wav|en_UK/by_book/female/elizabeth_klett/wives_and_daughters/wavs/wives_and_daughters_51_f000183.wav|en|True|3.600|unknown|MegaTTS3|MegaTTS3|to which she had gone instinctively as to a place of rest.|-
./fake/en/MegaTTS3/dorothy_and_wizard_oz_19_f000039.wav|en_US/by_book/female/judy_bieber/dorothy_and_wizard_oz/wavs/dorothy_and_wizard_oz_19_f000039.wav|en|True|4.720|unknown|MegaTTS3|MegaTTS3|here Eureka closed her eyes sleepily gaze at her smiling countenance!|-
./fake/en/MegaTTS3/silent_bullet_11_f000273.wav|en_US/by_book/male/elliot_miller/silent_bullet/wavs/silent_bullet_11_f000273.wav|en|True|6.560|unknown|MegaTTS3|MegaTTS3|I have some very important experiments with phosphorescent salts that I want to finish to-day.|-
./fake/en/MegaTTS3/poisoned_pen_12_f000446.wav|en_US/by_book/male/elliot_miller/poisoned_pen/wavs/poisoned_pen_12_f000446.wav|en|True|3.600|unknown|MegaTTS3|MegaTTS3|I very hastily condemned mister Travis.|-
./fake/en/MegaTTS3/jane_eyre_14_f000031.wav|en_UK/by_book/female/elizabeth_klett/jane_eyre/wavs/jane_eyre_14_f000031.wav|en|True|12.880|unknown|MegaTTS3|MegaTTS3|I am not fond of the prattle of children, he continued; for, old bachelor as I am, I have no pleasant associations connected with their lisp.|-
./fake/en/MegaTTS3/silent_bullet_09_f000101.wav|en_US/by_book/male/elliot_miller/silent_bullet/wavs/silent_bullet_09_f000101.wav|en|True|13.680|unknown|MegaTTS3|MegaTTS3|No, thanks, answered Craig, rising from the floor. I was just making a careful examination of the room before anyone was up so that nobody would think I was too interested.|-
./fake/en/MegaTTS3/northandsouth_08_f000046.wav|en_US/by_book/female/mary_ann/northandsouth/wavs/northandsouth_08_f000046.wav|en|True|6.800|unknown|MegaTTS3|MegaTTS3|Margaret had joined the party in the evening. The recollection of the plentiful luxury of all the arrangements,|-
./fake/en/MegaTTS3/dorothy_and_wizard_oz_13_f000089.wav|en_US/by_book/female/judy_bieber/dorothy_and_wizard_oz/wavs/dorothy_and_wizard_oz_13_f000089.wav|en|True|6.400|unknown|MegaTTS3|MegaTTS3|Don't hurry, called one of the dragonettes; mother will be glad to meet you, I'm sure.|-
./fake/en/MegaTTS3/midnight_passenger_15_f000088.wav|en_US/by_book/female/mary_ann/midnight_passenger/wavs/midnight_passenger_15_f000088.wav|en|True|9.600|unknown|MegaTTS3|MegaTTS3|Witherspoon smiled sadly, as his friend's excitement betrayed the innocent secret of the young physician's heart.|-
./fake/en/MegaTTS3/northandsouth_03_f000025.wav|en_US/by_book/female/mary_ann/northandsouth/wavs/northandsouth_03_f000025.wav|en|True|7.360|unknown|MegaTTS3|MegaTTS3|The middle window in the bow was opened, and clustering roses and the scarlet honeysuckle came peeping round the corner;|-
./fake/en/MegaTTS3/northandsouth_51_f000122.wav|en_US/by_book/female/mary_ann/northandsouth/wavs/northandsouth_51_f000122.wav|en|True|10.800|unknown|MegaTTS3|MegaTTS3|A more hopeful man might imagine that a closer and more genial intercourse between classes might do away with strikes. But I am not a hopeful man.|-
./fake/en/MegaTTS3/jane_eyre_36_f000159.wav|en_UK/by_book/female/elizabeth_klett/jane_eyre/wavs/jane_eyre_36_f000159.wav|en|True|9.920|unknown|MegaTTS3|MegaTTS3|for when Missis Poole was fast asleep after the gin and water, the mad lady, who was as cunning as a witch, would take the keys out of her pocket,|-
./fake/en/MegaTTS3/wives_and_daughters_47_f000114.wav|en_UK/by_book/female/elizabeth_klett/wives_and_daughters/wavs/wives_and_daughters_47_f000114.wav|en|True|3.760|unknown|MegaTTS3|MegaTTS3|Oh, sister! what are you going to do?|-
./fake/en/MegaTTS3/jane_eyre_34_f000467.wav|en_UK/by_book/female/elizabeth_klett/jane_eyre/wavs/jane_eyre_34_f000467.wav|en|True|7.680|unknown|MegaTTS3|MegaTTS3|which has met resistance where it expected submission - the disapprobation of a cool, inflexible judgment,|-
./fake/en/MegaTTS3/northandsouth_39_f000063.wav|en_US/by_book/female/mary_ann/northandsouth/wavs/northandsouth_39_f000063.wav|en|True|1.840|unknown|MegaTTS3|MegaTTS3|You told him I sent you?|-
./fake/en/MegaTTS3/midnight_passenger_14_f000129.wav|en_US/by_book/female/mary_ann/midnight_passenger/wavs/midnight_passenger_14_f000129.wav|en|True|9.040|unknown|MegaTTS3|MegaTTS3|Tell me, where did he hide the quarter of a million he stole? For this scoundrel only did murder to reach the fortune carried by poor Clayton!|-
./fake/en/MegaTTS3/midnight_passenger_15_f000128.wav|en_US/by_book/female/mary_ann/midnight_passenger/wavs/midnight_passenger_15_f000128.wav|en|True|5.440|unknown|MegaTTS3|MegaTTS3|The drama is done, the curtain has fallen, and the lights are turned out forever!|-
./fake/en/MegaTTS3/northandsouth_36_f000202.wav|en_US/by_book/female/mary_ann/northandsouth/wavs/northandsouth_36_f000202.wav|en|True|9.040|unknown|MegaTTS3|MegaTTS3|He has left me alone wi a these children! moaned the widow, less distressed at the manner of the death than Margaret expected;|-
./fake/en/MegaTTS3/northandsouth_31_f000177.wav|en_US/by_book/female/mary_ann/northandsouth/wavs/northandsouth_31_f000177.wav|en|True|9.360|unknown|MegaTTS3|MegaTTS3|I think it is a good idea, said mister Hale. But dont propose anything which will detain Frederick in England. Dont, for your mothers sake.|-
./fake/en/MegaTTS3/wives_and_daughters_31_f000166.wav|en_UK/by_book/female/elizabeth_klett/wives_and_daughters/wavs/wives_and_daughters_31_f000166.wav|en|True|7.840|unknown|MegaTTS3|MegaTTS3|He became a little graver, however, as he said, - But how will you get it? It's hard enough work.|-
./fake/en/MegaTTS3/northandsouth_05_f000092.wav|en_US/by_book/female/mary_ann/northandsouth/wavs/northandsouth_05_f000092.wav|en|True|2.240|unknown|MegaTTS3|MegaTTS3|When did he tell you, Margaret?|-
./fake/en/MegaTTS3/silent_bullet_02_f000033.wav|en_US/by_book/male/elliot_miller/silent_bullet/wavs/silent_bullet_02_f000033.wav|en|True|6.880|unknown|MegaTTS3|MegaTTS3|Well, Jameson, he said at length, do you think this professor fellow is the goods?|-
./fake/en/MegaTTS3/northandsouth_30_f000236.wav|en_US/by_book/female/mary_ann/northandsouth/wavs/northandsouth_30_f000236.wav|en|True|4.160|unknown|MegaTTS3|MegaTTS3|Her husband might lie by her shaking the bed with his sobs;|-
./fake/en/MegaTTS3/skyisland_25_baum_64kb_f000050.wav|en_US/by_book/female/judy_bieber/sky_island/wavs/skyisland_25_baum_64kb_f000050.wav|en|True|11.360|unknown|MegaTTS3|MegaTTS3|We'll have all the fun there is going, continued the girl, for we are to entertain the Army of the Pinkies. The Pinkies! exclaimed the Captain of the Guards.|-
./fake/en/MegaTTS3/piratesofersatz_11_leinster_64kb_f000084.wav|en_US/by_book/male/elliot_miller/pirates_of_ersatz/wavs/piratesofersatz_11_leinster_64kb_f000084.wav|en|True|5.440|unknown|MegaTTS3|MegaTTS3|He went out to where his followers made grisly zinging noises where they honed their knives.|-
./fake/en/MegaTTS3/silent_bullet_02_f000279.wav|en_US/by_book/male/elliot_miller/silent_bullet/wavs/silent_bullet_02_f000279.wav|en|True|6.880|unknown|MegaTTS3|MegaTTS3|Now, mister Jameson, if you will sit at that typewriter over there and write - anything so long as you keep the keys clicking.|-
./fake/en/MegaTTS3/northandsouth_24_f000012.wav|en_US/by_book/female/mary_ann/northandsouth/wavs/northandsouth_24_f000012.wav|en|True|8.480|unknown|MegaTTS3|MegaTTS3|Margaret knew how, somewhere or another, by way-side, in copses, or in thick green woods, there was a pleasant,|-
./fake/en/MegaTTS3/piratesofersatz_03_leinster_64kb_f000023.wav|en_US/by_book/male/elliot_miller/pirates_of_ersatz/wavs/piratesofersatz_03_leinster_64kb_f000023.wav|en|True|8.720|unknown|MegaTTS3|MegaTTS3|Look, said the plainclothesman, there could be something in it for you if you. hm-m-m. wanted to make a little extra money.|-
./fake/en/MegaTTS3/skyisland_28_baum_64kb_f000014.wav|en_US/by_book/female/judy_bieber/sky_island/wavs/skyisland_28_baum_64kb_f000014.wav|en|True|15.840|unknown|MegaTTS3|MegaTTS3|But the umbrella's got to go with us. It can't go another inch, cried the obstinate frog with an angry croak, nor shall any of your people advance another step while that insulting umbrella is with you.|-
./fake/en/MegaTTS3/poisoned_pen_03_f000127.wav|en_US/by_book/male/elliot_miller/poisoned_pen/wavs/poisoned_pen_03_f000127.wav|en|True|12.640|unknown|MegaTTS3|MegaTTS3|You see, Walter, later I will place the letter back, apply a hair line of strong white gum, and unite the edges of the envelope under pressure. Let us see what we have here.|-
./fake/en/MegaTTS3/silent_bullet_06_f000218.wav|en_US/by_book/male/elliot_miller/silent_bullet/wavs/silent_bullet_06_f000218.wav|en|True|4.480|unknown|MegaTTS3|MegaTTS3|The beakers and test-tubes were also on this shelf.|-
./fake/en/MegaTTS3/wives_and_daughters_48_f000105.wav|en_UK/by_book/female/elizabeth_klett/wives_and_daughters/wavs/wives_and_daughters_48_f000105.wav|en|True|5.120|unknown|MegaTTS3|MegaTTS3|Ay; what else, indeed? How shall you bear it?|-
./fake/en/MegaTTS3/midnight_passenger_12_f000289.wav|en_US/by_book/female/mary_ann/midnight_passenger/wavs/midnight_passenger_12_f000289.wav|en|True|13.360|unknown|MegaTTS3|MegaTTS3|I will seize upon her! Keeping them separate and quiet, I may get the story. But I dare not tell the chief, or I would lose the reward. Witherspoon must trust to me.|-
./fake/en/MegaTTS3/piratesofersatz_02_leinster_64kb_f000130.wav|en_US/by_book/male/elliot_miller/pirates_of_ersatz/wavs/piratesofersatz_02_leinster_64kb_f000130.wav|en|True|13.440|unknown|MegaTTS3|MegaTTS3|Inside of an hour he'd made a hand-sized, five-watt, wave-guide projector of waves of eccentric form. In the beam of that projector, air became ionized.|-
./fake/en/MegaTTS3/jane_eyre_36_f000145.wav|en_UK/by_book/female/elizabeth_klett/jane_eyre/wavs/jane_eyre_36_f000145.wav|en|True|13.440|unknown|MegaTTS3|MegaTTS3|The discovery was brought about in the strangest way. There was a young lady, a governess at the Hall, that Mister Rochester fell in - But the fire, I suggested.|-
./fake/en/MegaTTS3/wives_and_daughters_58_f000023.wav|en_UK/by_book/female/elizabeth_klett/wives_and_daughters/wavs/wives_and_daughters_58_f000023.wav|en|True|4.560|unknown|MegaTTS3|MegaTTS3|and acting in conformity with her wishes as much as with their own.|-
./fake/en/MegaTTS3/midnight_passenger_01_f000113.wav|en_US/by_book/female/mary_ann/midnight_passenger/wavs/midnight_passenger_01_f000113.wav|en|True|6.480|unknown|MegaTTS3|MegaTTS3|Perhaps, he muttered, and then his whole nature stifled the unworthy suggestion.|-
./fake/en/MegaTTS3/wives_and_daughters_18_f000144.wav|en_UK/by_book/female/elizabeth_klett/wives_and_daughters/wavs/wives_and_daughters_18_f000144.wav|en|True|11.600|unknown|MegaTTS3|MegaTTS3|She sobbed herself to sleep this Tuesday night. Two days more, and it would be Friday; and she would have to wrench up the roots she had shot down into this ground.|-
./fake/en/MegaTTS3/rinkitink_baum_04_64kb_f000111.wav|en_US/by_book/female/judy_bieber/rinkitink_in_oz/wavs/rinkitink_baum_04_64kb_f000111.wav|en|True|3.040|unknown|MegaTTS3|MegaTTS3|refrained from saying anything disagreeable.|-
./fake/en/MegaTTS3/wives_and_daughters_17_f000196.wav|en_UK/by_book/female/elizabeth_klett/wives_and_daughters/wavs/wives_and_daughters_17_f000196.wav|en|True|9.120|unknown|MegaTTS3|MegaTTS3|So out of the silence and the soft melancholy of the Hall Molly returned into the all-pervading element of chatter and gossip at Hollingford.|-
./fake/en/MegaTTS3/rinkitink_baum_02_64kb_f000041.wav|en_US/by_book/female/judy_bieber/rinkitink_in_oz/wavs/rinkitink_baum_02_64kb_f000041.wav|en|True|6.800|unknown|MegaTTS3|MegaTTS3|Keek eek eek Oh, dear me! Don't trust their own King. Funny, isn't it?|-
./fake/en/MegaTTS3/northandsouth_46_f000291.wav|en_US/by_book/female/mary_ann/northandsouth/wavs/northandsouth_46_f000291.wav|en|True|5.600|unknown|MegaTTS3|MegaTTS3|Will you tell me what you refer to about reservations in his manner of speaking of me?|-
./fake/en/MegaTTS3/jane_eyre_05_f000131.wav|en_UK/by_book/female/elizabeth_klett/jane_eyre/wavs/jane_eyre_05_f000131.wav|en|True|6.400|unknown|MegaTTS3|MegaTTS3|a group of great girls standing about her spoke with serious and sullen gestures.|-
./fake/en/MegaTTS3/piratesofersatz_08_leinster_64kb_f000137.wav|en_US/by_book/male/elliot_miller/pirates_of_ersatz/wavs/piratesofersatz_08_leinster_64kb_f000137.wav|en|True|10.720|unknown|MegaTTS3|MegaTTS3|He saw the curving lines of its highways and the criss-cross pattern of its streets. Buildings as such, however, did not show.|-
./fake/en/MegaTTS3/wives_and_daughters_29_f000276.wav|en_UK/by_book/female/elizabeth_klett/wives_and_daughters/wavs/wives_and_daughters_29_f000276.wav|en|True|12.720|unknown|MegaTTS3|MegaTTS3|through the medium of a child, the offspring of a forbidden marriage, became still more vividly possible to him, and at any rate it was a staving-off of an unpleasant thing.|-
./fake/en/MegaTTS3/jane_eyre_32_f000071.wav|en_UK/by_book/female/elizabeth_klett/jane_eyre/wavs/jane_eyre_32_f000071.wav|en|True|12.240|unknown|MegaTTS3|MegaTTS3|I was a lusus naturae, she affirmed, as a village schoolmistress: she was sure my previous history, if known, would make a delightful romance.|-
./fake/en/MegaTTS3/hunters_space_17_f000010.wav|en_US/by_book/male/elliot_miller/hunters_space/wavs/hunters_space_17_f000010.wav|en|True|11.360|unknown|MegaTTS3|MegaTTS3|Ato joined them. He had proven himself a general. Outnumbered all the way, he had broken Grim Hagen's lines time and again during that awful night.|-
./fake/en/MegaTTS3/jane_eyre_09_f000082.wav|en_UK/by_book/female/elizabeth_klett/jane_eyre/wavs/jane_eyre_09_f000082.wav|en|True|6.560|unknown|MegaTTS3|MegaTTS3|This done, I lingered yet a little longer: the flowers smelt so sweet as the dew fell;|-
./fake/en/MegaTTS3/wives_and_daughters_60_f000312.wav|en_UK/by_book/female/elizabeth_klett/wives_and_daughters/wavs/wives_and_daughters_60_f000312.wav|en|True|9.840|unknown|MegaTTS3|MegaTTS3|But it is useless to speculate upon what would have been done by the delicate strong hand which can create no more Molly Gibsons - no more Roger Hamleys.|-
./fake/en/MegaTTS3/wives_and_daughters_45_f000093.wav|en_UK/by_book/female/elizabeth_klett/wives_and_daughters/wavs/wives_and_daughters_45_f000093.wav|en|True|6.880|unknown|MegaTTS3|MegaTTS3|Poor dear Mister Kirkpatrick used to say, a cheerful heart makes its own sunshine.|-
./fake/en/MegaTTS3/jane_eyre_17_f000146.wav|en_UK/by_book/female/elizabeth_klett/jane_eyre/wavs/jane_eyre_17_f000146.wav|en|True|14.160|unknown|MegaTTS3|MegaTTS3|and when it caught them, which it soon did, it found a further task in framing the tones, rendered by distance inarticulate, into words.|-
./fake/en/MegaTTS3/poisoned_pen_12_f000039.wav|en_US/by_book/male/elliot_miller/poisoned_pen/wavs/poisoned_pen_12_f000039.wav|en|True|16.000|unknown|MegaTTS3|MegaTTS3|Travis met his look without flinching. They are supposed to be photographs of myself, he replied slowly. One purports to represent me in a group on McLoughlin's porch at his farm on the south shore of the island,|-
./fake/en/MegaTTS3/wives_and_daughters_12_f000155.wav|en_UK/by_book/female/elizabeth_klett/wives_and_daughters/wavs/wives_and_daughters_12_f000155.wav|en|True|6.160|unknown|MegaTTS3|MegaTTS3|We are your old friends; and we were her mother's friends, too; though we are not county folk.|-
./fake/en/MegaTTS3/skyisland_15_baum_64kb_f000031.wav|en_US/by_book/female/judy_bieber/sky_island/wavs/skyisland_15_baum_64kb_f000031.wav|en|True|11.520|unknown|MegaTTS3|MegaTTS3|You see, said captain Bill, the sky is all around us, and we're high up, so the sun really loses itself in the clouds and leaves a trail of beauty behind him.|-
./fake/en/MegaTTS3/northandsouth_30_f000067.wav|en_US/by_book/female/mary_ann/northandsouth/wavs/northandsouth_30_f000067.wav|en|True|5.760|unknown|MegaTTS3|MegaTTS3|They resolved that Martha should leave them that very afternoon for this visit to her mother.|-
./fake/en/MegaTTS3/wives_and_daughters_51_f000140.wav|en_UK/by_book/female/elizabeth_klett/wives_and_daughters/wavs/wives_and_daughters_51_f000140.wav|en|True|9.040|unknown|MegaTTS3|MegaTTS3|But when they came in sight of the square stillness of the house, shining in the moonlight - the moon had risen by this time - Molly caught at her breath,|-
./fake/en/MegaTTS3/hunters_space_02_f000089.wav|en_US/by_book/male/elliot_miller/hunters_space/wavs/hunters_space_02_f000089.wav|en|True|8.320|unknown|MegaTTS3|MegaTTS3|Hours and hours later, as Odin toiled his way downward, he became aware of a growing stench in the stale air.|-
./fake/en/MegaTTS3/jane_eyre_20_f000296.wav|en_UK/by_book/female/elizabeth_klett/jane_eyre/wavs/jane_eyre_20_f000296.wav|en|True|6.640|unknown|MegaTTS3|MegaTTS3|and they are all fresh, healthy, without soil and without taint.|-
./fake/en/MegaTTS3/piratesofersatz_07_leinster_64kb_f000003.wav|en_US/by_book/male/elliot_miller/pirates_of_ersatz/wavs/piratesofersatz_07_leinster_64kb_f000003.wav|en|True|4.400|unknown|MegaTTS3|MegaTTS3|The pirates of ersatz by Murray Leinster. Chapter seven.|-
./fake/en/MegaTTS3/northandsouth_38_f000264.wav|en_US/by_book/female/mary_ann/northandsouth/wavs/northandsouth_38_f000264.wav|en|True|11.200|unknown|MegaTTS3|MegaTTS3|Tell her to mind her own business the next time, instead of taking up your time and mine too. I believe women are at the bottom of every plague in this world. Be off with you.|-
./fake/en/MegaTTS3/northandsouth_44_f000076.wav|en_US/by_book/female/mary_ann/northandsouth/wavs/northandsouth_44_f000076.wav|en|True|3.280|unknown|MegaTTS3|MegaTTS3|mister Henry Lennox? asked Margaret.|-
./fake/en/MegaTTS3/poisoned_pen_11_f000136.wav|en_US/by_book/male/elliot_miller/poisoned_pen/wavs/poisoned_pen_11_f000136.wav|en|True|9.840|unknown|MegaTTS3|MegaTTS3|Perfect rest for the present, the doctor directed, talking more to Missis Martin than to the old man. Perfect rest, and then when his health is good,|-
./fake/en/MegaTTS3/jane_eyre_21_f000260.wav|en_UK/by_book/female/elizabeth_klett/jane_eyre/wavs/jane_eyre_21_f000260.wav|en|True|7.360|unknown|MegaTTS3|MegaTTS3|You sent for me, I said, and I am here; and it is my intention to stay till I see how you get on.|-
./fake/en/MegaTTS3/northandsouth_46_f000227.wav|en_US/by_book/female/mary_ann/northandsouth/wavs/northandsouth_46_f000227.wav|en|True|12.960|unknown|MegaTTS3|MegaTTS3|Then she sighed, and putting down her spoon, she began, apropos of nothing at all, and in the high-pitched voice which usually shows that the speaker has been thinking for some time on the subject that they wish to introduce-mister Bell,|-
./fake/en/MegaTTS3/poisoned_pen_09_f000182.wav|en_US/by_book/male/elliot_miller/poisoned_pen/wavs/poisoned_pen_09_f000182.wav|en|True|4.480|unknown|MegaTTS3|MegaTTS3|We were getting nowhere in this interview, at least so I thought.|-
./fake/en/MegaTTS3/ozma_of_oz_06_f000047.wav|en_US/by_book/female/judy_bieber/ozma_of_oz/wavs/ozma_of_oz_06_f000047.wav|en|True|8.240|unknown|MegaTTS3|MegaTTS3|Yes; if you be-have your-self. But tell me: who rules the Land of Ev now? asked the machine.|-
./fake/en/MegaTTS3/wives_and_daughters_08_f000237.wav|en_UK/by_book/female/elizabeth_klett/wives_and_daughters/wavs/wives_and_daughters_08_f000237.wav|en|True|8.560|unknown|MegaTTS3|MegaTTS3|why, she must be seventeen or more; she would really be a companion to you, mamma, if her mother was unable to come.|-
./fake/en/MegaTTS3/poisoned_pen_01_f000014.wav|en_US/by_book/male/elliot_miller/poisoned_pen/wavs/poisoned_pen_01_f000014.wav|en|True|4.160|unknown|MegaTTS3|MegaTTS3|Never, he replied. What sort of place is it?|-
./fake/en/MegaTTS3/jane_eyre_28_f000021.wav|en_UK/by_book/female/elizabeth_klett/jane_eyre/wavs/jane_eyre_28_f000021.wav|en|True|6.000|unknown|MegaTTS3|MegaTTS3|High banks of moor were about me; the crag protected my head: the sky was over that.|-
./fake/en/MegaTTS3/emerald_city_of_oz_03_f000034.wav|en_US/by_book/female/judy_bieber/emerald_city_of_oz/wavs/emerald_city_of_oz_03_f000034.wav|en|True|4.880|unknown|MegaTTS3|MegaTTS3|although at times one or another of them would get cross and disagreeable.|-
./fake/en/MegaTTS3/rinkitink_baum_07_64kb_f000036.wav|en_US/by_book/female/judy_bieber/rinkitink_in_oz/wavs/rinkitink_baum_07_64kb_f000036.wav|en|True|15.600|unknown|MegaTTS3|MegaTTS3|Prince Inga guided his boat to the south end of the Island of Regos, which was the landing place nearest to the city, and when the warriors saw this action they went down to the shore to meet him,|-
./fake/en/MegaTTS3/jane_eyre_29_f000116.wav|en_UK/by_book/female/elizabeth_klett/jane_eyre/wavs/jane_eyre_29_f000116.wav|en|True|6.240|unknown|MegaTTS3|MegaTTS3|and the girls, as soon as they left school, would seek places as governesses:|-
./fake/en/MegaTTS3/emerald_city_of_oz_01_f000017.wav|en_US/by_book/female/judy_bieber/emerald_city_of_oz/wavs/emerald_city_of_oz_01_f000017.wav|en|True|13.840|unknown|MegaTTS3|MegaTTS3|Then he remembered that it was no fun being angry unless he had some one to frighten and make miserable, and he rushed to his big gong and made it clatter as loud as he could.|-
./fake/en/MegaTTS3/wives_and_daughters_17_f000101.wav|en_UK/by_book/female/elizabeth_klett/wives_and_daughters/wavs/wives_and_daughters_17_f000101.wav|en|True|4.320|unknown|MegaTTS3|MegaTTS3|the poor Squire was in a sad state.|-
./fake/en/MegaTTS3/northandsouth_43_f000047.wav|en_US/by_book/female/mary_ann/northandsouth/wavs/northandsouth_43_f000047.wav|en|True|9.520|unknown|MegaTTS3|MegaTTS3|I feel sure, darling, you wont be better till I get you out of this horrid air. How you can have borne it this two years I cant imagine.|-
./fake/en/MegaTTS3/pink_fairy_book_26_f000124.wav|en_US/by_book/male/elliot_miller/pink_fairy_book/wavs/pink_fairy_book_26_f000124.wav|en|True|11.520|unknown|MegaTTS3|MegaTTS3|Then the young man understood how true his brother had been to him, and he sat down and wept and wrung his hands because of the wicked murder that he had done.|-
./fake/en/MegaTTS3/the_sea_fairies_16_f000055.wav|en_US/by_book/female/judy_bieber/the_sea_fairies/wavs/the_sea_fairies_16_f000055.wav|en|True|3.440|unknown|MegaTTS3|MegaTTS3|Seems to me it's a case of luck which wins.|-
./fake/en/MegaTTS3/jane_eyre_33_f000182.wav|en_UK/by_book/female/elizabeth_klett/jane_eyre/wavs/jane_eyre_33_f000182.wav|en|True|5.200|unknown|MegaTTS3|MegaTTS3|Circumstances knit themselves, fitted themselves, shot into order:|-
./fake/en/MegaTTS3/poisoned_pen_11_f000309.wav|en_US/by_book/male/elliot_miller/poisoned_pen/wavs/poisoned_pen_11_f000309.wav|en|True|6.160|unknown|MegaTTS3|MegaTTS3|there was a first faint glimmer of life in the heart and a touch of colour in the cheeks.|-
./fake/en/MegaTTS3/wives_and_daughters_06_f000112.wav|en_UK/by_book/female/elizabeth_klett/wives_and_daughters/wavs/wives_and_daughters_06_f000112.wav|en|True|5.600|unknown|MegaTTS3|MegaTTS3|Molly was rather dismayed by the offers of the maid whom Missis Hamley had sent to assist her.|-
./fake/en/MegaTTS3/skyisland_09_baum_64kb_f000036.wav|en_US/by_book/female/judy_bieber/sky_island/wavs/skyisland_09_baum_64kb_f000036.wav|en|True|4.400|unknown|MegaTTS3|MegaTTS3|Anything else? asked Trot, drawing a long breath.|-
./fake/en/MegaTTS3/poisoned_pen_03_f000257.wav|en_US/by_book/male/elliot_miller/poisoned_pen/wavs/poisoned_pen_03_f000257.wav|en|True|8.640|unknown|MegaTTS3|MegaTTS3|There was also a receptacle holding a dozen glass-handled platinum wires, a microscope, and a number of slides.|-
./fake/en/MegaTTS3/piratesofersatz_06_leinster_64kb_f000006.wav|en_US/by_book/male/elliot_miller/pirates_of_ersatz/wavs/piratesofersatz_06_leinster_64kb_f000006.wav|en|True|7.840|unknown|MegaTTS3|MegaTTS3|But suddenly he opened his eyes. Somebody banged on the door once more. A voice cried angrily:|-
./fake/en/MegaTTS3/jane_eyre_18_f000272.wav|en_UK/by_book/female/elizabeth_klett/jane_eyre/wavs/jane_eyre_18_f000272.wav|en|True|11.040|unknown|MegaTTS3|MegaTTS3|Would she laugh? Would she take it as a joke? All eyes met her with a glance of eager curiosity, and she met all eyes with one of rebuff and coldness;|-
./fake/en/MegaTTS3/the_master_key_14_f000063.wav|en_US/by_book/female/judy_bieber/the_master_key/wavs/the_master_key_14_f000063.wav|en|True|12.400|unknown|MegaTTS3|MegaTTS3|The Record of Events and the traveling machine were doubtless in the possession of the other robbers, but Rob did not despair of recovering them, now that he had the tube to aid him.|-
./fake/en/MegaTTS3/hunters_space_11_f000049.wav|en_US/by_book/male/elliot_miller/hunters_space/wavs/hunters_space_11_f000049.wav|en|True|12.960|unknown|MegaTTS3|MegaTTS3|Gunnar continued. Well, it has turned out even as I figured. Only more so. When traveling in far countries you should try to learn how the people live, Odin.|-
./fake/en/MegaTTS3/wives_and_daughters_08_f000048.wav|en_UK/by_book/female/elizabeth_klett/wives_and_daughters/wavs/wives_and_daughters_08_f000048.wav|en|True|3.520|unknown|MegaTTS3|MegaTTS3|What about him? asked Molly, eagerly.|-
./fake/en/MegaTTS3/jane_eyre_33_f000070.wav|en_UK/by_book/female/elizabeth_klett/jane_eyre/wavs/jane_eyre_33_f000070.wav|en|True|9.360|unknown|MegaTTS3|MegaTTS3|she fell in love with him, and married him, against the advice of all her friends, who consequently disowned her immediately after the wedding.|-
