path|original_file|language|is_original_language|duration|training_data|model_name|architecture|transcript|reference_speaker|speaker_similarity
./fake/en/VoXtream2/pink_fairy_book_14_f000172.wav|en_US/by_book/male/elliot_miller/pink_fairy_book/wavs/pink_fairy_book_14_f000172.wav|en|True|9.360|unknown|VoXtream2|VoXtream|At this they howled at him, and were about to lay hold of him and drag him off but when they had got some raps from his walkingstick they let go again,|en_UK/by_book/female/elizabeth_klett/wives_and_daughters/wavs/wives_and_daughters_21_f000170.wav|0.6715
./fake/en/VoXtream2/poisoned_pen_07_f000100.wav|en_US/by_book/male/elliot_miller/poisoned_pen/wavs/poisoned_pen_07_f000100.wav|en|True|4.800|unknown|VoXtream2|VoXtream|Until we have more facts, anything is both possible and probable.|en_UK/by_book/female/elizabeth_klett/jane_eyre/wavs/jane_eyre_08_f000054.wav|0.6806
./fake/en/VoXtream2/silent_bullet_03_f000022.wav|en_US/by_book/male/elliot_miller/silent_bullet/wavs/silent_bullet_03_f000022.wav|en|True|5.520|unknown|VoXtream2|VoXtream|I had no need to express the interest I now really felt, and Kennedy hastened to take advantage of it.|en_US/by_book/female/mary_ann/northandsouth/wavs/northandsouth_32_f000044.wav|0.7256
./fake/en/VoXtream2/silent_bullet_11_f000046.wav|en_US/by_book/male/elliot_miller/silent_bullet/wavs/silent_bullet_11_f000046.wav|en|True|7.920|unknown|VoXtream2|VoXtream|I gave the letter to the Italian Squad of the police. The next morning my fatherinlaws butler noticed something peculiar about the milk.|en_UK/by_book/female/elizabeth_klett/jane_eyre/wavs/jane_eyre_06_f000068.wav|-0.0170
./fake/en/VoXtream2/jane_eyre_33_f000026.wav|en_UK/by_book/female/elizabeth_klett/jane_eyre/wavs/jane_eyre_33_f000026.wav|en|True|7.920|unknown|VoXtream2|VoXtream|as he put aside his snowwet hair from his forehead and let the firelight shine free on his pale brow and cheek as pale,|en_UK/by_book/female/elizabeth_klett/wives_and_daughters/wavs/wives_and_daughters_60_f000257.wav|0.5754
./fake/en/VoXtream2/wives_and_daughters_04_f000188.wav|en_UK/by_book/female/elizabeth_klett/wives_and_daughters/wavs/wives_and_daughters_04_f000188.wav|en|True|6.880|unknown|VoXtream2|VoXtream|We understand each other, don't we, doctor? Why, bless your life, he gives me better than he gets many a time|en_UK/by_book/female/elizabeth_klett/wives_and_daughters/wavs/wives_and_daughters_10_f000210.wav|0.6364
./fake/en/VoXtream2/silent_bullet_13_f000294.wav|en_US/by_book/male/elliot_miller/silent_bullet/wavs/silent_bullet_13_f000294.wav|en|True|8.960|unknown|VoXtream2|VoXtream|With tense muscles Kennedy held this terrific engine of destruction and moved it as easily as if it had been a mere pencil of light.|en_US/by_book/male/elliot_miller/silent_bullet/wavs/silent_bullet_06_f000257.wav|0.7438
./fake/en/VoXtream2/northandsouth_05_f000033.wav|en_US/by_book/female/mary_ann/northandsouth/wavs/northandsouth_05_f000033.wav|en|True|10.320|unknown|VoXtream2|VoXtream|That morning when she had looked out, her heart had danced at seeing the bright clear lights on the church tower, which foretold a fine and sunny day.|en_UK/by_book/female/elizabeth_klett/jane_eyre/wavs/jane_eyre_30_f000052.wav|0.6333
./fake/en/VoXtream2/piratesofersatz_01_leinster_64kb_f000231.wav|en_US/by_book/male/elliot_miller/pirates_of_ersatz/wavs/piratesofersatz_01_leinster_64kb_f000231.wav|en|True|4.960|unknown|VoXtream2|VoXtream|And there's a man named Hoddan who's supposed to head a particularly ruffianly gang.|en_UK/by_book/female/elizabeth_klett/jane_eyre/wavs/jane_eyre_35_f000042.wav|0.7344
./fake/en/VoXtream2/jane_eyre_29_f000130.wav|en_UK/by_book/female/elizabeth_klett/jane_eyre/wavs/jane_eyre_29_f000130.wav|en|True|7.200|unknown|VoXtream2|VoXtream|You should have waited for my leave to descend, she said. You still look very pale  and so thin! Poor child!  poor girl!|en_UK/by_book/female/elizabeth_klett/jane_eyre/wavs/jane_eyre_34_f000254.wav|0.8115
./fake/en/VoXtream2/poisoned_pen_08_f000124.wav|en_US/by_book/male/elliot_miller/poisoned_pen/wavs/poisoned_pen_08_f000124.wav|en|True|11.680|unknown|VoXtream2|VoXtream|He was able to cover up the checks by juggling the accounts. But that didn't satisfy him. He was after something big. So he started in to issue the treasury stock,|en_UK/by_book/female/elizabeth_klett/wives_and_daughters/wavs/wives_and_daughters_33_f000057.wav|0.0989
./fake/en/VoXtream2/wives_and_daughters_57_f000163.wav|en_UK/by_book/female/elizabeth_klett/wives_and_daughters/wavs/wives_and_daughters_57_f000163.wav|en|True|3.440|unknown|VoXtream2|VoXtream|Parkes shall bring you everything and anything you want.|en_US/by_book/female/judy_bieber/ozma_of_oz/wavs/ozma_of_oz_01_f000042.wav|0.6486
./fake/en/VoXtream2/jane_eyre_19_f000060.wav|en_UK/by_book/female/elizabeth_klett/jane_eyre/wavs/jane_eyre_19_f000060.wav|en|True|9.040|unknown|VoXtream2|VoXtream|A mean nutriment for the spirit to exist on and sitting in that window seat you see I know your habits  You have learned them from the servants.|en_UK/by_book/female/elizabeth_klett/jane_eyre/wavs/jane_eyre_25_f000257.wav|0.4413
./fake/en/VoXtream2/wives_and_daughters_26_f000120.wav|en_UK/by_book/female/elizabeth_klett/wives_and_daughters/wavs/wives_and_daughters_26_f000120.wav|en|True|4.320|unknown|VoXtream2|VoXtream|there were sure to be young men staying at the Towers who would be on the lookout for pretty girls|en_US/by_book/male/elliot_miller/pirates_of_ersatz/wavs/piratesofersatz_06_leinster_64kb_f000105.wav|0.7193
./fake/en/VoXtream2/the_master_key_14_f000065.wav|en_US/by_book/female/judy_bieber/the_master_key/wavs/the_master_key_14_f000065.wav|en|True|4.320|unknown|VoXtream2|VoXtream|Supposing him to be dead, they tossed him aside and forgot all about him.|en_UK/by_book/female/elizabeth_klett/wives_and_daughters/wavs/wives_and_daughters_54_f000141.wav|0.6064
./fake/en/VoXtream2/hunters_space_02_f000039.wav|en_US/by_book/male/elliot_miller/hunters_space/wavs/hunters_space_02_f000039.wav|en|True|10.800|unknown|VoXtream2|VoXtream|Limestone could be deceiving. Putting the light back in his belt, he began feeling along the wall. It was smooth. Finally, reaching down as far as he could,|en_US/by_book/male/elliot_miller/pink_fairy_book/wavs/pink_fairy_book_38_f000084.wav|0.7249
./fake/en/VoXtream2/northandsouth_15_f000175.wav|en_US/by_book/female/mary_ann/northandsouth/wavs/northandsouth_15_f000175.wav|en|True|6.480|unknown|VoXtream2|VoXtream|I know we differ in our religious opinions but dont you give me credit for having some, though not the same as yours?|en_US/by_book/female/mary_ann/midnight_passenger/wavs/midnight_passenger_08_f000048.wav|0.1505
./fake/en/VoXtream2/wives_and_daughters_52_f000189.wav|en_UK/by_book/female/elizabeth_klett/wives_and_daughters/wavs/wives_and_daughters_52_f000189.wav|en|True|7.600|unknown|VoXtream2|VoXtream|I hate to look at such things in a mercenary spirit, but it is provoking to see her throw over two such good matches.|en_US/by_book/male/elliot_miller/poisoned_pen/wavs/poisoned_pen_07_f000064.wav|0.7872
./fake/en/VoXtream2/wives_and_daughters_54_f000141.wav|en_UK/by_book/female/elizabeth_klett/wives_and_daughters/wavs/wives_and_daughters_54_f000141.wav|en|True|8.640|unknown|VoXtream2|VoXtream|he has given her a ticket to the Concerts of Ancient Music and Mister Henderson has been to call on her, in spite of all that has gone before.|en_US/by_book/female/mary_ann/midnight_passenger/wavs/midnight_passenger_08_f000138.wav|0.7909
./fake/en/VoXtream2/pink_fairy_book_14_f000175.wav|en_US/by_book/male/elliot_miller/pink_fairy_book/wavs/pink_fairy_book_14_f000175.wav|en|True|6.720|unknown|VoXtream2|VoXtream|Give him three years! give him ten! shouted Old Eric, only dont let him come near me.|en_UK/by_book/female/elizabeth_klett/wives_and_daughters/wavs/wives_and_daughters_05_f000050.wav|0.6506
./fake/en/VoXtream2/emerald_city_of_oz_26_f000109.wav|en_US/by_book/female/judy_bieber/emerald_city_of_oz/wavs/emerald_city_of_oz_26_f000109.wav|en|True|7.040|unknown|VoXtream2|VoXtream|I'm going to stay here and tell my plan to Ozma alone, but if you will all be at the Forbidden Fountain at daybreak,|en_US/by_book/female/judy_bieber/emerald_city_of_oz/wavs/emerald_city_of_oz_16_f000065.wav|0.3060
./fake/en/VoXtream2/wives_and_daughters_14_f000127.wav|en_UK/by_book/female/elizabeth_klett/wives_and_daughters/wavs/wives_and_daughters_14_f000127.wav|en|True|4.320|unknown|VoXtream2|VoXtream|Lord Cumnor was standing on the steps, waiting to hand his daughter out of the carriage.|en_US/by_book/female/judy_bieber/emerald_city_of_oz/wavs/emerald_city_of_oz_14_f000060.wav|0.7673
./fake/en/VoXtream2/midnight_passenger_13_f000008.wav|en_US/by_book/female/mary_ann/midnight_passenger/wavs/midnight_passenger_13_f000008.wav|en|True|6.960|unknown|VoXtream2|VoXtream|Down in the Western Trading Company's office, the urbane Robert Wade, now shining out again in full plumage,|en_US/by_book/female/mary_ann/midnight_passenger/wavs/midnight_passenger_11_f000073.wav|0.7568
./fake/en/VoXtream2/poisoned_pen_07_f000381.wav|en_US/by_book/male/elliot_miller/poisoned_pen/wavs/poisoned_pen_07_f000381.wav|en|True|11.440|unknown|VoXtream2|VoXtream|It can be smoked, chewed, used as a drink, or taken as a confection. In the form of a powder it is used by the narghile smoker.|en_US/by_book/male/elliot_miller/poisoned_pen/wavs/poisoned_pen_04_f000292.wav|0.7489
./fake/en/VoXtream2/emerald_city_of_oz_11_f000090.wav|en_US/by_book/female/judy_bieber/emerald_city_of_oz/wavs/emerald_city_of_oz_11_f000090.wav|en|True|3.600|unknown|VoXtream2|VoXtream|What share of the spoils am I to have? was the next question.|en_US/by_book/male/elliot_miller/pirates_of_ersatz/wavs/piratesofersatz_09_leinster_64kb_f000081.wav|0.4032
./fake/en/VoXtream2/northandsouth_38_f000259.wav|en_US/by_book/female/mary_ann/northandsouth/wavs/northandsouth_38_f000259.wav|en|True|6.560|unknown|VoXtream2|VoXtream|no! if its only for the recollection of the way in which youve used the poor knobsticks before now, I say No! to your question.|en_US/by_book/male/elliot_miller/poisoned_pen/wavs/poisoned_pen_07_f000067.wav|0.7027
./fake/en/VoXtream2/midnight_passenger_04_f000244.wav|en_US/by_book/female/mary_ann/midnight_passenger/wavs/midnight_passenger_04_f000244.wav|en|True|4.800|unknown|VoXtream2|VoXtream|But the lad paused and shook his head as he noted the windows of the old English basement tightly barred.|en_US/by_book/female/mary_ann/northandsouth/wavs/northandsouth_20_f000093.wav|0.6854
./fake/en/VoXtream2/jane_eyre_05_f000127.wav|en_UK/by_book/female/elizabeth_klett/jane_eyre/wavs/jane_eyre_05_f000127.wav|en|True|7.120|unknown|VoXtream2|VoXtream|for that space of time it seemed to be permitted to talk loud and more freely,|en_US/by_book/male/elliot_miller/pink_fairy_book/wavs/pink_fairy_book_41_f000022.wav|0.6751
./fake/en/VoXtream2/wives_and_daughters_14_f000091.wav|en_UK/by_book/female/elizabeth_klett/wives_and_daughters/wavs/wives_and_daughters_14_f000091.wav|en|True|2.400|unknown|VoXtream2|VoXtream|It's only on the surface with both of us.|en_US/by_book/female/mary_ann/northandsouth/wavs/northandsouth_19_f000162.wav|0.3420
./fake/en/VoXtream2/poisoned_pen_11_f000344.wav|en_US/by_book/male/elliot_miller/poisoned_pen/wavs/poisoned_pen_11_f000344.wav|en|True|8.800|unknown|VoXtream2|VoXtream|Send for doctor Scott again, she demanded. See if he cannot be found. He must be found. You are all enemies, villains.|en_US/by_book/male/elliot_miller/poisoned_pen/wavs/poisoned_pen_05_f000073.wav|0.7347
./fake/en/VoXtream2/midnight_passenger_11_f000235.wav|en_US/by_book/female/mary_ann/midnight_passenger/wavs/midnight_passenger_11_f000235.wav|en|True|6.400|unknown|VoXtream2|VoXtream|Ferris wearily gazed at his visitor. What do you mean? I'm sick.|en_UK/by_book/female/elizabeth_klett/jane_eyre/wavs/jane_eyre_14_f000194.wav|0.6243
./fake/en/VoXtream2/poisoned_pen_10_f000193.wav|en_US/by_book/male/elliot_miller/poisoned_pen/wavs/poisoned_pen_10_f000193.wav|en|True|6.160|unknown|VoXtream2|VoXtream|His inspector by this time had finished a most minute examination.|en_US/by_book/female/mary_ann/northandsouth/wavs/northandsouth_23_f000116.wav|0.7533
./fake/en/VoXtream2/jane_eyre_24_f000365.wav|en_UK/by_book/female/elizabeth_klett/jane_eyre/wavs/jane_eyre_24_f000365.wav|en|True|8.160|unknown|VoXtream2|VoXtream|the best words at my service were provoking puppet, malicious elf, sprite, changeling, c.|en_UK/by_book/female/elizabeth_klett/jane_eyre/wavs/jane_eyre_20_f000062.wav|0.7001
./fake/en/VoXtream2/midnight_passenger_12_f000109.wav|en_US/by_book/female/mary_ann/midnight_passenger/wavs/midnight_passenger_12_f000109.wav|en|True|9.440|unknown|VoXtream2|VoXtream|At last, halting before a respectablelooking tenementhouse on First Avenue, the woman turned into the open hallway and paused at the door of the lefthand apartment.|en_US/by_book/female/judy_bieber/emerald_city_of_oz/wavs/emerald_city_of_oz_15_f000014.wav|0.7501
./fake/en/VoXtream2/pink_fairy_book_23_f000066.wav|en_US/by_book/male/elliot_miller/pink_fairy_book/wavs/pink_fairy_book_23_f000066.wav|en|True|2.880|unknown|VoXtream2|VoXtream|and then you may take all that you desire.|en_US/by_book/female/mary_ann/northandsouth/wavs/northandsouth_16_f000050.wav|0.3645
./fake/en/VoXtream2/jane_eyre_34_f000338.wav|en_UK/by_book/female/elizabeth_klett/jane_eyre/wavs/jane_eyre_34_f000338.wav|en|True|5.200|unknown|VoXtream2|VoXtream|My iron shroud contracted round me persuasion advanced with slow sure step.|en_UK/by_book/female/elizabeth_klett/wives_and_daughters/wavs/wives_and_daughters_42_f000106.wav|0.7272
./fake/en/VoXtream2/poisoned_pen_02_f000141.wav|en_US/by_book/male/elliot_miller/poisoned_pen/wavs/poisoned_pen_02_f000141.wav|en|True|7.360|unknown|VoXtream2|VoXtream|And one or two of the professional fences have been acting suspiciously, too. Oh, that explains it all right.|en_US/by_book/female/judy_bieber/emerald_city_of_oz/wavs/emerald_city_of_oz_17_f000100.wav|0.7765
./fake/en/VoXtream2/the_sea_fairies_09_f000101.wav|en_US/by_book/female/judy_bieber/the_sea_fairies/wavs/the_sea_fairies_09_f000101.wav|en|True|9.760|unknown|VoXtream2|VoXtream|But the mermaids and Trot and Captain Bill quietly awaited their attack, and instead of tearing them with their saws as they expected to do, the fishes were unable to touch them at all.|en_UK/by_book/female/elizabeth_klett/wives_and_daughters/wavs/wives_and_daughters_39_f000219.wav|0.7635
./fake/en/VoXtream2/northandsouth_49_f000077.wav|en_US/by_book/female/mary_ann/northandsouth/wavs/northandsouth_49_f000077.wav|en|True|6.400|unknown|VoXtream2|VoXtream|But mister Lennox almost exceeded Margaret in his appreciation of the character of Milton and its inhabitants.|en_US/by_book/male/elliot_miller/hunters_space/wavs/hunters_space_16_f000123.wav|0.7186
./fake/en/VoXtream2/northandsouth_08_f000046.wav|en_US/by_book/female/mary_ann/northandsouth/wavs/northandsouth_08_f000046.wav|en|True|5.920|unknown|VoXtream2|VoXtream|Margaret had joined the party in the evening. The recollection of the plentiful luxury of all the arrangements,|en_US/by_book/male/elliot_miller/pink_fairy_book/wavs/pink_fairy_book_36_f000073.wav|0.6866
./fake/en/VoXtream2/piratesofersatz_09_leinster_64kb_f000011.wav|en_US/by_book/male/elliot_miller/pirates_of_ersatz/wavs/piratesofersatz_09_leinster_64kb_f000011.wav|en|True|3.200|unknown|VoXtream2|VoXtream|Hoddan spoke curtly to the control room of the grid.|en_UK/by_book/female/elizabeth_klett/wives_and_daughters/wavs/wives_and_daughters_10_f000366.wav|0.3066
./fake/en/VoXtream2/skyisland_11_baum_64kb_f000042.wav|en_US/by_book/female/judy_bieber/sky_island/wavs/skyisland_11_baum_64kb_f000042.wav|en|True|4.800|unknown|VoXtream2|VoXtream|especially the blue part of it, and our friends were now very close to the low mountain.|en_US/by_book/female/judy_bieber/the_master_key/wavs/the_master_key_14_f000065.wav|0.7679
./fake/en/VoXtream2/the_sea_fairies_06_f000069.wav|en_US/by_book/female/judy_bieber/the_sea_fairies/wavs/the_sea_fairies_06_f000069.wav|en|True|5.680|unknown|VoXtream2|VoXtream|They had not proceeded far when they came to a clearing among the bushes, and here Merla.|en_UK/by_book/female/elizabeth_klett/jane_eyre/wavs/jane_eyre_32_f000093.wav|0.6647
./fake/en/VoXtream2/wives_and_daughters_55_f000037.wav|en_UK/by_book/female/elizabeth_klett/wives_and_daughters/wavs/wives_and_daughters_55_f000037.wav|en|True|7.280|unknown|VoXtream2|VoXtream|Oh! why, such a number of things. I've been waiting all day to ask you all about everything. How is he looking?|en_US/by_book/female/judy_bieber/dorothy_and_wizard_oz/wavs/dorothy_and_wizard_oz_13_f000027.wav|0.7853
./fake/en/VoXtream2/the_master_key_08_f000051.wav|en_US/by_book/female/judy_bieber/the_master_key/wavs/the_master_key_08_f000051.wav|en|True|6.560|unknown|VoXtream2|VoXtream|It IS knowing everything, returning the Demon and this mighty gift I have decided to entrust to your care.|en_UK/by_book/female/elizabeth_klett/jane_eyre/wavs/jane_eyre_05_f000178.wav|0.7343
./fake/en/VoXtream2/wives_and_daughters_39_f000011.wav|en_UK/by_book/female/elizabeth_klett/wives_and_daughters/wavs/wives_and_daughters_39_f000011.wav|en|True|1.520|unknown|VoXtream2|VoXtream|shouldn't you?|en_UK/by_book/female/elizabeth_klett/wives_and_daughters/wavs/wives_and_daughters_59_f000050.wav|-0.0468
./fake/en/VoXtream2/hunters_space_04_f000062.wav|en_US/by_book/male/elliot_miller/hunters_space/wavs/hunters_space_04_f000062.wav|en|True|9.920|unknown|VoXtream2|VoXtream|Its head looked very much like the head of an enlarged moccasin, except that there were long barbels about its mouth. And just below the throat were two limbs that were a bit like forearms,|en_UK/by_book/female/elizabeth_klett/wives_and_daughters/wavs/wives_and_daughters_12_f000140.wav|0.6782
./fake/en/VoXtream2/skyisland_26_baum_64kb_f000095.wav|en_US/by_book/female/judy_bieber/sky_island/wavs/skyisland_26_baum_64kb_f000095.wav|en|True|10.640|unknown|VoXtream2|VoXtream|The two nations were so different in all ways that they were unable to agree at all, and several times during the evening quarrels arose and there was fighting between them,|en_US/by_book/female/judy_bieber/dorothy_and_wizard_oz/wavs/dorothy_and_wizard_oz_04_f000096.wav|0.7694
./fake/en/VoXtream2/northandsouth_39_f000078.wav|en_US/by_book/female/mary_ann/northandsouth/wavs/northandsouth_39_f000078.wav|en|True|7.200|unknown|VoXtream2|VoXtream|That the man had spoken saucily to him when he had the opportunity, was nothing to mister Thornton.|en_UK/by_book/female/elizabeth_klett/jane_eyre/wavs/jane_eyre_32_f000118.wav|0.5918
./fake/en/VoXtream2/the_sea_fairies_03_f000093.wav|en_US/by_book/female/judy_bieber/the_sea_fairies/wavs/the_sea_fairies_03_f000093.wav|en|True|3.600|unknown|VoXtream2|VoXtream|I hope we won't, said Trot.|en_UK/by_book/female/elizabeth_klett/jane_eyre/wavs/jane_eyre_04_f000163.wav|0.3441
./fake/en/VoXtream2/midnight_passenger_13_f000121.wav|en_US/by_book/female/mary_ann/midnight_passenger/wavs/midnight_passenger_13_f000121.wav|en|True|8.720|unknown|VoXtream2|VoXtream|Onward she sped, never turning her veiled face to the right or left, until she slackened her pace under the gloomy cornices of the Dry Dock Bank.|en_US/by_book/female/judy_bieber/sky_island/wavs/skyisland_03_baum_64kb_f000021.wav|0.8273
./fake/en/VoXtream2/wives_and_daughters_09_f000113.wav|en_UK/by_book/female/elizabeth_klett/wives_and_daughters/wavs/wives_and_daughters_09_f000113.wav|en|True|5.840|unknown|VoXtream2|VoXtream|At length Lord Hollingford said suddenly, Gibson, I wonder if you'd give me some lunch|en_US/by_book/female/mary_ann/northandsouth/wavs/northandsouth_22_f000122.wav|0.6959
./fake/en/VoXtream2/emerald_city_of_oz_15_f000042.wav|en_US/by_book/female/judy_bieber/emerald_city_of_oz/wavs/emerald_city_of_oz_15_f000042.wav|en|True|5.520|unknown|VoXtream2|VoXtream|Never, admitted the zebra. There is no such thing as an ocean in the Land of Oz.|en_US/by_book/female/judy_bieber/rinkitink_in_oz/wavs/rinkitink_baum_18_64kb_f000076.wav|0.5745
./fake/en/VoXtream2/pink_fairy_book_06_f000036.wav|en_US/by_book/male/elliot_miller/pink_fairy_book/wavs/pink_fairy_book_06_f000036.wav|en|True|8.720|unknown|VoXtream2|VoXtream|So the first thing he did was to search the house for materials to make an ointment, which he sprinkled plentifully with pepper and then put in his pocket.|en_US/by_book/female/mary_ann/midnight_passenger/wavs/midnight_passenger_15_f000184.wav|0.6790
./fake/en/VoXtream2/northandsouth_03_f000126.wav|en_US/by_book/female/mary_ann/northandsouth/wavs/northandsouth_03_f000126.wav|en|True|6.160|unknown|VoXtream2|VoXtream|Recollect how you rather scorned my description of it one evening in Harley Street a village in a tale.|en_US/by_book/male/elliot_miller/pink_fairy_book/wavs/pink_fairy_book_38_f000084.wav|0.7163
./fake/en/VoXtream2/jane_eyre_25_f000151.wav|en_UK/by_book/female/elizabeth_klett/jane_eyre/wavs/jane_eyre_25_f000151.wav|en|True|7.840|unknown|VoXtream2|VoXtream|I was glad when it ceased. On sleeping, I continued in dreams the idea of a dark and gusty night.|en_UK/by_book/female/elizabeth_klett/wives_and_daughters/wavs/wives_and_daughters_37_f000132.wav|0.6900
./fake/en/VoXtream2/northandsouth_46_f000248.wav|en_US/by_book/female/mary_ann/northandsouth/wavs/northandsouth_46_f000248.wav|en|True|4.560|unknown|VoXtream2|VoXtream|mister Bells whole manner changed. Tell me all about it, child, said he.|en_UK/by_book/female/elizabeth_klett/jane_eyre/wavs/jane_eyre_36_f000124.wav|0.6951
./fake/en/VoXtream2/hunters_space_16_f000123.wav|en_US/by_book/male/elliot_miller/hunters_space/wavs/hunters_space_16_f000123.wav|en|True|8.640|unknown|VoXtream2|VoXtream|Now he was almost under it. The light was in his opponents' faces, and it gave a little added protection to his left side.|en_UK/by_book/female/elizabeth_klett/wives_and_daughters/wavs/wives_and_daughters_37_f000107.wav|0.5189
./fake/en/VoXtream2/midnight_passenger_06_f000019.wav|en_US/by_book/female/mary_ann/midnight_passenger/wavs/midnight_passenger_06_f000019.wav|en|True|5.120|unknown|VoXtream2|VoXtream|My father was a Magyar, my mother, she softly said, a Czech princess.|en_UK/by_book/female/elizabeth_klett/wives_and_daughters/wavs/wives_and_daughters_42_f000062.wav|0.6862
./fake/en/VoXtream2/emerald_city_of_oz_09_f000026.wav|en_US/by_book/female/judy_bieber/emerald_city_of_oz/wavs/emerald_city_of_oz_09_f000026.wav|en|True|6.160|unknown|VoXtream2|VoXtream|Yet the mustache was the only fierce thing about Omby Amby, whose nature was as gentle as that of a child.|en_UK/by_book/female/elizabeth_klett/jane_eyre/wavs/jane_eyre_04_f000188.wav|0.6197
./fake/en/VoXtream2/dorothy_and_wizard_oz_15_f000031.wav|en_US/by_book/female/judy_bieber/dorothy_and_wizard_oz/wavs/dorothy_and_wizard_oz_15_f000031.wav|en|True|7.520|unknown|VoXtream2|VoXtream|Yes, indeed! returned the little man. It will seem like being at home again, for I lived in that room for many, many years.|en_US/by_book/female/mary_ann/northandsouth/wavs/northandsouth_38_f000238.wav|0.7302
./fake/en/VoXtream2/the_sea_fairies_02_f000171.wav|en_US/by_book/female/judy_bieber/the_sea_fairies/wavs/the_sea_fairies_02_f000171.wav|en|True|5.520|unknown|VoXtream2|VoXtream|She was laughing with glee as she looked up into Captain Bill's face and called, Come on in, Captain!|en_US/by_book/male/elliot_miller/poisoned_pen/wavs/poisoned_pen_07_f000033.wav|0.5699
./fake/en/VoXtream2/wives_and_daughters_25_f000102.wav|en_UK/by_book/female/elizabeth_klett/wives_and_daughters/wavs/wives_and_daughters_25_f000102.wav|en|True|7.760|unknown|VoXtream2|VoXtream|Such were the facts, but rosecolour was the medium through which they were seen by Missis Gibson's household listeners on her return.|en_UK/by_book/female/elizabeth_klett/wives_and_daughters/wavs/wives_and_daughters_51_f000139.wav|0.7845
./fake/en/VoXtream2/midnight_passenger_06_f000223.wav|en_US/by_book/female/mary_ann/midnight_passenger/wavs/midnight_passenger_06_f000223.wav|en|True|9.600|unknown|VoXtream2|VoXtream|His slightest word would be misconstrued, and there was still time for some unforeseen plot before the polls of the stockholders election closed at three o'clock.|en_US/by_book/female/judy_bieber/ozma_of_oz/wavs/ozma_of_oz_04_f000043.wav|0.8037
./fake/en/VoXtream2/silent_bullet_09_f000249.wav|en_US/by_book/male/elliot_miller/silent_bullet/wavs/silent_bullet_09_f000249.wav|en|True|9.360|unknown|VoXtream2|VoXtream|I have a test for blood that is so delicately sensitive that the blood of an Egyptian mummy thousands of years old will respond to it.|en_US/by_book/male/elliot_miller/poisoned_pen/wavs/poisoned_pen_04_f000324.wav|0.6946
./fake/en/VoXtream2/skyisland_09_baum_64kb_f000024.wav|en_US/by_book/female/judy_bieber/sky_island/wavs/skyisland_09_baum_64kb_f000024.wav|en|True|10.480|unknown|VoXtream2|VoXtream|It isn't our fault we're still here, and I'm free to say you're a very dis'gree'ble and horrid lot of people with no manners to speak of, or you'd treat us nicely.|en_US/by_book/female/judy_bieber/sky_island/wavs/skyisland_01_baum_64kb_f000007.wav|0.7961
./fake/en/VoXtream2/jane_eyre_04_f000080.wav|en_UK/by_book/female/elizabeth_klett/jane_eyre/wavs/jane_eyre_04_f000080.wav|en|True|5.840|unknown|VoXtream2|VoXtream|and then, for lack of other occupation, I fell to breathing on the frostflowers with which the window was fretted,|en_UK/by_book/female/elizabeth_klett/wives_and_daughters/wavs/wives_and_daughters_17_f000174.wav|0.4190
./fake/en/VoXtream2/the_master_key_05_f000145.wav|en_US/by_book/female/judy_bieber/the_master_key/wavs/the_master_key_05_f000145.wav|en|True|9.280|unknown|VoXtream2|VoXtream|Rob continued to float in the air, just above their heads, and now abandoned all thoughts of escaping by means of his wrecked traveling machine.|en_UK/by_book/female/elizabeth_klett/wives_and_daughters/wavs/wives_and_daughters_35_f000003.wav|0.7452
./fake/en/VoXtream2/jane_eyre_34_f000432.wav|en_UK/by_book/female/elizabeth_klett/jane_eyre/wavs/jane_eyre_34_f000432.wav|en|True|5.600|unknown|VoXtream2|VoXtream|though the imprisoned flame consumed vital after vital  this would be unendurable.|en_US/by_book/male/elliot_miller/pirates_of_ersatz/wavs/piratesofersatz_02_leinster_64kb_f000244.wav|0.7441
./fake/en/VoXtream2/midnight_passenger_13_f000011.wav|en_US/by_book/female/mary_ann/midnight_passenger/wavs/midnight_passenger_13_f000011.wav|en|True|1.680|unknown|VoXtream2|VoXtream|which was to gladden all hearts.|en_US/by_book/male/elliot_miller/silent_bullet/wavs/silent_bullet_10_f000240.wav|0.4742
./fake/en/VoXtream2/wives_and_daughters_41_f000160.wav|en_UK/by_book/female/elizabeth_klett/wives_and_daughters/wavs/wives_and_daughters_41_f000160.wav|en|True|5.280|unknown|VoXtream2|VoXtream|Your good husband lent me that report of the meeting, Missis Gibson, where so much was said about them both,|en_US/by_book/male/elliot_miller/pink_fairy_book/wavs/pink_fairy_book_07_f000064.wav|0.3509
./fake/en/VoXtream2/silent_bullet_03_f000115.wav|en_US/by_book/male/elliot_miller/silent_bullet/wavs/silent_bullet_03_f000115.wav|en|True|9.200|unknown|VoXtream2|VoXtream|Craig tried again and again, each time using less force. At last he got a mark just about similar to the original marks on the steel.|en_US/by_book/male/elliot_miller/poisoned_pen/wavs/poisoned_pen_06_f000085.wav|0.6971
./fake/en/VoXtream2/silent_bullet_05_f000032.wav|en_US/by_book/male/elliot_miller/silent_bullet/wavs/silent_bullet_05_f000032.wav|en|True|12.800|unknown|VoXtream2|VoXtream|Yes, said the doctor simply. I myself, for instance, am subject to the most unexpected attacks of neuritis. But, of course, I am under the influence of the rays fifty or sixty times a day,|en_US/by_book/female/mary_ann/northandsouth/wavs/northandsouth_32_f000001.wav|0.1313
./fake/en/VoXtream2/wives_and_daughters_26_f000072.wav|en_UK/by_book/female/elizabeth_klett/wives_and_daughters/wavs/wives_and_daughters_26_f000072.wav|en|True|8.560|unknown|VoXtream2|VoXtream|It is handsome, that lady replied. It is a likeness of my dear mother Dorothy has got my father on.|en_UK/by_book/female/elizabeth_klett/wives_and_daughters/wavs/wives_and_daughters_43_f000165.wav|0.7764
./fake/en/VoXtream2/northandsouth_03_f000154.wav|en_US/by_book/female/mary_ann/northandsouth/wavs/northandsouth_03_f000154.wav|en|True|7.680|unknown|VoXtream2|VoXtream|Ah! if you had but never got this fancy into your head! It was such a pleasure to think of you as a friend.|en_US/by_book/female/judy_bieber/ozma_of_oz/wavs/ozma_of_oz_04_f000067.wav|0.3149
./fake/en/VoXtream2/jane_eyre_28_f000329.wav|en_UK/by_book/female/elizabeth_klett/jane_eyre/wavs/jane_eyre_28_f000329.wav|en|True|8.880|unknown|VoXtream2|VoXtream|jpg With difficulty I obeyed him. Presently I stood within that clean, bright kitchen  on the very hearth  trembling, sickening|en_US/by_book/male/elliot_miller/pink_fairy_book/wavs/pink_fairy_book_15_f000082.wav|0.6331
./fake/en/VoXtream2/silent_bullet_05_f000215.wav|en_US/by_book/male/elliot_miller/silent_bullet/wavs/silent_bullet_05_f000215.wav|en|True|7.440|unknown|VoXtream2|VoXtream|whereas the Xray at best varies slightly with changing conditions of the current and vacuum in the Xray tube.|en_US/by_book/female/mary_ann/midnight_passenger/wavs/midnight_passenger_12_f000165.wav|0.7809
./fake/en/VoXtream2/the_master_key_02_f000047.wav|en_US/by_book/female/judy_bieber/the_master_key/wavs/the_master_key_02_f000047.wav|en|True|6.640|unknown|VoXtream2|VoXtream|This great statement almost took Rob's breath away, and caused him to stare hard at his visitor.|en_US/by_book/male/elliot_miller/poisoned_pen/wavs/poisoned_pen_11_f000063.wav|0.6170
./fake/en/VoXtream2/northandsouth_39_f000066.wav|en_US/by_book/female/mary_ann/northandsouth/wavs/northandsouth_39_f000066.wav|en|True|6.080|unknown|VoXtream2|VoXtream|Said I were to tell yo to mind yor own business.Thats the longest spin yet, my lads.|en_UK/by_book/female/elizabeth_klett/wives_and_daughters/wavs/wives_and_daughters_29_f000210.wav|0.0891
./fake/en/VoXtream2/midnight_passenger_11_f000095.wav|en_US/by_book/female/mary_ann/midnight_passenger/wavs/midnight_passenger_11_f000095.wav|en|True|10.480|unknown|VoXtream2|VoXtream|VicePresident Arthur Ferris of the Western Trading Company found in the proud and formal reserve of the reinstated officials an armor proof against all his legal acumen.|en_UK/by_book/female/elizabeth_klett/jane_eyre/wavs/jane_eyre_38_f000009.wav|0.5684
./fake/en/VoXtream2/northandsouth_28_f000156.wav|en_US/by_book/female/mary_ann/northandsouth/wavs/northandsouth_28_f000156.wav|en|True|8.320|unknown|VoXtream2|VoXtream|Theres only Martha in the house that would not do a good deal to save him on a pinch and Ive been thinking she might go and see her mother just at that very time.|en_US/by_book/female/judy_bieber/the_sea_fairies/wavs/the_sea_fairies_06_f000077.wav|0.7045
./fake/en/VoXtream2/midnight_passenger_02_f000054.wav|en_US/by_book/female/mary_ann/midnight_passenger/wavs/midnight_passenger_02_f000054.wav|en|True|11.520|unknown|VoXtream2|VoXtream|a talented and handsome young chemist, disappeared forever in flight, lost under a cloud of scandal caused by drink and a maddening devotion to a babyfaced devil of the Ring Strasse Theater chorus,|en_UK/by_book/female/elizabeth_klett/wives_and_daughters/wavs/wives_and_daughters_41_f000173.wav|0.6553
./fake/en/VoXtream2/jane_eyre_04_f000169.wav|en_UK/by_book/female/elizabeth_klett/jane_eyre/wavs/jane_eyre_04_f000169.wav|en|True|2.640|unknown|VoXtream2|VoXtream|she shall, however, be watched, Missis|en_UK/by_book/female/elizabeth_klett/wives_and_daughters/wavs/wives_and_daughters_12_f000037.wav|0.2695
./fake/en/VoXtream2/jane_eyre_13_f000091.wav|en_UK/by_book/female/elizabeth_klett/jane_eyre/wavs/jane_eyre_13_f000091.wav|en|True|14.720|unknown|VoXtream2|VoXtream|Eight years! you must be tenacious of life. I thought half the time in such a place would have done up any constitution! No wonder you have rather the look of another world.|en_US/by_book/male/elliot_miller/pink_fairy_book/wavs/pink_fairy_book_07_f000064.wav|0.4628
./fake/en/VoXtream2/dorothy_and_wizard_oz_14_f000042.wav|en_US/by_book/female/judy_bieber/dorothy_and_wizard_oz/wavs/dorothy_and_wizard_oz_14_f000042.wav|en|True|6.560|unknown|VoXtream2|VoXtream|What's wrong? asked a piglet. We've been in the dark quite a while, and you may as well explain what has happened.|en_UK/by_book/female/elizabeth_klett/jane_eyre/wavs/jane_eyre_34_f000471.wav|0.6935
./fake/en/VoXtream2/northandsouth_15_f000246.wav|en_US/by_book/female/mary_ann/northandsouth/wavs/northandsouth_15_f000246.wav|en|True|7.200|unknown|VoXtream2|VoXtream|and after fourteen months of riotous living, the city authorities had to take charge of him, in order to save him from starvation.|en_UK/by_book/female/elizabeth_klett/jane_eyre/wavs/jane_eyre_25_f000066.wav|0.7297
./fake/en/VoXtream2/midnight_passenger_03_f000248.wav|en_US/by_book/female/mary_ann/midnight_passenger/wavs/midnight_passenger_03_f000248.wav|en|True|9.280|unknown|VoXtream2|VoXtream|His row of bottles labelled Vin Mariani, Moxie, and Nervura were never empty, and the oldest toper would have found them veritable well springs of joy in the desert.|en_UK/by_book/female/elizabeth_klett/wives_and_daughters/wavs/wives_and_daughters_57_f000148.wav|0.7853
./fake/en/VoXtream2/northandsouth_22_f000231.wav|en_US/by_book/female/mary_ann/northandsouth/wavs/northandsouth_22_f000231.wav|en|True|4.000|unknown|VoXtream2|VoXtream|Are you better now? asked Fanny, in a quavering voice.|en_US/by_book/female/mary_ann/midnight_passenger/wavs/midnight_passenger_11_f000251.wav|0.3309
./fake/en/VoXtream2/wives_and_daughters_52_f000229.wav|en_UK/by_book/female/elizabeth_klett/wives_and_daughters/wavs/wives_and_daughters_52_f000229.wav|en|True|2.800|unknown|VoXtream2|VoXtream|But Molly kept her pleading eyes fixed on Cynthia.|en_US/by_book/male/elliot_miller/pink_fairy_book/wavs/pink_fairy_book_15_f000082.wav|0.3360
./fake/en/VoXtream2/the_sea_fairies_16_f000074.wav|en_US/by_book/female/judy_bieber/the_sea_fairies/wavs/the_sea_fairies_16_f000074.wav|en|True|2.560|unknown|VoXtream2|VoXtream|Princess Clia asked.|en_US/by_book/male/elliot_miller/pink_fairy_book/wavs/pink_fairy_book_38_f000099.wav|0.1233
./fake/en/VoXtream2/wives_and_daughters_60_f000210.wav|en_UK/by_book/female/elizabeth_klett/wives_and_daughters/wavs/wives_and_daughters_60_f000210.wav|en|True|9.840|unknown|VoXtream2|VoXtream|Molly could only peep here and there, dodging now up, now down, now on this side, now on that, of the perpetuallymoving arms.|en_US/by_book/female/mary_ann/northandsouth/wavs/northandsouth_19_f000176.wav|0.8315
./fake/en/VoXtream2/the_master_key_12_f000070.wav|en_US/by_book/female/judy_bieber/the_master_key/wavs/the_master_key_12_f000070.wav|en|True|9.440|unknown|VoXtream2|VoXtream|He turned to the opposite side of the Record and allowed the President and his minister of police to witness the quick succession of events even as they occurred.|en_US/by_book/female/mary_ann/midnight_passenger/wavs/midnight_passenger_14_f000128.wav|0.7196
./fake/en/VoXtream2/the_sea_fairies_17_f000108.wav|en_US/by_book/female/judy_bieber/the_sea_fairies/wavs/the_sea_fairies_17_f000108.wav|en|True|9.040|unknown|VoXtream2|VoXtream|The queen asked him if he was happy, and he shook his head and replied, It isn't like Calcutta, where I used to work in gold before I was wrecked at sea and nearly drowned.|en_UK/by_book/female/elizabeth_klett/wives_and_daughters/wavs/wives_and_daughters_24_f000013.wav|0.7003
./fake/en/VoXtream2/northandsouth_31_f000028.wav|en_US/by_book/female/mary_ann/northandsouth/wavs/northandsouth_31_f000028.wav|en|True|8.800|unknown|VoXtream2|VoXtream|She had to try and think of little nothings to say all breakfasttime, in order to prevent the recurrence of her companions thoughts too strongly to the last meal they had taken together,|en_UK/by_book/female/elizabeth_klett/wives_and_daughters/wavs/wives_and_daughters_47_f000104.wav|0.6893
./fake/en/VoXtream2/skyisland_05_baum_64kb_f000058.wav|en_US/by_book/female/judy_bieber/sky_island/wavs/skyisland_05_baum_64kb_f000058.wav|en|True|13.440|unknown|VoXtream2|VoXtream|The Boolooroo said not a word while he was ringing the bells, and Trot wondered if that was the way he amused himself. But now the frown died away from his face and was replaced with a look of satisfaction.|en_US/by_book/male/elliot_miller/pirates_of_ersatz/wavs/piratesofersatz_09_leinster_64kb_f000192.wav|0.7435
./fake/en/VoXtream2/wives_and_daughters_46_f000151.wav|en_UK/by_book/female/elizabeth_klett/wives_and_daughters/wavs/wives_and_daughters_46_f000151.wav|en|True|5.760|unknown|VoXtream2|VoXtream|No! could you, really? said Missis Goodenough, very curious and a little jealous.|en_UK/by_book/female/elizabeth_klett/wives_and_daughters/wavs/wives_and_daughters_17_f000008.wav|0.6984
./fake/en/VoXtream2/midnight_passenger_13_f000203.wav|en_US/by_book/female/mary_ann/midnight_passenger/wavs/midnight_passenger_13_f000203.wav|en|True|8.720|unknown|VoXtream2|VoXtream|So do I, Dennis, sadly smiled Witherspoon. Go in I'll do your bidding. Count on the extradition papers and the money.|en_UK/by_book/female/elizabeth_klett/wives_and_daughters/wavs/wives_and_daughters_10_f000157.wav|0.6191
./fake/en/VoXtream2/piratesofersatz_08_leinster_64kb_f000020.wav|en_US/by_book/male/elliot_miller/pirates_of_ersatz/wavs/piratesofersatz_08_leinster_64kb_f000020.wav|en|True|14.000|unknown|VoXtream2|VoXtream|It cut down the room for maneuvering, but a thing once done is easier thereafter. Hoddan got the boat inside, and there was a very small scraping and the great door closed before the boat could drift out again.|en_US/by_book/female/judy_bieber/the_master_key/wavs/the_master_key_02_f000028.wav|0.7849
./fake/en/VoXtream2/pink_fairy_book_10_f000143.wav|en_US/by_book/male/elliot_miller/pink_fairy_book/wavs/pink_fairy_book_10_f000143.wav|en|True|12.800|unknown|VoXtream2|VoXtream|Tonight your legs will be too short, he thought, and pulled at the oars. But he then felt something lay hold of the boat, and drag it straight in to shore,|en_UK/by_book/female/elizabeth_klett/wives_and_daughters/wavs/wives_and_daughters_35_f000012.wav|0.7184
./fake/en/VoXtream2/jane_eyre_19_f000053.wav|en_UK/by_book/female/elizabeth_klett/jane_eyre/wavs/jane_eyre_19_f000053.wav|en|True|4.400|unknown|VoXtream2|VoXtream|only threw her face into deeper shadow mine, it illumined.|en_UK/by_book/female/elizabeth_klett/jane_eyre/wavs/jane_eyre_11_f000055.wav|0.6844
./fake/en/VoXtream2/pink_fairy_book_04_f000004.wav|en_US/by_book/male/elliot_miller/pink_fairy_book/wavs/pink_fairy_book_04_f000004.wav|en|True|8.560|unknown|VoXtream2|VoXtream|One morning as he was going to his work, he said to his wife, Let our eldest daughter bring me my lunch into the wood and so that she shall not lose her way,|en_UK/by_book/female/elizabeth_klett/jane_eyre/wavs/jane_eyre_21_f000463.wav|0.7473
./fake/en/VoXtream2/northandsouth_35_f000138.wav|en_US/by_book/female/mary_ann/northandsouth/wavs/northandsouth_35_f000138.wav|en|True|9.360|unknown|VoXtream2|VoXtream|Am I? said Margaret, turning round and showing her eyes all aglow with strange fire, her cheeks flushed, though her lips were baked and livid still.|en_US/by_book/female/mary_ann/midnight_passenger/wavs/midnight_passenger_12_f000124.wav|0.8038
./fake/en/VoXtream2/wives_and_daughters_07_f000140.wav|en_UK/by_book/female/elizabeth_klett/wives_and_daughters/wavs/wives_and_daughters_07_f000140.wav|en|True|4.800|unknown|VoXtream2|VoXtream|if he would read poetry aloud if he would even read his own poetry.|en_US/by_book/female/judy_bieber/sky_island/wavs/skyisland_22_baum_64kb_f000070.wav|0.7149
./fake/en/VoXtream2/northandsouth_29_f000074.wav|en_US/by_book/female/mary_ann/northandsouth/wavs/northandsouth_29_f000074.wav|en|True|6.880|unknown|VoXtream2|VoXtream|Trust the care of him to me, mamma. I will watch over him like a lioness over her young.|en_US/by_book/female/judy_bieber/emerald_city_of_oz/wavs/emerald_city_of_oz_12_f000123.wav|0.8094
./fake/en/VoXtream2/poisoned_pen_04_f000184.wav|en_US/by_book/male/elliot_miller/poisoned_pen/wavs/poisoned_pen_04_f000184.wav|en|True|7.280|unknown|VoXtream2|VoXtream|for scientific management in a New York firehouse has reached one hundred per cent efficiency, and we were not to be allowed to delay the game.|en_US/by_book/male/elliot_miller/poisoned_pen/wavs/poisoned_pen_03_f000323.wav|0.7098
./fake/en/VoXtream2/poisoned_pen_07_f000067.wav|en_US/by_book/male/elliot_miller/poisoned_pen/wavs/poisoned_pen_07_f000067.wav|en|True|6.880|unknown|VoXtream2|VoXtream|What does Dudley Lawton say about the newspapers bringing his name into the case? asked Kennedy, addressing mister Gilbert.|en_US/by_book/male/elliot_miller/poisoned_pen/wavs/poisoned_pen_12_f000106.wav|0.7225
./fake/en/VoXtream2/silent_bullet_07_f000274.wav|en_US/by_book/male/elliot_miller/silent_bullet/wavs/silent_bullet_07_f000274.wav|en|True|5.440|unknown|VoXtream2|VoXtream|Then his assistant began to hammer it with careful, sharp blows, chipping off the outside.|en_UK/by_book/female/elizabeth_klett/wives_and_daughters/wavs/wives_and_daughters_12_f000165.wav|0.6017
./fake/en/VoXtream2/midnight_passenger_01_f000117.wav|en_US/by_book/female/mary_ann/midnight_passenger/wavs/midnight_passenger_01_f000117.wav|en|True|8.960|unknown|VoXtream2|VoXtream|And, with a secret pride, he recalled how daintily, like the swift Camilla, she had sped onward through all those human billows heaving to and fro,|en_US/by_book/female/mary_ann/northandsouth/wavs/northandsouth_38_f000205.wav|0.2080
./fake/en/VoXtream2/ozma_of_oz_07_f000015.wav|en_US/by_book/female/judy_bieber/ozma_of_oz/wavs/ozma_of_oz_07_f000015.wav|en|True|2.000|unknown|VoXtream2|VoXtream|and which might not fit her at all.|en_UK/by_book/female/elizabeth_klett/wives_and_daughters/wavs/wives_and_daughters_28_f000101.wav|0.3173
./fake/en/VoXtream2/northandsouth_32_f000084.wav|en_US/by_book/female/mary_ann/northandsouth/wavs/northandsouth_32_f000084.wav|en|True|4.480|unknown|VoXtream2|VoXtream|There were only some railway officials standing about and talking loud to one another.|en_US/by_book/female/mary_ann/northandsouth/wavs/northandsouth_36_f000004.wav|0.0924
./fake/en/VoXtream2/pink_fairy_book_40_f000155.wav|en_US/by_book/male/elliot_miller/pink_fairy_book/wavs/pink_fairy_book_40_f000155.wav|en|True|6.320|unknown|VoXtream2|VoXtream|Noble lord, answered Ciccu, I am making a coffin for the body of Ciccu, who is dead.|en_UK/by_book/female/elizabeth_klett/wives_and_daughters/wavs/wives_and_daughters_01_f000071.wav|0.6414
./fake/en/VoXtream2/wives_and_daughters_43_f000016.wav|en_UK/by_book/female/elizabeth_klett/wives_and_daughters/wavs/wives_and_daughters_43_f000016.wav|en|True|6.720|unknown|VoXtream2|VoXtream|Will you promise me that? quite a sacred promise?  for it would be such a comfort to me to tell you all, now you know so much.|en_UK/by_book/female/elizabeth_klett/wives_and_daughters/wavs/wives_and_daughters_27_f000142.wav|0.7198
./fake/en/VoXtream2/dorothy_and_wizard_oz_13_f000045.wav|en_US/by_book/female/judy_bieber/dorothy_and_wizard_oz/wavs/dorothy_and_wizard_oz_13_f000045.wav|en|True|8.560|unknown|VoXtream2|VoXtream|Hearing these words our friends turned in the direction of the sound, and the Wizard held his lanterns so that their light would flood one of the little pockets in the rock.|en_UK/by_book/female/elizabeth_klett/jane_eyre/wavs/jane_eyre_27_f000208.wav|0.6998
./fake/en/VoXtream2/pink_fairy_book_25_f000002.wav|en_US/by_book/male/elliot_miller/pink_fairy_book/wavs/pink_fairy_book_25_f000002.wav|en|True|8.000|unknown|VoXtream2|VoXtream|Once upon a time there were seven brothers, who were orphans, and had no sister. Therefore they were obliged to do all their own housework.|en_UK/by_book/female/elizabeth_klett/wives_and_daughters/wavs/wives_and_daughters_60_f000210.wav|0.6043
./fake/en/VoXtream2/pink_fairy_book_36_f000105.wav|en_US/by_book/male/elliot_miller/pink_fairy_book/wavs/pink_fairy_book_36_f000105.wav|en|True|3.440|unknown|VoXtream2|VoXtream|He then begged her to leave the palace before the king returned.|en_UK/by_book/female/elizabeth_klett/wives_and_daughters/wavs/wives_and_daughters_33_f000116.wav|0.5445
./fake/en/VoXtream2/the_sea_fairies_18_f000025.wav|en_US/by_book/female/judy_bieber/the_sea_fairies/wavs/the_sea_fairies_18_f000025.wav|en|True|9.200|unknown|VoXtream2|VoXtream|Trot could hear the mermaid's voice sounding through the ice as if from afar off, but it grew more distinct until she could make out that the queen was saying, Courage, friends!|en_UK/by_book/female/elizabeth_klett/wives_and_daughters/wavs/wives_and_daughters_17_f000069.wav|0.7215
./fake/en/VoXtream2/wives_and_daughters_13_f000156.wav|en_UK/by_book/female/elizabeth_klett/wives_and_daughters/wavs/wives_and_daughters_13_f000156.wav|en|True|2.240|unknown|VoXtream2|VoXtream|Here the table was laid for dinner|en_UK/by_book/female/elizabeth_klett/jane_eyre/wavs/jane_eyre_29_f000040.wav|0.1639
./fake/en/VoXtream2/jane_eyre_24_f000042.wav|en_UK/by_book/female/elizabeth_klett/jane_eyre/wavs/jane_eyre_24_f000042.wav|en|True|5.280|unknown|VoXtream2|VoXtream|I will myself put the diamond chain round your neck, and the circlet on your forehead,  which it will become|en_UK/by_book/female/elizabeth_klett/wives_and_daughters/wavs/wives_and_daughters_43_f000202.wav|0.7591
./fake/en/VoXtream2/wives_and_daughters_57_f000024.wav|en_UK/by_book/female/elizabeth_klett/wives_and_daughters/wavs/wives_and_daughters_57_f000024.wav|en|True|11.520|unknown|VoXtream2|VoXtream|It was as well that Lord Cumnor was not amongst the audience or he might have compared precept with practice.  Keep strict accounts and remember your station in life.|en_US/by_book/male/elliot_miller/silent_bullet/wavs/silent_bullet_04_f000214.wav|0.6874
./fake/en/VoXtream2/ozma_of_oz_11_f000057.wav|en_US/by_book/female/judy_bieber/ozma_of_oz/wavs/ozma_of_oz_11_f000057.wav|en|True|10.400|unknown|VoXtream2|VoXtream|This important monarch of the Underground World was a little fat man clothed in graybrown garments that were the exact color of the rock throne in which he was seated.|en_US/by_book/female/judy_bieber/dorothy_and_wizard_oz/wavs/dorothy_and_wizard_oz_17_f000048.wav|0.7824
./fake/en/VoXtream2/rinkitink_baum_23_64kb_f000031.wav|en_US/by_book/female/judy_bieber/rinkitink_in_oz/wavs/rinkitink_baum_23_64kb_f000031.wav|en|True|8.880|unknown|VoXtream2|VoXtream|No one knows what is going to happen next, and so we are constantly being surprised and entertained. The many ups and downs should not discourage us,|en_UK/by_book/female/elizabeth_klett/wives_and_daughters/wavs/wives_and_daughters_10_f000254.wav|0.6232
./fake/en/VoXtream2/northandsouth_23_f000022.wav|en_US/by_book/female/mary_ann/northandsouth/wavs/northandsouth_23_f000022.wav|en|True|7.840|unknown|VoXtream2|VoXtream|He reddened. Not many girls would have taken the blows on herself which were meant for memeant with right down goodwill, too.|en_US/by_book/male/elliot_miller/poisoned_pen/wavs/poisoned_pen_01_f000194.wav|0.7339
./fake/en/VoXtream2/piratesofersatz_02_leinster_64kb_f000256.wav|en_US/by_book/male/elliot_miller/pirates_of_ersatz/wavs/piratesofersatz_02_leinster_64kb_f000256.wav|en|True|7.680|unknown|VoXtream2|VoXtream|Yes. He'd achieve splendid things, he'd grow rich, he'd come back and marry that delightful girl, Nedda, and end as a great man.|en_US/by_book/female/mary_ann/northandsouth/wavs/northandsouth_17_f000148.wav|0.8205
./fake/en/VoXtream2/piratesofersatz_07_leinster_64kb_f000184.wav|en_US/by_book/male/elliot_miller/pirates_of_ersatz/wavs/piratesofersatz_07_leinster_64kb_f000184.wav|en|True|5.120|unknown|VoXtream2|VoXtream|But he'd closed the deal and sent for Hoddan  and Hoddan was gone.|en_UK/by_book/female/elizabeth_klett/jane_eyre/wavs/jane_eyre_20_f000062.wav|0.6851
./fake/en/VoXtream2/northandsouth_40_f000133.wav|en_US/by_book/female/mary_ann/northandsouth/wavs/northandsouth_40_f000133.wav|en|True|10.400|unknown|VoXtream2|VoXtream|But she neither looked nor spoke. Her round taper fingers flew in and out of her sewing, as steadily and swiftly as if that were the business of her life.|en_US/by_book/female/mary_ann/northandsouth/wavs/northandsouth_12_f000004.wav|0.7600
./fake/en/VoXtream2/wives_and_daughters_10_f000347.wav|en_UK/by_book/female/elizabeth_klett/wives_and_daughters/wavs/wives_and_daughters_10_f000347.wav|en|True|4.640|unknown|VoXtream2|VoXtream|And now there was tomorrow to come, and a confession of penitence to be made to her father.|en_US/by_book/female/mary_ann/northandsouth/wavs/northandsouth_39_f000174.wav|0.5213
./fake/en/VoXtream2/northandsouth_30_f000217.wav|en_US/by_book/female/mary_ann/northandsouth/wavs/northandsouth_30_f000217.wav|en|True|4.560|unknown|VoXtream2|VoXtream|Margaret choked in trying to speak, and when she did it was very low.|en_US/by_book/male/elliot_miller/pirates_of_ersatz/wavs/piratesofersatz_07_leinster_64kb_f000193.wav|0.6738
./fake/en/VoXtream2/jane_eyre_18_f000027.wav|en_UK/by_book/female/elizabeth_klett/jane_eyre/wavs/jane_eyre_18_f000027.wav|en|True|3.360|unknown|VoXtream2|VoXtream|before him, on a table, lay open a large book|en_US/by_book/female/judy_bieber/dorothy_and_wizard_oz/wavs/dorothy_and_wizard_oz_19_f000085.wav|0.6936
./fake/en/VoXtream2/jane_eyre_07_f000123.wav|en_UK/by_book/female/elizabeth_klett/jane_eyre/wavs/jane_eyre_07_f000123.wav|en|True|7.680|unknown|VoXtream2|VoXtream|shaded with ostrich plumes, and from under the brim of this graceful headdress fell a profusion of light tresses, elaborately curled|en_US/by_book/female/judy_bieber/rinkitink_in_oz/wavs/rinkitink_baum_04_64kb_f000079.wav|0.8065
./fake/en/VoXtream2/wives_and_daughters_08_f000022.wav|en_UK/by_book/female/elizabeth_klett/wives_and_daughters/wavs/wives_and_daughters_08_f000022.wav|en|True|4.880|unknown|VoXtream2|VoXtream|Molly had asked permission to copy one or two of those which were her greatest favourites|en_US/by_book/male/elliot_miller/silent_bullet/wavs/silent_bullet_03_f000264.wav|0.6302
./fake/en/VoXtream2/dorothy_and_wizard_oz_15_f000008.wav|en_US/by_book/female/judy_bieber/dorothy_and_wizard_oz/wavs/dorothy_and_wizard_oz_15_f000008.wav|en|True|6.480|unknown|VoXtream2|VoXtream|And the people will not willingly part with her, added a tall soldier in a CaptainGeneral's uniform.|en_UK/by_book/female/elizabeth_klett/wives_and_daughters/wavs/wives_and_daughters_02_f000142.wav|0.6537
./fake/en/VoXtream2/jane_eyre_38_f000051.wav|en_UK/by_book/female/elizabeth_klett/jane_eyre/wavs/jane_eyre_38_f000051.wav|en|True|10.480|unknown|VoXtream2|VoXtream|All my confidence is bestowed on him, all his confidence is devoted to me we are precisely suited in character  perfect concord is the result.|en_UK/by_book/female/elizabeth_klett/jane_eyre/wavs/jane_eyre_38_f000051.wav|0.7102
./fake/en/VoXtream2/piratesofersatz_04_leinster_64kb_f000108.wav|en_US/by_book/male/elliot_miller/pirates_of_ersatz/wavs/piratesofersatz_04_leinster_64kb_f000108.wav|en|True|8.400|unknown|VoXtream2|VoXtream|there are some fairly cozy dungeonsHoddan seethed suddenly. He'd tried to do something brilliant on Walden, and had been framed for jail for life.|en_UK/by_book/female/elizabeth_klett/jane_eyre/wavs/jane_eyre_05_f000189.wav|0.6105
./fake/en/VoXtream2/the_sea_fairies_16_f000001.wav|en_US/by_book/female/judy_bieber/the_sea_fairies/wavs/the_sea_fairies_16_f000001.wav|en|True|4.720|unknown|VoXtream2|VoXtream|Captain Bill's heart was beating pretty vast, but he did not let Zog know that.|en_US/by_book/male/elliot_miller/pink_fairy_book/wavs/pink_fairy_book_33_f000001.wav|0.0709
./fake/en/VoXtream2/poisoned_pen_07_f000129.wav|en_US/by_book/male/elliot_miller/poisoned_pen/wavs/poisoned_pen_07_f000129.wav|en|True|9.600|unknown|VoXtream2|VoXtream|Our last hope was the bookshop. We paused for a moment to look at the display in the window, but only for a moment, for Craig quickly pulled me along inside.|en_US/by_book/female/judy_bieber/the_master_key/wavs/the_master_key_06_f000100.wav|0.6818
./fake/en/VoXtream2/emerald_city_of_oz_15_f000055.wav|en_US/by_book/female/judy_bieber/emerald_city_of_oz/wavs/emerald_city_of_oz_15_f000055.wav|en|True|14.320|unknown|VoXtream2|VoXtream|Do! Do, you ignoramus! shouted the crab, as loudly as his little voice would carry. Rile some other pool with your clumsy hoofs, and let your betters alone after this!|en_US/by_book/female/judy_bieber/sky_island/wavs/skyisland_09_baum_64kb_f000030.wav|0.8074
./fake/en/VoXtream2/piratesofersatz_03_leinster_64kb_f000247.wav|en_US/by_book/male/elliot_miller/pirates_of_ersatz/wavs/piratesofersatz_03_leinster_64kb_f000247.wav|en|True|6.800|unknown|VoXtream2|VoXtream|You need me, he said commiseratingly. It is fortunate that Don Loris chose me to fight beside you!|en_US/by_book/female/judy_bieber/sky_island/wavs/skyisland_12_baum_64kb_f000035.wav|0.8402
./fake/en/VoXtream2/poisoned_pen_11_f000137.wav|en_US/by_book/male/elliot_miller/poisoned_pen/wavs/poisoned_pen_11_f000137.wav|en|True|3.280|unknown|VoXtream2|VoXtream|we shall see what can be done with that cataract.|en_UK/by_book/female/elizabeth_klett/wives_and_daughters/wavs/wives_and_daughters_42_f000084.wav|0.5552
./fake/en/VoXtream2/wives_and_daughters_44_f000197.wav|en_UK/by_book/female/elizabeth_klett/wives_and_daughters/wavs/wives_and_daughters_44_f000197.wav|en|True|9.840|unknown|VoXtream2|VoXtream|She also knew  but this was a second thought following on the other  that she had suffered much pain in trying to do her best in this interview with Mister Preston.|en_US/by_book/male/elliot_miller/poisoned_pen/wavs/poisoned_pen_12_f000163.wav|0.6757
./fake/en/VoXtream2/dorothy_and_wizard_oz_16_f000032.wav|en_US/by_book/female/judy_bieber/dorothy_and_wizard_oz/wavs/dorothy_and_wizard_oz_16_f000032.wav|en|True|9.280|unknown|VoXtream2|VoXtream|Jim's eyes stuck out as much as those of the Sawhorse, and he stared at the creature with his ears erect and his long head drawn back until it rested against his arched neck.|en_US/by_book/female/judy_bieber/emerald_city_of_oz/wavs/emerald_city_of_oz_22_f000008.wav|0.5362
./fake/en/VoXtream2/midnight_passenger_15_f000172.wav|en_US/by_book/female/mary_ann/midnight_passenger/wavs/midnight_passenger_15_f000172.wav|en|True|8.640|unknown|VoXtream2|VoXtream|The ruddy firelight lit up their faces, glowing with the hidden love which had at last found its voice as the shadow of parting fell upon them.|en_US/by_book/female/judy_bieber/the_master_key/wavs/the_master_key_05_f000118.wav|0.7659
./fake/en/VoXtream2/northandsouth_38_f000215.wav|en_US/by_book/female/mary_ann/northandsouth/wavs/northandsouth_38_f000215.wav|en|True|5.440|unknown|VoXtream2|VoXtream|These good people, I see, are at dinner said he, closing the door of the porters lodge.|en_US/by_book/male/elliot_miller/silent_bullet/wavs/silent_bullet_07_f000070.wav|0.7397
./fake/en/VoXtream2/piratesofersatz_03_leinster_64kb_f000195.wav|en_US/by_book/male/elliot_miller/pirates_of_ersatz/wavs/piratesofersatz_03_leinster_64kb_f000195.wav|en|True|6.560|unknown|VoXtream2|VoXtream|He sent me to learn if you came on the ship! I should have fought by your side! This is disgrace!|en_UK/by_book/female/elizabeth_klett/jane_eyre/wavs/jane_eyre_36_f000020.wav|0.7466
./fake/en/VoXtream2/emerald_city_of_oz_09_f000065.wav|en_US/by_book/female/judy_bieber/emerald_city_of_oz/wavs/emerald_city_of_oz_09_f000065.wav|en|True|10.000|unknown|VoXtream2|VoXtream|Why, I gave him some sawdust brains the last time I fitted his head with new ears, explained the Wizard. The sawdust was made from hard knots,|en_UK/by_book/female/elizabeth_klett/jane_eyre/wavs/jane_eyre_02_f000031.wav|0.6905
./fake/en/VoXtream2/wives_and_daughters_07_f000045.wav|en_UK/by_book/female/elizabeth_klett/wives_and_daughters/wavs/wives_and_daughters_07_f000045.wav|en|True|2.640|unknown|VoXtream2|VoXtream|has caught the scarlet fever.|en_UK/by_book/female/elizabeth_klett/wives_and_daughters/wavs/wives_and_daughters_32_f000221.wav|0.4188
./fake/en/VoXtream2/wives_and_daughters_31_f000151.wav|en_UK/by_book/female/elizabeth_klett/wives_and_daughters/wavs/wives_and_daughters_31_f000151.wav|en|True|6.400|unknown|VoXtream2|VoXtream|So much so that Roger, who desired to avoid being made the receptacle of his father's complaints against Osborne|en_US/by_book/female/mary_ann/northandsouth/wavs/northandsouth_49_f000037.wav|0.8211
./fake/en/VoXtream2/ozma_of_oz_02_f000013.wav|en_US/by_book/female/judy_bieber/ozma_of_oz/wavs/ozma_of_oz_02_f000013.wav|en|True|4.720|unknown|VoXtream2|VoXtream|Dear me! she exclaimed, in surprise have YOU been here all night, too?|en_US/by_book/male/elliot_miller/silent_bullet/wavs/silent_bullet_10_f000185.wav|0.7416
./fake/en/VoXtream2/midnight_passenger_04_f000155.wav|en_US/by_book/female/mary_ann/midnight_passenger/wavs/midnight_passenger_04_f000155.wav|en|True|3.440|unknown|VoXtream2|VoXtream|He was startled by the ashen pallor of her face.|en_UK/by_book/female/elizabeth_klett/jane_eyre/wavs/jane_eyre_27_f000193.wav|0.5479
./fake/en/VoXtream2/emerald_city_of_oz_15_f000107.wav|en_US/by_book/female/judy_bieber/emerald_city_of_oz/wavs/emerald_city_of_oz_15_f000107.wav|en|True|6.640|unknown|VoXtream2|VoXtream|So step lively, my girl, and march with us, or we may be tempted to cut off a few of your toes with our swords.|en_UK/by_book/female/elizabeth_klett/jane_eyre/wavs/jane_eyre_37_f000003.wav|0.7408
./fake/en/VoXtream2/midnight_passenger_03_f000253.wav|en_US/by_book/female/mary_ann/midnight_passenger/wavs/midnight_passenger_03_f000253.wav|en|True|7.760|unknown|VoXtream2|VoXtream|Save for his regular luncheon at the Cafe Bavaria, no Sixth Avenue habitue had ever seen Mister Fritz Braun at concert,|en_US/by_book/female/mary_ann/midnight_passenger/wavs/midnight_passenger_10_f000155.wav|0.7951
./fake/en/VoXtream2/jane_eyre_17_f000274.wav|en_UK/by_book/female/elizabeth_klett/jane_eyre/wavs/jane_eyre_17_f000274.wav|en|True|2.240|unknown|VoXtream2|VoXtream|in whose emotions I had a part.|en_US/by_book/female/judy_bieber/the_master_key/wavs/the_master_key_02_f000074.wav|0.7228
./fake/en/VoXtream2/ozma_of_oz_17_f000004.wav|en_US/by_book/female/judy_bieber/ozma_of_oz/wavs/ozma_of_oz_17_f000004.wav|en|True|6.800|unknown|VoXtream2|VoXtream|and the Nome King occupied his throne and smoked his long pipe for a while in a cheerful and contented mood.|en_US/by_book/female/mary_ann/northandsouth/wavs/northandsouth_41_f000241.wav|0.7823
./fake/en/VoXtream2/hunters_space_16_f000082.wav|en_US/by_book/male/elliot_miller/hunters_space/wavs/hunters_space_16_f000082.wav|en|True|6.720|unknown|VoXtream2|VoXtream|But the three moved forward, while the fourth hesitated behind them. As though struggling against a heavy flood they came on.|en_US/by_book/female/mary_ann/northandsouth/wavs/northandsouth_42_f000167.wav|0.7902
./fake/en/VoXtream2/northandsouth_07_f000132.wav|en_US/by_book/female/mary_ann/northandsouth/wavs/northandsouth_07_f000132.wav|en|True|6.880|unknown|VoXtream2|VoXtream|Her father, meanwhile, with his kindly country hospitality, was pressing mister Thornton to stay to luncheon with them.|en_US/by_book/female/mary_ann/northandsouth/wavs/northandsouth_29_f000043.wav|0.8550
./fake/en/VoXtream2/jane_eyre_29_f000018.wav|en_UK/by_book/female/elizabeth_klett/jane_eyre/wavs/jane_eyre_29_f000018.wav|en|True|12.400|unknown|VoXtream2|VoXtream|She has a peculiar face fleshless and haggard as it is, I rather like it and when in good health and animated, I can fancy her physiognomy would be agreeable.|en_US/by_book/female/judy_bieber/rinkitink_in_oz/wavs/rinkitink_baum_01_64kb_f000061.wav|0.0992
./fake/en/VoXtream2/skyisland_18_baum_64kb_f000058.wav|en_US/by_book/female/judy_bieber/sky_island/wavs/skyisland_18_baum_64kb_f000058.wav|en|True|2.720|unknown|VoXtream2|VoXtream|But they're cowards, I'm sure, declared the boy.|en_US/by_book/male/elliot_miller/poisoned_pen/wavs/poisoned_pen_07_f000253.wav|0.4997
./fake/en/VoXtream2/jane_eyre_24_f000201.wav|en_UK/by_book/female/elizabeth_klett/jane_eyre/wavs/jane_eyre_24_f000201.wav|en|True|5.920|unknown|VoXtream2|VoXtream|Let her come to me, I entreated she will, perhaps, trouble you, sir there is plenty of room on this side.|en_UK/by_book/female/elizabeth_klett/wives_and_daughters/wavs/wives_and_daughters_09_f000156.wav|0.6880
./fake/en/VoXtream2/midnight_passenger_12_f000153.wav|en_US/by_book/female/mary_ann/midnight_passenger/wavs/midnight_passenger_12_f000153.wav|en|True|12.960|unknown|VoXtream2|VoXtream|Yes or had him killed, to clear the way to Alice Worthington's side, exclaimed Witherspoon. I see it all, now! Old Hugh intended to marry this noble girl to our dead friend!|en_US/by_book/female/mary_ann/northandsouth/wavs/northandsouth_47_f000006.wav|0.2125
./fake/en/VoXtream2/midnight_passenger_02_f000239.wav|en_US/by_book/female/mary_ann/midnight_passenger/wavs/midnight_passenger_02_f000239.wav|en|True|4.320|unknown|VoXtream2|VoXtream|How does this touch me? cried the now thoroughly angered Clayton.|en_UK/by_book/female/elizabeth_klett/wives_and_daughters/wavs/wives_and_daughters_55_f000094.wav|0.6548
./fake/en/VoXtream2/pink_fairy_book_30_f000073.wav|en_US/by_book/male/elliot_miller/pink_fairy_book/wavs/pink_fairy_book_30_f000073.wav|en|True|6.480|unknown|VoXtream2|VoXtream|You can take the flowerpot and the glass of water that stands in the window, and we must slip out by that and get away.|en_US/by_book/female/mary_ann/northandsouth/wavs/northandsouth_23_f000042.wav|0.7577
./fake/en/VoXtream2/skyisland_18_baum_64kb_f000047.wav|en_US/by_book/female/judy_bieber/sky_island/wavs/skyisland_18_baum_64kb_f000047.wav|en|True|9.920|unknown|VoXtream2|VoXtream|And would you prefer to go home to remaining here? We would indeed! Then why do you not get the umbrella? How? asked Trot eagerly.|en_US/by_book/male/elliot_miller/silent_bullet/wavs/silent_bullet_02_f000291.wav|0.2261
./fake/en/VoXtream2/piratesofersatz_11_leinster_64kb_f000073.wav|en_US/by_book/male/elliot_miller/pirates_of_ersatz/wavs/piratesofersatz_11_leinster_64kb_f000073.wav|en|True|8.400|unknown|VoXtream2|VoXtream|It could descend anywhere and ascend from anywhere without using rockets. Moreover, it could hover without using power.|en_US/by_book/female/judy_bieber/ozma_of_oz/wavs/ozma_of_oz_13_f000003.wav|0.7666
./fake/en/VoXtream2/midnight_passenger_04_f000276.wav|en_US/by_book/female/mary_ann/midnight_passenger/wavs/midnight_passenger_04_f000276.wav|en|True|6.160|unknown|VoXtream2|VoXtream|It's about him, Clayton, faltered the boy, awed at his employer's lowering face.|en_UK/by_book/female/elizabeth_klett/jane_eyre/wavs/jane_eyre_19_f000173.wav|0.7373
./fake/en/VoXtream2/northandsouth_38_f000112.wav|en_US/by_book/female/mary_ann/northandsouth/wavs/northandsouth_38_f000112.wav|en|True|5.440|unknown|VoXtream2|VoXtream|She took a savage pleasure in the idea of speaking her mind to her, in the guise of fulfilment of a duty.|en_US/by_book/male/elliot_miller/pink_fairy_book/wavs/pink_fairy_book_02_f000042.wav|0.6104
./fake/en/VoXtream2/poisoned_pen_01_f000122.wav|en_US/by_book/male/elliot_miller/poisoned_pen/wavs/poisoned_pen_01_f000122.wav|en|True|8.720|unknown|VoXtream2|VoXtream|The next morning we continued our investigation. We found Dixon's lawyer, Leland, in consultation with his client in the bare cell of the county jail.|en_US/by_book/female/judy_bieber/sky_island/wavs/skyisland_15_baum_64kb_f000055.wav|0.1314
./fake/en/VoXtream2/wives_and_daughters_39_f000142.wav|en_UK/by_book/female/elizabeth_klett/wives_and_daughters/wavs/wives_and_daughters_39_f000142.wav|en|True|4.720|unknown|VoXtream2|VoXtream|He looked askance at Osborne, who was sitting near the fire absorbed in a book.|en_US/by_book/female/mary_ann/midnight_passenger/wavs/midnight_passenger_14_f000176.wav|0.7366
./fake/en/VoXtream2/pink_fairy_book_33_f000144.wav|en_US/by_book/male/elliot_miller/pink_fairy_book/wavs/pink_fairy_book_33_f000144.wav|en|True|6.880|unknown|VoXtream2|VoXtream|and would most likely have got a sunstroke if she had not happened to pick up in the fields a large fan, with which she sheltered her face.|en_US/by_book/female/judy_bieber/ozma_of_oz/wavs/ozma_of_oz_05_f000063.wav|0.3243
./fake/en/VoXtream2/poisoned_pen_02_f000135.wav|en_US/by_book/male/elliot_miller/poisoned_pen/wavs/poisoned_pen_02_f000135.wav|en|True|10.720|unknown|VoXtream2|VoXtream|Trusting to the first deputy's honour, which had stood many a test, Craig began to unfold the story. He had scarcely got as far as describing the work of the suspected hired yeggman,|en_UK/by_book/female/elizabeth_klett/wives_and_daughters/wavs/wives_and_daughters_32_f000161.wav|0.6813
./fake/en/VoXtream2/jane_eyre_33_f000020.wav|en_UK/by_book/female/elizabeth_klett/jane_eyre/wavs/jane_eyre_33_f000020.wav|en|True|4.480|unknown|VoXtream2|VoXtream|One drift took me up to the waist happily the snow is quite soft yet.|en_US/by_book/female/judy_bieber/the_master_key/wavs/the_master_key_11_f000039.wav|0.7100
./fake/en/VoXtream2/northandsouth_21_f000067.wav|en_US/by_book/female/mary_ann/northandsouth/wavs/northandsouth_21_f000067.wav|en|True|1.360|unknown|VoXtream2|VoXtream|But not the disease?|en_US/by_book/female/judy_bieber/the_sea_fairies/wavs/the_sea_fairies_14_f000055.wav|0.4948
./fake/en/VoXtream2/hunters_space_09_f000066.wav|en_US/by_book/male/elliot_miller/hunters_space/wavs/hunters_space_09_f000066.wav|en|True|13.040|unknown|VoXtream2|VoXtream|Then he answered slowly, trying to measure his words, for he did not want to hurt her feelings. No, Nea. If I go wandering forever, it will be no worse than my fathers did before me.|en_US/by_book/female/judy_bieber/ozma_of_oz/wavs/ozma_of_oz_18_f000040.wav|0.7953
./fake/en/VoXtream2/northandsouth_11_f000018.wav|en_US/by_book/female/mary_ann/northandsouth/wavs/northandsouth_11_f000018.wav|en|True|6.400|unknown|VoXtream2|VoXtream|I dont think, mister Hale, you have done quite right in introducing such a person to us without telling us what he had been.|en_US/by_book/male/elliot_miller/poisoned_pen/wavs/poisoned_pen_01_f000174.wav|0.5229
./fake/en/VoXtream2/pink_fairy_book_40_f000036.wav|en_US/by_book/male/elliot_miller/pink_fairy_book/wavs/pink_fairy_book_40_f000036.wav|en|True|8.240|unknown|VoXtream2|VoXtream|But when they reached the town they found that the market was overstocked with firewood, and they did not sell enough to buy themselves a dinner,|en_US/by_book/female/mary_ann/northandsouth/wavs/northandsouth_21_f000067.wav|-0.0027
./fake/en/VoXtream2/pink_fairy_book_22_f000016.wav|en_US/by_book/male/elliot_miller/pink_fairy_book/wavs/pink_fairy_book_22_f000016.wav|en|True|8.480|unknown|VoXtream2|VoXtream|By this time he had not a penny left, so he went back to his two brothers and told his tale. And the second brother said to himself as he listened,|en_US/by_book/female/mary_ann/northandsouth/wavs/northandsouth_05_f000200.wav|0.6710
./fake/en/VoXtream2/wives_and_daughters_59_f000193.wav|en_UK/by_book/female/elizabeth_klett/wives_and_daughters/wavs/wives_and_daughters_59_f000193.wav|en|True|3.120|unknown|VoXtream2|VoXtream|No you must choose, and you must give it me.|en_US/by_book/male/elliot_miller/silent_bullet/wavs/silent_bullet_04_f000046.wav|0.4401
./fake/en/VoXtream2/poisoned_pen_09_f000178.wav|en_US/by_book/male/elliot_miller/poisoned_pen/wavs/poisoned_pen_09_f000178.wav|en|True|4.400|unknown|VoXtream2|VoXtream|I have reason to believe that the duke is in this country incognito  is he not?|en_US/by_book/female/mary_ann/midnight_passenger/wavs/midnight_passenger_15_f000009.wav|0.2874
./fake/en/VoXtream2/rinkitink_baum_20_64kb_f000036.wav|en_US/by_book/female/judy_bieber/rinkitink_in_oz/wavs/rinkitink_baum_20_64kb_f000036.wav|en|True|14.720|unknown|VoXtream2|VoXtream|If an egg touches them either the outer shell or the inside of the egg the nomes lose their charm of perpetual life and thereafter are liable to die through accident or old age, just as all humans are.|en_US/by_book/male/elliot_miller/pink_fairy_book/wavs/pink_fairy_book_36_f000037.wav|0.7744
./fake/en/VoXtream2/midnight_passenger_07_f000080.wav|en_US/by_book/female/mary_ann/midnight_passenger/wavs/midnight_passenger_07_f000080.wav|en|True|7.040|unknown|VoXtream2|VoXtream|But the lad, hidden in a dark doorway, was greedily counting the loose bills which Clayton had hastily thrust into his hand.|en_US/by_book/male/elliot_miller/poisoned_pen/wavs/poisoned_pen_10_f000092.wav|0.7769
./fake/en/VoXtream2/wives_and_daughters_13_f000168.wav|en_UK/by_book/female/elizabeth_klett/wives_and_daughters/wavs/wives_and_daughters_13_f000168.wav|en|True|6.080|unknown|VoXtream2|VoXtream|All the dressing she could manage was the placing of a red damask rose or two in the band of her grey stuff gown,|en_UK/by_book/female/elizabeth_klett/wives_and_daughters/wavs/wives_and_daughters_52_f000171.wav|0.3614
./fake/en/VoXtream2/northandsouth_38_f000097.wav|en_US/by_book/female/mary_ann/northandsouth/wavs/northandsouth_38_f000097.wav|en|True|11.840|unknown|VoXtream2|VoXtream|What my reason is, I refuse to tell. But never let me hear any one say a word against her, implying any more serious imputation than that she now needs the counsel of some kind and gentle woman.|en_US/by_book/female/judy_bieber/sky_island/wavs/skyisland_18_baum_64kb_f000047.wav|0.7130
./fake/en/VoXtream2/poisoned_pen_01_f000052.wav|en_US/by_book/male/elliot_miller/poisoned_pen/wavs/poisoned_pen_01_f000052.wav|en|True|7.040|unknown|VoXtream2|VoXtream|May I count on having this note for further examination, of course always at such times and under such conditions as you agree to?|en_UK/by_book/female/elizabeth_klett/wives_and_daughters/wavs/wives_and_daughters_19_f000202.wav|0.7063
./fake/en/VoXtream2/ozma_of_oz_07_f000031.wav|en_US/by_book/female/judy_bieber/ozma_of_oz/wavs/ozma_of_oz_07_f000031.wav|en|True|8.400|unknown|VoXtream2|VoXtream|The Tin Woodman was on foot, marching at the head of a company of twentyseven soldiers, of whom some were lean and some fat, some short and some tall|en_US/by_book/female/mary_ann/northandsouth/wavs/northandsouth_42_f000149.wav|-0.0204
./fake/en/VoXtream2/wives_and_daughters_42_f000083.wav|en_UK/by_book/female/elizabeth_klett/wives_and_daughters/wavs/wives_and_daughters_42_f000083.wav|en|True|7.760|unknown|VoXtream2|VoXtream|Go, said Molly, vehemently, if it really distresses you to see her cry. Don't you see, it's you who are the cause of it?|en_US/by_book/male/elliot_miller/pirates_of_ersatz/wavs/piratesofersatz_08_leinster_64kb_f000106.wav|0.7239
./fake/en/VoXtream2/rinkitink_baum_13_64kb_f000083.wav|en_US/by_book/female/judy_bieber/rinkitink_in_oz/wavs/rinkitink_baum_13_64kb_f000083.wav|en|True|7.200|unknown|VoXtream2|VoXtream|Gone, replied Rinkitink, but she cannot go far, as this is an island. However, I have found Bilbil, and our party is again reunited.|en_US/by_book/male/elliot_miller/poisoned_pen/wavs/poisoned_pen_11_f000385.wav|0.8098
./fake/en/VoXtream2/wives_and_daughters_18_f000086.wav|en_UK/by_book/female/elizabeth_klett/wives_and_daughters/wavs/wives_and_daughters_18_f000086.wav|en|True|7.440|unknown|VoXtream2|VoXtream|In a minute or two he asked, I don't like to take you away while you even fancy you can be of use or comfort to one who has been so kind to you|en_UK/by_book/female/elizabeth_klett/wives_and_daughters/wavs/wives_and_daughters_04_f000188.wav|0.6279
./fake/en/VoXtream2/midnight_passenger_09_f000167.wav|en_US/by_book/female/mary_ann/midnight_passenger/wavs/midnight_passenger_09_f000167.wav|en|True|3.760|unknown|VoXtream2|VoXtream|They're now opening Clayton's safe, bitterly said Ferris.|en_UK/by_book/female/elizabeth_klett/jane_eyre/wavs/jane_eyre_05_f000127.wav|0.6949
./fake/en/VoXtream2/pink_fairy_book_30_f000011.wav|en_US/by_book/male/elliot_miller/pink_fairy_book/wavs/pink_fairy_book_30_f000011.wav|en|True|7.520|unknown|VoXtream2|VoXtream|Then the princes thought that there was something in what the old woman had said about their mother, and being, of course, eager to save their lives,|en_UK/by_book/female/elizabeth_klett/jane_eyre/wavs/jane_eyre_17_f000028.wav|0.7305
./fake/en/VoXtream2/wives_and_daughters_44_f000022.wav|en_UK/by_book/female/elizabeth_klett/wives_and_daughters/wavs/wives_and_daughters_44_f000022.wav|en|True|6.560|unknown|VoXtream2|VoXtream|it would have been different if dear papa had allowed me to throw out that window Why can't she have the dressingroom for her bedroom,|en_US/by_book/male/elliot_miller/pirates_of_ersatz/wavs/piratesofersatz_08_leinster_64kb_f000172.wav|0.7570
./fake/en/VoXtream2/the_master_key_14_f000105.wav|en_US/by_book/female/judy_bieber/the_master_key/wavs/the_master_key_14_f000105.wav|en|True|5.840|unknown|VoXtream2|VoXtream|The crowd fell back at his approach, but the man and the girl were so interested that they did not notice him.|en_US/by_book/male/elliot_miller/poisoned_pen/wavs/poisoned_pen_03_f000159.wav|0.6834
./fake/en/VoXtream2/jane_eyre_29_f000196.wav|en_UK/by_book/female/elizabeth_klett/jane_eyre/wavs/jane_eyre_29_f000196.wav|en|True|6.480|unknown|VoXtream2|VoXtream|Yet if I know nothing about you or your history, I cannot help you, he said. And you need help, do you not?|en_US/by_book/female/mary_ann/northandsouth/wavs/northandsouth_04_f000138.wav|0.7503
./fake/en/VoXtream2/wives_and_daughters_57_f000079.wav|en_UK/by_book/female/elizabeth_klett/wives_and_daughters/wavs/wives_and_daughters_57_f000079.wav|en|True|10.400|unknown|VoXtream2|VoXtream|Then she cleared her voice. Papa, she continued, has so looked forward to this holiday,  and seeing  and , and going  oh!|en_US/by_book/male/elliot_miller/poisoned_pen/wavs/poisoned_pen_09_f000366.wav|0.7094
./fake/en/VoXtream2/wives_and_daughters_05_f000210.wav|en_UK/by_book/female/elizabeth_klett/wives_and_daughters/wavs/wives_and_daughters_05_f000210.wav|en|True|7.760|unknown|VoXtream2|VoXtream|Thursday, wasn't it? You've gone about in a kind of thoughtful, perplexed way, just like a conspirator.|en_US/by_book/female/mary_ann/midnight_passenger/wavs/midnight_passenger_14_f000152.wav|0.7404
./fake/en/VoXtream2/skyisland_14_baum_64kb_f000042.wav|en_US/by_book/female/judy_bieber/sky_island/wavs/skyisland_14_baum_64kb_f000042.wav|en|True|10.320|unknown|VoXtream2|VoXtream|In that case, said ButtonBright, you're entitled to the best there is to pay for your trouble. A powerful ruler ought to be rich and to live in a splendid palace.|en_US/by_book/female/mary_ann/northandsouth/wavs/northandsouth_31_f000015.wav|0.7792
./fake/en/VoXtream2/northandsouth_37_f000049.wav|en_US/by_book/female/mary_ann/northandsouth/wavs/northandsouth_37_f000049.wav|en|True|7.120|unknown|VoXtream2|VoXtream|And yet we dare not leave her without our efforts, although they may seem so useless. Oh papa! its a hard world to live in!|en_US/by_book/male/elliot_miller/pirates_of_ersatz/wavs/piratesofersatz_03_leinster_64kb_f000195.wav|0.7630
./fake/en/VoXtream2/silent_bullet_13_f000068.wav|en_US/by_book/male/elliot_miller/silent_bullet/wavs/silent_bullet_13_f000068.wav|en|True|4.320|unknown|VoXtream2|VoXtream|You can arrange that so that it will not look suspicious, so far uptown.|en_UK/by_book/female/elizabeth_klett/wives_and_daughters/wavs/wives_and_daughters_37_f000039.wav|0.6735
./fake/en/VoXtream2/wives_and_daughters_32_f000226.wav|en_UK/by_book/female/elizabeth_klett/wives_and_daughters/wavs/wives_and_daughters_32_f000226.wav|en|True|5.840|unknown|VoXtream2|VoXtream|Lord Hollingford ought to have been with us, she said, amongst other things|en_UK/by_book/female/elizabeth_klett/jane_eyre/wavs/jane_eyre_25_f000271.wav|0.7499
./fake/en/VoXtream2/midnight_passenger_15_f000084.wav|en_US/by_book/female/mary_ann/midnight_passenger/wavs/midnight_passenger_15_f000084.wav|en|True|7.440|unknown|VoXtream2|VoXtream|It was nearly two months after the cabled announcement when John Witherspoon received a bulky packet from the United States ViceConsul at Amoy, China.|en_UK/by_book/female/elizabeth_klett/wives_and_daughters/wavs/wives_and_daughters_27_f000142.wav|0.7664
./fake/en/VoXtream2/jane_eyre_30_f000054.wav|en_UK/by_book/female/elizabeth_klett/jane_eyre/wavs/jane_eyre_30_f000054.wav|en|True|7.120|unknown|VoXtream2|VoXtream|I think, moreover, that Nature was not to him that treasury of delight it was to his sisters.|en_US/by_book/female/mary_ann/northandsouth/wavs/northandsouth_50_f000040.wav|0.7874
./fake/en/VoXtream2/skyisland_07_baum_64kb_f000054.wav|en_US/by_book/female/judy_bieber/sky_island/wavs/skyisland_07_baum_64kb_f000054.wav|en|True|8.560|unknown|VoXtream2|VoXtream|He don't seem as old as that, observed captain Bill thoughtfully. Why, I'm only sixty myself, and I guess I look twice as old as your king does.|en_US/by_book/female/mary_ann/northandsouth/wavs/northandsouth_28_f000087.wav|0.6576
./fake/en/VoXtream2/silent_bullet_02_f000194.wav|en_US/by_book/male/elliot_miller/silent_bullet/wavs/silent_bullet_02_f000194.wav|en|True|3.920|unknown|VoXtream2|VoXtream|the tool of the System in which her husband is so heavily involved?|en_US/by_book/female/judy_bieber/dorothy_and_wizard_oz/wavs/dorothy_and_wizard_oz_06_f000021.wav|0.7166
./fake/en/VoXtream2/ozma_of_oz_10_f000001.wav|en_US/by_book/female/judy_bieber/ozma_of_oz/wavs/ozma_of_oz_10_f000001.wav|en|True|10.720|unknown|VoXtream2|VoXtream|This is there librivox recording. All librivox recordings are in the public domain. For more information or to volunteer please visit librivox dot org.|en_UK/by_book/female/elizabeth_klett/wives_and_daughters/wavs/wives_and_daughters_55_f000009.wav|0.6986
./fake/en/VoXtream2/northandsouth_48_f000045.wav|en_US/by_book/female/mary_ann/northandsouth/wavs/northandsouth_48_f000045.wav|en|True|8.720|unknown|VoXtream2|VoXtream|I am glad he has owned it at last. I was sure he was ill from the whole tone of his letters, and yet he would not answer me when I asked him,|en_US/by_book/female/judy_bieber/the_sea_fairies/wavs/the_sea_fairies_07_f000025.wav|0.0662
./fake/en/VoXtream2/ozma_of_oz_16_f000070.wav|en_US/by_book/female/judy_bieber/ozma_of_oz/wavs/ozma_of_oz_16_f000070.wav|en|True|11.920|unknown|VoXtream2|VoXtream|As they reached the hall the doors flew open before them but then they all stopped and stared into the domed cavern with faces of astonishment and dismay.|en_UK/by_book/female/elizabeth_klett/wives_and_daughters/wavs/wives_and_daughters_16_f000071.wav|0.6822
./fake/en/VoXtream2/wives_and_daughters_48_f000180.wav|en_UK/by_book/female/elizabeth_klett/wives_and_daughters/wavs/wives_and_daughters_48_f000180.wav|en|True|6.720|unknown|VoXtream2|VoXtream|Yes, to be sure or else I should not have considered whether or no Cynthia could have come down with them.|en_US/by_book/female/judy_bieber/dorothy_and_wizard_oz/wavs/dorothy_and_wizard_oz_19_f000047.wav|0.7727
./fake/en/VoXtream2/wives_and_daughters_21_f000079.wav|en_UK/by_book/female/elizabeth_klett/wives_and_daughters/wavs/wives_and_daughters_21_f000079.wav|en|True|7.520|unknown|VoXtream2|VoXtream|Till when we are invisible, said Cynthia, always ready with her mockery to exaggerate any pretension of her mother's.|en_US/by_book/female/judy_bieber/sky_island/wavs/skyisland_26_baum_64kb_f000050.wav|0.8124
./fake/en/VoXtream2/jane_eyre_11_f000100.wav|en_UK/by_book/female/elizabeth_klett/jane_eyre/wavs/jane_eyre_11_f000100.wav|en|True|3.360|unknown|VoXtream2|VoXtream|My heart really warmed to the worthy lady as I heard her talk|en_US/by_book/female/mary_ann/northandsouth/wavs/northandsouth_01_f000129.wav|0.5002
./fake/en/VoXtream2/the_sea_fairies_01_f000079.wav|en_US/by_book/female/judy_bieber/the_sea_fairies/wavs/the_sea_fairies_01_f000079.wav|en|True|7.920|unknown|VoXtream2|VoXtream|Whenever Captain Bill thrust a chubby hand into one of his pockets, Trot watched him with breathless interest, for she never knew what he was going to pull out.|en_UK/by_book/female/elizabeth_klett/wives_and_daughters/wavs/wives_and_daughters_31_f000083.wav|0.7157
./fake/en/VoXtream2/wives_and_daughters_23_f000056.wav|en_UK/by_book/female/elizabeth_klett/wives_and_daughters/wavs/wives_and_daughters_23_f000056.wav|en|True|2.720|unknown|VoXtream2|VoXtream|The Foreign Land in which my Aimee dwells.|en_UK/by_book/female/elizabeth_klett/wives_and_daughters/wavs/wives_and_daughters_23_f000006.wav|0.6069
./fake/en/VoXtream2/jane_eyre_11_f000032.wav|en_UK/by_book/female/elizabeth_klett/jane_eyre/wavs/jane_eyre_11_f000032.wav|en|True|3.120|unknown|VoXtream2|VoXtream|How long shall we be before we get there?|en_US/by_book/male/elliot_miller/silent_bullet/wavs/silent_bullet_12_f000135.wav|0.2757
./fake/en/VoXtream2/skyisland_10_baum_64kb_f000047.wav|en_US/by_book/female/judy_bieber/sky_island/wavs/skyisland_10_baum_64kb_f000047.wav|en|True|4.720|unknown|VoXtream2|VoXtream|And the key's in the King's own pocket, added Trot despairingly.|en_US/by_book/female/judy_bieber/emerald_city_of_oz/wavs/emerald_city_of_oz_15_f000055.wav|0.7323
./fake/en/VoXtream2/northandsouth_22_f000147.wav|en_US/by_book/female/mary_ann/northandsouth/wavs/northandsouth_22_f000147.wav|en|True|5.360|unknown|VoXtream2|VoXtream|Th stone were meant for thee but thou wert sheltered behind a woman!|en_UK/by_book/female/elizabeth_klett/jane_eyre/wavs/jane_eyre_36_f000073.wav|0.6733
./fake/en/VoXtream2/wives_and_daughters_02_f000020.wav|en_UK/by_book/female/elizabeth_klett/wives_and_daughters/wavs/wives_and_daughters_02_f000020.wav|en|True|4.560|unknown|VoXtream2|VoXtream|The woman at the lodge held the gate open, and dropped a low curtsey to the liveries.|en_UK/by_book/female/elizabeth_klett/wives_and_daughters/wavs/wives_and_daughters_30_f000138.wav|0.6049
./fake/en/VoXtream2/the_master_key_02_f000074.wav|en_US/by_book/female/judy_bieber/the_master_key/wavs/the_master_key_02_f000074.wav|en|True|2.000|unknown|VoXtream2|VoXtream|The Demon shrugged his shoulders.|en_UK/by_book/female/elizabeth_klett/jane_eyre/wavs/jane_eyre_32_f000110.wav|0.3405
./fake/en/VoXtream2/the_master_key_17_f000032.wav|en_US/by_book/female/judy_bieber/the_master_key/wavs/the_master_key_17_f000032.wav|en|True|4.960|unknown|VoXtream2|VoXtream|Both sailors began to thank him profusely for their rescue, but he cut them short.|en_UK/by_book/female/elizabeth_klett/jane_eyre/wavs/jane_eyre_04_f000238.wav|0.7001
./fake/en/VoXtream2/jane_eyre_32_f000038.wav|en_UK/by_book/female/elizabeth_klett/jane_eyre/wavs/jane_eyre_32_f000038.wav|en|True|8.160|unknown|VoXtream2|VoXtream|with her Amazon's cap of black velvet placed gracefully above the long curls that kissed her cheek and floated to her shoulders, can scarcely be imagined|en_US/by_book/female/mary_ann/midnight_passenger/wavs/midnight_passenger_03_f000185.wav|0.7709
./fake/en/VoXtream2/northandsouth_25_f000115.wav|en_US/by_book/female/mary_ann/northandsouth/wavs/northandsouth_25_f000115.wav|en|True|5.920|unknown|VoXtream2|VoXtream|It had been more like the beds at Sir John Beresfords than anything she had slept on since.|en_US/by_book/female/judy_bieber/ozma_of_oz/wavs/ozma_of_oz_01_f000040.wav|0.7835
./fake/en/VoXtream2/hunters_space_17_f000006.wav|en_US/by_book/male/elliot_miller/hunters_space/wavs/hunters_space_17_f000006.wav|en|True|5.280|unknown|VoXtream2|VoXtream|Until death Maya said and raised her lips to his.|en_US/by_book/male/elliot_miller/poisoned_pen/wavs/poisoned_pen_03_f000332.wav|0.7232
./fake/en/VoXtream2/wives_and_daughters_51_f000057.wav|en_UK/by_book/female/elizabeth_klett/wives_and_daughters/wavs/wives_and_daughters_51_f000057.wav|en|True|3.920|unknown|VoXtream2|VoXtream|I have a fine instinct for reading the thoughts of others when they refer to me.|en_US/by_book/male/elliot_miller/pink_fairy_book/wavs/pink_fairy_book_40_f000036.wav|0.6533
./fake/en/VoXtream2/piratesofersatz_07_leinster_64kb_f000007.wav|en_US/by_book/male/elliot_miller/pirates_of_ersatz/wavs/piratesofersatz_07_leinster_64kb_f000007.wav|en|True|10.960|unknown|VoXtream2|VoXtream|There was inevitable confusion, though, and the spacephone proved it. There were disputes between freakish ships when craft with the astrogational qualities of washtubs tried to keep assigned positions,|en_US/by_book/male/elliot_miller/hunters_space/wavs/hunters_space_10_f000042.wav|0.7525
./fake/en/VoXtream2/wives_and_daughters_18_f000238.wav|en_UK/by_book/female/elizabeth_klett/wives_and_daughters/wavs/wives_and_daughters_18_f000238.wav|en|True|4.880|unknown|VoXtream2|VoXtream|casual mentions of a name, so as to piece them together into something coherent.|en_UK/by_book/female/elizabeth_klett/jane_eyre/wavs/jane_eyre_08_f000145.wav|0.6964
./fake/en/VoXtream2/jane_eyre_30_f000036.wav|en_UK/by_book/female/elizabeth_klett/jane_eyre/wavs/jane_eyre_30_f000036.wav|en|True|4.560|unknown|VoXtream2|VoXtream|My skill, greater in this one point than theirs, surprised and charmed them.|en_US/by_book/male/elliot_miller/poisoned_pen/wavs/poisoned_pen_04_f000169.wav|0.6907
./fake/en/VoXtream2/jane_eyre_15_f000175.wav|en_UK/by_book/female/elizabeth_klett/jane_eyre/wavs/jane_eyre_15_f000175.wav|en|True|9.200|unknown|VoXtream2|VoXtream|Tongues of flame darted round the bed the curtains were on fire. In the midst of blaze and vapour, Mister Rochester lay stretched motionless, in deep sleep.|en_US/by_book/female/mary_ann/midnight_passenger/wavs/midnight_passenger_07_f000099.wav|0.7904
./fake/en/VoXtream2/emerald_city_of_oz_21_f000044.wav|en_US/by_book/female/judy_bieber/emerald_city_of_oz/wavs/emerald_city_of_oz_21_f000044.wav|en|True|3.120|unknown|VoXtream2|VoXtream|I'll ask her, replied Dorothy, doubtfully.|en_US/by_book/male/elliot_miller/silent_bullet/wavs/silent_bullet_12_f000271.wav|0.2255
./fake/en/VoXtream2/northandsouth_24_f000022.wav|en_US/by_book/female/mary_ann/northandsouth/wavs/northandsouth_24_f000022.wav|en|True|3.280|unknown|VoXtream2|VoXtream|He asked for you, miss and master is out.|en_US/by_book/female/judy_bieber/dorothy_and_wizard_oz/wavs/dorothy_and_wizard_oz_16_f000010.wav|0.5008
./fake/en/VoXtream2/midnight_passenger_02_f000008.wav|en_US/by_book/female/mary_ann/midnight_passenger/wavs/midnight_passenger_02_f000008.wav|en|True|5.920|unknown|VoXtream2|VoXtream|An eleve of the gutters of New York's EastSide ghetto, dangerously half educated at the free public schools,|en_US/by_book/female/mary_ann/midnight_passenger/wavs/midnight_passenger_15_f000057.wav|0.6145
./fake/en/VoXtream2/wives_and_daughters_08_f000056.wav|en_UK/by_book/female/elizabeth_klett/wives_and_daughters/wavs/wives_and_daughters_08_f000056.wav|en|True|5.920|unknown|VoXtream2|VoXtream|Hush, hush, love! said Missis Hamley. Roger is so good.|en_UK/by_book/female/elizabeth_klett/wives_and_daughters/wavs/wives_and_daughters_41_f000050.wav|0.7187
./fake/en/VoXtream2/piratesofersatz_03_leinster_64kb_f000235.wav|en_US/by_book/male/elliot_miller/pirates_of_ersatz/wavs/piratesofersatz_03_leinster_64kb_f000235.wav|en|True|6.480|unknown|VoXtream2|VoXtream|There was a howl from the racing, mounted men. They waved their knives and yelled in zestful anticipation of murder.|en_US/by_book/female/mary_ann/northandsouth/wavs/northandsouth_05_f000182.wav|0.7918
./fake/en/VoXtream2/wives_and_daughters_26_f000158.wav|en_UK/by_book/female/elizabeth_klett/wives_and_daughters/wavs/wives_and_daughters_26_f000158.wav|en|True|7.040|unknown|VoXtream2|VoXtream|for, before she could answer, Mister Preston stepped a little forwards, and said, in a tone which he meant to be icily indifferent,|en_UK/by_book/female/elizabeth_klett/jane_eyre/wavs/jane_eyre_28_f000171.wav|0.7463
./fake/en/VoXtream2/poisoned_pen_03_f000141.wav|en_US/by_book/male/elliot_miller/poisoned_pen/wavs/poisoned_pen_03_f000141.wav|en|True|6.800|unknown|VoXtream2|VoXtream|They grew and multiplied. He contends that he has proved the possibility of spontaneous generation of life.|en_US/by_book/male/elliot_miller/poisoned_pen/wavs/poisoned_pen_08_f000225.wav|0.7252
./fake/en/VoXtream2/poisoned_pen_03_f000332.wav|en_US/by_book/male/elliot_miller/poisoned_pen/wavs/poisoned_pen_03_f000332.wav|en|True|17.600|unknown|VoXtream2|VoXtream|Saratovsky of course was not guilty, for the plot had centred about him. Nor was little Samarova, nor doctor Kharkoff. I noted Revalenko and Kazanovitch glaring at each other and hastily tried to decide which I more strongly suspected.|en_US/by_book/male/elliot_miller/pink_fairy_book/wavs/pink_fairy_book_17_f000044.wav|0.6592
./fake/en/VoXtream2/wives_and_daughters_26_f000024.wav|en_UK/by_book/female/elizabeth_klett/wives_and_daughters/wavs/wives_and_daughters_26_f000024.wav|en|True|6.800|unknown|VoXtream2|VoXtream|until Miss Phoebe and Miss Piper entered, and came to take possession of the seats reserved for them by Miss Browning's care.|en_UK/by_book/female/elizabeth_klett/wives_and_daughters/wavs/wives_and_daughters_06_f000209.wav|0.7406
./fake/en/VoXtream2/wives_and_daughters_40_f000043.wav|en_UK/by_book/female/elizabeth_klett/wives_and_daughters/wavs/wives_and_daughters_40_f000043.wav|en|True|8.640|unknown|VoXtream2|VoXtream|the travellers, however bitterly they may feel the separation, find something in the change of scene to soften regret in the very first hour of separation.|en_UK/by_book/female/elizabeth_klett/wives_and_daughters/wavs/wives_and_daughters_57_f000162.wav|0.5151
./fake/en/VoXtream2/jane_eyre_05_f000163.wav|en_UK/by_book/female/elizabeth_klett/jane_eyre/wavs/jane_eyre_05_f000163.wav|en|True|2.640|unknown|VoXtream2|VoXtream|and commenced giving a lesson on geography|en_US/by_book/female/mary_ann/midnight_passenger/wavs/midnight_passenger_04_f000239.wav|0.3797
./fake/en/VoXtream2/hunters_space_19_f000020.wav|en_US/by_book/male/elliot_miller/hunters_space/wavs/hunters_space_19_f000020.wav|en|True|14.160|unknown|VoXtream2|VoXtream|Opal had been beautiful and wonderful. It had been like living eastward in Eden, but Eden's gardens were no more. And perhaps it would be better to face the elements and meet them headon instead of seeking shelter.|en_UK/by_book/female/elizabeth_klett/wives_and_daughters/wavs/wives_and_daughters_48_f000126.wav|0.7733
./fake/en/VoXtream2/piratesofersatz_09_leinster_64kb_f000118.wav|en_US/by_book/male/elliot_miller/pirates_of_ersatz/wavs/piratesofersatz_09_leinster_64kb_f000118.wav|en|True|3.200|unknown|VoXtream2|VoXtream|I used my crew for floorscrubbing and cookery.|en_US/by_book/female/judy_bieber/sky_island/wavs/skyisland_16_baum_64kb_f000016.wav|0.5578
./fake/en/VoXtream2/skyisland_05_baum_64kb_f000063.wav|en_US/by_book/female/judy_bieber/sky_island/wavs/skyisland_05_baum_64kb_f000063.wav|en|True|2.080|unknown|VoXtream2|VoXtream|Are they good to eat? asked the Boolooroo.|en_UK/by_book/female/elizabeth_klett/jane_eyre/wavs/jane_eyre_20_f000304.wav|0.0123
./fake/en/VoXtream2/northandsouth_28_f000205.wav|en_US/by_book/female/mary_ann/northandsouth/wavs/northandsouth_28_f000205.wav|en|True|6.560|unknown|VoXtream2|VoXtream|Id ha thought yo a hypocrite, Im afeard, if yo hadnt, for all yor a parson, or rayther because yor a parson.|en_UK/by_book/female/elizabeth_klett/wives_and_daughters/wavs/wives_and_daughters_13_f000188.wav|0.6174
./fake/en/VoXtream2/wives_and_daughters_20_f000124.wav|en_UK/by_book/female/elizabeth_klett/wives_and_daughters/wavs/wives_and_daughters_20_f000124.wav|en|True|5.680|unknown|VoXtream2|VoXtream|She hesitated a little, a very little, before speaking of Roger|en_UK/by_book/female/elizabeth_klett/jane_eyre/wavs/jane_eyre_20_f000168.wav|0.6336
./fake/en/VoXtream2/the_sea_fairies_12_f000040.wav|en_US/by_book/female/judy_bieber/the_sea_fairies/wavs/the_sea_fairies_12_f000040.wav|en|True|4.640|unknown|VoXtream2|VoXtream|So she led the way, and together they approached the archway and passed through it.|en_UK/by_book/female/elizabeth_klett/wives_and_daughters/wavs/wives_and_daughters_10_f000282.wav|0.6023
./fake/en/VoXtream2/skyisland_30_baum_64kb_f000020.wav|en_US/by_book/female/judy_bieber/sky_island/wavs/skyisland_30_baum_64kb_f000020.wav|en|True|10.640|unknown|VoXtream2|VoXtream|Then she and ButtonBright seated themselves in the double seat, which was flat upon the pink ground, and captain Bill sat before them on his own seat,|en_US/by_book/female/mary_ann/northandsouth/wavs/northandsouth_24_f000022.wav|0.3570
./fake/en/VoXtream2/silent_bullet_02_f000189.wav|en_US/by_book/male/elliot_miller/silent_bullet/wavs/silent_bullet_02_f000189.wav|en|True|9.840|unknown|VoXtream2|VoXtream|Well, if its she who is concerned in this case I dont think shell be playing tonight. Lets inquire at the boxoffice.|en_UK/by_book/female/elizabeth_klett/jane_eyre/wavs/jane_eyre_34_f000254.wav|0.7241
./fake/en/VoXtream2/jane_eyre_28_f000314.wav|en_UK/by_book/female/elizabeth_klett/jane_eyre/wavs/jane_eyre_28_f000314.wav|en|True|6.400|unknown|VoXtream2|VoXtream|Oh, this spectre of death! Oh, this last hour, approaching in such horror!|en_US/by_book/female/mary_ann/northandsouth/wavs/northandsouth_04_f000177.wav|0.7141
./fake/en/VoXtream2/northandsouth_44_f000173.wav|en_US/by_book/female/mary_ann/northandsouth/wavs/northandsouth_44_f000173.wav|en|True|9.440|unknown|VoXtream2|VoXtream|It gave a new direction to his thoughts. You have known Miss Hale for a long time, I believe. How do you think her looking? She strikes me as pale and ill.|en_UK/by_book/female/elizabeth_klett/wives_and_daughters/wavs/wives_and_daughters_25_f000085.wav|0.6524
./fake/en/VoXtream2/the_master_key_15_f000034.wav|en_US/by_book/female/judy_bieber/the_master_key/wavs/the_master_key_15_f000034.wav|en|True|4.000|unknown|VoXtream2|VoXtream|This was the first time he had slept with the indicator at zero.|en_UK/by_book/female/elizabeth_klett/wives_and_daughters/wavs/wives_and_daughters_11_f000194.wav|0.7119
./fake/en/VoXtream2/midnight_passenger_02_f000122.wav|en_US/by_book/female/mary_ann/midnight_passenger/wavs/midnight_passenger_02_f000122.wav|en|True|3.760|unknown|VoXtream2|VoXtream|There was but one who could lift the veil of the awful past.|en_US/by_book/male/elliot_miller/silent_bullet/wavs/silent_bullet_12_f000002.wav|0.5634
./fake/en/VoXtream2/northandsouth_43_f000071.wav|en_US/by_book/female/mary_ann/northandsouth/wavs/northandsouth_43_f000071.wav|en|True|8.880|unknown|VoXtream2|VoXtream|But today is my only day if Captain Lennox comes this afternoon, and if we mustif I must really go tomorrow|en_US/by_book/female/judy_bieber/sky_island/wavs/skyisland_13_baum_64kb_f000051.wav|0.8164
./fake/en/VoXtream2/poisoned_pen_05_f000207.wav|en_US/by_book/male/elliot_miller/poisoned_pen/wavs/poisoned_pen_05_f000207.wav|en|True|7.520|unknown|VoXtream2|VoXtream|They probably kept it in a safe deposit vault here. I had figured that they would come down and get it and leave New York after last night's events.|en_US/by_book/female/judy_bieber/the_sea_fairies/wavs/the_sea_fairies_06_f000046.wav|0.1187
./fake/en/VoXtream2/wives_and_daughters_31_f000110.wav|en_UK/by_book/female/elizabeth_klett/wives_and_daughters/wavs/wives_and_daughters_31_f000110.wav|en|True|7.440|unknown|VoXtream2|VoXtream|with so evident a betrayal of her wish to bring about an engagement, that Molly chafed at the net spread so evidently,|en_US/by_book/female/judy_bieber/the_master_key/wavs/the_master_key_12_f000038.wav|0.0051
./fake/en/VoXtream2/pink_fairy_book_13_f000015.wav|en_US/by_book/male/elliot_miller/pink_fairy_book/wavs/pink_fairy_book_13_f000015.wav|en|True|10.960|unknown|VoXtream2|VoXtream|their branches hewn off, and the great trunks left bare, so that they were almost unrecognisable. But then they were laid on waggons and dragged out of the wood by horses.|en_US/by_book/female/judy_bieber/ozma_of_oz/wavs/ozma_of_oz_11_f000088.wav|0.7439
./fake/en/VoXtream2/jane_eyre_36_f000189.wav|en_UK/by_book/female/elizabeth_klett/jane_eyre/wavs/jane_eyre_36_f000189.wav|en|True|3.040|unknown|VoXtream2|VoXtream|And afterwards? I urged.|en_US/by_book/male/elliot_miller/poisoned_pen/wavs/poisoned_pen_05_f000281.wav|0.0632
./fake/en/VoXtream2/skyisland_12_baum_64kb_f000045.wav|en_US/by_book/female/judy_bieber/sky_island/wavs/skyisland_12_baum_64kb_f000045.wav|en|True|2.720|unknown|VoXtream2|VoXtream|its tremendous leap carrying it far into the fog.|en_UK/by_book/female/elizabeth_klett/wives_and_daughters/wavs/wives_and_daughters_23_f000138.wav|0.2640
./fake/en/VoXtream2/skyisland_04_baum_64kb_f000037.wav|en_US/by_book/female/judy_bieber/sky_island/wavs/skyisland_04_baum_64kb_f000037.wav|en|True|13.520|unknown|VoXtream2|VoXtream|Here the clouds were not black, nor heavy, but they assumed queer shapes. Some were like huge ships, some like forest trees, and others piled themselves into semblances of turreted castles and wonderful palaces.|en_UK/by_book/female/elizabeth_klett/jane_eyre/wavs/jane_eyre_11_f000253.wav|0.7148
./fake/en/VoXtream2/piratesofersatz_12_leinster_64kb_f000080.wav|en_US/by_book/male/elliot_miller/pirates_of_ersatz/wavs/piratesofersatz_12_leinster_64kb_f000080.wav|en|True|2.160|unknown|VoXtream2|VoXtream|Yes, sir, said Hoddan.|en_UK/by_book/female/elizabeth_klett/wives_and_daughters/wavs/wives_and_daughters_10_f000340.wav|0.2159
./fake/en/VoXtream2/jane_eyre_24_f000306.wav|en_UK/by_book/female/elizabeth_klett/jane_eyre/wavs/jane_eyre_24_f000306.wav|en|True|3.120|unknown|VoXtream2|VoXtream|Did I like his voice? he asked.|en_US/by_book/female/judy_bieber/the_sea_fairies/wavs/the_sea_fairies_02_f000153.wav|0.4314
./fake/en/VoXtream2/wives_and_daughters_37_f000227.wav|en_UK/by_book/female/elizabeth_klett/wives_and_daughters/wavs/wives_and_daughters_37_f000227.wav|en|True|6.720|unknown|VoXtream2|VoXtream|She resembled Cynthia in this she liked to be liked and she wanted to regain the esteem which she did not perceive she had lost for ever.|en_US/by_book/male/elliot_miller/silent_bullet/wavs/silent_bullet_09_f000143.wav|0.7854
./fake/en/VoXtream2/rinkitink_baum_08_64kb_f000086.wav|en_US/by_book/female/judy_bieber/rinkitink_in_oz/wavs/rinkitink_baum_08_64kb_f000086.wav|en|True|6.560|unknown|VoXtream2|VoXtream|The old woman stopped sweeping and looked at him in a stupid way, for she was not very intelligent.|en_UK/by_book/female/elizabeth_klett/jane_eyre/wavs/jane_eyre_27_f000212.wav|0.5677
./fake/en/VoXtream2/emerald_city_of_oz_10_f000069.wav|en_US/by_book/female/judy_bieber/emerald_city_of_oz/wavs/emerald_city_of_oz_10_f000069.wav|en|True|7.120|unknown|VoXtream2|VoXtream|Then don't flop them please don't! entreated the Captain. Miss Cuttenclip would be very much distressed if her village was spoiled.|en_UK/by_book/female/elizabeth_klett/jane_eyre/wavs/jane_eyre_24_f000201.wav|0.6923
./fake/en/VoXtream2/ozma_of_oz_20_f000053.wav|en_US/by_book/female/judy_bieber/ozma_of_oz/wavs/ozma_of_oz_20_f000053.wav|en|True|3.760|unknown|VoXtream2|VoXtream|What is your name, my man? asked the girl.|en_UK/by_book/female/elizabeth_klett/jane_eyre/wavs/jane_eyre_06_f000026.wav|0.4675
./fake/en/VoXtream2/jane_eyre_30_f000120.wav|en_UK/by_book/female/elizabeth_klett/jane_eyre/wavs/jane_eyre_30_f000120.wav|en|True|3.680|unknown|VoXtream2|VoXtream|Do explain, I urged, when he halted once more.|en_US/by_book/female/judy_bieber/the_master_key/wavs/the_master_key_07_f000011.wav|0.3653
./fake/en/VoXtream2/wives_and_daughters_13_f000215.wav|en_UK/by_book/female/elizabeth_klett/wives_and_daughters/wavs/wives_and_daughters_13_f000215.wav|en|True|6.880|unknown|VoXtream2|VoXtream|I don't see why not, said Molly. Besides, if you wouldn't do it in general, I think you ought to do it in my case|en_US/by_book/female/mary_ann/northandsouth/wavs/northandsouth_31_f000015.wav|0.7756
./fake/en/VoXtream2/pink_fairy_book_12_f000312.wav|en_US/by_book/male/elliot_miller/pink_fairy_book/wavs/pink_fairy_book_12_f000312.wav|en|True|4.480|unknown|VoXtream2|VoXtream|There were the roses on the leads it was summer, warm, glorious summer.|en_US/by_book/male/elliot_miller/pink_fairy_book/wavs/pink_fairy_book_07_f000035.wav|0.1524
./fake/en/VoXtream2/jane_eyre_05_f000120.wav|en_UK/by_book/female/elizabeth_klett/jane_eyre/wavs/jane_eyre_05_f000120.wav|en|True|11.040|unknown|VoXtream2|VoXtream|but the first edge of hunger blunted, I perceived I had got in hand a nauseous mess burnt porridge is almost as bad as rotten potatoes famine itself soon sickens over it.|en_UK/by_book/female/elizabeth_klett/jane_eyre/wavs/jane_eyre_24_f000359.wav|0.7382
./fake/en/VoXtream2/wives_and_daughters_10_f000282.wav|en_UK/by_book/female/elizabeth_klett/wives_and_daughters/wavs/wives_and_daughters_10_f000282.wav|en|True|9.680|unknown|VoXtream2|VoXtream|so she rose up languidly, too languid to say how much she should prefer being left alone, if he would only go away without her.|en_US/by_book/female/judy_bieber/ozma_of_oz/wavs/ozma_of_oz_21_f000016.wav|0.7723
./fake/en/VoXtream2/midnight_passenger_14_f000066.wav|en_US/by_book/female/mary_ann/midnight_passenger/wavs/midnight_passenger_14_f000066.wav|en|True|9.920|unknown|VoXtream2|VoXtream|Doctor William Atwater was tenderly cautious of the comfort of a veiled invalid woman, at whose side a sturdy nurse aided the watchful medical attendant.|en_US/by_book/female/mary_ann/northandsouth/wavs/northandsouth_20_f000110.wav|0.8207
./fake/en/VoXtream2/midnight_passenger_02_f000014.wav|en_US/by_book/female/mary_ann/midnight_passenger/wavs/midnight_passenger_02_f000014.wav|en|True|9.040|unknown|VoXtream2|VoXtream|When the decamping Viennese pharmacist had wearied of his lowlife Venus, their joint operations soon made the East Side too hot for the man who boldly dared all,|en_US/by_book/male/elliot_miller/silent_bullet/wavs/silent_bullet_07_f000293.wav|0.7142
./fake/en/VoXtream2/pink_fairy_book_35_f000017.wav|en_US/by_book/male/elliot_miller/pink_fairy_book/wavs/pink_fairy_book_35_f000017.wav|en|True|3.760|unknown|VoXtream2|VoXtream|Yes, said the man, that would have been a good thing.|en_UK/by_book/female/elizabeth_klett/wives_and_daughters/wavs/wives_and_daughters_23_f000006.wav|0.6870
./fake/en/VoXtream2/jane_eyre_05_f000244.wav|en_UK/by_book/female/elizabeth_klett/jane_eyre/wavs/jane_eyre_05_f000244.wav|en|True|2.000|unknown|VoXtream2|VoXtream|Two years.|en_UK/by_book/female/elizabeth_klett/wives_and_daughters/wavs/wives_and_daughters_32_f000161.wav|-0.0503
./fake/en/VoXtream2/jane_eyre_20_f000061.wav|en_UK/by_book/female/elizabeth_klett/jane_eyre/wavs/jane_eyre_20_f000061.wav|en|True|8.400|unknown|VoXtream2|VoXtream|I want you, he said come this way take your time, and make no noise.|en_US/by_book/male/elliot_miller/silent_bullet/wavs/silent_bullet_12_f000236.wav|0.6998
./fake/en/VoXtream2/northandsouth_41_f000151.wav|en_US/by_book/female/mary_ann/northandsouth/wavs/northandsouth_41_f000151.wav|en|True|4.640|unknown|VoXtream2|VoXtream|I would have done just the same as far as that step of openly leaving the church went.|en_US/by_book/female/judy_bieber/the_sea_fairies/wavs/the_sea_fairies_12_f000013.wav|0.1718
./fake/en/VoXtream2/jane_eyre_01_f000075.wav|en_UK/by_book/female/elizabeth_klett/jane_eyre/wavs/jane_eyre_01_f000075.wav|en|True|4.320|unknown|VoXtream2|VoXtream|my care was how to endure the blow which would certainly follow the insult.|en_US/by_book/female/mary_ann/midnight_passenger/wavs/midnight_passenger_08_f000141.wav|0.4452
./fake/en/VoXtream2/wives_and_daughters_59_f000074.wav|en_UK/by_book/female/elizabeth_klett/wives_and_daughters/wavs/wives_and_daughters_59_f000074.wav|en|True|9.440|unknown|VoXtream2|VoXtream|her eyes did not meet his in the old frank way she took up a book at a pause in the conversation, and left him puzzled and annoyed at the change in her manner.|en_US/by_book/female/mary_ann/northandsouth/wavs/northandsouth_27_f000009.wav|0.7829
./fake/en/VoXtream2/jane_eyre_26_f000037.wav|en_UK/by_book/female/elizabeth_klett/jane_eyre/wavs/jane_eyre_26_f000037.wav|en|True|3.760|unknown|VoXtream2|VoXtream|I remember something, too, of the green gravemounds|en_US/by_book/male/elliot_miller/silent_bullet/wavs/silent_bullet_01_f000012.wav|0.3372
./fake/en/VoXtream2/wives_and_daughters_05_f000172.wav|en_UK/by_book/female/elizabeth_klett/wives_and_daughters/wavs/wives_and_daughters_05_f000172.wav|en|True|3.840|unknown|VoXtream2|VoXtream|She knows nothing of the pleasure in store for her, he replied|en_US/by_book/male/elliot_miller/silent_bullet/wavs/silent_bullet_08_f000256.wav|0.5846
./fake/en/VoXtream2/poisoned_pen_09_f000366.wav|en_US/by_book/male/elliot_miller/poisoned_pen/wavs/poisoned_pen_09_f000366.wav|en|True|5.120|unknown|VoXtream2|VoXtream|The negress disappeared upstairs, and in a few minutes returned with the message that he would be down directly.|en_US/by_book/female/mary_ann/northandsouth/wavs/northandsouth_38_f000215.wav|0.7233
./fake/en/VoXtream2/northandsouth_50_f000040.wav|en_US/by_book/female/mary_ann/northandsouth/wavs/northandsouth_50_f000040.wav|en|True|3.840|unknown|VoXtream2|VoXtream|gave a new poignancy to the subtle fear that came over him from time to time|en_UK/by_book/female/elizabeth_klett/wives_and_daughters/wavs/wives_and_daughters_31_f000151.wav|0.7133
./fake/en/VoXtream2/jane_eyre_24_f000022.wav|en_UK/by_book/female/elizabeth_klett/jane_eyre/wavs/jane_eyre_24_f000022.wav|en|True|1.120|unknown|VoXtream2|VoXtream|Where is he?|en_US/by_book/female/judy_bieber/emerald_city_of_oz/wavs/emerald_city_of_oz_21_f000037.wav|0.0392
./fake/en/VoXtream2/pink_fairy_book_36_f000054.wav|en_US/by_book/male/elliot_miller/pink_fairy_book/wavs/pink_fairy_book_36_f000054.wav|en|True|11.200|unknown|VoXtream2|VoXtream|The queen gave orders that everything should be done as she desired and then the maiden dressed herself in seven clean snowwhite shirts, and held her wedding with the lindorm.|en_US/by_book/female/judy_bieber/the_master_key/wavs/the_master_key_02_f000061.wav|0.7751
./fake/en/VoXtream2/rinkitink_baum_09_64kb_f000021.wav|en_US/by_book/female/judy_bieber/rinkitink_in_oz/wavs/rinkitink_baum_09_64kb_f000021.wav|en|True|8.400|unknown|VoXtream2|VoXtream|In former ages there had been many dragons in Regos, but Choggenmugger was so fond of dragons that he had eaten all of them long ago.|en_US/by_book/male/elliot_miller/pink_fairy_book/wavs/pink_fairy_book_30_f000073.wav|0.6681
./fake/en/VoXtream2/northandsouth_17_f000140.wav|en_US/by_book/female/mary_ann/northandsouth/wavs/northandsouth_17_f000140.wav|en|True|5.120|unknown|VoXtream2|VoXtream|Manys the time Ive repeated the verses in the seventh chapter to myself, just for the sound.|en_UK/by_book/female/elizabeth_klett/jane_eyre/wavs/jane_eyre_25_f000151.wav|0.6810
./fake/en/VoXtream2/jane_eyre_19_f000117.wav|en_UK/by_book/female/elizabeth_klett/jane_eyre/wavs/jane_eyre_19_f000117.wav|en|True|5.200|unknown|VoXtream2|VoXtream|I knew it before I came here this evening. She has laid it carefully on one side for you.|en_UK/by_book/female/elizabeth_klett/wives_and_daughters/wavs/wives_and_daughters_13_f000045.wav|0.7352
./fake/en/VoXtream2/northandsouth_42_f000173.wav|en_US/by_book/female/mary_ann/northandsouth/wavs/northandsouth_42_f000173.wav|en|True|7.120|unknown|VoXtream2|VoXtream|What is that heap of brick and mortar we came against in the yard? Any repairs wanted?|en_UK/by_book/female/elizabeth_klett/wives_and_daughters/wavs/wives_and_daughters_03_f000146.wav|0.6740
./fake/en/VoXtream2/emerald_city_of_oz_20_f000081.wav|en_US/by_book/female/judy_bieber/emerald_city_of_oz/wavs/emerald_city_of_oz_20_f000081.wav|en|True|4.640|unknown|VoXtream2|VoXtream|When are you likely to see Glinda? he inquired.|en_US/by_book/male/elliot_miller/silent_bullet/wavs/silent_bullet_12_f000067.wav|0.5926
./fake/en/VoXtream2/piratesofersatz_03_leinster_64kb_f000219.wav|en_US/by_book/male/elliot_miller/pirates_of_ersatz/wavs/piratesofersatz_03_leinster_64kb_f000219.wav|en|True|8.880|unknown|VoXtream2|VoXtream|There's only one spaceship here a month, he observed politely, so I'll be around. If you want to get in touch with me, ask Don Loris.|en_US/by_book/female/judy_bieber/ozma_of_oz/wavs/ozma_of_oz_07_f000031.wav|0.7964
./fake/en/VoXtream2/hunters_space_10_f000043.wav|en_US/by_book/male/elliot_miller/hunters_space/wavs/hunters_space_10_f000043.wav|en|True|9.440|unknown|VoXtream2|VoXtream|So youth grows old. But you must admit that this is better than cringing in a hole in the ground None of us cringed, unless it was you, Ato retorted angrily.|en_US/by_book/male/elliot_miller/silent_bullet/wavs/silent_bullet_13_f000205.wav|0.7382
./fake/en/VoXtream2/wives_and_daughters_35_f000020.wav|en_UK/by_book/female/elizabeth_klett/wives_and_daughters/wavs/wives_and_daughters_35_f000020.wav|en|True|8.960|unknown|VoXtream2|VoXtream|Yes, to be sure. Why not? you speak as if it was something so very surprising.|en_US/by_book/female/judy_bieber/emerald_city_of_oz/wavs/emerald_city_of_oz_17_f000014.wav|0.7523
./fake/en/VoXtream2/northandsouth_44_f000145.wav|en_US/by_book/female/mary_ann/northandsouth/wavs/northandsouth_44_f000145.wav|en|True|10.800|unknown|VoXtream2|VoXtream|He looked at her, and saw the confusion stirring in her countenance he sate down again, as if her little touch had been possessed of resistless strength.|en_US/by_book/female/judy_bieber/dorothy_and_wizard_oz/wavs/dorothy_and_wizard_oz_05_f000054.wav|0.1635
./fake/en/VoXtream2/piratesofersatz_07_leinster_64kb_f000171.wav|en_US/by_book/male/elliot_miller/pirates_of_ersatz/wavs/piratesofersatz_07_leinster_64kb_f000171.wav|en|True|2.720|unknown|VoXtream2|VoXtream|Secondary, pallid shadows appeared.|en_US/by_book/male/elliot_miller/silent_bullet/wavs/silent_bullet_11_f000223.wav|0.0962
./fake/en/VoXtream2/silent_bullet_04_f000194.wav|en_US/by_book/male/elliot_miller/silent_bullet/wavs/silent_bullet_04_f000194.wav|en|True|9.440|unknown|VoXtream2|VoXtream|You know how to arrange it. Have them all present at my laboratory at nine, and I promise we shall have a story that will get into the morning papers with leaded type on the front page.|en_US/by_book/male/elliot_miller/silent_bullet/wavs/silent_bullet_02_f000189.wav|0.7164
./fake/en/VoXtream2/jane_eyre_27_f000562.wav|en_UK/by_book/female/elizabeth_klett/jane_eyre/wavs/jane_eyre_27_f000562.wav|en|True|9.520|unknown|VoXtream2|VoXtream|of the disseverment of bone and vein of the grave gaping at the end and I thought of drear flight and homeless wandering  and oh!|en_US/by_book/male/elliot_miller/poisoned_pen/wavs/poisoned_pen_04_f000292.wav|0.7045
./fake/en/VoXtream2/piratesofersatz_08_leinster_64kb_f000118.wav|en_US/by_book/male/elliot_miller/pirates_of_ersatz/wavs/piratesofersatz_08_leinster_64kb_f000118.wav|en|True|5.280|unknown|VoXtream2|VoXtream|He returned to his adaptation of the Lawlor drive to the production of ball lightning.|en_UK/by_book/female/elizabeth_klett/jane_eyre/wavs/jane_eyre_24_f000143.wav|0.6861
./fake/en/VoXtream2/piratesofersatz_06_leinster_64kb_f000105.wav|en_US/by_book/male/elliot_miller/pirates_of_ersatz/wavs/piratesofersatz_06_leinster_64kb_f000105.wav|en|True|11.040|unknown|VoXtream2|VoXtream|But those men from Walden are very anxious! protested Don Loris. There was no ship available, so their government got a liner that normally wouldn't stop here to take an extra lifeboat aboard.|en_US/by_book/female/mary_ann/northandsouth/wavs/northandsouth_03_f000154.wav|0.7709
./fake/en/VoXtream2/pink_fairy_book_13_f000096.wav|en_US/by_book/male/elliot_miller/pink_fairy_book/wavs/pink_fairy_book_13_f000096.wav|en|True|9.600|unknown|VoXtream2|VoXtream|I know nothing about that, said the tree. But I know the wood, where the sun shines, and the birds sing. And then it told them all about its young days,|en_UK/by_book/female/elizabeth_klett/wives_and_daughters/wavs/wives_and_daughters_21_f000092.wav|0.6985
./fake/en/VoXtream2/piratesofersatz_10_leinster_64kb_f000175.wav|en_US/by_book/male/elliot_miller/pirates_of_ersatz/wavs/piratesofersatz_10_leinster_64kb_f000175.wav|en|True|14.080|unknown|VoXtream2|VoXtream|To beg you toThen, in one instant, Derec made an hysterical gesture and Hoddan's stunpistol hummed. A small object left Derec's hand as his muscles convulsed from the stunpistol bolt.|en_US/by_book/male/elliot_miller/hunters_space/wavs/hunters_space_16_f000049.wav|0.3915
./fake/en/VoXtream2/ozma_of_oz_15_f000012.wav|en_US/by_book/female/judy_bieber/ozma_of_oz/wavs/ozma_of_oz_15_f000012.wav|en|True|3.840|unknown|VoXtream2|VoXtream|The Nome King nearly jumped off his seat, he was so startled.|en_US/by_book/female/mary_ann/midnight_passenger/wavs/midnight_passenger_12_f000098.wav|0.7116
./fake/en/VoXtream2/piratesofersatz_04_leinster_64kb_f000273.wav|en_US/by_book/male/elliot_miller/pirates_of_ersatz/wavs/piratesofersatz_04_leinster_64kb_f000273.wav|en|True|11.120|unknown|VoXtream2|VoXtream|Idiot! yelped Hoddan. These men know you. You know what I can do with stunpistols! Tell them we're riding into ambush. They're to follow close behind us two!|en_UK/by_book/female/elizabeth_klett/wives_and_daughters/wavs/wives_and_daughters_01_f000147.wav|0.7041
./fake/en/VoXtream2/wives_and_daughters_16_f000157.wav|en_UK/by_book/female/elizabeth_klett/wives_and_daughters/wavs/wives_and_daughters_16_f000157.wav|en|True|6.720|unknown|VoXtream2|VoXtream|but it is wrong in you, Molly, to speak against such kind friends of your father's as I understand these Cockerells are.|en_UK/by_book/female/elizabeth_klett/jane_eyre/wavs/jane_eyre_03_f000036.wav|0.7256
./fake/en/VoXtream2/hunters_space_17_f000015.wav|en_US/by_book/male/elliot_miller/hunters_space/wavs/hunters_space_17_f000015.wav|en|True|7.920|unknown|VoXtream2|VoXtream|Aye, Val the Loren agreed. He had fought near Ato's side all through the night, and his lean left hand was rubbing two deep cuts across his chest.|en_US/by_book/female/mary_ann/midnight_passenger/wavs/midnight_passenger_01_f000116.wav|0.8051
./fake/en/VoXtream2/skyisland_06_baum_64kb_f000013.wav|en_US/by_book/female/judy_bieber/sky_island/wavs/skyisland_06_baum_64kb_f000013.wav|en|True|10.560|unknown|VoXtream2|VoXtream|Release the prisoners. They are now quite safe, and cannot escape me. So the men unwound the long cords that were twined around the bodies of our three friends, and set them free.|en_UK/by_book/female/elizabeth_klett/wives_and_daughters/wavs/wives_and_daughters_10_f000094.wav|0.6170
./fake/en/VoXtream2/poisoned_pen_04_f000175.wav|en_US/by_book/male/elliot_miller/poisoned_pen/wavs/poisoned_pen_04_f000175.wav|en|True|10.400|unknown|VoXtream2|VoXtream|They showed us how to jump into the turnouts  a pair of trousers opened out over the high top boots. We were given helmets which we placed in regulation fashion on our rubber coats,|en_UK/by_book/female/elizabeth_klett/wives_and_daughters/wavs/wives_and_daughters_33_f000005.wav|0.7298
./fake/en/VoXtream2/silent_bullet_12_f000087.wav|en_US/by_book/male/elliot_miller/silent_bullet/wavs/silent_bullet_12_f000087.wav|en|True|3.280|unknown|VoXtream2|VoXtream|with an eye that never met yours as you talked with him.|en_UK/by_book/female/elizabeth_klett/jane_eyre/wavs/jane_eyre_06_f000113.wav|0.3680
./fake/en/VoXtream2/hunters_space_10_f000013.wav|en_US/by_book/male/elliot_miller/hunters_space/wavs/hunters_space_10_f000013.wav|en|True|14.720|unknown|VoXtream2|VoXtream|He saw boats and cars and a few longnosed airplanes, with the merest trace of vestigial wings far back near the empennage, streaking through the sky in high arcs, leaving curling trails of fog and smoke behind them.|en_UK/by_book/female/elizabeth_klett/wives_and_daughters/wavs/wives_and_daughters_31_f000017.wav|0.6742
./fake/en/VoXtream2/wives_and_daughters_14_f000178.wav|en_UK/by_book/female/elizabeth_klett/wives_and_daughters/wavs/wives_and_daughters_14_f000178.wav|en|True|9.280|unknown|VoXtream2|VoXtream|I daresay there was, said Roger. My mother is very delicate, and obliged to humour her health, which has made her keep aloof from society.|en_US/by_book/female/judy_bieber/rinkitink_in_oz/wavs/rinkitink_baum_22_64kb_f000032.wav|0.7426
./fake/en/VoXtream2/dorothy_and_wizard_oz_04_f000096.wav|en_US/by_book/female/judy_bieber/dorothy_and_wizard_oz/wavs/dorothy_and_wizard_oz_04_f000096.wav|en|True|10.000|unknown|VoXtream2|VoXtream|Never mind your hunger, interrupted the Prince. I shall order you destroyed in a few minutes, so you will have no need to ruin our pretty melon vines and berry bushes.|en_US/by_book/male/elliot_miller/hunters_space/wavs/hunters_space_19_f000044.wav|0.6756
./fake/en/VoXtream2/northandsouth_45_f000059.wav|en_US/by_book/female/mary_ann/northandsouth/wavs/northandsouth_45_f000059.wav|en|True|8.320|unknown|VoXtream2|VoXtream|and just what she herself had been wishing for Margaret, as giving her the very change which she required, after all the anxious time she had had.|en_UK/by_book/female/elizabeth_klett/jane_eyre/wavs/jane_eyre_13_f000126.wav|0.7796
./fake/en/VoXtream2/silent_bullet_02_f000180.wav|en_US/by_book/male/elliot_miller/silent_bullet/wavs/silent_bullet_02_f000180.wav|en|True|9.200|unknown|VoXtream2|VoXtream|Nothing to say  yet, he replied laconically. But if you could tell me anything about that note Parker received Id thank you.|en_US/by_book/female/mary_ann/northandsouth/wavs/northandsouth_26_f000034.wav|0.7529
./fake/en/VoXtream2/skyisland_04_baum_64kb_f000046.wav|en_US/by_book/female/judy_bieber/sky_island/wavs/skyisland_04_baum_64kb_f000046.wav|en|True|3.360|unknown|VoXtream2|VoXtream|and his big body hid all that was just underneath them.|en_US/by_book/male/elliot_miller/pirates_of_ersatz/wavs/piratesofersatz_08_leinster_64kb_f000029.wav|0.5083
./fake/en/VoXtream2/silent_bullet_07_f000247.wav|en_US/by_book/male/elliot_miller/silent_bullet/wavs/silent_bullet_07_f000247.wav|en|True|7.680|unknown|VoXtream2|VoXtream|I noted that the window was simply a large pane of wireglass set in the wall for the purpose of admitting light in the daytime from the hall outside.|en_UK/by_book/female/elizabeth_klett/jane_eyre/wavs/jane_eyre_21_f000072.wav|0.1125
./fake/en/VoXtream2/northandsouth_20_f000106.wav|en_US/by_book/female/mary_ann/northandsouth/wavs/northandsouth_20_f000106.wav|en|True|8.480|unknown|VoXtream2|VoXtream|so as to make a long sweeping line from the summit, where the light caught on the glossy raven hair, to the smooth ivory tip of the shoulder|en_US/by_book/female/judy_bieber/ozma_of_oz/wavs/ozma_of_oz_18_f000053.wav|0.7588
./fake/en/VoXtream2/wives_and_daughters_60_f000257.wav|en_UK/by_book/female/elizabeth_klett/wives_and_daughters/wavs/wives_and_daughters_60_f000257.wav|en|True|8.480|unknown|VoXtream2|VoXtream|Oh, you dear little messenger of good news! There was one of the heathen deities in Mangnall's Questions whose office it was to bring news.|en_US/by_book/female/judy_bieber/emerald_city_of_oz/wavs/emerald_city_of_oz_23_f000028.wav|0.6748
./fake/en/VoXtream2/ozma_of_oz_13_f000003.wav|en_US/by_book/female/judy_bieber/ozma_of_oz/wavs/ozma_of_oz_13_f000003.wav|en|True|8.640|unknown|VoXtream2|VoXtream|In a moment the King returned to his throne and relighted his pipe, and the rest of the little band of adventurers settled themselves for another long wait.|en_UK/by_book/female/elizabeth_klett/jane_eyre/wavs/jane_eyre_21_f000463.wav|0.8165
./fake/en/VoXtream2/jane_eyre_23_f000158.wav|en_UK/by_book/female/elizabeth_klett/jane_eyre/wavs/jane_eyre_23_f000158.wav|en|True|3.520|unknown|VoXtream2|VoXtream|You play a farce, which I merely laugh at.|en_US/by_book/male/elliot_miller/pink_fairy_book/wavs/pink_fairy_book_25_f000062.wav|0.4382
./fake/en/VoXtream2/wives_and_daughters_52_f000180.wav|en_UK/by_book/female/elizabeth_klett/wives_and_daughters/wavs/wives_and_daughters_52_f000180.wav|en|True|4.960|unknown|VoXtream2|VoXtream|Indeed! I should not have fancied he had liked the engagement so much.|en_US/by_book/male/elliot_miller/pirates_of_ersatz/wavs/piratesofersatz_04_leinster_64kb_f000179.wav|0.7855
./fake/en/VoXtream2/emerald_city_of_oz_14_f000060.wav|en_US/by_book/female/judy_bieber/emerald_city_of_oz/wavs/emerald_city_of_oz_14_f000060.wav|en|True|13.760|unknown|VoXtream2|VoXtream|Then, lo and behold! the handkerchiefs became tiny tents, and as the travelers looked at them the tents grew bigger and bigger until in a few minutes each one was large enough to contain the entire party.|en_US/by_book/female/mary_ann/northandsouth/wavs/northandsouth_04_f000132.wav|0.8052
./fake/en/VoXtream2/wives_and_daughters_42_f000165.wav|en_UK/by_book/female/elizabeth_klett/wives_and_daughters/wavs/wives_and_daughters_42_f000165.wav|en|True|4.480|unknown|VoXtream2|VoXtream|but Missis Gibson was not one to notice slight shades or differences in manner.|en_US/by_book/male/elliot_miller/hunters_space/wavs/hunters_space_03_f000018.wav|0.6233
./fake/en/VoXtream2/jane_eyre_25_f000223.wav|en_UK/by_book/female/elizabeth_klett/jane_eyre/wavs/jane_eyre_25_f000223.wav|en|True|9.440|unknown|VoXtream2|VoXtream|The creature of an overstimulated brain that is certain. I must be careful of you, my treasure nerves like yours were not made for rough handling.|en_UK/by_book/female/elizabeth_klett/jane_eyre/wavs/jane_eyre_16_f000149.wav|0.7755
./fake/en/VoXtream2/northandsouth_46_f000103.wav|en_US/by_book/female/mary_ann/northandsouth/wavs/northandsouth_46_f000103.wav|en|True|2.880|unknown|VoXtream2|VoXtream|Perhaps so. I dont analyse my feelings.|en_US/by_book/male/elliot_miller/pirates_of_ersatz/wavs/piratesofersatz_04_leinster_64kb_f000147.wav|0.2903
./fake/en/VoXtream2/jane_eyre_07_f000076.wav|en_UK/by_book/female/elizabeth_klett/jane_eyre/wavs/jane_eyre_07_f000076.wav|en|True|13.520|unknown|VoXtream2|VoXtream|How is this? I looked over the regulations, and I find no such meal as lunch mentioned. Who introduced this innovation? and by what authority?|en_UK/by_book/female/elizabeth_klett/jane_eyre/wavs/jane_eyre_04_f000181.wav|0.6748
./fake/en/VoXtream2/northandsouth_08_f000110.wav|en_US/by_book/female/mary_ann/northandsouth/wavs/northandsouth_08_f000110.wav|en|True|2.640|unknown|VoXtream2|VoXtream|They even went the length of questioning her back again|en_US/by_book/female/mary_ann/midnight_passenger/wavs/midnight_passenger_13_f000283.wav|0.3611
./fake/en/VoXtream2/wives_and_daughters_53_f000130.wav|en_UK/by_book/female/elizabeth_klett/wives_and_daughters/wavs/wives_and_daughters_53_f000130.wav|en|True|6.720|unknown|VoXtream2|VoXtream|Suddenly, through this quiet, there came a ring at the frontdoor bell that sounded, and went on sounding,|en_US/by_book/female/mary_ann/northandsouth/wavs/northandsouth_23_f000064.wav|0.6854
./fake/en/VoXtream2/the_sea_fairies_17_f000059.wav|en_US/by_book/female/judy_bieber/the_sea_fairies/wavs/the_sea_fairies_17_f000059.wav|en|True|8.000|unknown|VoXtream2|VoXtream|A weapon, ma'am? said Captain Bill, and then he took a jackknife from his coat pocket and opened the big blade, afterward handing it to the queen.|en_UK/by_book/female/elizabeth_klett/wives_and_daughters/wavs/wives_and_daughters_09_f000133.wav|0.6997
./fake/en/VoXtream2/northandsouth_39_f000039.wav|en_US/by_book/female/mary_ann/northandsouth/wavs/northandsouth_39_f000039.wav|en|True|9.520|unknown|VoXtream2|VoXtream|But, to be sure, I may not see him he keeps out of our way evidently. That would be worse than all. And yet no wonder that he avoids me, believing what he must about me.|en_US/by_book/female/mary_ann/midnight_passenger/wavs/midnight_passenger_08_f000087.wav|0.7706
./fake/en/VoXtream2/wives_and_daughters_41_f000005.wav|en_UK/by_book/female/elizabeth_klett/wives_and_daughters/wavs/wives_and_daughters_41_f000005.wav|en|True|6.960|unknown|VoXtream2|VoXtream|Lady Harriet charming and devoted to her old governess, Lord Cumnor just like his dear usual hearty self|en_US/by_book/male/elliot_miller/pink_fairy_book/wavs/pink_fairy_book_05_f000015.wav|0.7421
./fake/en/VoXtream2/skyisland_14_baum_64kb_f000043.wav|en_US/by_book/female/judy_bieber/sky_island/wavs/skyisland_14_baum_64kb_f000043.wav|en|True|9.520|unknown|VoXtream2|VoXtream|Your folks ought to treat you with great respect, as Trot says. Oh no, responded Tourmaline quickly. That would indeed be very wrong.|en_US/by_book/male/elliot_miller/silent_bullet/wavs/silent_bullet_09_f000092.wav|0.6663
./fake/en/VoXtream2/wives_and_daughters_14_f000070.wav|en_UK/by_book/female/elizabeth_klett/wives_and_daughters/wavs/wives_and_daughters_14_f000070.wav|en|True|7.200|unknown|VoXtream2|VoXtream|I can talk to one of my father's labourers with pleasure, while with a man like that underbred fop I am all over thorns and nettles.|en_US/by_book/male/elliot_miller/pirates_of_ersatz/wavs/piratesofersatz_12_leinster_64kb_f000193.wav|0.6776
./fake/en/VoXtream2/poisoned_pen_05_f000078.wav|en_US/by_book/male/elliot_miller/poisoned_pen/wavs/poisoned_pen_05_f000078.wav|en|True|8.400|unknown|VoXtream2|VoXtream|But when we produced the London fingerprints which tallied with the New York fingerprints which we had made  believe it or not, but it is a fact,|en_US/by_book/female/judy_bieber/ozma_of_oz/wavs/ozma_of_oz_10_f000001.wav|0.7152
./fake/en/VoXtream2/northandsouth_06_f000052.wav|en_US/by_book/female/mary_ann/northandsouth/wavs/northandsouth_06_f000052.wav|en|True|10.800|unknown|VoXtream2|VoXtream|nigh at hand, but not seen, and catching ever, at his quick turns, glimpses of the lights of the city coming up out of the depths of the river.|en_US/by_book/female/mary_ann/northandsouth/wavs/northandsouth_41_f000199.wav|0.7075
./fake/en/VoXtream2/skyisland_02_baum_64kb_f000050.wav|en_US/by_book/female/judy_bieber/sky_island/wavs/skyisland_02_baum_64kb_f000050.wav|en|True|9.040|unknown|VoXtream2|VoXtream|I was awful scared at first, but I held on tight to the handle, and it didn't pull very much, either. I was going pretty fast,|en_US/by_book/female/mary_ann/midnight_passenger/wavs/midnight_passenger_14_f000180.wav|0.7534
./fake/en/VoXtream2/emerald_city_of_oz_23_f000068.wav|en_US/by_book/female/judy_bieber/emerald_city_of_oz/wavs/emerald_city_of_oz_23_f000068.wav|en|True|2.320|unknown|VoXtream2|VoXtream|I've been to his castle before.|en_UK/by_book/female/elizabeth_klett/wives_and_daughters/wavs/wives_and_daughters_09_f000002.wav|0.2083
./fake/en/VoXtream2/jane_eyre_37_f000439.wav|en_UK/by_book/female/elizabeth_klett/jane_eyre/wavs/jane_eyre_37_f000439.wav|en|True|4.640|unknown|VoXtream2|VoXtream|The coincidence struck me as too awful and inexplicable to be communicated or discussed.|en_US/by_book/male/elliot_miller/pirates_of_ersatz/wavs/piratesofersatz_03_leinster_64kb_f000162.wav|0.6489
./fake/en/VoXtream2/emerald_city_of_oz_16_f000092.wav|en_US/by_book/female/judy_bieber/emerald_city_of_oz/wavs/emerald_city_of_oz_16_f000092.wav|en|True|6.800|unknown|VoXtream2|VoXtream|It's all the same, declared the King. You are free you and your companions and may go wherever you like.|en_UK/by_book/female/elizabeth_klett/wives_and_daughters/wavs/wives_and_daughters_52_f000217.wav|0.2772
./fake/en/VoXtream2/midnight_passenger_04_f000051.wav|en_US/by_book/female/mary_ann/midnight_passenger/wavs/midnight_passenger_04_f000051.wav|en|True|5.920|unknown|VoXtream2|VoXtream|He has his old crime to cover up, his only daughter to shield, his vast plans to further.|en_US/by_book/female/judy_bieber/emerald_city_of_oz/wavs/emerald_city_of_oz_19_f000006.wav|0.6935
./fake/en/VoXtream2/ozma_of_oz_18_f000032.wav|en_US/by_book/female/judy_bieber/ozma_of_oz/wavs/ozma_of_oz_18_f000032.wav|en|True|11.280|unknown|VoXtream2|VoXtream|Sadly they returned to the throne room, where the King, seeing that they had met with failure, jeered at Dorothy, saying You do not know how to use my belt, so it is of no use to you.|en_UK/by_book/female/elizabeth_klett/wives_and_daughters/wavs/wives_and_daughters_01_f000071.wav|0.7697
./fake/en/VoXtream2/jane_eyre_28_f000018.wav|en_UK/by_book/female/elizabeth_klett/jane_eyre/wavs/jane_eyre_28_f000018.wav|en|True|6.480|unknown|VoXtream2|VoXtream|I have no relative but the universal mother, Nature I will seek her breast and ask repose.|en_US/by_book/female/mary_ann/midnight_passenger/wavs/midnight_passenger_13_f000102.wav|0.7343
./fake/en/VoXtream2/ozma_of_oz_01_f000033.wav|en_US/by_book/female/judy_bieber/ozma_of_oz/wavs/ozma_of_oz_01_f000033.wav|en|True|7.920|unknown|VoXtream2|VoXtream|Of course we'll have to stay in the cabin, she said to Uncle Henry and the other passengers, and keep as quiet as possible until the storm is over.|en_US/by_book/male/elliot_miller/poisoned_pen/wavs/poisoned_pen_10_f000317.wav|0.7222
./fake/en/VoXtream2/jane_eyre_19_f000023.wav|en_UK/by_book/female/elizabeth_klett/jane_eyre/wavs/jane_eyre_19_f000023.wav|en|True|1.360|unknown|VoXtream2|VoXtream|I am not sick.|en_US/by_book/male/elliot_miller/pink_fairy_book/wavs/pink_fairy_book_39_f000024.wav|-0.0525
./fake/en/VoXtream2/skyisland_07_baum_64kb_f000061.wav|en_US/by_book/female/judy_bieber/sky_island/wavs/skyisland_07_baum_64kb_f000061.wav|en|True|8.560|unknown|VoXtream2|VoXtream|Then when the Boolooroo or the Queen or any of the Snubnosed Princesses call for a drink, you can carry it to them and it will be sure to suit them.|en_UK/by_book/female/elizabeth_klett/jane_eyre/wavs/jane_eyre_10_f000110.wav|0.7089
./fake/en/VoXtream2/skyisland_26_baum_64kb_f000033.wav|en_US/by_book/female/judy_bieber/sky_island/wavs/skyisland_26_baum_64kb_f000033.wav|en|True|2.880|unknown|VoXtream2|VoXtream|having reigned more than his three hundred years.|en_US/by_book/male/elliot_miller/poisoned_pen/wavs/poisoned_pen_12_f000365.wav|0.2573
./fake/en/VoXtream2/piratesofersatz_09_leinster_64kb_f000101.wav|en_US/by_book/male/elliot_miller/pirates_of_ersatz/wavs/piratesofersatz_09_leinster_64kb_f000101.wav|en|True|7.200|unknown|VoXtream2|VoXtream|and he counted on them to make all his actions as benevolent to everybody concerned as his intentions had been, and were.|en_UK/by_book/female/elizabeth_klett/wives_and_daughters/wavs/wives_and_daughters_07_f000066.wav|0.6625
./fake/en/VoXtream2/jane_eyre_04_f000226.wav|en_UK/by_book/female/elizabeth_klett/jane_eyre/wavs/jane_eyre_04_f000226.wav|en|True|2.240|unknown|VoXtream2|VoXtream|How dare you affirm that, Jane Eyre?|en_US/by_book/male/elliot_miller/poisoned_pen/wavs/poisoned_pen_09_f000083.wav|0.6738
./fake/en/VoXtream2/wives_and_daughters_51_f000054.wav|en_UK/by_book/female/elizabeth_klett/wives_and_daughters/wavs/wives_and_daughters_51_f000054.wav|en|True|6.160|unknown|VoXtream2|VoXtream|Yes! but I love you better than Roger I've often told Molly so.|en_US/by_book/female/mary_ann/northandsouth/wavs/northandsouth_25_f000078.wav|0.7540
./fake/en/VoXtream2/poisoned_pen_12_f000365.wav|en_US/by_book/male/elliot_miller/poisoned_pen/wavs/poisoned_pen_12_f000365.wav|en|True|9.120|unknown|VoXtream2|VoXtream|If with an enlarging lantern the image of this faked picture is thrown on the paper like a lantern slide, and if the right hand side is a little further away than the left,|en_US/by_book/female/judy_bieber/the_master_key/wavs/the_master_key_07_f000011.wav|0.1322
./fake/en/VoXtream2/jane_eyre_21_f000463.wav|en_UK/by_book/female/elizabeth_klett/jane_eyre/wavs/jane_eyre_21_f000463.wav|en|True|10.000|unknown|VoXtream2|VoXtream|There was stretched Sarah Reed's once robust and active frame, rigid and still her eye of flint was covered with its cold lid|en_US/by_book/female/judy_bieber/sky_island/wavs/skyisland_06_baum_64kb_f000045.wav|0.6713
./fake/en/VoXtream2/piratesofersatz_02_leinster_64kb_f000005.wav|en_US/by_book/male/elliot_miller/pirates_of_ersatz/wavs/piratesofersatz_02_leinster_64kb_f000005.wav|en|True|3.760|unknown|VoXtream2|VoXtream|and the places where stunpistols had stung him soothed by ointments.|en_US/by_book/female/mary_ann/northandsouth/wavs/northandsouth_45_f000009.wav|0.7318
./fake/en/VoXtream2/wives_and_daughters_36_f000061.wav|en_UK/by_book/female/elizabeth_klett/wives_and_daughters/wavs/wives_and_daughters_36_f000061.wav|en|True|3.680|unknown|VoXtream2|VoXtream|and was excessively angry both with Cynthia and her mother|en_US/by_book/female/judy_bieber/dorothy_and_wizard_oz/wavs/dorothy_and_wizard_oz_16_f000071.wav|0.6590
./fake/en/VoXtream2/northandsouth_52_f000066.wav|en_US/by_book/female/mary_ann/northandsouth/wavs/northandsouth_52_f000066.wav|en|True|5.440|unknown|VoXtream2|VoXtream|No! Vanity you did not. You may have worn sister roses very probably.|en_US/by_book/male/elliot_miller/poisoned_pen/wavs/poisoned_pen_10_f000317.wav|0.7253
./fake/en/VoXtream2/jane_eyre_28_f000363.wav|en_UK/by_book/female/elizabeth_klett/jane_eyre/wavs/jane_eyre_28_f000363.wav|en|True|7.440|unknown|VoXtream2|VoXtream|If I were a masterless and stray dog, I know that you would not turn me from your hearth tonight as it is, I really have no fear.|en_US/by_book/female/judy_bieber/emerald_city_of_oz/wavs/emerald_city_of_oz_19_f000031.wav|0.8087
./fake/en/VoXtream2/dorothy_and_wizard_oz_02_f000056.wav|en_US/by_book/female/judy_bieber/dorothy_and_wizard_oz/wavs/dorothy_and_wizard_oz_02_f000056.wav|en|True|7.280|unknown|VoXtream2|VoXtream|These spires were like great spearpoints, and if they tumbled upon one of them they were likely to suffer serious injury.|en_US/by_book/female/mary_ann/northandsouth/wavs/northandsouth_50_f000095.wav|-0.0963
./fake/en/VoXtream2/the_master_key_12_f000053.wav|en_US/by_book/female/judy_bieber/the_master_key/wavs/the_master_key_12_f000053.wav|en|True|2.160|unknown|VoXtream2|VoXtream|The President bowed gravely.|en_US/by_book/female/mary_ann/northandsouth/wavs/northandsouth_08_f000080.wav|0.1195
./fake/en/VoXtream2/wives_and_daughters_24_f000049.wav|en_UK/by_book/female/elizabeth_klett/wives_and_daughters/wavs/wives_and_daughters_24_f000049.wav|en|True|4.640|unknown|VoXtream2|VoXtream|I quite agree with you, mamma, said Cynthia, turning round to take Molly's hand.|en_UK/by_book/female/elizabeth_klett/wives_and_daughters/wavs/wives_and_daughters_43_f000088.wav|0.7094
./fake/en/VoXtream2/wives_and_daughters_32_f000135.wav|en_UK/by_book/female/elizabeth_klett/wives_and_daughters/wavs/wives_and_daughters_32_f000135.wav|en|True|6.400|unknown|VoXtream2|VoXtream|I am sure, Molly, my love, you could never have so misunderstood me it is only on Lady Harriet's account.|en_UK/by_book/female/elizabeth_klett/jane_eyre/wavs/jane_eyre_02_f000023.wav|0.6465
./fake/en/VoXtream2/poisoned_pen_01_f000174.wav|en_US/by_book/male/elliot_miller/poisoned_pen/wavs/poisoned_pen_01_f000174.wav|en|True|4.480|unknown|VoXtream2|VoXtream|by a notorious firm of Shyster lawyers, Kerr  Kimmel.|en_UK/by_book/female/elizabeth_klett/jane_eyre/wavs/jane_eyre_24_f000022.wav|0.0853
./fake/en/VoXtream2/wives_and_daughters_03_f000016.wav|en_UK/by_book/female/elizabeth_klett/wives_and_daughters/wavs/wives_and_daughters_03_f000016.wav|en|True|7.120|unknown|VoXtream2|VoXtream|and just when the elderly maiden ladies of Hollingford thought that they had convinced their contemporary that he was as young as ever,|en_UK/by_book/female/elizabeth_klett/jane_eyre/wavs/jane_eyre_12_f000020.wav|0.7789
./fake/en/VoXtream2/jane_eyre_11_f000150.wav|en_UK/by_book/female/elizabeth_klett/jane_eyre/wavs/jane_eyre_11_f000150.wav|en|True|8.720|unknown|VoXtream2|VoXtream|A little hamlet, whose roofs were blent with trees, straggled up the side of one of these hills the church of the district stood nearer Thornfield|en_UK/by_book/female/elizabeth_klett/jane_eyre/wavs/jane_eyre_17_f000002.wav|0.0911
./fake/en/VoXtream2/jane_eyre_10_f000069.wav|en_UK/by_book/female/elizabeth_klett/jane_eyre/wavs/jane_eyre_10_f000069.wav|en|True|12.880|unknown|VoXtream2|VoXtream|A new servitude! There is something in that, I soliloquised mentally, be it understood I did not talk aloud, I know there is, because it does not sound too sweet|en_US/by_book/female/mary_ann/midnight_passenger/wavs/midnight_passenger_04_f000276.wav|0.7805
./fake/en/VoXtream2/wives_and_daughters_17_f000116.wav|en_UK/by_book/female/elizabeth_klett/wives_and_daughters/wavs/wives_and_daughters_17_f000116.wav|en|True|3.040|unknown|VoXtream2|VoXtream|Nicholls, the great physician of the county.|en_US/by_book/female/judy_bieber/the_master_key/wavs/the_master_key_20_f000066.wav|0.5622
./fake/en/VoXtream2/emerald_city_of_oz_16_f000065.wav|en_US/by_book/female/judy_bieber/emerald_city_of_oz/wavs/emerald_city_of_oz_16_f000065.wav|en|True|2.640|unknown|VoXtream2|VoXtream|But you give me no reasons for your demands.|en_US/by_book/male/elliot_miller/poisoned_pen/wavs/poisoned_pen_12_f000106.wav|0.3557
./fake/en/VoXtream2/hunters_space_18_f000003.wav|en_US/by_book/male/elliot_miller/hunters_space/wavs/hunters_space_18_f000003.wav|en|True|7.680|unknown|VoXtream2|VoXtream|All this happened while Grim Hagen was rushing toward Odin and Maya. A thin trickle of blood was flowing down the corner of Hagen's mouth.|en_UK/by_book/female/elizabeth_klett/wives_and_daughters/wavs/wives_and_daughters_05_f000188.wav|0.7097
./fake/en/VoXtream2/poisoned_pen_05_f000344.wav|en_US/by_book/male/elliot_miller/poisoned_pen/wavs/poisoned_pen_05_f000344.wav|en|True|5.200|unknown|VoXtream2|VoXtream|and his hands deep in his pockets, and a half amused look on his face.|en_US/by_book/female/mary_ann/northandsouth/wavs/northandsouth_42_f000116.wav|0.8144
./fake/en/VoXtream2/silent_bullet_05_f000283.wav|en_US/by_book/male/elliot_miller/silent_bullet/wavs/silent_bullet_05_f000283.wav|en|True|7.520|unknown|VoXtream2|VoXtream|Originally this device was invented for the aid of the deaf, but I see no reason why it should not be used to aid the law.|en_US/by_book/female/mary_ann/northandsouth/wavs/northandsouth_21_f000121.wav|0.6799
./fake/en/VoXtream2/poisoned_pen_10_f000127.wav|en_US/by_book/male/elliot_miller/poisoned_pen/wavs/poisoned_pen_10_f000127.wav|en|True|8.960|unknown|VoXtream2|VoXtream|It was not a revenue cutter, however, on which we were ploughing down the bay. The cutter lay, white and gleaming in the morning sun, at anchor off Stapleton,|en_US/by_book/male/elliot_miller/poisoned_pen/wavs/poisoned_pen_11_f000385.wav|0.8049
./fake/en/VoXtream2/wives_and_daughters_12_f000153.wav|en_UK/by_book/female/elizabeth_klett/wives_and_daughters/wavs/wives_and_daughters_12_f000153.wav|en|True|5.120|unknown|VoXtream2|VoXtream|Besides, I want to ask you if you will let Molly come and stay with you till after my marriage?|en_UK/by_book/female/elizabeth_klett/wives_and_daughters/wavs/wives_and_daughters_39_f000149.wav|0.8021
./fake/en/VoXtream2/skyisland_12_baum_64kb_f000018.wav|en_US/by_book/female/judy_bieber/sky_island/wavs/skyisland_12_baum_64kb_f000018.wav|en|True|6.720|unknown|VoXtream2|VoXtream|I'm a fishpond, I'm a well I'm a clam without a shell! Can't you dry up? asked captain Bill.|en_US/by_book/male/elliot_miller/silent_bullet/wavs/silent_bullet_09_f000121.wav|0.6013
./fake/en/VoXtream2/the_sea_fairies_03_f000064.wav|en_US/by_book/female/judy_bieber/the_sea_fairies/wavs/the_sea_fairies_03_f000064.wav|en|True|8.640|unknown|VoXtream2|VoXtream|Now and then a dark form would shoot across their pathway or pass them at some distance, but none was near enough for the girl to see plainly what it might be.|en_US/by_book/female/judy_bieber/emerald_city_of_oz/wavs/emerald_city_of_oz_18_f000034.wav|0.7303
./fake/en/VoXtream2/northandsouth_46_f000309.wav|en_US/by_book/female/mary_ann/northandsouth/wavs/northandsouth_46_f000309.wav|en|True|6.320|unknown|VoXtream2|VoXtream|because I felt that for papas sake I should not like to lose his respect, though we may never be likely to meet again?|en_UK/by_book/female/elizabeth_klett/wives_and_daughters/wavs/wives_and_daughters_56_f000094.wav|0.6451
./fake/en/VoXtream2/midnight_passenger_15_f000055.wav|en_US/by_book/female/mary_ann/midnight_passenger/wavs/midnight_passenger_15_f000055.wav|en|True|7.360|unknown|VoXtream2|VoXtream|He easily learned that from the boy's braggadocio talk, and then used the whole circle as a means to entrap Clayton.|en_US/by_book/male/elliot_miller/silent_bullet/wavs/silent_bullet_02_f000291.wav|0.1072
./fake/en/VoXtream2/midnight_passenger_07_f000002.wav|en_US/by_book/female/mary_ann/midnight_passenger/wavs/midnight_passenger_07_f000002.wav|en|True|8.720|unknown|VoXtream2|VoXtream|There was an air of supreme content upon the usually impassive face of Arthur Ferris when he hung the receiver of the public telephone up upon its hook,|en_US/by_book/male/elliot_miller/silent_bullet/wavs/silent_bullet_06_f000341.wav|0.6647
./fake/en/VoXtream2/wives_and_daughters_43_f000061.wav|en_UK/by_book/female/elizabeth_klett/wives_and_daughters/wavs/wives_and_daughters_43_f000061.wav|en|True|3.280|unknown|VoXtream2|VoXtream|We might not say we were poor, it would have injured the school|en_UK/by_book/female/elizabeth_klett/jane_eyre/wavs/jane_eyre_05_f000161.wav|0.3890
./fake/en/VoXtream2/the_sea_fairies_07_f000069.wav|en_US/by_book/female/judy_bieber/the_sea_fairies/wavs/the_sea_fairies_07_f000069.wav|en|True|10.720|unknown|VoXtream2|VoXtream|At this command every crab began scraping at his fiddle as hard as he could, and the sounds were so shrill and unmusical that Trot wondered when they would begin to play a tune.|en_US/by_book/female/judy_bieber/emerald_city_of_oz/wavs/emerald_city_of_oz_17_f000001.wav|0.7925
./fake/en/VoXtream2/jane_eyre_20_f000058.wav|en_UK/by_book/female/elizabeth_klett/jane_eyre/wavs/jane_eyre_20_f000058.wav|en|True|2.000|unknown|VoXtream2|VoXtream|Yes.|en_UK/by_book/female/elizabeth_klett/wives_and_daughters/wavs/wives_and_daughters_60_f000164.wav|-0.1012
./fake/en/VoXtream2/rinkitink_baum_06_64kb_f000007.wav|en_US/by_book/female/judy_bieber/rinkitink_in_oz/wavs/rinkitink_baum_06_64kb_f000007.wav|en|True|9.040|unknown|VoXtream2|VoXtream|Inga stood for some moments gazing upon the handsome craft and wondering where it could have come from. Certainly it was unlike any boat he had ever seen.|en_US/by_book/male/elliot_miller/pink_fairy_book/wavs/pink_fairy_book_14_f000097.wav|0.6452
./fake/en/VoXtream2/wives_and_daughters_11_f000123.wav|en_UK/by_book/female/elizabeth_klett/wives_and_daughters/wavs/wives_and_daughters_11_f000123.wav|en|True|3.520|unknown|VoXtream2|VoXtream|Papa is very fond of it, persevered Molly.|en_US/by_book/male/elliot_miller/poisoned_pen/wavs/poisoned_pen_04_f000324.wav|0.4922
./fake/en/VoXtream2/pink_fairy_book_14_f000092.wav|en_US/by_book/male/elliot_miller/pink_fairy_book/wavs/pink_fairy_book_14_f000092.wav|en|True|7.440|unknown|VoXtream2|VoXtream|All at once they began to hurry the last cart was loaded, and they whipped up their horses, so as to be the first to arrive home.|en_UK/by_book/female/elizabeth_klett/wives_and_daughters/wavs/wives_and_daughters_60_f000122.wav|0.6744
./fake/en/VoXtream2/piratesofersatz_12_leinster_64kb_f000216.wav|en_US/by_book/male/elliot_miller/pirates_of_ersatz/wavs/piratesofersatz_12_leinster_64kb_f000216.wav|en|True|4.240|unknown|VoXtream2|VoXtream|Nor I, said Fani. What type would you say I was?|en_US/by_book/female/mary_ann/northandsouth/wavs/northandsouth_01_f000144.wav|0.1697
./fake/en/VoXtream2/wives_and_daughters_08_f000265.wav|en_UK/by_book/female/elizabeth_klett/wives_and_daughters/wavs/wives_and_daughters_08_f000265.wav|en|True|5.200|unknown|VoXtream2|VoXtream|So it is you're always right, my dear. Preston's a clever, sharp fellow.|en_US/by_book/female/judy_bieber/the_sea_fairies/wavs/the_sea_fairies_17_f000158.wav|0.6595
./fake/en/VoXtream2/jane_eyre_03_f000085.wav|en_UK/by_book/female/elizabeth_klett/jane_eyre/wavs/jane_eyre_03_f000085.wav|en|True|2.880|unknown|VoXtream2|VoXtream|Comfort and hope to the poor orphan child.|en_US/by_book/male/elliot_miller/silent_bullet/wavs/silent_bullet_12_f000067.wav|0.3581
./fake/en/VoXtream2/midnight_passenger_14_f000190.wav|en_US/by_book/female/mary_ann/midnight_passenger/wavs/midnight_passenger_14_f000190.wav|en|True|8.240|unknown|VoXtream2|VoXtream|Neither man knew of the singer's fear lest an Austrian dungeon might open its iron cells to her, should Braun be discovered to be the fugitive Hugo Landor.|en_US/by_book/male/elliot_miller/hunters_space/wavs/hunters_space_19_f000027.wav|0.6661
./fake/en/VoXtream2/poisoned_pen_04_f000074.wav|en_US/by_book/male/elliot_miller/poisoned_pen/wavs/poisoned_pen_04_f000074.wav|en|True|4.480|unknown|VoXtream2|VoXtream|does it for the mere fun of it and the ready money in it.|en_US/by_book/female/mary_ann/midnight_passenger/wavs/midnight_passenger_11_f000199.wav|0.6102
./fake/en/VoXtream2/midnight_passenger_03_f000185.wav|en_US/by_book/female/mary_ann/midnight_passenger/wavs/midnight_passenger_03_f000185.wav|en|True|12.800|unknown|VoXtream2|VoXtream|Few of the neighboring shopkeepers dated back to the time, long years ago, when the real Magdal ran upon the breakers of bankruptcy and disappeared in the eternal smash of a final pecuniary ruin.|en_US/by_book/female/judy_bieber/sky_island/wavs/skyisland_30_baum_64kb_f000020.wav|0.7561
./fake/en/VoXtream2/wives_and_daughters_33_f000108.wav|en_UK/by_book/female/elizabeth_klett/wives_and_daughters/wavs/wives_and_daughters_33_f000108.wav|en|True|4.560|unknown|VoXtream2|VoXtream|Well, then, tell him not to come near us. I shall be sorry, but you will be safe.|en_US/by_book/female/mary_ann/midnight_passenger/wavs/midnight_passenger_07_f000236.wav|0.7341
./fake/en/VoXtream2/ozma_of_oz_07_f000010.wav|en_US/by_book/female/judy_bieber/ozma_of_oz/wavs/ozma_of_oz_07_f000010.wav|en|True|5.920|unknown|VoXtream2|VoXtream|It was this desert, she thought, with much interest, that alone separated her from the wonderful Land of Oz,|en_UK/by_book/female/elizabeth_klett/jane_eyre/wavs/jane_eyre_08_f000129.wav|0.7116
./fake/en/VoXtream2/jane_eyre_27_f000242.wav|en_UK/by_book/female/elizabeth_klett/jane_eyre/wavs/jane_eyre_27_f000242.wav|en|True|4.640|unknown|VoXtream2|VoXtream|moreover, I knew that while she lived I could never be the husband of another and better wife|en_US/by_book/female/mary_ann/midnight_passenger/wavs/midnight_passenger_02_f000062.wav|0.0502
./fake/en/VoXtream2/the_sea_fairies_15_f000060.wav|en_US/by_book/female/judy_bieber/the_sea_fairies/wavs/the_sea_fairies_15_f000060.wav|en|True|8.960|unknown|VoXtream2|VoXtream|Tom Atto at once bowed and retired, and when they were done, Captain Bill said to the queen, Do you think, ma'am, we can manage to escape from Zog and his castle?|en_UK/by_book/female/elizabeth_klett/wives_and_daughters/wavs/wives_and_daughters_17_f000008.wav|0.6938
./fake/en/VoXtream2/wives_and_daughters_41_f000095.wav|en_UK/by_book/female/elizabeth_klett/wives_and_daughters/wavs/wives_and_daughters_41_f000095.wav|en|True|5.760|unknown|VoXtream2|VoXtream|All this Molly noticed, as well as Cynthia's flush of colour as she read what was thus pointed out to her.|en_US/by_book/female/judy_bieber/sky_island/wavs/skyisland_12_baum_64kb_f000045.wav|0.5610
./fake/en/VoXtream2/the_sea_fairies_13_f000040.wav|en_US/by_book/female/judy_bieber/the_sea_fairies/wavs/the_sea_fairies_13_f000040.wav|en|True|2.080|unknown|VoXtream2|VoXtream|he added, smiling sweetly.|en_UK/by_book/female/elizabeth_klett/wives_and_daughters/wavs/wives_and_daughters_52_f000059.wav|0.1488
./fake/en/VoXtream2/midnight_passenger_01_f000123.wav|en_US/by_book/female/mary_ann/midnight_passenger/wavs/midnight_passenger_01_f000123.wav|en|True|4.560|unknown|VoXtream2|VoXtream|I've just had a wire from Worthington, seriously replied his roommate.|en_US/by_book/female/mary_ann/northandsouth/wavs/northandsouth_46_f000357.wav|0.7715
./fake/en/VoXtream2/the_master_key_08_f000074.wav|en_US/by_book/female/judy_bieber/the_master_key/wavs/the_master_key_08_f000074.wav|en|True|0.960|unknown|VoXtream2|VoXtream|Certainly.|en_US/by_book/female/judy_bieber/dorothy_and_wizard_oz/wavs/dorothy_and_wizard_oz_13_f000055.wav|0.0220
./fake/en/VoXtream2/piratesofersatz_04_leinster_64kb_f000079.wav|en_US/by_book/male/elliot_miller/pirates_of_ersatz/wavs/piratesofersatz_04_leinster_64kb_f000079.wav|en|True|10.800|unknown|VoXtream2|VoXtream|He followed a singularly silent Thal through a long stone corridor and up stone steps until they came to a monstrous hall with torches in holders on the side walls.|en_US/by_book/female/judy_bieber/ozma_of_oz/wavs/ozma_of_oz_16_f000010.wav|0.7971
./fake/en/VoXtream2/ozma_of_oz_08_f000058.wav|en_US/by_book/female/judy_bieber/ozma_of_oz/wavs/ozma_of_oz_08_f000058.wav|en|True|5.280|unknown|VoXtream2|VoXtream|Very well, Billina, said Dorothy. We won't talk about it any more.|en_US/by_book/male/elliot_miller/poisoned_pen/wavs/poisoned_pen_01_f000099.wav|0.6284
./fake/en/VoXtream2/wives_and_daughters_26_f000178.wav|en_UK/by_book/female/elizabeth_klett/wives_and_daughters/wavs/wives_and_daughters_26_f000178.wav|en|True|3.200|unknown|VoXtream2|VoXtream|I was at some pains in selecting the flowers at Green's|en_UK/by_book/female/elizabeth_klett/wives_and_daughters/wavs/wives_and_daughters_03_f000093.wav|0.4723
./fake/en/VoXtream2/wives_and_daughters_11_f000226.wav|en_UK/by_book/female/elizabeth_klett/wives_and_daughters/wavs/wives_and_daughters_11_f000226.wav|en|True|6.720|unknown|VoXtream2|VoXtream|and when Missis Kirkpatrick would persevere in referring to such things as had a bearing on the future relationship of the parties,|en_UK/by_book/female/elizabeth_klett/wives_and_daughters/wavs/wives_and_daughters_11_f000142.wav|0.0587
./fake/en/VoXtream2/northandsouth_13_f000083.wav|en_US/by_book/female/mary_ann/northandsouth/wavs/northandsouth_13_f000083.wav|en|True|6.400|unknown|VoXtream2|VoXtream|So between masters and men the wheels fall through. I know I wish thered been a wheel in our place, though.|en_US/by_book/female/judy_bieber/dorothy_and_wizard_oz/wavs/dorothy_and_wizard_oz_17_f000053.wav|0.7874
./fake/en/VoXtream2/dorothy_and_wizard_oz_15_f000054.wav|en_US/by_book/female/judy_bieber/dorothy_and_wizard_oz/wavs/dorothy_and_wizard_oz_15_f000054.wav|en|True|8.960|unknown|VoXtream2|VoXtream|Throwing my voice into any object I pleased, to make it appear that the object was speaking instead of me. Also I began to make balloon ascensions.|en_US/by_book/female/judy_bieber/the_sea_fairies/wavs/the_sea_fairies_13_f000075.wav|0.0362
./fake/en/VoXtream2/jane_eyre_22_f000091.wav|en_UK/by_book/female/elizabeth_klett/jane_eyre/wavs/jane_eyre_22_f000091.wav|en|True|3.280|unknown|VoXtream2|VoXtream|and tells me so when she meets me alone here in the gloaming!|en_US/by_book/female/judy_bieber/emerald_city_of_oz/wavs/emerald_city_of_oz_28_f000002.wav|0.5028
./fake/en/VoXtream2/jane_eyre_24_f000357.wav|en_UK/by_book/female/elizabeth_klett/jane_eyre/wavs/jane_eyre_24_f000357.wav|en|True|9.760|unknown|VoXtream2|VoXtream|and saying, I wish you goodnight, sir, in my natural and wonted respectful manner, I slipped out by the sidedoor and got away.|en_US/by_book/male/elliot_miller/pirates_of_ersatz/wavs/piratesofersatz_04_leinster_64kb_f000043.wav|0.2249
./fake/en/VoXtream2/wives_and_daughters_49_f000018.wav|en_UK/by_book/female/elizabeth_klett/wives_and_daughters/wavs/wives_and_daughters_49_f000018.wav|en|True|3.200|unknown|VoXtream2|VoXtream|and enter a supercilious protest afterwards.|en_UK/by_book/female/elizabeth_klett/jane_eyre/wavs/jane_eyre_16_f000189.wav|0.4298
./fake/en/VoXtream2/dorothy_and_wizard_oz_15_f000090.wav|en_US/by_book/female/judy_bieber/dorothy_and_wizard_oz/wavs/dorothy_and_wizard_oz_15_f000090.wav|en|True|9.200|unknown|VoXtream2|VoXtream|He shall amuse us with his tricks tomorrow, said the Princess. I have sent messengers to summon all of Dorothy's old friends to meet her and give her welcome,|en_UK/by_book/female/elizabeth_klett/jane_eyre/wavs/jane_eyre_34_f000476.wav|0.0861
./fake/en/VoXtream2/midnight_passenger_03_f000033.wav|en_US/by_book/female/mary_ann/midnight_passenger/wavs/midnight_passenger_03_f000033.wav|en|True|9.040|unknown|VoXtream2|VoXtream|I will circumvent his spies, and then await my own hour of triumph. It will be a fight to the finish and no quarter asked or given. I swear it!|en_UK/by_book/female/elizabeth_klett/wives_and_daughters/wavs/wives_and_daughters_18_f000170.wav|0.8150
./fake/en/VoXtream2/silent_bullet_04_f000105.wav|en_US/by_book/male/elliot_miller/silent_bullet/wavs/silent_bullet_04_f000105.wav|en|True|3.280|unknown|VoXtream2|VoXtream|Certainly. You may look it over in a moment.|en_UK/by_book/female/elizabeth_klett/wives_and_daughters/wavs/wives_and_daughters_10_f000094.wav|0.3116
./fake/en/VoXtream2/northandsouth_23_f000042.wav|en_US/by_book/female/mary_ann/northandsouth/wavs/northandsouth_23_f000042.wav|en|True|7.040|unknown|VoXtream2|VoXtream|Their eyes met they looked at each other intently for a minute. Then she asked|en_US/by_book/female/mary_ann/northandsouth/wavs/northandsouth_41_f000169.wav|0.4580
./fake/en/VoXtream2/skyisland_28_baum_64kb_f000032.wav|en_US/by_book/female/judy_bieber/sky_island/wavs/skyisland_28_baum_64kb_f000032.wav|en|True|5.040|unknown|VoXtream2|VoXtream|until Trot wondered whether her old friend had gone crazy or was only badly scared.|en_US/by_book/female/mary_ann/northandsouth/wavs/northandsouth_16_f000050.wav|0.7827
./fake/en/VoXtream2/rinkitink_baum_01_64kb_f000088.wav|en_US/by_book/female/judy_bieber/rinkitink_in_oz/wavs/rinkitink_baum_01_64kb_f000088.wav|en|True|7.200|unknown|VoXtream2|VoXtream|I crave your pardon, dear father, said the Prince, for clearly I heard the pearl speak, and its words were full of wisdom.|en_US/by_book/female/mary_ann/northandsouth/wavs/northandsouth_14_f000053.wav|0.7138
./fake/en/VoXtream2/northandsouth_48_f000064.wav|en_US/by_book/female/mary_ann/northandsouth/wavs/northandsouth_48_f000064.wav|en|True|3.680|unknown|VoXtream2|VoXtream|and ended by being Ediths slave for the rest of the day|en_UK/by_book/female/elizabeth_klett/jane_eyre/wavs/jane_eyre_25_f000072.wav|0.1728
./fake/en/VoXtream2/ozma_of_oz_02_f000095.wav|en_US/by_book/female/judy_bieber/ozma_of_oz/wavs/ozma_of_oz_02_f000095.wav|en|True|13.440|unknown|VoXtream2|VoXtream|This made Dorothy thoughtful. What Billina said was true enough, and it almost took away her appetite for breakfast. As for the yellow hen, she continued to peck away at the sand busily,|en_US/by_book/female/mary_ann/northandsouth/wavs/northandsouth_52_f000020.wav|0.8486
./fake/en/VoXtream2/midnight_passenger_11_f000203.wav|en_US/by_book/female/mary_ann/midnight_passenger/wavs/midnight_passenger_11_f000203.wav|en|True|5.840|unknown|VoXtream2|VoXtream|And, the future? whispered Ferris. Our lives are bound together.|en_US/by_book/female/judy_bieber/the_sea_fairies/wavs/the_sea_fairies_18_f000025.wav|0.8131
./fake/en/VoXtream2/the_master_key_09_f000003.wav|en_US/by_book/female/judy_bieber/the_master_key/wavs/the_master_key_09_f000003.wav|en|True|5.120|unknown|VoXtream2|VoXtream|By this time you will have gained a fair idea of Rob's character.|en_US/by_book/female/judy_bieber/the_sea_fairies/wavs/the_sea_fairies_07_f000025.wav|0.0673
./fake/en/VoXtream2/jane_eyre_27_f000316.wav|en_UK/by_book/female/elizabeth_klett/jane_eyre/wavs/jane_eyre_27_f000316.wav|en|True|1.280|unknown|VoXtream2|VoXtream|and what she said.|en_UK/by_book/female/elizabeth_klett/wives_and_daughters/wavs/wives_and_daughters_38_f000042.wav|-0.0316
./fake/en/VoXtream2/midnight_passenger_06_f000203.wav|en_US/by_book/female/mary_ann/midnight_passenger/wavs/midnight_passenger_06_f000203.wav|en|True|8.000|unknown|VoXtream2|VoXtream|I fancied that Wade was dealing directly with Hugh, himself, by the tone of the Chief's letters and the telegrams which I have received.|en_US/by_book/female/mary_ann/northandsouth/wavs/northandsouth_23_f000120.wav|0.8396
./fake/en/VoXtream2/wives_and_daughters_20_f000157.wav|en_UK/by_book/female/elizabeth_klett/wives_and_daughters/wavs/wives_and_daughters_20_f000157.wav|en|True|10.880|unknown|VoXtream2|VoXtream|I perfectly understand what you were thinking of, mamma, said Cynthia, with the greatest composure and so does Molly, I have no doubt.|en_US/by_book/female/mary_ann/midnight_passenger/wavs/midnight_passenger_03_f000196.wav|0.8084
./fake/en/VoXtream2/midnight_passenger_03_f000171.wav|en_US/by_book/female/mary_ann/midnight_passenger/wavs/midnight_passenger_03_f000171.wav|en|True|6.640|unknown|VoXtream2|VoXtream|picked up the StaatsZeitung, and lit a cheroot, while he waited for the advance guard of the afternoon customers.|en_US/by_book/female/judy_bieber/ozma_of_oz/wavs/ozma_of_oz_08_f000035.wav|0.7220
./fake/en/VoXtream2/jane_eyre_38_f000041.wav|en_UK/by_book/female/elizabeth_klett/jane_eyre/wavs/jane_eyre_38_f000041.wav|en|True|7.200|unknown|VoXtream2|VoXtream|By her grateful attention to me and mine, she has long since well repaid any little kindness I ever had it in my power to offer her.|en_UK/by_book/female/elizabeth_klett/wives_and_daughters/wavs/wives_and_daughters_60_f000307.wav|0.7290
./fake/en/VoXtream2/wives_and_daughters_60_f000329.wav|en_UK/by_book/female/elizabeth_klett/wives_and_daughters/wavs/wives_and_daughters_60_f000329.wav|en|True|2.320|unknown|VoXtream2|VoXtream|and not with those which rot without it.|en_US/by_book/male/elliot_miller/pink_fairy_book/wavs/pink_fairy_book_13_f000113.wav|0.0316
./fake/en/VoXtream2/jane_eyre_24_f000015.wav|en_UK/by_book/female/elizabeth_klett/jane_eyre/wavs/jane_eyre_24_f000015.wav|en|True|3.280|unknown|VoXtream2|VoXtream|good or bad, they must partake of my jubilee.|en_UK/by_book/female/elizabeth_klett/wives_and_daughters/wavs/wives_and_daughters_04_f000161.wav|0.5835
./fake/en/VoXtream2/wives_and_daughters_44_f000059.wav|en_UK/by_book/female/elizabeth_klett/wives_and_daughters/wavs/wives_and_daughters_44_f000059.wav|en|True|11.360|unknown|VoXtream2|VoXtream|hating the errand, not satisfied with Cynthia's manner of speaking about her relations to Roger, oppressed with shame and complicity in conduct which appeared to her deceitful,|en_US/by_book/male/elliot_miller/pink_fairy_book/wavs/pink_fairy_book_18_f000060.wav|0.4500
./fake/en/VoXtream2/northandsouth_17_f000148.wav|en_US/by_book/female/mary_ann/northandsouth/wavs/northandsouth_17_f000148.wav|en|True|6.960|unknown|VoXtream2|VoXtream|Yes. I came here very sad, and rather too apt to think my own cause for grief was the only one in the world.|en_US/by_book/female/mary_ann/northandsouth/wavs/northandsouth_36_f000183.wav|0.7136
./fake/en/VoXtream2/dorothy_and_wizard_oz_04_f000004.wav|en_US/by_book/female/judy_bieber/dorothy_and_wizard_oz/wavs/dorothy_and_wizard_oz_04_f000004.wav|en|True|6.560|unknown|VoXtream2|VoXtream|the man with the star ordered some of his people to carry the two halves of the Sorcerer to the public gardens.|en_UK/by_book/female/elizabeth_klett/jane_eyre/wavs/jane_eyre_30_f000166.wav|0.5920
./fake/en/VoXtream2/jane_eyre_20_f000229.wav|en_UK/by_book/female/elizabeth_klett/jane_eyre/wavs/jane_eyre_20_f000229.wav|en|True|6.640|unknown|VoXtream2|VoXtream|Yet would to God there was an end of all this! added Mister Rochester, as he closed and barred the heavy yardgates.|en_UK/by_book/female/elizabeth_klett/jane_eyre/wavs/jane_eyre_33_f000237.wav|0.6243
./fake/en/VoXtream2/wives_and_daughters_03_f000123.wav|en_UK/by_book/female/elizabeth_klett/wives_and_daughters/wavs/wives_and_daughters_03_f000123.wav|en|True|8.640|unknown|VoXtream2|VoXtream|She took up her position as censor of all Miss Eyre's sayings and doings from the very first, and did not for a moment condescend to conceal her disapprobation.|en_UK/by_book/female/elizabeth_klett/jane_eyre/wavs/jane_eyre_04_f000273.wav|0.6488
./fake/en/VoXtream2/midnight_passenger_10_f000218.wav|en_US/by_book/female/mary_ann/midnight_passenger/wavs/midnight_passenger_10_f000218.wav|en|True|6.640|unknown|VoXtream2|VoXtream|But do not cross her wishes. You cannot spring this marriage on the public without endangering all our interests.|en_US/by_book/female/judy_bieber/the_sea_fairies/wavs/the_sea_fairies_12_f000040.wav|0.8544
./fake/en/VoXtream2/northandsouth_12_f000032.wav|en_US/by_book/female/mary_ann/northandsouth/wavs/northandsouth_12_f000032.wav|en|True|6.400|unknown|VoXtream2|VoXtream|She never called her son by any name but John love, and dear, and such like terms, were reserved for Fanny.|en_US/by_book/male/elliot_miller/silent_bullet/wavs/silent_bullet_09_f000121.wav|0.6441
./fake/en/VoXtream2/piratesofersatz_12_leinster_64kb_f000096.wav|en_US/by_book/male/elliot_miller/pirates_of_ersatz/wavs/piratesofersatz_12_leinster_64kb_f000096.wav|en|True|7.840|unknown|VoXtream2|VoXtream|I always like to talk to people, he observed, when they're worryin' about what I'm likely to do to them, instead of what maybe they can do to me.|en_US/by_book/female/mary_ann/midnight_passenger/wavs/midnight_passenger_07_f000142.wav|0.7458
./fake/en/VoXtream2/northandsouth_20_f000093.wav|en_US/by_book/female/mary_ann/northandsouth/wavs/northandsouth_20_f000093.wav|en|True|5.280|unknown|VoXtream2|VoXtream|The expression on her face, always stern, deepened into dark anger, as she said this.|en_US/by_book/female/mary_ann/midnight_passenger/wavs/midnight_passenger_13_f000261.wav|0.1545
./fake/en/VoXtream2/jane_eyre_37_f000448.wav|en_UK/by_book/female/elizabeth_klett/jane_eyre/wavs/jane_eyre_37_f000448.wav|en|True|6.800|unknown|VoXtream2|VoXtream|I humbly entreat my Redeemer to give me strength to lead henceforth a purer life than I have done hitherto!|en_US/by_book/female/judy_bieber/dorothy_and_wizard_oz/wavs/dorothy_and_wizard_oz_06_f000076.wav|0.7492
./fake/en/VoXtream2/poisoned_pen_12_f000236.wav|en_US/by_book/male/elliot_miller/poisoned_pen/wavs/poisoned_pen_12_f000236.wav|en|True|10.320|unknown|VoXtream2|VoXtream|You will direct Bennett to make the best terms he can with Hanford when he comes up tomorrow. Have him arrange the details of payment and then rush the best copies of the photographs to me.|en_US/by_book/female/judy_bieber/the_sea_fairies/wavs/the_sea_fairies_14_f000055.wav|0.4623
./fake/en/VoXtream2/piratesofersatz_02_leinster_64kb_f000134.wav|en_US/by_book/male/elliot_miller/pirates_of_ersatz/wavs/piratesofersatz_02_leinster_64kb_f000134.wav|en|True|3.760|unknown|VoXtream2|VoXtream|But it wasn't quite  not absolutely  convincing.|en_US/by_book/male/elliot_miller/poisoned_pen/wavs/poisoned_pen_07_f000011.wav|0.5212
./fake/en/VoXtream2/northandsouth_04_f000193.wav|en_US/by_book/female/mary_ann/northandsouth/wavs/northandsouth_04_f000193.wav|en|True|4.240|unknown|VoXtream2|VoXtream|from mammaled away by some delusionsome temptation! You do not really mean it!|en_UK/by_book/female/elizabeth_klett/jane_eyre/wavs/jane_eyre_21_f000238.wav|0.6243
./fake/en/VoXtream2/poisoned_pen_03_f000293.wav|en_US/by_book/male/elliot_miller/poisoned_pen/wavs/poisoned_pen_03_f000293.wav|en|True|11.280|unknown|VoXtream2|VoXtream|It is the spirillum Obermeieri, said Kennedy, the germ of the relapsing fever, but of the most virulent Asiatic strain. Obermeyer, who discovered it,|en_US/by_book/male/elliot_miller/silent_bullet/wavs/silent_bullet_05_f000124.wav|0.6626
./fake/en/VoXtream2/pink_fairy_book_35_f000005.wav|en_US/by_book/male/elliot_miller/pink_fairy_book/wavs/pink_fairy_book_35_f000005.wav|en|True|9.920|unknown|VoXtream2|VoXtream|They often talked about how stupid their husbands were, but they could never agree as to which of them had the most stupid one each one stuck up for her own husband,|en_UK/by_book/female/elizabeth_klett/wives_and_daughters/wavs/wives_and_daughters_08_f000119.wav|0.3517
./fake/en/VoXtream2/jane_eyre_27_f000193.wav|en_UK/by_book/female/elizabeth_klett/jane_eyre/wavs/jane_eyre_27_f000193.wav|en|True|12.800|unknown|VoXtream2|VoXtream|There is no folly so besotted that the idiotic rivalries of society, the prurience, the rashness, the blindness of youth, will not hurry a man to its commission.|en_US/by_book/female/mary_ann/northandsouth/wavs/northandsouth_04_f000193.wav|0.6826
./fake/en/VoXtream2/wives_and_daughters_32_f000138.wav|en_UK/by_book/female/elizabeth_klett/wives_and_daughters/wavs/wives_and_daughters_32_f000138.wav|en|True|6.480|unknown|VoXtream2|VoXtream|I'd sooner never see damson preserve again. Suppose you do go and see Miss Browning|en_US/by_book/female/mary_ann/northandsouth/wavs/northandsouth_13_f000055.wav|0.2853
./fake/en/VoXtream2/northandsouth_43_f000098.wav|en_US/by_book/female/mary_ann/northandsouth/wavs/northandsouth_43_f000098.wav|en|True|2.240|unknown|VoXtream2|VoXtream|and why she should go to bid her farewell.|en_UK/by_book/female/elizabeth_klett/wives_and_daughters/wavs/wives_and_daughters_01_f000149.wav|0.1019
./fake/en/VoXtream2/wives_and_daughters_53_f000142.wav|en_UK/by_book/female/elizabeth_klett/wives_and_daughters/wavs/wives_and_daughters_53_f000142.wav|en|True|4.000|unknown|VoXtream2|VoXtream|and betake himself to the drawingroom where Molly was, he knew.|en_US/by_book/male/elliot_miller/pink_fairy_book/wavs/pink_fairy_book_38_f000030.wav|0.6641
./fake/en/VoXtream2/jane_eyre_18_f000095.wav|en_UK/by_book/female/elizabeth_klett/jane_eyre/wavs/jane_eyre_18_f000095.wav|en|True|9.440|unknown|VoXtream2|VoXtream|Pardon the seeming paradox I mean what I say. She was very showy, but she was not genuine she had a fine person, many brilliant attainments|en_US/by_book/male/elliot_miller/poisoned_pen/wavs/poisoned_pen_09_f000238.wav|0.6992
./fake/en/VoXtream2/pink_fairy_book_02_f000011.wav|en_US/by_book/male/elliot_miller/pink_fairy_book/wavs/pink_fairy_book_02_f000011.wav|en|True|10.000|unknown|VoXtream2|VoXtream|This was soon done, and then the young man drove off the sheep, leaving their real shepherd to repent of his folly and before he had gone very far he met with a horse boy and a driver of oxen,|en_UK/by_book/female/elizabeth_klett/jane_eyre/wavs/jane_eyre_22_f000029.wav|0.7708
./fake/en/VoXtream2/northandsouth_29_f000087.wav|en_US/by_book/female/mary_ann/northandsouth/wavs/northandsouth_29_f000087.wav|en|True|6.480|unknown|VoXtream2|VoXtream|Why, mamma, I could astonish you with a great many words you never heard in your life. I dont believe you know what a knobstick is.|en_US/by_book/female/mary_ann/northandsouth/wavs/northandsouth_02_f000115.wav|0.8079
./fake/en/VoXtream2/the_sea_fairies_02_f000012.wav|en_US/by_book/female/judy_bieber/the_sea_fairies/wavs/the_sea_fairies_02_f000012.wav|en|True|6.320|unknown|VoXtream2|VoXtream|But by and by they reached the sands and walked to a spot just beneath the big acacia tree that grew on the bluff.|en_US/by_book/female/judy_bieber/emerald_city_of_oz/wavs/emerald_city_of_oz_01_f000015.wav|0.8108
./fake/en/VoXtream2/ozma_of_oz_06_f000113.wav|en_US/by_book/female/judy_bieber/ozma_of_oz/wavs/ozma_of_oz_06_f000113.wav|en|True|2.240|unknown|VoXtream2|VoXtream|because she had but one neck.|en_US/by_book/female/mary_ann/northandsouth/wavs/northandsouth_23_f000022.wav|0.2149
./fake/en/VoXtream2/pink_fairy_book_27_f000018.wav|en_US/by_book/male/elliot_miller/pink_fairy_book/wavs/pink_fairy_book_27_f000018.wav|en|True|5.120|unknown|VoXtream2|VoXtream|Oh, yes just as readily you as anyone else, said the boy.|en_UK/by_book/female/elizabeth_klett/jane_eyre/wavs/jane_eyre_34_f000151.wav|0.7199
./fake/en/VoXtream2/wives_and_daughters_02_f000142.wav|en_UK/by_book/female/elizabeth_klett/wives_and_daughters/wavs/wives_and_daughters_02_f000142.wav|en|True|5.520|unknown|VoXtream2|VoXtream|I'll lend you nightthings, and your papa must do without your making tea for him tonight.|en_US/by_book/female/mary_ann/northandsouth/wavs/northandsouth_25_f000080.wav|0.7149
./fake/en/VoXtream2/wives_and_daughters_52_f000219.wav|en_UK/by_book/female/elizabeth_klett/wives_and_daughters/wavs/wives_and_daughters_52_f000219.wav|en|True|3.920|unknown|VoXtream2|VoXtream|I think I only feel sorry that he had all the trouble and worry of concealment.|en_UK/by_book/female/elizabeth_klett/wives_and_daughters/wavs/wives_and_daughters_26_f000120.wav|0.7320
./fake/en/VoXtream2/northandsouth_31_f000128.wav|en_US/by_book/female/mary_ann/northandsouth/wavs/northandsouth_31_f000128.wav|en|True|13.280|unknown|VoXtream2|VoXtream|But I could not see him. I told Dixon to ask him if he would like to see youI think I asked her to find you, and you would go to him. I dont know what I said.|en_US/by_book/female/judy_bieber/dorothy_and_wizard_oz/wavs/dorothy_and_wizard_oz_17_f000041.wav|0.5885
./fake/en/VoXtream2/the_sea_fairies_08_f000044.wav|en_US/by_book/female/judy_bieber/the_sea_fairies/wavs/the_sea_fairies_08_f000044.wav|en|True|7.760|unknown|VoXtream2|VoXtream|but Trot was so hungry after her afternoon's excursion that she did not pay as much attention to the lobsters as she did to her supper,|en_US/by_book/female/judy_bieber/emerald_city_of_oz/wavs/emerald_city_of_oz_21_f000026.wav|0.7487
./fake/en/VoXtream2/northandsouth_46_f000292.wav|en_US/by_book/female/mary_ann/northandsouth/wavs/northandsouth_46_f000292.wav|en|True|4.160|unknown|VoXtream2|VoXtream|Oh! simply he has annoyed me by not joining in my praises of you.|en_US/by_book/female/judy_bieber/the_master_key/wavs/the_master_key_15_f000003.wav|0.7328
./fake/en/VoXtream2/wives_and_daughters_17_f000115.wav|en_UK/by_book/female/elizabeth_klett/wives_and_daughters/wavs/wives_and_daughters_17_f000115.wav|en|True|9.440|unknown|VoXtream2|VoXtream|He could not bear it and he would not. Nay, once he was on the point of dismissing Mister Gibson because he insisted on a consultation with Doctor|en_UK/by_book/female/elizabeth_klett/wives_and_daughters/wavs/wives_and_daughters_17_f000081.wav|0.7851
./fake/en/VoXtream2/poisoned_pen_08_f000260.wav|en_US/by_book/male/elliot_miller/poisoned_pen/wavs/poisoned_pen_08_f000260.wav|en|True|13.200|unknown|VoXtream2|VoXtream|Is that you, Clark? It's all arranged at this end. How's your end of the line? Have you a good connection? Yes? My synchroniser is working fine here, too.|en_UK/by_book/female/elizabeth_klett/jane_eyre/wavs/jane_eyre_38_f000051.wav|0.7735
./fake/en/VoXtream2/pink_fairy_book_38_f000133.wav|en_US/by_book/male/elliot_miller/pink_fairy_book/wavs/pink_fairy_book_38_f000133.wav|en|True|4.560|unknown|VoXtream2|VoXtream|the thunder roared, and huge hailstones whitened the roof of the hut.|en_UK/by_book/female/elizabeth_klett/wives_and_daughters/wavs/wives_and_daughters_54_f000067.wav|0.3107
./fake/en/VoXtream2/northandsouth_43_f000006.wav|en_US/by_book/female/mary_ann/northandsouth/wavs/northandsouth_43_f000006.wav|en|True|8.240|unknown|VoXtream2|VoXtream|It was noisy, and smoky, and the poor people whom she saw in the streets were dirty, and the rich ladies overdressed,|en_UK/by_book/female/elizabeth_klett/jane_eyre/wavs/jane_eyre_30_f000089.wav|0.1170
./fake/en/VoXtream2/northandsouth_04_f000013.wav|en_US/by_book/female/mary_ann/northandsouth/wavs/northandsouth_04_f000013.wav|en|True|5.920|unknown|VoXtream2|VoXtream|She sat by herself at the fire, with unlighted candles on the table behind her, thinking over the day,|en_UK/by_book/female/elizabeth_klett/wives_and_daughters/wavs/wives_and_daughters_23_f000113.wav|0.6924
./fake/en/VoXtream2/jane_eyre_10_f000049.wav|en_UK/by_book/female/elizabeth_klett/jane_eyre/wavs/jane_eyre_10_f000049.wav|en|True|8.320|unknown|VoXtream2|VoXtream|I went to my window, opened it, and looked out. There were the two wings of the building there was the garden there were the skirts of Lowood|en_US/by_book/female/judy_bieber/the_sea_fairies/wavs/the_sea_fairies_03_f000110.wav|0.0792
./fake/en/VoXtream2/rinkitink_baum_04_64kb_f000093.wav|en_US/by_book/female/judy_bieber/rinkitink_in_oz/wavs/rinkitink_baum_04_64kb_f000093.wav|en|True|13.200|unknown|VoXtream2|VoXtream|but presently I found that when I stood upon my feet on the bottom of the well, that my chin was just above the water. So I stood still and yelled for help but no one heard me.|en_UK/by_book/female/elizabeth_klett/jane_eyre/wavs/jane_eyre_33_f000003.wav|0.6961
./fake/en/VoXtream2/wives_and_daughters_60_f000122.wav|en_UK/by_book/female/elizabeth_klett/wives_and_daughters/wavs/wives_and_daughters_60_f000122.wav|en|True|9.200|unknown|VoXtream2|VoXtream|and then with a shake rousing himself, and making ready to go out again, to see a patient who had sent for him in his absence.|en_US/by_book/female/mary_ann/northandsouth/wavs/northandsouth_44_f000002.wav|0.3869
./fake/en/VoXtream2/jane_eyre_25_f000243.wav|en_UK/by_book/female/elizabeth_klett/jane_eyre/wavs/jane_eyre_25_f000243.wav|en|True|6.880|unknown|VoXtream2|VoXtream|the long dishevelled hair, the swelled black face, the exaggerated stature, were figments of imagination|en_US/by_book/female/judy_bieber/dorothy_and_wizard_oz/wavs/dorothy_and_wizard_oz_15_f000008.wav|0.6835
./fake/en/VoXtream2/poisoned_pen_12_f000322.wav|en_US/by_book/male/elliot_miller/poisoned_pen/wavs/poisoned_pen_12_f000322.wav|en|True|7.600|unknown|VoXtream2|VoXtream|Thus a person charged with an offence may be able to prove an alibi by the aid of a skilfully prepared combination photograph.|en_UK/by_book/female/elizabeth_klett/jane_eyre/wavs/jane_eyre_18_f000027.wav|0.1286
./fake/en/VoXtream2/wives_and_daughters_19_f000162.wav|en_UK/by_book/female/elizabeth_klett/wives_and_daughters/wavs/wives_and_daughters_19_f000162.wav|en|True|6.000|unknown|VoXtream2|VoXtream|He is a lawyer, and getting on now but then he was poor enough, and had six or seven children.|en_UK/by_book/female/elizabeth_klett/wives_and_daughters/wavs/wives_and_daughters_56_f000128.wav|0.6883
./fake/en/VoXtream2/poisoned_pen_11_f000266.wav|en_US/by_book/male/elliot_miller/poisoned_pen/wavs/poisoned_pen_11_f000266.wav|en|True|7.120|unknown|VoXtream2|VoXtream|I do not know precisely what happened after that, but in some way this man found his daughter, and today she is living with him.|en_US/by_book/male/elliot_miller/poisoned_pen/wavs/poisoned_pen_09_f000288.wav|0.7050
./fake/en/VoXtream2/silent_bullet_08_f000314.wav|en_US/by_book/male/elliot_miller/silent_bullet/wavs/silent_bullet_08_f000314.wav|en|True|4.400|unknown|VoXtream2|VoXtream|At last came the flutter of an eyelid and a voluntary breath or two.|en_US/by_book/male/elliot_miller/pink_fairy_book/wavs/pink_fairy_book_05_f000014.wav|0.7214
./fake/en/VoXtream2/jane_eyre_27_f000212.wav|en_UK/by_book/female/elizabeth_klett/jane_eyre/wavs/jane_eyre_27_f000212.wav|en|True|6.160|unknown|VoXtream2|VoXtream|perverse and imbecile  when I perceived that I should never have a quiet or settled household,|en_UK/by_book/female/elizabeth_klett/wives_and_daughters/wavs/wives_and_daughters_37_f000095.wav|0.7040
./fake/en/VoXtream2/jane_eyre_28_f000274.wav|en_UK/by_book/female/elizabeth_klett/jane_eyre/wavs/jane_eyre_28_f000274.wav|en|True|5.280|unknown|VoXtream2|VoXtream|John asked if he would like either o ye to be sent for, he fair laughed at him.|en_UK/by_book/female/elizabeth_klett/jane_eyre/wavs/jane_eyre_31_f000018.wav|0.7151
./fake/en/VoXtream2/northandsouth_40_f000209.wav|en_US/by_book/female/mary_ann/northandsouth/wavs/northandsouth_40_f000209.wav|en|True|7.280|unknown|VoXtream2|VoXtream|And now it often happened that a hurried note from mister Thornton would arrive, just at the last moment,|en_US/by_book/male/elliot_miller/pirates_of_ersatz/wavs/piratesofersatz_02_leinster_64kb_f000001.wav|0.1270
./fake/en/VoXtream2/pink_fairy_book_24_f000025.wav|en_US/by_book/male/elliot_miller/pink_fairy_book/wavs/pink_fairy_book_24_f000025.wav|en|True|6.640|unknown|VoXtream2|VoXtream|Then she sank down on the ground and wept bitterly, not daring to return home until some hours had passed away.|en_UK/by_book/female/elizabeth_klett/jane_eyre/wavs/jane_eyre_17_f000002.wav|0.1179
./fake/en/VoXtream2/wives_and_daughters_37_f000028.wav|en_UK/by_book/female/elizabeth_klett/wives_and_daughters/wavs/wives_and_daughters_37_f000028.wav|en|True|8.320|unknown|VoXtream2|VoXtream|she and Molly are such great friends  out for a brisk walk this frosty day, but I think they will soon come back.|en_UK/by_book/female/elizabeth_klett/wives_and_daughters/wavs/wives_and_daughters_45_f000002.wav|0.7514
./fake/en/VoXtream2/northandsouth_46_f000363.wav|en_US/by_book/female/mary_ann/northandsouth/wavs/northandsouth_46_f000363.wav|en|True|10.880|unknown|VoXtream2|VoXtream|Oh, no! said Margaret. Let us keep to our plan. Let us start at twelve. It is very good and kind of them but indeed I could not go.|en_US/by_book/male/elliot_miller/silent_bullet/wavs/silent_bullet_02_f000153.wav|0.6819
./fake/en/VoXtream2/emerald_city_of_oz_26_f000060.wav|en_US/by_book/female/judy_bieber/emerald_city_of_oz/wavs/emerald_city_of_oz_26_f000060.wav|en|True|9.120|unknown|VoXtream2|VoXtream|That seemed a hopeless task to them, but realizing that Ozma was determined not to fight, they tried to think of some means that might promise escape.|en_UK/by_book/female/elizabeth_klett/jane_eyre/wavs/jane_eyre_36_f000124.wav|0.6741
./fake/en/VoXtream2/wives_and_daughters_41_f000237.wav|en_UK/by_book/female/elizabeth_klett/wives_and_daughters/wavs/wives_and_daughters_41_f000237.wav|en|True|9.360|unknown|VoXtream2|VoXtream|almost immediately, Well, after all, it is only your fancy that she was alluding to Mister Preston, so perhaps we had better not say any more about him|en_US/by_book/female/mary_ann/midnight_passenger/wavs/midnight_passenger_06_f000209.wav|0.7343
./fake/en/VoXtream2/jane_eyre_11_f000215.wav|en_UK/by_book/female/elizabeth_klett/jane_eyre/wavs/jane_eyre_11_f000215.wav|en|True|4.320|unknown|VoXtream2|VoXtream|The subject seemed strangely chosen for an infant singer|en_US/by_book/male/elliot_miller/pink_fairy_book/wavs/pink_fairy_book_18_f000015.wav|0.6481
./fake/en/VoXtream2/pink_fairy_book_36_f000160.wav|en_US/by_book/male/elliot_miller/pink_fairy_book/wavs/pink_fairy_book_36_f000160.wav|en|True|8.880|unknown|VoXtream2|VoXtream|King Lindorm lived long and happily with his queen, and there are some who say that if they are not dead now they are still living to this day.|en_US/by_book/female/judy_bieber/the_sea_fairies/wavs/the_sea_fairies_12_f000133.wav|0.7980
./fake/en/VoXtream2/the_master_key_05_f000085.wav|en_US/by_book/female/judy_bieber/the_master_key/wavs/the_master_key_05_f000085.wav|en|True|2.400|unknown|VoXtream2|VoXtream|Wonder if there'll be any gravy.|en_UK/by_book/female/elizabeth_klett/wives_and_daughters/wavs/wives_and_daughters_14_f000178.wav|0.0461
./fake/en/VoXtream2/northandsouth_43_f000046.wav|en_US/by_book/female/mary_ann/northandsouth/wavs/northandsouth_43_f000046.wav|en|True|5.520|unknown|VoXtream2|VoXtream|No! said Margaret feebly. I shall be better when tomorrow is over.|en_US/by_book/female/mary_ann/northandsouth/wavs/northandsouth_46_f000070.wav|0.5276
./fake/en/VoXtream2/silent_bullet_12_f000016.wav|en_US/by_book/male/elliot_miller/silent_bullet/wavs/silent_bullet_12_f000016.wav|en|True|4.880|unknown|VoXtream2|VoXtream|She bowed graciously, but there was a moment of embarrassment until Kennedy came to the rescue.|en_UK/by_book/female/elizabeth_klett/jane_eyre/wavs/jane_eyre_28_f000171.wav|0.6664
./fake/en/VoXtream2/the_sea_fairies_12_f000133.wav|en_US/by_book/female/judy_bieber/the_sea_fairies/wavs/the_sea_fairies_12_f000133.wav|en|True|7.200|unknown|VoXtream2|VoXtream|They first swam into a small anteroom which led into a long corridor, at the end of which was another curtained arch.|en_US/by_book/female/judy_bieber/emerald_city_of_oz/wavs/emerald_city_of_oz_15_f000052.wav|0.7614
./fake/en/VoXtream2/silent_bullet_11_f000115.wav|en_US/by_book/male/elliot_miller/silent_bullet/wavs/silent_bullet_11_f000115.wav|en|True|7.840|unknown|VoXtream2|VoXtream|They dont usually kill anyone, do they? asked the officer by way of reply to test my acquaintance with such things.|en_US/by_book/female/mary_ann/northandsouth/wavs/northandsouth_04_f000207.wav|0.6708
./fake/en/VoXtream2/jane_eyre_19_f000126.wav|en_UK/by_book/female/elizabeth_klett/jane_eyre/wavs/jane_eyre_19_f000126.wav|en|True|10.080|unknown|VoXtream2|VoXtream|it seems to deny, by a mocking glance, the truth of the discoveries I have already made,  to disown the charge both of sensibility and chagrin|en_UK/by_book/female/elizabeth_klett/wives_and_daughters/wavs/wives_and_daughters_39_f000178.wav|0.2229
./fake/en/VoXtream2/jane_eyre_06_f000075.wav|en_UK/by_book/female/elizabeth_klett/jane_eyre/wavs/jane_eyre_06_f000075.wav|en|True|5.200|unknown|VoXtream2|VoXtream|If she struck me with that rod, I should get it from her hand I should break it under her nose.|en_US/by_book/female/mary_ann/northandsouth/wavs/northandsouth_19_f000107.wav|0.1902
./fake/en/VoXtream2/skyisland_11_baum_64kb_f000015.wav|en_US/by_book/female/judy_bieber/sky_island/wavs/skyisland_11_baum_64kb_f000015.wav|en|True|7.200|unknown|VoXtream2|VoXtream|ButtonBright paid no further attention to the helpless animal, but caught up the bluebrass lamp and began a search for his umbrella.|en_UK/by_book/female/elizabeth_klett/jane_eyre/wavs/jane_eyre_19_f000140.wav|0.7583
./fake/en/VoXtream2/dorothy_and_wizard_oz_13_f000091.wav|en_US/by_book/female/judy_bieber/dorothy_and_wizard_oz/wavs/dorothy_and_wizard_oz_13_f000091.wav|en|True|4.000|unknown|VoXtream2|VoXtream|That is not a fair question to ask us, declared another dragonette.|en_US/by_book/female/mary_ann/northandsouth/wavs/northandsouth_41_f000241.wav|0.7398
./fake/en/VoXtream2/wives_and_daughters_10_f000287.wav|en_UK/by_book/female/elizabeth_klett/wives_and_daughters/wavs/wives_and_daughters_10_f000287.wav|en|True|6.480|unknown|VoXtream2|VoXtream|before they parted  before their teteatete walk was merged in the general familiarity of the household life.|en_US/by_book/female/mary_ann/northandsouth/wavs/northandsouth_19_f000126.wav|0.8383
./fake/en/VoXtream2/wives_and_daughters_28_f000155.wav|en_UK/by_book/female/elizabeth_klett/wives_and_daughters/wavs/wives_and_daughters_28_f000155.wav|en|True|8.720|unknown|VoXtream2|VoXtream|and that Roger was so often away amongst his friends during the day, Mister Gibson and I should be so delighted if you could have stopped to dinner|en_US/by_book/female/judy_bieber/ozma_of_oz/wavs/ozma_of_oz_02_f000095.wav|0.7827
./fake/en/VoXtream2/northandsouth_36_f000123.wav|en_US/by_book/female/mary_ann/northandsouth/wavs/northandsouth_36_f000123.wav|en|True|4.800|unknown|VoXtream2|VoXtream|Through all these disfigurements, Margaret recognised John Boucher.|en_US/by_book/male/elliot_miller/poisoned_pen/wavs/poisoned_pen_08_f000172.wav|0.6146
./fake/en/VoXtream2/jane_eyre_30_f000061.wav|en_UK/by_book/female/elizabeth_klett/jane_eyre/wavs/jane_eyre_30_f000061.wav|en|True|7.280|unknown|VoXtream2|VoXtream|It began calm  and indeed, as far as delivery and pitch of voice went, it was calm to the end|en_US/by_book/male/elliot_miller/silent_bullet/wavs/silent_bullet_12_f000079.wav|0.7380
./fake/en/VoXtream2/silent_bullet_08_f000166.wav|en_US/by_book/male/elliot_miller/silent_bullet/wavs/silent_bullet_08_f000166.wav|en|True|12.880|unknown|VoXtream2|VoXtream|Then you are all cordially invited to attend at my laboratory at the university. Ill ask you, mister Whitney, to come armed with a warrant for John or Jane Doe.|en_UK/by_book/female/elizabeth_klett/jane_eyre/wavs/jane_eyre_15_f000217.wav|0.6021
./fake/en/VoXtream2/pink_fairy_book_39_f000038.wav|en_US/by_book/male/elliot_miller/pink_fairy_book/wavs/pink_fairy_book_39_f000038.wav|en|True|15.280|unknown|VoXtream2|VoXtream|And as she spoke, her servants brought in two chests, one of them very small, the other large and heavy. Now choose which of them you will carry with you.|en_US/by_book/male/elliot_miller/pink_fairy_book/wavs/pink_fairy_book_32_f000148.wav|0.8151
./fake/en/VoXtream2/the_sea_fairies_09_f000112.wav|en_US/by_book/female/judy_bieber/the_sea_fairies/wavs/the_sea_fairies_09_f000112.wav|en|True|6.080|unknown|VoXtream2|VoXtream|where they float and let the currents of air carry them along the same as the currents of water had done before.|en_US/by_book/male/elliot_miller/hunters_space/wavs/hunters_space_11_f000080.wav|0.4413
./fake/en/VoXtream2/jane_eyre_28_f000171.wav|en_UK/by_book/female/elizabeth_klett/jane_eyre/wavs/jane_eyre_28_f000171.wav|en|True|6.640|unknown|VoXtream2|VoXtream|Well lass, replied a voice within, give it her if she's a beggar. T pig doesn't want it.|en_US/by_book/female/judy_bieber/the_sea_fairies/wavs/the_sea_fairies_14_f000035.wav|0.0881
./fake/en/VoXtream2/wives_and_daughters_04_f000090.wav|en_UK/by_book/female/elizabeth_klett/wives_and_daughters/wavs/wives_and_daughters_04_f000090.wav|en|True|7.600|unknown|VoXtream2|VoXtream|Thank you. It's not so satisfactory to me and, I should think, not to yourself. But probably the Joneses and Greens will prefer it.|en_UK/by_book/female/elizabeth_klett/wives_and_daughters/wavs/wives_and_daughters_08_f000100.wav|0.6904
./fake/en/VoXtream2/ozma_of_oz_11_f000016.wav|en_US/by_book/female/judy_bieber/ozma_of_oz/wavs/ozma_of_oz_11_f000016.wav|en|True|8.560|unknown|VoXtream2|VoXtream|And they seemed not to need places to rest their feet, but clung to the surface of the rock as a fly does to a windowpane, and were never still for a moment.|en_UK/by_book/female/elizabeth_klett/wives_and_daughters/wavs/wives_and_daughters_35_f000180.wav|0.7326
./fake/en/VoXtream2/dorothy_and_wizard_oz_07_f000009.wav|en_US/by_book/female/judy_bieber/dorothy_and_wizard_oz/wavs/dorothy_and_wizard_oz_07_f000009.wav|en|True|5.680|unknown|VoXtream2|VoXtream|If the Wizard was here, said one of the piglets, sobbing bitterly, he would not see us suffer so.|en_UK/by_book/female/elizabeth_klett/wives_and_daughters/wavs/wives_and_daughters_44_f000196.wav|0.7246
./fake/en/VoXtream2/midnight_passenger_04_f000008.wav|en_US/by_book/female/mary_ann/midnight_passenger/wavs/midnight_passenger_04_f000008.wav|en|True|8.640|unknown|VoXtream2|VoXtream|You must be ever on your guard, said the new champion, and remember the annual election and this strange wedding must be allowed to take place without suspicion.|en_US/by_book/female/mary_ann/northandsouth/wavs/northandsouth_42_f000190.wav|0.8588
./fake/en/VoXtream2/northandsouth_17_f000049.wav|en_US/by_book/female/mary_ann/northandsouth/wavs/northandsouth_17_f000049.wav|en|True|4.320|unknown|VoXtream2|VoXtream|O, father! said Bessy, what have ye gained by striking?|en_US/by_book/female/mary_ann/midnight_passenger/wavs/midnight_passenger_03_f000298.wav|0.6872
./fake/en/VoXtream2/rinkitink_baum_05_64kb_f000149.wav|en_US/by_book/female/judy_bieber/rinkitink_in_oz/wavs/rinkitink_baum_05_64kb_f000149.wav|en|True|11.760|unknown|VoXtream2|VoXtream|As Inga entered the room the King awoke and asked What is that mysterious secret of yours? I've been dreaming about it, and I haven't got my breath yet from tugging at those heavy blocks.|en_UK/by_book/female/elizabeth_klett/wives_and_daughters/wavs/wives_and_daughters_43_f000006.wav|0.7587
./fake/en/VoXtream2/midnight_passenger_07_f000024.wav|en_US/by_book/female/mary_ann/midnight_passenger/wavs/midnight_passenger_07_f000024.wav|en|True|7.040|unknown|VoXtream2|VoXtream|It will give time for Randall Clayton to cool off. And, after all, the smooth way is the best way.|en_US/by_book/male/elliot_miller/pirates_of_ersatz/wavs/piratesofersatz_07_leinster_64kb_f000110.wav|0.7489
./fake/en/VoXtream2/jane_eyre_33_f000151.wav|en_UK/by_book/female/elizabeth_klett/jane_eyre/wavs/jane_eyre_33_f000151.wav|en|True|2.640|unknown|VoXtream2|VoXtream|Mister Rivers rose now and put his cloak on.|en_US/by_book/female/mary_ann/midnight_passenger/wavs/midnight_passenger_09_f000249.wav|0.4213
./fake/en/VoXtream2/pink_fairy_book_36_f000037.wav|en_US/by_book/male/elliot_miller/pink_fairy_book/wavs/pink_fairy_book_36_f000037.wav|en|True|8.960|unknown|VoXtream2|VoXtream|The report of this soon spread over all the country. Now it happened that there was a man who had married a second time, and his wife heard of the lindorm with great delight.|en_US/by_book/male/elliot_miller/silent_bullet/wavs/silent_bullet_13_f000195.wav|0.7165
./fake/en/VoXtream2/poisoned_pen_02_f000040.wav|en_US/by_book/male/elliot_miller/poisoned_pen/wavs/poisoned_pen_02_f000040.wav|en|True|14.640|unknown|VoXtream2|VoXtream|Branford did the actual stealing. Oh, no. That was done by a yeggman of experience. He must have been above the average, but everything points to the work of a yeggman. She hired him.|en_UK/by_book/female/elizabeth_klett/jane_eyre/wavs/jane_eyre_37_f000405.wav|0.7264
./fake/en/VoXtream2/northandsouth_08_f000054.wav|en_US/by_book/female/mary_ann/northandsouth/wavs/northandsouth_08_f000054.wav|en|True|4.480|unknown|VoXtream2|VoXtream|She had heard him often boast of his power of putting any disagreeable thought far away from him.|en_US/by_book/male/elliot_miller/pirates_of_ersatz/wavs/piratesofersatz_05_leinster_64kb_f000095.wav|-0.0184
./fake/en/VoXtream2/dorothy_and_wizard_oz_14_f000028.wav|en_US/by_book/female/judy_bieber/dorothy_and_wizard_oz/wavs/dorothy_and_wizard_oz_14_f000028.wav|en|True|7.280|unknown|VoXtream2|VoXtream|But when the adventurers looked more carefully around them they discovered that there were in a strong prison from which there was no hope of escape.|en_US/by_book/male/elliot_miller/hunters_space/wavs/hunters_space_16_f000082.wav|0.6171
./fake/en/VoXtream2/wives_and_daughters_26_f000265.wav|en_UK/by_book/female/elizabeth_klett/wives_and_daughters/wavs/wives_and_daughters_26_f000265.wav|en|True|8.800|unknown|VoXtream2|VoXtream|Don't you think we've lost some of our popularity,  which at this time means votes  by coming so late. Come, answer me! you used to be a famous little truthteller.|en_UK/by_book/female/elizabeth_klett/wives_and_daughters/wavs/wives_and_daughters_05_f000172.wav|0.4432
./fake/en/VoXtream2/pink_fairy_book_24_f000012.wav|en_US/by_book/male/elliot_miller/pink_fairy_book/wavs/pink_fairy_book_24_f000012.wav|en|True|3.920|unknown|VoXtream2|VoXtream|Then he said, Now you will have to look after the asses.|en_US/by_book/female/judy_bieber/emerald_city_of_oz/wavs/emerald_city_of_oz_23_f000088.wav|0.7236
./fake/en/VoXtream2/jane_eyre_07_f000164.wav|en_UK/by_book/female/elizabeth_klett/jane_eyre/wavs/jane_eyre_07_f000164.wav|en|True|7.360|unknown|VoXtream2|VoXtream|while the elderly lady swayed herself to and fro, and the two younger ones whispered, How shocking! Mister Brocklehurst resumed.|en_US/by_book/female/mary_ann/northandsouth/wavs/northandsouth_34_f000054.wav|0.6623
./fake/en/VoXtream2/jane_eyre_19_f000075.wav|en_UK/by_book/female/elizabeth_klett/jane_eyre/wavs/jane_eyre_19_f000075.wav|en|True|5.200|unknown|VoXtream2|VoXtream|sits and smiles in the eyes of a gentleman you  I what?|en_US/by_book/male/elliot_miller/pink_fairy_book/wavs/pink_fairy_book_12_f000306.wav|0.1260
./fake/en/VoXtream2/jane_eyre_13_f000037.wav|en_UK/by_book/female/elizabeth_klett/jane_eyre/wavs/jane_eyre_13_f000037.wav|en|True|9.520|unknown|VoXtream2|VoXtream|I let Missis Fairfax precede me into the diningroom, and kept in her shade as we crossed that apartment and, passing the arch, whose curtain was now dropped,|en_US/by_book/female/judy_bieber/the_sea_fairies/wavs/the_sea_fairies_13_f000115.wav|0.8043
./fake/en/VoXtream2/jane_eyre_18_f000300.wav|en_UK/by_book/female/elizabeth_klett/jane_eyre/wavs/jane_eyre_18_f000300.wav|en|True|7.840|unknown|VoXtream2|VoXtream|They affirmed that she had even divined their thoughts, and had whispered in the ear of each the name of the person she liked best in the world,|en_US/by_book/female/judy_bieber/the_sea_fairies/wavs/the_sea_fairies_07_f000154.wav|0.6463
./fake/en/VoXtream2/silent_bullet_07_f000195.wav|en_US/by_book/male/elliot_miller/silent_bullet/wavs/silent_bullet_07_f000195.wav|en|True|7.440|unknown|VoXtream2|VoXtream|Kennedy continued to heat the wirecovered porcelain. I did, and he is going to give me a demonstration of his discovery tonight.|en_UK/by_book/female/elizabeth_klett/jane_eyre/wavs/jane_eyre_33_f000192.wav|0.6447
./fake/en/VoXtream2/wives_and_daughters_08_f000113.wav|en_UK/by_book/female/elizabeth_klett/wives_and_daughters/wavs/wives_and_daughters_08_f000113.wav|en|True|6.560|unknown|VoXtream2|VoXtream|The butler went away wondering. Mister Osborne's likes and dislikes had been the law of the house in general until now.|en_US/by_book/male/elliot_miller/hunters_space/wavs/hunters_space_14_f000098.wav|0.7098
./fake/en/VoXtream2/northandsouth_11_f000036.wav|en_US/by_book/female/mary_ann/northandsouth/wavs/northandsouth_11_f000036.wav|en|True|8.800|unknown|VoXtream2|VoXtream|That really is fine, said Margaret. What a pity such a nature should be tainted by his position as a Milton manufacturer.|en_US/by_book/female/mary_ann/midnight_passenger/wavs/midnight_passenger_04_f000261.wav|0.7226
./fake/en/VoXtream2/wives_and_daughters_48_f000131.wav|en_UK/by_book/female/elizabeth_klett/wives_and_daughters/wavs/wives_and_daughters_48_f000131.wav|en|True|9.520|unknown|VoXtream2|VoXtream|looked at her askance, and criticised her pretensions to good looks, with hardly an attempt at undertones.|en_US/by_book/male/elliot_miller/pink_fairy_book/wavs/pink_fairy_book_32_f000139.wav|0.0215
./fake/en/VoXtream2/midnight_passenger_09_f000213.wav|en_US/by_book/female/mary_ann/midnight_passenger/wavs/midnight_passenger_09_f000213.wav|en|True|4.480|unknown|VoXtream2|VoXtream|Ferris remark about the picture had strangely attracted his attention.|en_US/by_book/female/judy_bieber/dorothy_and_wizard_oz/wavs/dorothy_and_wizard_oz_11_f000023.wav|0.7745
./fake/en/VoXtream2/wives_and_daughters_31_f000083.wav|en_UK/by_book/female/elizabeth_klett/wives_and_daughters/wavs/wives_and_daughters_31_f000083.wav|en|True|6.080|unknown|VoXtream2|VoXtream|nor did she refuse to do anything her mother wished, however fidgety might be the humour that prompted the wish.|en_US/by_book/female/mary_ann/northandsouth/wavs/northandsouth_02_f000136.wav|0.7424
./fake/en/VoXtream2/jane_eyre_27_f000287.wav|en_UK/by_book/female/elizabeth_klett/jane_eyre/wavs/jane_eyre_27_f000287.wav|en|True|15.280|unknown|VoXtream2|VoXtream|She and the surgeon, Carter who dressed Mason's wounds that night he was stabbed and worried, are the only two I have ever admitted to my confidence. Missis|en_US/by_book/male/elliot_miller/poisoned_pen/wavs/poisoned_pen_06_f000160.wav|0.6922
./fake/en/VoXtream2/jane_eyre_36_f000090.wav|en_UK/by_book/female/elizabeth_klett/jane_eyre/wavs/jane_eyre_36_f000090.wav|en|True|10.880|unknown|VoXtream2|VoXtream|a light veil rests on her features he lifts it, bends lower now his eyes anticipate the vision of beauty  warm, and blooming, and lovely, in rest.|en_US/by_book/female/mary_ann/northandsouth/wavs/northandsouth_46_f000363.wav|0.7735
./fake/en/VoXtream2/dorothy_and_wizard_oz_17_f000041.wav|en_US/by_book/female/judy_bieber/dorothy_and_wizard_oz/wavs/dorothy_and_wizard_oz_17_f000041.wav|en|True|3.600|unknown|VoXtream2|VoXtream|for I love you all so well that I can deny you nothing.|en_US/by_book/male/elliot_miller/poisoned_pen/wavs/poisoned_pen_04_f000136.wav|0.5216
./fake/en/VoXtream2/ozma_of_oz_18_f000016.wav|en_US/by_book/female/judy_bieber/ozma_of_oz/wavs/ozma_of_oz_18_f000016.wav|en|True|5.280|unknown|VoXtream2|VoXtream|The Nome King clapped his hand to his waist, and his rock colored face turned white as chalk.|en_US/by_book/female/mary_ann/northandsouth/wavs/northandsouth_39_f000118.wav|0.8108
./fake/en/VoXtream2/midnight_passenger_05_f000104.wav|en_US/by_book/female/mary_ann/midnight_passenger/wavs/midnight_passenger_05_f000104.wav|en|True|6.480|unknown|VoXtream2|VoXtream|Under the door of his room lay a yellow envelope, and as the now resolute man read it he smiled grimly.|en_UK/by_book/female/elizabeth_klett/jane_eyre/wavs/jane_eyre_34_f000213.wav|0.2008
./fake/en/VoXtream2/wives_and_daughters_44_f000006.wav|en_UK/by_book/female/elizabeth_klett/wives_and_daughters/wavs/wives_and_daughters_44_f000006.wav|en|True|5.120|unknown|VoXtream2|VoXtream|and secret troubles before she could have been able to put on such a semblance of composure.|en_US/by_book/female/mary_ann/northandsouth/wavs/northandsouth_23_f000049.wav|0.7219
./fake/en/VoXtream2/midnight_passenger_11_f000251.wav|en_US/by_book/female/mary_ann/midnight_passenger/wavs/midnight_passenger_11_f000251.wav|en|True|3.680|unknown|VoXtream2|VoXtream|God rest his soul, all that's left of him!|en_US/by_book/male/elliot_miller/pink_fairy_book/wavs/pink_fairy_book_22_f000023.wav|0.5182
./fake/en/VoXtream2/wives_and_daughters_45_f000150.wav|en_UK/by_book/female/elizabeth_klett/wives_and_daughters/wavs/wives_and_daughters_45_f000150.wav|en|True|9.360|unknown|VoXtream2|VoXtream|He was summoned up to London. Lady Cumnor is worse. I fancy there is some operation going on but I don't know. He will be back tomorrow night.|en_US/by_book/male/elliot_miller/silent_bullet/wavs/silent_bullet_12_f000002.wav|0.7013
./fake/en/VoXtream2/jane_eyre_27_f000143.wav|en_UK/by_book/female/elizabeth_klett/jane_eyre/wavs/jane_eyre_27_f000143.wav|en|True|7.680|unknown|VoXtream2|VoXtream|Now that you think me disqualified to become your husband, you recoil from my touch as if I were some toad or ape.|en_US/by_book/female/judy_bieber/dorothy_and_wizard_oz/wavs/dorothy_and_wizard_oz_05_f000054.wav|0.1523
./fake/en/VoXtream2/the_sea_fairies_17_f000047.wav|en_US/by_book/female/judy_bieber/the_sea_fairies/wavs/the_sea_fairies_17_f000047.wav|en|True|5.920|unknown|VoXtream2|VoXtream|In the old days, said the Queen thoughtfully, the mighty King Anko could not destroy this monster.|en_UK/by_book/female/elizabeth_klett/wives_and_daughters/wavs/wives_and_daughters_26_f000024.wav|0.7473
./fake/en/VoXtream2/northandsouth_39_f000161.wav|en_US/by_book/female/mary_ann/northandsouth/wavs/northandsouth_39_f000161.wav|en|True|6.480|unknown|VoXtream2|VoXtream|if her accounts of the old Harley Street set were a little sarcastic, her father could not bear to check her,|en_UK/by_book/female/elizabeth_klett/jane_eyre/wavs/jane_eyre_16_f000091.wav|0.7168
./fake/en/VoXtream2/northandsouth_20_f000040.wav|en_US/by_book/female/mary_ann/northandsouth/wavs/northandsouth_20_f000040.wav|en|True|6.640|unknown|VoXtream2|VoXtream|indeed, what she had said the night before had prepared her father for so much worse a state of things that,|en_US/by_book/female/mary_ann/northandsouth/wavs/northandsouth_36_f000072.wav|0.7676
./fake/en/VoXtream2/jane_eyre_28_f000242.wav|en_UK/by_book/female/elizabeth_klett/jane_eyre/wavs/jane_eyre_28_f000242.wav|en|True|2.880|unknown|VoXtream2|VoXtream|Whether it were Greek or German I could not tell.|en_UK/by_book/female/elizabeth_klett/jane_eyre/wavs/jane_eyre_11_f000025.wav|0.1518
./fake/en/VoXtream2/the_master_key_07_f000056.wav|en_US/by_book/female/judy_bieber/the_master_key/wavs/the_master_key_07_f000056.wav|en|True|7.040|unknown|VoXtream2|VoXtream|That's very kind of you, said Rob, eagerly handing his battered machine to the Demon and receiving the new one in return.|en_US/by_book/female/mary_ann/midnight_passenger/wavs/midnight_passenger_03_f000258.wav|0.3688
./fake/en/VoXtream2/emerald_city_of_oz_18_f000034.wav|en_US/by_book/female/judy_bieber/emerald_city_of_oz/wavs/emerald_city_of_oz_18_f000034.wav|en|True|4.240|unknown|VoXtream2|VoXtream|It was not especially interesting, but she felt that it was her duty.|en_US/by_book/female/judy_bieber/rinkitink_in_oz/wavs/rinkitink_baum_05_64kb_f000149.wav|0.7499
./fake/en/VoXtream2/northandsouth_21_f000121.wav|en_US/by_book/female/mary_ann/northandsouth/wavs/northandsouth_21_f000121.wav|en|True|7.680|unknown|VoXtream2|VoXtream|Certainly, said Margaret. I could go while mamma is asleep this afternoon. Im sure  Missis Thornton would lend it to us.|en_US/by_book/male/elliot_miller/pink_fairy_book/wavs/pink_fairy_book_12_f000008.wav|0.6548
./fake/en/VoXtream2/wives_and_daughters_37_f000139.wav|en_UK/by_book/female/elizabeth_klett/wives_and_daughters/wavs/wives_and_daughters_37_f000139.wav|en|True|4.960|unknown|VoXtream2|VoXtream|Not guilty, but we recommend the prisoner not to do it again.|en_US/by_book/female/mary_ann/midnight_passenger/wavs/midnight_passenger_12_f000268.wav|0.5955
./fake/en/VoXtream2/northandsouth_35_f000198.wav|en_US/by_book/female/mary_ann/northandsouth/wavs/northandsouth_35_f000198.wav|en|True|8.960|unknown|VoXtream2|VoXtream|Whenever this idea presented itself to her at the end of a long avenue of thoughts, she turned away from following that pathshe would not believe in it.|en_US/by_book/male/elliot_miller/silent_bullet/wavs/silent_bullet_08_f000079.wav|0.7377
./fake/en/VoXtream2/silent_bullet_07_f000004.wav|en_US/by_book/male/elliot_miller/silent_bullet/wavs/silent_bullet_07_f000004.wav|en|True|9.760|unknown|VoXtream2|VoXtream|Andrews is my name  third vicepresident of the Great Eastern Life Insurance Company. I am the nominal head of the companys private detective force,|en_UK/by_book/female/elizabeth_klett/wives_and_daughters/wavs/wives_and_daughters_19_f000045.wav|0.7066
./fake/en/VoXtream2/dorothy_and_wizard_oz_01_f000040.wav|en_US/by_book/female/judy_bieber/dorothy_and_wizard_oz/wavs/dorothy_and_wizard_oz_01_f000040.wav|en|True|7.760|unknown|VoXtream2|VoXtream|and the engineer was afraid that at any moment the rails might spread apart and an accident happen to his passengers.|en_US/by_book/female/judy_bieber/emerald_city_of_oz/wavs/emerald_city_of_oz_27_f000039.wav|0.6855
./fake/en/VoXtream2/northandsouth_28_f000073.wav|en_US/by_book/female/mary_ann/northandsouth/wavs/northandsouth_28_f000073.wav|en|True|8.640|unknown|VoXtream2|VoXtream|He shook his head, glancing sideways up at Margaret as he did so. His pale, haggard face struck her painfully.|en_US/by_book/female/mary_ann/northandsouth/wavs/northandsouth_39_f000110.wav|0.7029
./fake/en/VoXtream2/wives_and_daughters_55_f000185.wav|en_UK/by_book/female/elizabeth_klett/wives_and_daughters/wavs/wives_and_daughters_55_f000185.wav|en|True|6.240|unknown|VoXtream2|VoXtream|Suppose he talks me round into resuming the engagement? I should only break it off again.|en_US/by_book/female/judy_bieber/the_master_key/wavs/the_master_key_08_f000013.wav|0.7439
./fake/en/VoXtream2/northandsouth_43_f000023.wav|en_US/by_book/female/mary_ann/northandsouth/wavs/northandsouth_43_f000023.wav|en|True|9.520|unknown|VoXtream2|VoXtream|Nevertheless, his moustachios are splendid. There will have to be a sale, so select what things you wish reserved.|en_US/by_book/female/judy_bieber/dorothy_and_wizard_oz/wavs/dorothy_and_wizard_oz_03_f000067.wav|0.7644
./fake/en/VoXtream2/wives_and_daughters_39_f000052.wav|en_UK/by_book/female/elizabeth_klett/wives_and_daughters/wavs/wives_and_daughters_39_f000052.wav|en|True|8.640|unknown|VoXtream2|VoXtream|Well, it would be very sad, of course, and we should all feel it very much, I've no doubt for I've always been very fond of Osborne|en_US/by_book/female/mary_ann/midnight_passenger/wavs/midnight_passenger_01_f000056.wav|0.7697
./fake/en/VoXtream2/piratesofersatz_04_leinster_64kb_f000197.wav|en_US/by_book/male/elliot_miller/pirates_of_ersatz/wavs/piratesofersatz_04_leinster_64kb_f000197.wav|en|True|10.880|unknown|VoXtream2|VoXtream|Thal vanished and came back with ointments for Hoddan's blisters, but no food. He explained again that food given to Hoddan would make it disgraceful to cut his throat.|en_US/by_book/female/judy_bieber/sky_island/wavs/skyisland_18_baum_64kb_f000015.wav|0.8094
./fake/en/VoXtream2/wives_and_daughters_11_f000221.wav|en_UK/by_book/female/elizabeth_klett/wives_and_daughters/wavs/wives_and_daughters_11_f000221.wav|en|True|10.320|unknown|VoXtream2|VoXtream|for she had that particular kind of shy modesty which makes any one uncomfortable at receiving caresses from a person towards whom the heart does not go forth with an impulsive welcome.|en_US/by_book/female/mary_ann/northandsouth/wavs/northandsouth_29_f000087.wav|0.7692
./fake/en/VoXtream2/rinkitink_baum_04_64kb_f000079.wav|en_US/by_book/female/judy_bieber/rinkitink_in_oz/wavs/rinkitink_baum_04_64kb_f000079.wav|en|True|11.040|unknown|VoXtream2|VoXtream|Hold fast! shouted Inga to the King. Then he seized the rope and helped Bilbil to pull. They soon found the task more difficult than they had supposed.|en_US/by_book/male/elliot_miller/pirates_of_ersatz/wavs/piratesofersatz_07_leinster_64kb_f000003.wav|0.5761
./fake/en/VoXtream2/wives_and_daughters_51_f000003.wav|en_UK/by_book/female/elizabeth_klett/wives_and_daughters/wavs/wives_and_daughters_51_f000003.wav|en|True|3.840|unknown|VoXtream2|VoXtream|Molly had her outofdoor things on, and she crept away as she was bidden.|en_US/by_book/female/mary_ann/midnight_passenger/wavs/midnight_passenger_12_f000116.wav|0.7004
./fake/en/VoXtream2/northandsouth_25_f000196.wav|en_US/by_book/female/mary_ann/northandsouth/wavs/northandsouth_25_f000196.wav|en|True|4.560|unknown|VoXtream2|VoXtream|Did I do wrong? mister Hale did not reply at first. Then he said|en_US/by_book/female/judy_bieber/rinkitink_in_oz/wavs/rinkitink_baum_19_64kb_f000041.wav|0.7429
./fake/en/VoXtream2/jane_eyre_02_f000084.wav|en_UK/by_book/female/elizabeth_klett/jane_eyre/wavs/jane_eyre_02_f000084.wav|en|True|6.320|unknown|VoXtream2|VoXtream|Yet in what darkness, what dense ignorance, was the mental battle fought!|en_UK/by_book/female/elizabeth_klett/jane_eyre/wavs/jane_eyre_07_f000153.wav|0.5954
./fake/en/VoXtream2/northandsouth_20_f000082.wav|en_US/by_book/female/mary_ann/northandsouth/wavs/northandsouth_20_f000082.wav|en|True|4.960|unknown|VoXtream2|VoXtream|Never. I am not become so fine as to desire to forget the source of my sons wealth and power.|en_US/by_book/male/elliot_miller/pink_fairy_book/wavs/pink_fairy_book_14_f000078.wav|0.0305
./fake/en/VoXtream2/wives_and_daughters_42_f000161.wav|en_UK/by_book/female/elizabeth_klett/wives_and_daughters/wavs/wives_and_daughters_42_f000161.wav|en|True|6.080|unknown|VoXtream2|VoXtream|Missis Gibson was telling some of her day's adventures  whom she had found at home in the calls she had been making|en_UK/by_book/female/elizabeth_klett/jane_eyre/wavs/jane_eyre_05_f000059.wav|0.7106
./fake/en/VoXtream2/dorothy_and_wizard_oz_12_f000036.wav|en_US/by_book/female/judy_bieber/dorothy_and_wizard_oz/wavs/dorothy_and_wizard_oz_12_f000036.wav|en|True|7.760|unknown|VoXtream2|VoXtream|and the buggy was thrust in after him because it belonged to the party and the wooden folks had no idea what it was used for or whether it was alive or not.|en_UK/by_book/female/elizabeth_klett/jane_eyre/wavs/jane_eyre_23_f000068.wav|-0.0732
./fake/en/VoXtream2/pink_fairy_book_30_f000002.wav|en_US/by_book/male/elliot_miller/pink_fairy_book/wavs/pink_fairy_book_30_f000002.wav|en|True|1.040|unknown|VoXtream2|VoXtream|From the Danish.|en_UK/by_book/female/elizabeth_klett/wives_and_daughters/wavs/wives_and_daughters_21_f000268.wav|0.2615
./fake/en/VoXtream2/hunters_space_03_f000067.wav|en_US/by_book/male/elliot_miller/hunters_space/wavs/hunters_space_03_f000067.wav|en|True|10.000|unknown|VoXtream2|VoXtream|Yes, she would awaken to be his slave, even as he had promised us that night in Maya's home when we fought. And I wish I had killed the beast then.|en_US/by_book/female/judy_bieber/the_sea_fairies/wavs/the_sea_fairies_04_f000038.wav|0.7755
./fake/en/VoXtream2/hunters_space_13_f000076.wav|en_US/by_book/male/elliot_miller/hunters_space/wavs/hunters_space_13_f000076.wav|en|True|5.840|unknown|VoXtream2|VoXtream|Not violent enough, Odin exclaimed. How violent can an explosion be?|en_US/by_book/male/elliot_miller/pink_fairy_book/wavs/pink_fairy_book_29_f000034.wav|0.5461
./fake/en/VoXtream2/poisoned_pen_10_f000231.wav|en_US/by_book/male/elliot_miller/poisoned_pen/wavs/poisoned_pen_10_f000231.wav|en|True|4.000|unknown|VoXtream2|VoXtream|There was nothing for us to do but to separate and await developments.|en_US/by_book/male/elliot_miller/silent_bullet/wavs/silent_bullet_07_f000134.wav|0.6462
./fake/en/VoXtream2/northandsouth_16_f000074.wav|en_US/by_book/female/mary_ann/northandsouth/wavs/northandsouth_16_f000074.wav|en|True|3.440|unknown|VoXtream2|VoXtream|Margaret did not replyonly looked wistfully towards her.|en_US/by_book/female/judy_bieber/the_master_key/wavs/the_master_key_07_f000011.wav|0.2745
./fake/en/VoXtream2/poisoned_pen_04_f000148.wav|en_US/by_book/male/elliot_miller/poisoned_pen/wavs/poisoned_pen_04_f000148.wav|en|True|8.560|unknown|VoXtream2|VoXtream|That's very good extinguishingpowder, explained Craig as we sniffed at the odour. It yields a large amount of carbon dioxide and sulphur dioxide.|en_US/by_book/female/judy_bieber/sky_island/wavs/skyisland_26_baum_64kb_f000050.wav|0.8297
./fake/en/VoXtream2/midnight_passenger_07_f000094.wav|en_US/by_book/female/mary_ann/midnight_passenger/wavs/midnight_passenger_07_f000094.wav|en|True|2.800|unknown|VoXtream2|VoXtream|I'm going to settle down after I've made this trip.|en_UK/by_book/female/elizabeth_klett/wives_and_daughters/wavs/wives_and_daughters_15_f000047.wav|0.3578
./fake/en/VoXtream2/jane_eyre_14_f000223.wav|en_UK/by_book/female/elizabeth_klett/jane_eyre/wavs/jane_eyre_14_f000223.wav|en|True|3.520|unknown|VoXtream2|VoXtream|To put Adele to bed it is past her bedtime.|en_US/by_book/male/elliot_miller/pink_fairy_book/wavs/pink_fairy_book_40_f000088.wav|0.4035
./fake/en/VoXtream2/jane_eyre_24_f000088.wav|en_UK/by_book/female/elizabeth_klett/jane_eyre/wavs/jane_eyre_24_f000088.wav|en|True|14.320|unknown|VoXtream2|VoXtream|I was thinking, sir you will excuse the idea it was involuntary, I was thinking of Hercules and Samson with their charmers  You were, you little elfish  Hush, sir!|en_US/by_book/female/mary_ann/midnight_passenger/wavs/midnight_passenger_07_f000011.wav|0.7660
./fake/en/VoXtream2/silent_bullet_12_f000183.wav|en_US/by_book/male/elliot_miller/silent_bullet/wavs/silent_bullet_12_f000183.wav|en|True|3.520|unknown|VoXtream2|VoXtream|which he described as a most wonderful kinetoscopic display.|en_US/by_book/female/mary_ann/midnight_passenger/wavs/midnight_passenger_04_f000051.wav|0.6418
./fake/en/VoXtream2/wives_and_daughters_33_f000124.wav|en_UK/by_book/female/elizabeth_klett/wives_and_daughters/wavs/wives_and_daughters_33_f000124.wav|en|True|6.160|unknown|VoXtream2|VoXtream|But as Roger in his boyhood had loved Osborne too well to be jealous of the praise and love which the eldest son,|en_UK/by_book/female/elizabeth_klett/jane_eyre/wavs/jane_eyre_18_f000300.wav|0.6794
./fake/en/VoXtream2/wives_and_daughters_59_f000154.wav|en_UK/by_book/female/elizabeth_klett/wives_and_daughters/wavs/wives_and_daughters_59_f000154.wav|en|True|3.120|unknown|VoXtream2|VoXtream|and effectually silenced for a space.|en_US/by_book/female/judy_bieber/ozma_of_oz/wavs/ozma_of_oz_05_f000051.wav|0.6129
./fake/en/VoXtream2/jane_eyre_10_f000222.wav|en_UK/by_book/female/elizabeth_klett/jane_eyre/wavs/jane_eyre_10_f000222.wav|en|True|6.080|unknown|VoXtream2|VoXtream|Bessie and I conversed about old times an hour longer, and then she was obliged to leave me|en_UK/by_book/female/elizabeth_klett/jane_eyre/wavs/jane_eyre_04_f000285.wav|0.2871
./fake/en/VoXtream2/piratesofersatz_02_leinster_64kb_f000162.wav|en_US/by_book/male/elliot_miller/pirates_of_ersatz/wavs/piratesofersatz_02_leinster_64kb_f000162.wav|en|True|4.960|unknown|VoXtream2|VoXtream|but it did seem very plausible that the note had been sent him to get him to try to get down the wall.|en_US/by_book/male/elliot_miller/silent_bullet/wavs/silent_bullet_02_f000018.wav|0.7141
./fake/en/VoXtream2/ozma_of_oz_11_f000008.wav|en_US/by_book/female/judy_bieber/ozma_of_oz/wavs/ozma_of_oz_11_f000008.wav|en|True|6.320|unknown|VoXtream2|VoXtream|Aye, aye! I sigh, he would, although Had he not had a wooden head He'd mount the mountain top instead.|en_US/by_book/female/judy_bieber/rinkitink_in_oz/wavs/rinkitink_baum_22_64kb_f000009.wav|0.7233
./fake/en/VoXtream2/jane_eyre_30_f000063.wav|en_UK/by_book/female/elizabeth_klett/jane_eyre/wavs/jane_eyre_30_f000063.wav|en|True|2.240|unknown|VoXtream2|VoXtream|and prompted the nervous language.|en_UK/by_book/female/elizabeth_klett/wives_and_daughters/wavs/wives_and_daughters_07_f000066.wav|0.0885
./fake/en/VoXtream2/jane_eyre_27_f000259.wav|en_UK/by_book/female/elizabeth_klett/jane_eyre/wavs/jane_eyre_27_f000259.wav|en|True|9.920|unknown|VoXtream2|VoXtream|I only entertained the intention for a moment for, not being insane, the crisis of exquisite and unalloyed despair,|en_US/by_book/female/mary_ann/northandsouth/wavs/northandsouth_20_f000067.wav|0.7239
./fake/en/VoXtream2/midnight_passenger_04_f000183.wav|en_US/by_book/female/mary_ann/midnight_passenger/wavs/midnight_passenger_04_f000183.wav|en|True|7.680|unknown|VoXtream2|VoXtream|And he vowed to deceive the daring woman whom he feared to curb. She shall work my will and not know the finale in the third act.|en_US/by_book/female/mary_ann/northandsouth/wavs/northandsouth_07_f000101.wav|0.7244
./fake/en/VoXtream2/silent_bullet_01_f000021.wav|en_US/by_book/male/elliot_miller/silent_bullet/wavs/silent_bullet_01_f000021.wav|en|True|9.120|unknown|VoXtream2|VoXtream|They still treat crime in the old way, study its statistics and pore over its causes and the theories of how it can be prevented.|en_US/by_book/female/mary_ann/northandsouth/wavs/northandsouth_50_f000015.wav|0.7723
./fake/en/VoXtream2/the_master_key_16_f000009.wav|en_US/by_book/female/judy_bieber/the_master_key/wavs/the_master_key_16_f000009.wav|en|True|2.480|unknown|VoXtream2|VoXtream|and the tears gave him considerable relief.|en_US/by_book/female/judy_bieber/the_master_key/wavs/the_master_key_10_f000131.wav|0.2566
./fake/en/VoXtream2/the_master_key_18_f000042.wav|en_US/by_book/female/judy_bieber/the_master_key/wavs/the_master_key_18_f000042.wav|en|True|3.840|unknown|VoXtream2|VoXtream|Suppose we form a trust, and place them upon the market.|en_US/by_book/male/elliot_miller/pink_fairy_book/wavs/pink_fairy_book_04_f000004.wav|0.5682
./fake/en/VoXtream2/skyisland_13_baum_64kb_f000060.wav|en_US/by_book/female/judy_bieber/sky_island/wavs/skyisland_13_baum_64kb_f000060.wav|en|True|7.280|unknown|VoXtream2|VoXtream|and they passed through a gate made of pink metal bars and found themselves in a most delightful and picturesque town.|en_US/by_book/female/mary_ann/northandsouth/wavs/northandsouth_11_f000113.wav|0.6977
./fake/en/VoXtream2/northandsouth_01_f000088.wav|en_US/by_book/female/mary_ann/northandsouth/wavs/northandsouth_01_f000088.wav|en|True|8.800|unknown|VoXtream2|VoXtream|Then the little Margaret had hushed her sobs, and tried to lie quiet as if asleep, for fear of making her father unhappy by her grief,|en_US/by_book/female/mary_ann/northandsouth/wavs/northandsouth_15_f000246.wav|0.8390
./fake/en/VoXtream2/jane_eyre_35_f000213.wav|en_UK/by_book/female/elizabeth_klett/jane_eyre/wavs/jane_eyre_35_f000213.wav|en|True|4.480|unknown|VoXtream2|VoXtream|All the house was still for I believe all, except St.|en_UK/by_book/female/elizabeth_klett/jane_eyre/wavs/jane_eyre_04_f000188.wav|0.4774
./fake/en/VoXtream2/northandsouth_31_f000015.wav|en_US/by_book/female/mary_ann/northandsouth/wavs/northandsouth_31_f000015.wav|en|True|7.920|unknown|VoXtream2|VoXtream|She was kneeling by the sofa, hiding her face in the cushions that no one might hear her cry, when she was touched on the shoulder by Dixon.|en_UK/by_book/female/elizabeth_klett/jane_eyre/wavs/jane_eyre_02_f000116.wav|0.6490
./fake/en/VoXtream2/emerald_city_of_oz_05_f000040.wav|en_US/by_book/female/judy_bieber/emerald_city_of_oz/wavs/emerald_city_of_oz_05_f000040.wav|en|True|10.720|unknown|VoXtream2|VoXtream|Of course Dorothy enjoyed all these luxuries, and the only reason she had heretofore preferred to live in Kansas was because her uncle and aunt loved her and needed her with them.|en_US/by_book/female/mary_ann/northandsouth/wavs/northandsouth_11_f000102.wav|0.7707
./fake/en/VoXtream2/jane_eyre_37_f000051.wav|en_UK/by_book/female/elizabeth_klett/jane_eyre/wavs/jane_eyre_37_f000051.wav|en|True|6.720|unknown|VoXtream2|VoXtream|I now drew near and knocked John's wife opened for me. Mary, I said, how are you?|en_UK/by_book/female/elizabeth_klett/jane_eyre/wavs/jane_eyre_37_f000163.wav|0.7979
./fake/en/VoXtream2/pink_fairy_book_21_f000042.wav|en_US/by_book/male/elliot_miller/pink_fairy_book/wavs/pink_fairy_book_21_f000042.wav|en|True|4.960|unknown|VoXtream2|VoXtream|and cry with a loud voice, O Destiny, my mistress, three times.|en_UK/by_book/female/elizabeth_klett/wives_and_daughters/wavs/wives_and_daughters_58_f000032.wav|0.6653
./fake/en/VoXtream2/jane_eyre_37_f000009.wav|en_UK/by_book/female/elizabeth_klett/jane_eyre/wavs/jane_eyre_37_f000009.wav|en|True|7.520|unknown|VoXtream2|VoXtream|with the exception of some two or three rooms fitted up for the accommodation of the squire when he went there in the season to shoot.|en_US/by_book/female/mary_ann/northandsouth/wavs/northandsouth_07_f000010.wav|0.8678
./fake/en/VoXtream2/rinkitink_baum_06_64kb_f000119.wav|en_US/by_book/female/judy_bieber/rinkitink_in_oz/wavs/rinkitink_baum_06_64kb_f000119.wav|en|True|3.600|unknown|VoXtream2|VoXtream|Do you remember the story of the bear that hired out for a nursemaid?|en_UK/by_book/female/elizabeth_klett/jane_eyre/wavs/jane_eyre_16_f000154.wav|0.6005
./fake/en/VoXtream2/pink_fairy_book_30_f000085.wav|en_US/by_book/male/elliot_miller/pink_fairy_book/wavs/pink_fairy_book_30_f000085.wav|en|True|5.200|unknown|VoXtream2|VoXtream|When the witch came to the forest she could not get through it until she went home and brought her axe to cut a path.|en_UK/by_book/female/elizabeth_klett/wives_and_daughters/wavs/wives_and_daughters_39_f000123.wav|0.7786
./fake/en/VoXtream2/rinkitink_baum_18_64kb_f000076.wav|en_US/by_book/female/judy_bieber/rinkitink_in_oz/wavs/rinkitink_baum_18_64kb_f000076.wav|en|True|3.600|unknown|VoXtream2|VoXtream|and live in many thousands of my underground caverns.|en_UK/by_book/female/elizabeth_klett/wives_and_daughters/wavs/wives_and_daughters_18_f000045.wav|0.5103
./fake/en/VoXtream2/the_sea_fairies_18_f000051.wav|en_US/by_book/female/judy_bieber/the_sea_fairies/wavs/the_sea_fairies_18_f000051.wav|en|True|5.120|unknown|VoXtream2|VoXtream|So swim ahead, and we'll wiggle the same way you do, and try to wiggle out of our troubles.|en_US/by_book/female/mary_ann/midnight_passenger/wavs/midnight_passenger_12_f000046.wav|0.7779
./fake/en/VoXtream2/jane_eyre_28_f000172.wav|en_UK/by_book/female/elizabeth_klett/jane_eyre/wavs/jane_eyre_28_f000172.wav|en|True|6.160|unknown|VoXtream2|VoXtream|The girl emptied the stiffened mould into my hand, and I devoured it ravenously.|en_US/by_book/male/elliot_miller/pink_fairy_book/wavs/pink_fairy_book_18_f000060.wav|0.4673
./fake/en/VoXtream2/poisoned_pen_12_f000018.wav|en_US/by_book/male/elliot_miller/poisoned_pen/wavs/poisoned_pen_12_f000018.wav|en|True|10.880|unknown|VoXtream2|VoXtream|Huge systems of card indexes, loose leaf devices, laboursaving appliances for getting out a vast mass of campaign literature in a hurry, in short a perfect system,|en_US/by_book/female/mary_ann/northandsouth/wavs/northandsouth_49_f000016.wav|0.8017
./fake/en/VoXtream2/wives_and_daughters_03_f000037.wav|en_UK/by_book/female/elizabeth_klett/wives_and_daughters/wavs/wives_and_daughters_03_f000037.wav|en|True|8.560|unknown|VoXtream2|VoXtream|The popularity of this world is as transient as its glory, as Mister Hall found out before the first year of his partnership was over.|en_UK/by_book/female/elizabeth_klett/jane_eyre/wavs/jane_eyre_37_f000061.wav|0.7527
./fake/en/VoXtream2/northandsouth_25_f000122.wav|en_US/by_book/female/mary_ann/northandsouth/wavs/northandsouth_25_f000122.wav|en|True|4.400|unknown|VoXtream2|VoXtream|Do they give you a feeling of perfect repose when you lie down upon them|en_US/by_book/female/mary_ann/midnight_passenger/wavs/midnight_passenger_10_f000218.wav|0.6953
./fake/en/VoXtream2/wives_and_daughters_12_f000049.wav|en_UK/by_book/female/elizabeth_klett/wives_and_daughters/wavs/wives_and_daughters_12_f000049.wav|en|True|5.920|unknown|VoXtream2|VoXtream|while the perhaps necessary separation of mother and child had lessened the amount of affection the former had to bestow.|en_US/by_book/male/elliot_miller/poisoned_pen/wavs/poisoned_pen_12_f000216.wav|0.0603
./fake/en/VoXtream2/jane_eyre_34_f000151.wav|en_UK/by_book/female/elizabeth_klett/jane_eyre/wavs/jane_eyre_34_f000151.wav|en|True|6.240|unknown|VoXtream2|VoXtream|His sisters looked at each other and at me we all three looked at him he was serene as glass.|en_US/by_book/female/mary_ann/northandsouth/wavs/northandsouth_01_f000148.wav|0.8039
./fake/en/VoXtream2/wives_and_daughters_25_f000158.wav|en_UK/by_book/female/elizabeth_klett/wives_and_daughters/wavs/wives_and_daughters_25_f000158.wav|en|True|6.720|unknown|VoXtream2|VoXtream|Don't trouble yourself with trying to interpret a French girl's meaning, but help me on with my frock, there's a dear one.|en_UK/by_book/female/elizabeth_klett/wives_and_daughters/wavs/wives_and_daughters_44_f000111.wav|0.7542
./fake/en/VoXtream2/poisoned_pen_01_f000214.wav|en_US/by_book/male/elliot_miller/poisoned_pen/wavs/poisoned_pen_01_f000214.wav|en|True|11.520|unknown|VoXtream2|VoXtream|For this purpose he was engaged in conversation with one of his own clerks when the lawyer was due to appear. Kimmel appeared to act confused, as if he had been caught napping.|en_UK/by_book/female/elizabeth_klett/wives_and_daughters/wavs/wives_and_daughters_05_f000210.wav|0.6888
./fake/en/VoXtream2/wives_and_daughters_08_f000141.wav|en_UK/by_book/female/elizabeth_klett/wives_and_daughters/wavs/wives_and_daughters_08_f000141.wav|en|True|5.600|unknown|VoXtream2|VoXtream|Her father rode over pretty frequently sometimes there were long unaccountable absences, it was true|en_US/by_book/male/elliot_miller/pink_fairy_book/wavs/pink_fairy_book_18_f000049.wav|0.2705
./fake/en/VoXtream2/jane_eyre_17_f000002.wav|en_UK/by_book/female/elizabeth_klett/jane_eyre/wavs/jane_eyre_17_f000002.wav|en|True|2.720|unknown|VoXtream2|VoXtream|Recording by Elisabeth Klett.|en_UK/by_book/female/elizabeth_klett/jane_eyre/wavs/jane_eyre_34_f000282.wav|0.1838
./fake/en/VoXtream2/northandsouth_46_f000061.wav|en_US/by_book/female/mary_ann/northandsouth/wavs/northandsouth_46_f000061.wav|en|True|6.880|unknown|VoXtream2|VoXtream|Its only this very morning I plunged some freshgathered roses head downward in the waterjug, for, thought I,|en_US/by_book/female/judy_bieber/sky_island/wavs/skyisland_18_baum_64kb_f000019.wav|0.8188
./fake/en/VoXtream2/midnight_passenger_03_f000087.wav|en_US/by_book/female/mary_ann/midnight_passenger/wavs/midnight_passenger_03_f000087.wav|en|True|3.760|unknown|VoXtream2|VoXtream|Mister Somers has the deposits all ready, now, sir.|en_US/by_book/female/mary_ann/midnight_passenger/wavs/midnight_passenger_07_f000239.wav|0.6741
./fake/en/VoXtream2/jane_eyre_29_f000100.wav|en_UK/by_book/female/elizabeth_klett/jane_eyre/wavs/jane_eyre_29_f000100.wav|en|True|2.800|unknown|VoXtream2|VoXtream|You look a raight down dacent little crater.|en_US/by_book/female/judy_bieber/dorothy_and_wizard_oz/wavs/dorothy_and_wizard_oz_15_f000054.wav|0.3743
./fake/en/VoXtream2/northandsouth_48_f000066.wav|en_US/by_book/female/mary_ann/northandsouth/wavs/northandsouth_48_f000066.wav|en|True|6.640|unknown|VoXtream2|VoXtream|mister Bell did not make his appearance even on the day to which he had for a second time deferred his visit.|en_UK/by_book/female/elizabeth_klett/jane_eyre/wavs/jane_eyre_30_f000190.wav|0.7562
./fake/en/VoXtream2/dorothy_and_wizard_oz_14_f000046.wav|en_US/by_book/female/judy_bieber/dorothy_and_wizard_oz/wavs/dorothy_and_wizard_oz_14_f000046.wav|en|True|8.560|unknown|VoXtream2|VoXtream|Then you can do a few wizzes and get us out of this hole, declared the tiny one, with much confidence.|en_US/by_book/female/judy_bieber/rinkitink_in_oz/wavs/rinkitink_baum_03_64kb_f000043.wav|0.8142
./fake/en/VoXtream2/wives_and_daughters_44_f000186.wav|en_UK/by_book/female/elizabeth_klett/wives_and_daughters/wavs/wives_and_daughters_44_f000186.wav|en|True|5.520|unknown|VoXtream2|VoXtream|I'll leave Hollingford and never come back again, if ever your father hears of this affair there!|en_UK/by_book/female/elizabeth_klett/jane_eyre/wavs/jane_eyre_35_f000205.wav|0.7488
./fake/en/VoXtream2/jane_eyre_32_f000096.wav|en_UK/by_book/female/elizabeth_klett/jane_eyre/wavs/jane_eyre_32_f000096.wav|en|True|4.000|unknown|VoXtream2|VoXtream|He said it was a very old name in that neighbourhood|en_US/by_book/female/judy_bieber/dorothy_and_wizard_oz/wavs/dorothy_and_wizard_oz_03_f000105.wav|0.6500
./fake/en/VoXtream2/piratesofersatz_01_leinster_64kb_f000024.wav|en_US/by_book/male/elliot_miller/pirates_of_ersatz/wavs/piratesofersatz_01_leinster_64kb_f000024.wav|en|True|9.280|unknown|VoXtream2|VoXtream|They made a tremendous crash in doing it, but they were in great haste. The noise waked Hoddan, and he blinked his eyes open.|en_UK/by_book/female/elizabeth_klett/wives_and_daughters/wavs/wives_and_daughters_35_f000209.wav|0.6556
./fake/en/VoXtream2/wives_and_daughters_56_f000094.wav|en_UK/by_book/female/elizabeth_klett/wives_and_daughters/wavs/wives_and_daughters_56_f000094.wav|en|True|6.160|unknown|VoXtream2|VoXtream|Now I won't have you classing Roger Hamley and Mister Preston together in the same sentence.|en_UK/by_book/female/elizabeth_klett/jane_eyre/wavs/jane_eyre_21_f000145.wav|-0.0709
./fake/en/VoXtream2/midnight_passenger_11_f000197.wav|en_US/by_book/female/mary_ann/midnight_passenger/wavs/midnight_passenger_11_f000197.wav|en|True|13.920|unknown|VoXtream2|VoXtream|And you are lying to me now. You know and I know that Randall Clayton was no thief. I know, in my heart, and all men now believe, that he was murdered.|en_US/by_book/male/elliot_miller/poisoned_pen/wavs/poisoned_pen_03_f000340.wav|0.7098
./fake/en/VoXtream2/wives_and_daughters_01_f000118.wav|en_UK/by_book/female/elizabeth_klett/wives_and_daughters/wavs/wives_and_daughters_01_f000118.wav|en|True|6.080|unknown|VoXtream2|VoXtream|Ah! yes very pretty I daresay, only I am no botanist.|en_US/by_book/female/mary_ann/midnight_passenger/wavs/midnight_passenger_03_f000169.wav|0.7936
./fake/en/VoXtream2/jane_eyre_25_f000046.wav|en_UK/by_book/female/elizabeth_klett/jane_eyre/wavs/jane_eyre_25_f000046.wav|en|True|8.880|unknown|VoXtream2|VoXtream|her disk was bloodred and half overcast she seemed to throw on me one bewildered, dreary glance, and buried herself again instantly in the deep drift of cloud.|en_US/by_book/female/mary_ann/midnight_passenger/wavs/midnight_passenger_13_f000102.wav|0.8345
./fake/en/VoXtream2/rinkitink_baum_08_64kb_f000066.wav|en_US/by_book/female/judy_bieber/rinkitink_in_oz/wavs/rinkitink_baum_08_64kb_f000066.wav|en|True|9.840|unknown|VoXtream2|VoXtream|I did not know what it was that I threw, and I was too sleepy to care but probably it was your shoe, since it is now missing.|en_US/by_book/female/mary_ann/midnight_passenger/wavs/midnight_passenger_04_f000288.wav|0.8186
./fake/en/VoXtream2/northandsouth_37_f000149.wav|en_US/by_book/female/mary_ann/northandsouth/wavs/northandsouth_37_f000149.wav|en|True|3.360|unknown|VoXtream2|VoXtream|What would be peace to them would be eternal fretting to you.|en_US/by_book/male/elliot_miller/poisoned_pen/wavs/poisoned_pen_10_f000322.wav|0.3216
./fake/en/VoXtream2/midnight_passenger_07_f000254.wav|en_US/by_book/female/mary_ann/midnight_passenger/wavs/midnight_passenger_07_f000254.wav|en|True|2.960|unknown|VoXtream2|VoXtream|He instinctively gripped his revolver.|en_US/by_book/female/mary_ann/northandsouth/wavs/northandsouth_37_f000007.wav|0.5335
./fake/en/VoXtream2/northandsouth_30_f000047.wav|en_US/by_book/female/mary_ann/northandsouth/wavs/northandsouth_30_f000047.wav|en|True|2.240|unknown|VoXtream2|VoXtream|Call her Margaret! gasped  Missis Hale.|en_US/by_book/female/mary_ann/northandsouth/wavs/northandsouth_24_f000009.wav|0.1134
./fake/en/VoXtream2/jane_eyre_02_f000115.wav|en_UK/by_book/female/elizabeth_klett/jane_eyre/wavs/jane_eyre_02_f000115.wav|en|True|2.240|unknown|VoXtream2|VoXtream|bending over me with strange pity.|en_US/by_book/female/judy_bieber/ozma_of_oz/wavs/ozma_of_oz_08_f000058.wav|0.4067
./fake/en/VoXtream2/northandsouth_37_f000058.wav|en_US/by_book/female/mary_ann/northandsouth/wavs/northandsouth_37_f000058.wav|en|True|7.600|unknown|VoXtream2|VoXtream|but even any fall in Fredericks opinion was as nothing to the shame, the shrinking shame she felt at the thought of meeting mister Thornton again.|en_US/by_book/male/elliot_miller/poisoned_pen/wavs/poisoned_pen_03_f000022.wav|0.5817
./fake/en/VoXtream2/hunters_space_04_f000081.wav|en_US/by_book/male/elliot_miller/hunters_space/wavs/hunters_space_04_f000081.wav|en|True|11.360|unknown|VoXtream2|VoXtream|The rocks fell just a few feet short of the fleeing, sputtering boat. The huge wave that followed the settling of thousands of tons of stone into the water swiftly picked them up and hurled them through one of the gaps in the seawall.|en_US/by_book/female/mary_ann/midnight_passenger/wavs/midnight_passenger_01_f000141.wav|0.6992
./fake/en/VoXtream2/poisoned_pen_06_f000173.wav|en_US/by_book/male/elliot_miller/poisoned_pen/wavs/poisoned_pen_06_f000173.wav|en|True|3.520|unknown|VoXtream2|VoXtream|We spent about half an hour in the airlock, I should judge.|en_US/by_book/female/mary_ann/midnight_passenger/wavs/midnight_passenger_15_f000105.wav|0.5114
./fake/en/VoXtream2/rinkitink_baum_02_64kb_f000036.wav|en_US/by_book/female/judy_bieber/rinkitink_in_oz/wavs/rinkitink_baum_02_64kb_f000036.wav|en|True|3.760|unknown|VoXtream2|VoXtream|Ran away! exclaimed King Kitticut in surprise.|en_US/by_book/female/mary_ann/midnight_passenger/wavs/midnight_passenger_14_f000273.wav|0.5349
./fake/en/VoXtream2/pink_fairy_book_26_f000043.wav|en_US/by_book/male/elliot_miller/pink_fairy_book/wavs/pink_fairy_book_26_f000043.wav|en|True|10.640|unknown|VoXtream2|VoXtream|But he answered, I cannot become your husband yet, for I have still far to travel. But wait for me seven years and seven months.|en_US/by_book/male/elliot_miller/pink_fairy_book/wavs/pink_fairy_book_40_f000141.wav|0.7264
./fake/en/VoXtream2/poisoned_pen_09_f000088.wav|en_US/by_book/male/elliot_miller/poisoned_pen/wavs/poisoned_pen_09_f000088.wav|en|True|5.680|unknown|VoXtream2|VoXtream|And Madame de Nevers's maid? What has become of her? asked Kennedy eagerly.|en_UK/by_book/female/elizabeth_klett/wives_and_daughters/wavs/wives_and_daughters_17_f000115.wav|0.6809
./fake/en/VoXtream2/hunters_space_03_f000082.wav|en_US/by_book/male/elliot_miller/hunters_space/wavs/hunters_space_03_f000082.wav|en|True|9.920|unknown|VoXtream2|VoXtream|Grim Hagen took his choice of our treasures. He stole our princess, and he killed millions. We are going after him, even if he drives to the edge of space.|en_US/by_book/female/mary_ann/northandsouth/wavs/northandsouth_47_f000091.wav|0.8211
./fake/en/VoXtream2/silent_bullet_11_f000253.wav|en_US/by_book/male/elliot_miller/silent_bullet/wavs/silent_bullet_11_f000253.wav|en|True|5.040|unknown|VoXtream2|VoXtream|and already had a copy of Il Progresso in which he had hidden the money between the sheets.|en_UK/by_book/female/elizabeth_klett/jane_eyre/wavs/jane_eyre_37_f000012.wav|0.6893
./fake/en/VoXtream2/the_master_key_03_f000067.wav|en_US/by_book/female/judy_bieber/the_master_key/wavs/the_master_key_03_f000067.wav|en|True|2.720|unknown|VoXtream2|VoXtream|Attraction of gravitation, said Rob, promptly.|en_US/by_book/male/elliot_miller/poisoned_pen/wavs/poisoned_pen_01_f000112.wav|-0.0803
./fake/en/VoXtream2/poisoned_pen_02_f000207.wav|en_US/by_book/male/elliot_miller/poisoned_pen/wavs/poisoned_pen_02_f000207.wav|en|True|12.800|unknown|VoXtream2|VoXtream|I saw Delarue after the performance last night, went on Kennedy inexorably. I was not seen, but I saw, and he was with  She was pacing the room now in unsuppressed excitement.|en_US/by_book/male/elliot_miller/pirates_of_ersatz/wavs/piratesofersatz_08_leinster_64kb_f000153.wav|0.6844
./fake/en/VoXtream2/midnight_passenger_13_f000185.wav|en_US/by_book/female/mary_ann/midnight_passenger/wavs/midnight_passenger_13_f000185.wav|en|True|5.200|unknown|VoXtream2|VoXtream|The other woman is innocent of the murder, and was only a handsome stoolpigeon!|en_US/by_book/male/elliot_miller/silent_bullet/wavs/silent_bullet_03_f000264.wav|0.6700
./fake/en/VoXtream2/hunters_space_11_f000115.wav|en_US/by_book/male/elliot_miller/hunters_space/wavs/hunters_space_11_f000115.wav|en|True|9.200|unknown|VoXtream2|VoXtream|Odin felt his muscles harden as though a hundred charleyhorses had struck him at once. He froze, and out of the corner of his eye he saw Gunnar standing like a statue,|en_UK/by_book/female/elizabeth_klett/wives_and_daughters/wavs/wives_and_daughters_59_f000013.wav|0.3339
./fake/en/VoXtream2/pink_fairy_book_19_f000066.wav|en_US/by_book/male/elliot_miller/pink_fairy_book/wavs/pink_fairy_book_19_f000066.wav|en|True|6.720|unknown|VoXtream2|VoXtream|So he raged and swore, but it did him no good. The fact remained that he had killed his wife and could not bring her back again.|en_UK/by_book/female/elizabeth_klett/jane_eyre/wavs/jane_eyre_08_f000002.wav|0.1129
./fake/en/VoXtream2/northandsouth_51_f000093.wav|en_US/by_book/female/mary_ann/northandsouth/wavs/northandsouth_51_f000093.wav|en|True|11.200|unknown|VoXtream2|VoXtream|Yet, even with all these drawbacks, I felt that I was on the right path, and that, starting from a kind of friendship with one, I was becoming acquainted with many.|en_US/by_book/male/elliot_miller/silent_bullet/wavs/silent_bullet_13_f000068.wav|0.6753
./fake/en/VoXtream2/poisoned_pen_03_f000118.wav|en_US/by_book/male/elliot_miller/poisoned_pen/wavs/poisoned_pen_03_f000118.wav|en|True|3.120|unknown|VoXtream2|VoXtream|and apparently debating with himself what to do with it.|en_US/by_book/female/judy_bieber/the_master_key/wavs/the_master_key_17_f000032.wav|0.4817
./fake/en/VoXtream2/silent_bullet_10_f000176.wav|en_US/by_book/male/elliot_miller/silent_bullet/wavs/silent_bullet_10_f000176.wav|en|True|5.280|unknown|VoXtream2|VoXtream|I heard the wireless operator cursing the way his receiver was acting.|en_US/by_book/female/judy_bieber/dorothy_and_wizard_oz/wavs/dorothy_and_wizard_oz_03_f000086.wav|0.7385
./fake/en/VoXtream2/jane_eyre_16_f000114.wav|en_UK/by_book/female/elizabeth_klett/jane_eyre/wavs/jane_eyre_16_f000114.wav|en|True|8.320|unknown|VoXtream2|VoXtream|Thither I repaired, glad at least to go downstairs for that brought me, I imagined, nearer to Mister Rochester's presence.|en_US/by_book/female/mary_ann/midnight_passenger/wavs/midnight_passenger_14_f000180.wav|0.7733
./fake/en/VoXtream2/wives_and_daughters_54_f000215.wav|en_UK/by_book/female/elizabeth_klett/wives_and_daughters/wavs/wives_and_daughters_54_f000215.wav|en|True|9.360|unknown|VoXtream2|VoXtream|She listened, too, with the semblance, if not the reality, of unwearied interest, to Molly's continual recurrence to all the time of distress and sorrow at Hamley Hall,|en_UK/by_book/female/elizabeth_klett/wives_and_daughters/wavs/wives_and_daughters_26_f000233.wav|0.7375
./fake/en/VoXtream2/wives_and_daughters_43_f000181.wav|en_UK/by_book/female/elizabeth_klett/wives_and_daughters/wavs/wives_and_daughters_43_f000181.wav|en|True|2.640|unknown|VoXtream2|VoXtream|And yet he thinks he loves you!|en_US/by_book/female/judy_bieber/emerald_city_of_oz/wavs/emerald_city_of_oz_14_f000026.wav|0.2224
./fake/en/VoXtream2/northandsouth_22_f000055.wav|en_US/by_book/female/mary_ann/northandsouth/wavs/northandsouth_22_f000055.wav|en|True|2.480|unknown|VoXtream2|VoXtream|But it is not themit is me they want.|en_US/by_book/female/mary_ann/midnight_passenger/wavs/midnight_passenger_04_f000261.wav|0.3642
./fake/en/VoXtream2/ozma_of_oz_08_f000035.wav|en_US/by_book/female/judy_bieber/ozma_of_oz/wavs/ozma_of_oz_08_f000035.wav|en|True|7.760|unknown|VoXtream2|VoXtream|But the Lion is not really cowardly, said Dorothy. I have seen him act as bravely as can be.|en_US/by_book/female/mary_ann/northandsouth/wavs/northandsouth_49_f000042.wav|0.5069
./fake/en/VoXtream2/jane_eyre_32_f000093.wav|en_UK/by_book/female/elizabeth_klett/jane_eyre/wavs/jane_eyre_32_f000093.wav|en|True|4.960|unknown|VoXtream2|VoXtream|Indeed, cried Rosamond, she is clever enough to be a governess in a high family, papa.|en_US/by_book/female/mary_ann/northandsouth/wavs/northandsouth_41_f000062.wav|0.5108
./fake/en/VoXtream2/northandsouth_04_f000047.wav|en_US/by_book/female/mary_ann/northandsouth/wavs/northandsouth_04_f000047.wav|en|True|8.560|unknown|VoXtream2|VoXtream|Margaret had imagined nothing less than that some of the preferments which her mother so much desired had befallen her father at lastsomething that would force him to leave beautiful,|en_US/by_book/female/judy_bieber/the_master_key/wavs/the_master_key_20_f000011.wav|0.0252
./fake/en/VoXtream2/wives_and_daughters_44_f000103.wav|en_UK/by_book/female/elizabeth_klett/wives_and_daughters/wavs/wives_and_daughters_44_f000103.wav|en|True|5.600|unknown|VoXtream2|VoXtream|She did like me once, and made promises which she will find it requires the consent of two people to break.|en_US/by_book/female/mary_ann/northandsouth/wavs/northandsouth_07_f000143.wav|0.0022
./fake/en/VoXtream2/jane_eyre_17_f000233.wav|en_UK/by_book/female/elizabeth_klett/jane_eyre/wavs/jane_eyre_17_f000233.wav|en|True|7.120|unknown|VoXtream2|VoXtream|As far as person went, she answered point for point, both to my picture and Missis Fairfax's description.|en_US/by_book/female/mary_ann/northandsouth/wavs/northandsouth_45_f000059.wav|0.7592
./fake/en/VoXtream2/skyisland_18_baum_64kb_f000042.wav|en_US/by_book/female/judy_bieber/sky_island/wavs/skyisland_18_baum_64kb_f000042.wav|en|True|10.960|unknown|VoXtream2|VoXtream|So the question is, what's to be done? We ought to get home, observed the boy. Our folks will worry about us, and Earth's the best place to live, after all.|en_UK/by_book/female/elizabeth_klett/jane_eyre/wavs/jane_eyre_17_f000152.wav|0.7564
./fake/en/VoXtream2/the_sea_fairies_14_f000012.wav|en_US/by_book/female/judy_bieber/the_sea_fairies/wavs/the_sea_fairies_14_f000012.wav|en|True|6.080|unknown|VoXtream2|VoXtream|Beside a pretty dressing table hung a bell cord with a tassel at the end.|en_US/by_book/female/judy_bieber/ozma_of_oz/wavs/ozma_of_oz_11_f000006.wav|0.6430
./fake/en/VoXtream2/wives_and_daughters_31_f000040.wav|en_UK/by_book/female/elizabeth_klett/wives_and_daughters/wavs/wives_and_daughters_31_f000040.wav|en|True|10.240|unknown|VoXtream2|VoXtream|He was even unrefined enough to speak of these invitations to his intimate friends aforesaid as those old women's worrying, but, of course, they never heard of this.|en_US/by_book/female/judy_bieber/ozma_of_oz/wavs/ozma_of_oz_15_f000057.wav|0.7826
./fake/en/VoXtream2/emerald_city_of_oz_01_f000028.wav|en_US/by_book/female/judy_bieber/emerald_city_of_oz/wavs/emerald_city_of_oz_01_f000028.wav|en|True|2.160|unknown|VoXtream2|VoXtream|You are a fool! he exclaimed.|en_US/by_book/male/elliot_miller/poisoned_pen/wavs/poisoned_pen_07_f000352.wav|0.1240
./fake/en/VoXtream2/hunters_space_13_f000035.wav|en_US/by_book/male/elliot_miller/hunters_space/wavs/hunters_space_13_f000035.wav|en|True|11.760|unknown|VoXtream2|VoXtream|Nothing was still. The forges of space were whitehot. As they sped toward this sun, they passed two planets, perilously close together, pelting each other with splashing gobs and spears of flame and slag.|en_US/by_book/female/mary_ann/midnight_passenger/wavs/midnight_passenger_06_f000060.wav|0.7105
./fake/en/VoXtream2/skyisland_08_baum_64kb_f000047.wav|en_US/by_book/female/judy_bieber/sky_island/wavs/skyisland_08_baum_64kb_f000047.wav|en|True|9.680|unknown|VoXtream2|VoXtream|Perhaps if GhipGhisizzle, who was their favorite, had not been present, they would have mobbed our friends with vicious illwill and might have seriously injured them.|en_US/by_book/female/mary_ann/northandsouth/wavs/northandsouth_48_f000052.wav|0.4160
./fake/en/VoXtream2/wives_and_daughters_38_f000026.wav|en_UK/by_book/female/elizabeth_klett/wives_and_daughters/wavs/wives_and_daughters_38_f000026.wav|en|True|4.400|unknown|VoXtream2|VoXtream|These changes in humour and disposition, here described all at once,|en_UK/by_book/female/elizabeth_klett/jane_eyre/wavs/jane_eyre_13_f000131.wav|0.7451
./fake/en/VoXtream2/emerald_city_of_oz_03_f000046.wav|en_US/by_book/female/judy_bieber/emerald_city_of_oz/wavs/emerald_city_of_oz_03_f000046.wav|en|True|9.840|unknown|VoXtream2|VoXtream|When the first loving kisses and embraces had been exchanged, the fair Ruler inquired What is the matter, dear? I know something unpleasant has happened to you,|en_US/by_book/male/elliot_miller/poisoned_pen/wavs/poisoned_pen_11_f000213.wav|0.0780
./fake/en/VoXtream2/silent_bullet_10_f000087.wav|en_US/by_book/male/elliot_miller/silent_bullet/wavs/silent_bullet_10_f000087.wav|en|True|8.960|unknown|VoXtream2|VoXtream|The fresh air of the morning came with a stinging rush to my face. Below I could see the earth sweeping past as if it were a movingpicture film.|en_US/by_book/female/judy_bieber/emerald_city_of_oz/wavs/emerald_city_of_oz_10_f000082.wav|0.8179
./fake/en/VoXtream2/poisoned_pen_07_f000326.wav|en_US/by_book/male/elliot_miller/poisoned_pen/wavs/poisoned_pen_07_f000326.wav|en|True|7.040|unknown|VoXtream2|VoXtream|Just as the door opened he managed to slip the brush into his pocket and appear interested in the mystic symbols on the wall opposite.|en_UK/by_book/female/elizabeth_klett/wives_and_daughters/wavs/wives_and_daughters_40_f000043.wav|0.7229
./fake/en/VoXtream2/poisoned_pen_07_f000202.wav|en_US/by_book/male/elliot_miller/poisoned_pen/wavs/poisoned_pen_07_f000202.wav|en|True|7.120|unknown|VoXtream2|VoXtream|Sure enough, he addressed us solemnly by name and proceeded directly to tell us why we had come.|en_US/by_book/female/judy_bieber/the_sea_fairies/wavs/the_sea_fairies_16_f000074.wav|0.2122
./fake/en/VoXtream2/wives_and_daughters_33_f000099.wav|en_UK/by_book/female/elizabeth_klett/wives_and_daughters/wavs/wives_and_daughters_33_f000099.wav|en|True|5.200|unknown|VoXtream2|VoXtream|I'm not going to take offence, said Mister Gibson, but let us understand each other clearly.|en_US/by_book/female/judy_bieber/dorothy_and_wizard_oz/wavs/dorothy_and_wizard_oz_10_f000057.wav|0.7843
./fake/en/VoXtream2/piratesofersatz_08_leinster_64kb_f000163.wav|en_US/by_book/male/elliot_miller/pirates_of_ersatz/wavs/piratesofersatz_08_leinster_64kb_f000163.wav|en|True|7.360|unknown|VoXtream2|VoXtream|But a switch cut out certain elements of the Lawlor unit and cut in those others which made the modified driveunit into a ball lightning projector.|en_US/by_book/male/elliot_miller/hunters_space/wavs/hunters_space_05_f000114.wav|0.6098
./fake/en/VoXtream2/the_master_key_15_f000003.wav|en_US/by_book/female/judy_bieber/the_master_key/wavs/the_master_key_15_f000003.wav|en|True|14.400|unknown|VoXtream2|VoXtream|Our young adventurer never experienced a more grateful feeling of relief and security than when he found himself once more high in the air, alone, and in undisputed possession of the electrical devices bestowed upon him by the Demon.|en_US/by_book/female/mary_ann/northandsouth/wavs/northandsouth_42_f000178.wav|0.8354
./fake/en/VoXtream2/jane_eyre_22_f000122.wav|en_UK/by_book/female/elizabeth_klett/jane_eyre/wavs/jane_eyre_22_f000122.wav|en|True|4.000|unknown|VoXtream2|VoXtream|Leah smiled, and even Sophie bid me bon soir with glee.|en_US/by_book/male/elliot_miller/pink_fairy_book/wavs/pink_fairy_book_26_f000122.wav|0.5755
./fake/en/VoXtream2/midnight_passenger_03_f000204.wav|en_US/by_book/female/mary_ann/midnight_passenger/wavs/midnight_passenger_03_f000204.wav|en|True|9.360|unknown|VoXtream2|VoXtream|To him alone was entrusted the traffic in slops and the flimsy produce of the soda fountain, to him the drudgery of the illicit Sunday liquor trade,|en_US/by_book/female/judy_bieber/sky_island/wavs/skyisland_11_baum_64kb_f000042.wav|0.8029
./fake/en/VoXtream2/midnight_passenger_10_f000122.wav|en_US/by_book/female/mary_ann/midnight_passenger/wavs/midnight_passenger_10_f000122.wav|en|True|5.840|unknown|VoXtream2|VoXtream|Punish Hugh, follow up and defeat Ferris, and win my birthright for Francine Delacroix.|en_US/by_book/male/elliot_miller/pink_fairy_book/wavs/pink_fairy_book_23_f000039.wav|0.1806
./fake/en/VoXtream2/the_master_key_05_f000060.wav|en_US/by_book/female/judy_bieber/the_master_key/wavs/the_master_key_05_f000060.wav|en|True|4.880|unknown|VoXtream2|VoXtream|Don't know poison, returned the chief, much perplexed to understand him.|en_US/by_book/female/mary_ann/northandsouth/wavs/northandsouth_21_f000111.wav|0.7934
./fake/en/VoXtream2/rinkitink_baum_14_64kb_f000066.wav|en_US/by_book/female/judy_bieber/rinkitink_in_oz/wavs/rinkitink_baum_14_64kb_f000066.wav|en|True|8.640|unknown|VoXtream2|VoXtream|But the song isn't finished, replied Rinkitink, and as for your head aching, think of poor Ned, who hadn't any head at all!|en_US/by_book/female/judy_bieber/sky_island/wavs/skyisland_08_baum_64kb_f000060.wav|0.8041
./fake/en/VoXtream2/pink_fairy_book_05_f000015.wav|en_US/by_book/male/elliot_miller/pink_fairy_book/wavs/pink_fairy_book_05_f000015.wav|en|True|7.520|unknown|VoXtream2|VoXtream|there arose a fierce whirlwind, which shattered his boat to pieces, and she was sucked under by the waves.|en_US/by_book/female/judy_bieber/the_master_key/wavs/the_master_key_03_f000067.wav|0.5412
./fake/en/VoXtream2/hunters_space_06_f000077.wav|en_US/by_book/male/elliot_miller/hunters_space/wavs/hunters_space_06_f000077.wav|en|True|6.480|unknown|VoXtream2|VoXtream|The ends almost brushed the ground, but it was so warm that he soon had to roll it up and carry it with him.|en_UK/by_book/female/elizabeth_klett/wives_and_daughters/wavs/wives_and_daughters_01_f000059.wav|0.7550
./fake/en/VoXtream2/wives_and_daughters_47_f000155.wav|en_UK/by_book/female/elizabeth_klett/wives_and_daughters/wavs/wives_and_daughters_47_f000155.wav|en|True|7.840|unknown|VoXtream2|VoXtream|But she had not the long habit of reverence for Miss Browning which would have kept so many Hollingford ladies from justifying themselves if she found fault.|en_UK/by_book/female/elizabeth_klett/wives_and_daughters/wavs/wives_and_daughters_48_f000126.wav|0.7520
./fake/en/VoXtream2/skyisland_16_baum_64kb_f000031.wav|en_US/by_book/female/judy_bieber/sky_island/wavs/skyisland_16_baum_64kb_f000031.wav|en|True|11.920|unknown|VoXtream2|VoXtream|ButtonBright was greatly astonished to see in this vision how the Boolooroo had tested the Magic Umbrella and in a fit of rage cast it into a corner underneath the cabinet,|en_US/by_book/female/mary_ann/northandsouth/wavs/northandsouth_43_f000178.wav|0.7157
./fake/en/VoXtream2/wives_and_daughters_10_f000279.wav|en_UK/by_book/female/elizabeth_klett/wives_and_daughters/wavs/wives_and_daughters_10_f000279.wav|en|True|8.800|unknown|VoXtream2|VoXtream|My sermons aren't long, are they? Have they given you an appetite for lunch? Sermons always make me hungry, I know.|en_US/by_book/female/judy_bieber/ozma_of_oz/wavs/ozma_of_oz_16_f000010.wav|0.7554
./fake/en/VoXtream2/poisoned_pen_11_f000077.wav|en_US/by_book/male/elliot_miller/poisoned_pen/wavs/poisoned_pen_11_f000077.wav|en|True|13.360|unknown|VoXtream2|VoXtream|That's true, replied the old man bitterly, and more than that I don't care. Is that all you see? That's nothing new. No, unfortunately, that is not all I see.|en_US/by_book/female/judy_bieber/the_sea_fairies/wavs/the_sea_fairies_13_f000075.wav|0.1541
./fake/en/VoXtream2/poisoned_pen_07_f000004.wav|en_US/by_book/male/elliot_miller/poisoned_pen/wavs/poisoned_pen_07_f000004.wav|en|True|8.640|unknown|VoXtream2|VoXtream|It was a much agitated middleaged couple who entered as Craig threw open the door. Of our two visitors, the woman attracted my attention first,|en_UK/by_book/female/elizabeth_klett/wives_and_daughters/wavs/wives_and_daughters_41_f000207.wav|0.6425
./fake/en/VoXtream2/northandsouth_40_f000091.wav|en_US/by_book/female/mary_ann/northandsouth/wavs/northandsouth_40_f000091.wav|en|True|9.280|unknown|VoXtream2|VoXtream|we retain much of their language we retain more of their spirit we do not look upon life as a time for enjoyment, but as a time for action and exertion.|en_US/by_book/male/elliot_miller/pink_fairy_book/wavs/pink_fairy_book_14_f000175.wav|0.6759
./fake/en/VoXtream2/wives_and_daughters_32_f000123.wav|en_UK/by_book/female/elizabeth_klett/wives_and_daughters/wavs/wives_and_daughters_32_f000123.wav|en|True|4.560|unknown|VoXtream2|VoXtream|I can't have any one else coming in. Tell Maria to say I'm not at home.|en_US/by_book/female/judy_bieber/dorothy_and_wizard_oz/wavs/dorothy_and_wizard_oz_11_f000093.wav|0.7832
./fake/en/VoXtream2/jane_eyre_26_f000194.wav|en_UK/by_book/female/elizabeth_klett/jane_eyre/wavs/jane_eyre_26_f000194.wav|en|True|8.720|unknown|VoXtream2|VoXtream|And now I thought till now I had only heard, seen, moved  followed up and down where I was led or dragged  watched event rush on event,|en_UK/by_book/female/elizabeth_klett/jane_eyre/wavs/jane_eyre_04_f000061.wav|0.7102
./fake/en/VoXtream2/dorothy_and_wizard_oz_09_f000015.wav|en_US/by_book/female/judy_bieber/dorothy_and_wizard_oz/wavs/dorothy_and_wizard_oz_09_f000015.wav|en|True|10.480|unknown|VoXtream2|VoXtream|They came to her willingly, and Dorothy passed her hands over their faces and forms and decided one was a girl of about her own age and the other a boy somewhat smaller.|en_US/by_book/female/judy_bieber/dorothy_and_wizard_oz/wavs/dorothy_and_wizard_oz_15_f000008.wav|0.7227
./fake/en/VoXtream2/wives_and_daughters_19_f000064.wav|en_UK/by_book/female/elizabeth_klett/wives_and_daughters/wavs/wives_and_daughters_19_f000064.wav|en|True|6.800|unknown|VoXtream2|VoXtream|and her longshaped, serious grey eyes were fringed with dark lashes, instead of her mother's insipid flaxen ones.|en_US/by_book/male/elliot_miller/pink_fairy_book/wavs/pink_fairy_book_28_f000039.wav|0.7847
./fake/en/VoXtream2/piratesofersatz_02_leinster_64kb_f000049.wav|en_US/by_book/male/elliot_miller/pirates_of_ersatz/wavs/piratesofersatz_02_leinster_64kb_f000049.wav|en|True|5.680|unknown|VoXtream2|VoXtream|So you'll never be able to walk the streets of this planet again in safety. You've scared people.|en_US/by_book/female/judy_bieber/the_sea_fairies/wavs/the_sea_fairies_10_f000094.wav|0.8605
./fake/en/VoXtream2/wives_and_daughters_10_f000104.wav|en_UK/by_book/female/elizabeth_klett/wives_and_daughters/wavs/wives_and_daughters_10_f000104.wav|en|True|7.200|unknown|VoXtream2|VoXtream|Nor should I like it, he added. It would be very flat and stagnant to have only an echo of one's own opinions from one's wife.|en_UK/by_book/female/elizabeth_klett/wives_and_daughters/wavs/wives_and_daughters_08_f000162.wav|0.7281
./fake/en/VoXtream2/emerald_city_of_oz_09_f000022.wav|en_US/by_book/female/judy_bieber/emerald_city_of_oz/wavs/emerald_city_of_oz_09_f000022.wav|en|True|8.480|unknown|VoXtream2|VoXtream|The escort included Omby Amby, the Captain General of Ozma's army, which consisted merely of twentyseven officers besides the Captain General.|en_UK/by_book/female/elizabeth_klett/wives_and_daughters/wavs/wives_and_daughters_09_f000113.wav|0.6551
./fake/en/VoXtream2/northandsouth_47_f000066.wav|en_US/by_book/female/mary_ann/northandsouth/wavs/northandsouth_47_f000066.wav|en|True|10.960|unknown|VoXtream2|VoXtream|Secondly, she did not like being so easily taken at her word she had, with all her terror, a lurking curiosity about Spain, the Inquisition, and Popish mysteries.|en_UK/by_book/female/elizabeth_klett/jane_eyre/wavs/jane_eyre_28_f000274.wav|0.6565
./fake/en/VoXtream2/dorothy_and_wizard_oz_11_f000023.wav|en_US/by_book/female/judy_bieber/dorothy_and_wizard_oz/wavs/dorothy_and_wizard_oz_11_f000023.wav|en|True|5.440|unknown|VoXtream2|VoXtream|So the piglets will be perfectly safe, hereafter, as far as I am concerned.|en_US/by_book/male/elliot_miller/pink_fairy_book/wavs/pink_fairy_book_10_f000143.wav|0.7622
./fake/en/VoXtream2/jane_eyre_05_f000265.wav|en_UK/by_book/female/elizabeth_klett/jane_eyre/wavs/jane_eyre_05_f000265.wav|en|True|4.480|unknown|VoXtream2|VoXtream|I wonder what sort of a girl she is  whether good or naughty.|en_UK/by_book/female/elizabeth_klett/wives_and_daughters/wavs/wives_and_daughters_32_f000020.wav|0.6200
./fake/en/VoXtream2/northandsouth_40_f000110.wav|en_US/by_book/female/mary_ann/northandsouth/wavs/northandsouth_40_f000110.wav|en|True|9.360|unknown|VoXtream2|VoXtream|She tried to change the conversation from a subject about which one party cared little, while, to the other, it was deeply, because personally, interesting.|en_US/by_book/male/elliot_miller/pink_fairy_book/wavs/pink_fairy_book_14_f000172.wav|0.7775
./fake/en/VoXtream2/piratesofersatz_03_leinster_64kb_f000100.wav|en_US/by_book/male/elliot_miller/pirates_of_ersatz/wavs/piratesofersatz_03_leinster_64kb_f000100.wav|en|True|2.800|unknown|VoXtream2|VoXtream|You should plot at your art. You may go far!|en_UK/by_book/female/elizabeth_klett/wives_and_daughters/wavs/wives_and_daughters_46_f000042.wav|0.2472
./fake/en/VoXtream2/wives_and_daughters_40_f000146.wav|en_UK/by_book/female/elizabeth_klett/wives_and_daughters/wavs/wives_and_daughters_40_f000146.wav|en|True|7.840|unknown|VoXtream2|VoXtream|Then she said It wouldn't be such a very bad match after all, sister. She spoke very meekly, awaiting her sister's sanction to her opinion.|en_US/by_book/female/judy_bieber/the_sea_fairies/wavs/the_sea_fairies_07_f000065.wav|0.1573
./fake/en/VoXtream2/wives_and_daughters_07_f000066.wav|en_UK/by_book/female/elizabeth_klett/wives_and_daughters/wavs/wives_and_daughters_07_f000066.wav|en|True|8.560|unknown|VoXtream2|VoXtream|Thank you. If you hadn't been so kind to my little girl, I might be tempted to say something rude in answer to your last speech.|en_US/by_book/female/judy_bieber/the_master_key/wavs/the_master_key_10_f000043.wav|0.8033
./fake/en/VoXtream2/wives_and_daughters_07_f000030.wav|en_UK/by_book/female/elizabeth_klett/wives_and_daughters/wavs/wives_and_daughters_07_f000030.wav|en|True|11.040|unknown|VoXtream2|VoXtream|Missis Hamley seems very fond of her, and the child is looking happy, and stronger in health. I'll ride round by Hamley today at any rate, and see how the land lies.|en_US/by_book/female/judy_bieber/the_master_key/wavs/the_master_key_10_f000007.wav|0.8011
./fake/en/VoXtream2/jane_eyre_07_f000153.wav|en_UK/by_book/female/elizabeth_klett/jane_eyre/wavs/jane_eyre_07_f000153.wav|en|True|7.760|unknown|VoXtream2|VoXtream|Who would think that the Evil One had already found a servant and agent in her? Yet such, I grieve to say, is the case.|en_US/by_book/male/elliot_miller/hunters_space/wavs/hunters_space_04_f000061.wav|0.6691
./fake/en/VoXtream2/northandsouth_41_f000191.wav|en_US/by_book/female/mary_ann/northandsouth/wavs/northandsouth_41_f000191.wav|en|True|6.080|unknown|VoXtream2|VoXtream|and shortly tears stole out between his grizzled eyelashes, at the feeling of which he opened his keen eyes,|en_US/by_book/male/elliot_miller/silent_bullet/wavs/silent_bullet_10_f000172.wav|0.7482
./fake/en/VoXtream2/dorothy_and_wizard_oz_05_f000054.wav|en_US/by_book/female/judy_bieber/dorothy_and_wizard_oz/wavs/dorothy_and_wizard_oz_05_f000054.wav|en|True|1.680|unknown|VoXtream2|VoXtream|They can actually talk!|en_US/by_book/female/judy_bieber/rinkitink_in_oz/wavs/rinkitink_baum_08_64kb_f000006.wav|0.0415
./fake/en/VoXtream2/jane_eyre_04_f000154.wav|en_UK/by_book/female/elizabeth_klett/jane_eyre/wavs/jane_eyre_04_f000154.wav|en|True|3.280|unknown|VoXtream2|VoXtream|she then proceeded to carry on the conversation herself.|en_US/by_book/female/mary_ann/midnight_passenger/wavs/midnight_passenger_13_f000186.wav|0.5815
./fake/en/VoXtream2/wives_and_daughters_45_f000158.wav|en_UK/by_book/female/elizabeth_klett/wives_and_daughters/wavs/wives_and_daughters_45_f000158.wav|en|True|7.040|unknown|VoXtream2|VoXtream|I don't think it's a very happy place after all. So Cynthia is gone to London? he added, after a pause.|en_US/by_book/female/mary_ann/northandsouth/wavs/northandsouth_35_f000267.wav|0.7164
./fake/en/VoXtream2/northandsouth_17_f000106.wav|en_US/by_book/female/mary_ann/northandsouth/wavs/northandsouth_17_f000106.wav|en|True|2.640|unknown|VoXtream2|VoXtream|I wish Id letten myself be choked first.|en_UK/by_book/female/elizabeth_klett/wives_and_daughters/wavs/wives_and_daughters_46_f000098.wav|0.2865
./fake/en/VoXtream2/northandsouth_50_f000042.wav|en_US/by_book/female/mary_ann/northandsouth/wavs/northandsouth_50_f000042.wav|en|True|10.800|unknown|VoXtream2|VoXtream|simply because it led him into such close contact, and gave him the opportunity of so much power, among a race of people strange, shrewd, ignorant|en_US/by_book/female/judy_bieber/the_sea_fairies/wavs/the_sea_fairies_03_f000057.wav|0.8576
./fake/en/VoXtream2/emerald_city_of_oz_06_f000041.wav|en_US/by_book/female/judy_bieber/emerald_city_of_oz/wavs/emerald_city_of_oz_06_f000041.wav|en|True|2.880|unknown|VoXtream2|VoXtream|but for an evil deed they always demand payment.|en_US/by_book/female/mary_ann/midnight_passenger/wavs/midnight_passenger_05_f000018.wav|0.4252
./fake/en/VoXtream2/wives_and_daughters_39_f000008.wav|en_UK/by_book/female/elizabeth_klett/wives_and_daughters/wavs/wives_and_daughters_39_f000008.wav|en|True|7.840|unknown|VoXtream2|VoXtream|Never had any one more than Cynthia the power spoken of by Goldsmith when he wrote He threw off his friends like a huntsman his pack,|en_US/by_book/female/judy_bieber/the_sea_fairies/wavs/the_sea_fairies_14_f000032.wav|0.1102
./fake/en/VoXtream2/wives_and_daughters_19_f000197.wav|en_UK/by_book/female/elizabeth_klett/wives_and_daughters/wavs/wives_and_daughters_19_f000197.wav|en|True|10.720|unknown|VoXtream2|VoXtream|All the time she worked, she sang she had a sweet voice in singing, as well as in speaking, and used to run up and down her gay French chansons without any difficulty|en_UK/by_book/female/elizabeth_klett/wives_and_daughters/wavs/wives_and_daughters_38_f000086.wav|0.7147
./fake/en/VoXtream2/piratesofersatz_04_leinster_64kb_f000144.wav|en_US/by_book/male/elliot_miller/pirates_of_ersatz/wavs/piratesofersatz_04_leinster_64kb_f000144.wav|en|True|4.240|unknown|VoXtream2|VoXtream|My chieftain, said Thal tremulously, do we depart, too?|en_US/by_book/female/judy_bieber/sky_island/wavs/skyisland_09_baum_64kb_f000043.wav|0.7441
./fake/en/VoXtream2/hunters_space_11_f000104.wav|en_US/by_book/male/elliot_miller/hunters_space/wavs/hunters_space_11_f000104.wav|en|True|8.240|unknown|VoXtream2|VoXtream|Odin set Maya's feet upon the floor. Still holding her with one arm, he drew his sword and made ready to stand beside Gunnar.|en_US/by_book/female/judy_bieber/dorothy_and_wizard_oz/wavs/dorothy_and_wizard_oz_15_f000008.wav|0.7589
./fake/en/VoXtream2/midnight_passenger_11_f000199.wav|en_US/by_book/female/mary_ann/midnight_passenger/wavs/midnight_passenger_11_f000199.wav|en|True|3.520|unknown|VoXtream2|VoXtream|Then, find his murderers! solemnly said the rebellious wife.|en_US/by_book/male/elliot_miller/hunters_space/wavs/hunters_space_04_f000081.wav|0.5572
./fake/en/VoXtream2/jane_eyre_09_f000014.wav|en_UK/by_book/female/elizabeth_klett/jane_eyre/wavs/jane_eyre_09_f000014.wav|en|True|7.520|unknown|VoXtream2|VoXtream|I discovered, too, that a great pleasure, an enjoyment which the horizon only bounded, lay all outside the high and spikeguarded walls of our garden|en_UK/by_book/female/elizabeth_klett/wives_and_daughters/wavs/wives_and_daughters_17_f000174.wav|0.5261
./fake/en/VoXtream2/wives_and_daughters_27_f000134.wav|en_UK/by_book/female/elizabeth_klett/wives_and_daughters/wavs/wives_and_daughters_27_f000134.wav|en|True|7.920|unknown|VoXtream2|VoXtream|If his vanity had met with a check, or his worthy desires for college honours had been disappointed, he knew where to go for a comforter|en_US/by_book/male/elliot_miller/pink_fairy_book/wavs/pink_fairy_book_30_f000073.wav|0.6776
./fake/en/VoXtream2/hunters_space_01_f000007.wav|en_US/by_book/male/elliot_miller/hunters_space/wavs/hunters_space_01_f000007.wav|en|True|6.880|unknown|VoXtream2|VoXtream|Adding, here and there, a bit of melody about all the good things that happen to birds and men without their knowing why.|en_US/by_book/male/elliot_miller/poisoned_pen/wavs/poisoned_pen_12_f000008.wav|0.6519
./fake/en/VoXtream2/jane_eyre_37_f000281.wav|en_UK/by_book/female/elizabeth_klett/jane_eyre/wavs/jane_eyre_37_f000281.wav|en|True|2.080|unknown|VoXtream2|VoXtream|Then followed this crossexamination.|en_US/by_book/female/judy_bieber/sky_island/wavs/skyisland_05_baum_64kb_f000088.wav|0.2053
./fake/en/VoXtream2/emerald_city_of_oz_11_f000025.wav|en_US/by_book/female/judy_bieber/emerald_city_of_oz/wavs/emerald_city_of_oz_11_f000025.wav|en|True|5.760|unknown|VoXtream2|VoXtream|and after looking at the intruder very wickedly the scarlet alligator closed its eyelids again and lay still.|en_UK/by_book/female/elizabeth_klett/wives_and_daughters/wavs/wives_and_daughters_26_f000178.wav|0.4197
./fake/en/VoXtream2/piratesofersatz_03_leinster_64kb_f000054.wav|en_US/by_book/male/elliot_miller/pirates_of_ersatz/wavs/piratesofersatz_03_leinster_64kb_f000054.wav|en|True|2.720|unknown|VoXtream2|VoXtream|They left the Embassy dining room together.|en_US/by_book/female/judy_bieber/rinkitink_in_oz/wavs/rinkitink_baum_07_64kb_f000048.wav|0.1330
./fake/en/VoXtream2/northandsouth_13_f000089.wav|en_US/by_book/female/mary_ann/northandsouth/wavs/northandsouth_13_f000089.wav|en|True|13.200|unknown|VoXtream2|VoXtream|and father he were always liking to buy books, and go to lectures o one kind or anotherall which took moneyso I just worked on till I shall neer get the whirr out o my ears,|en_UK/by_book/female/elizabeth_klett/jane_eyre/wavs/jane_eyre_10_f000049.wav|0.7477
./fake/en/VoXtream2/jane_eyre_15_f000039.wav|en_UK/by_book/female/elizabeth_klett/jane_eyre/wavs/jane_eyre_15_f000039.wav|en|True|5.280|unknown|VoXtream2|VoXtream|I like this day I like that sky of steel I like the sternness and stillness of the world under this frost.|en_UK/by_book/female/elizabeth_klett/wives_and_daughters/wavs/wives_and_daughters_32_f000170.wav|0.6437
./fake/en/VoXtream2/jane_eyre_23_f000031.wav|en_UK/by_book/female/elizabeth_klett/jane_eyre/wavs/jane_eyre_23_f000031.wav|en|True|9.680|unknown|VoXtream2|VoXtream|now taking a ripe cherry from the wall now stooping towards a knot of flowers, either to inhale their fragrance or to admire the dewbeads on their petals.|en_UK/by_book/female/elizabeth_klett/jane_eyre/wavs/jane_eyre_08_f000129.wav|0.7740
./fake/en/VoXtream2/pink_fairy_book_34_f000007.wav|en_US/by_book/male/elliot_miller/pink_fairy_book/wavs/pink_fairy_book_34_f000007.wav|en|True|6.400|unknown|VoXtream2|VoXtream|She was spared from all the hardest of the housework, and had always the prettiest clothes to wear.|en_US/by_book/female/mary_ann/northandsouth/wavs/northandsouth_43_f000069.wav|0.6969
./fake/en/VoXtream2/poisoned_pen_06_f000043.wav|en_US/by_book/male/elliot_miller/poisoned_pen/wavs/poisoned_pen_06_f000043.wav|en|True|7.280|unknown|VoXtream2|VoXtream|It's terrible, Miss Taylor, I heard the man with her say soothingly, and you must know that I sympathise with you a great deal.|en_US/by_book/female/mary_ann/northandsouth/wavs/northandsouth_14_f000018.wav|0.5457
./fake/en/VoXtream2/northandsouth_25_f000175.wav|en_US/by_book/female/mary_ann/northandsouth/wavs/northandsouth_25_f000175.wav|en|True|5.120|unknown|VoXtream2|VoXtream|No cords or chains can keep him. In twentytwo days I shall see my boy.|en_US/by_book/male/elliot_miller/pink_fairy_book/wavs/pink_fairy_book_29_f000059.wav|0.6899
./fake/en/VoXtream2/wives_and_daughters_16_f000050.wav|en_UK/by_book/female/elizabeth_klett/wives_and_daughters/wavs/wives_and_daughters_16_f000050.wav|en|True|9.920|unknown|VoXtream2|VoXtream|I do like that Osborne Hamley! What a nice fellow he is! Somehow, I always do like eldest sons.|en_US/by_book/female/judy_bieber/emerald_city_of_oz/wavs/emerald_city_of_oz_10_f000024.wav|0.5072
./fake/en/VoXtream2/silent_bullet_06_f000283.wav|en_US/by_book/male/elliot_miller/silent_bullet/wavs/silent_bullet_06_f000283.wav|en|True|9.440|unknown|VoXtream2|VoXtream|Most inks seem very similar, I suppose, but to a person who has made a study of the chemical composition of ink they are very different.|en_US/by_book/female/judy_bieber/sky_island/wavs/skyisland_13_baum_64kb_f000071.wav|0.0637
./fake/en/VoXtream2/the_sea_fairies_13_f000045.wav|en_US/by_book/female/judy_bieber/the_sea_fairies/wavs/the_sea_fairies_13_f000045.wav|en|True|10.000|unknown|VoXtream2|VoXtream|I have now in my power the queen and princess of the fairy mermaids, as well as two wandering earth people, and I assure you I shall take great pleasure in destroying you utterly.|en_US/by_book/male/elliot_miller/silent_bullet/wavs/silent_bullet_11_f000115.wav|0.6177
./fake/en/VoXtream2/skyisland_19_baum_64kb_f000024.wav|en_US/by_book/female/judy_bieber/sky_island/wavs/skyisland_19_baum_64kb_f000024.wav|en|True|9.360|unknown|VoXtream2|VoXtream|On the third day, just at sunrise, the army moved forward to the Fog Bank, headed by captain Bill, clad in an embroidered pink coat with wide,|en_UK/by_book/female/elizabeth_klett/wives_and_daughters/wavs/wives_and_daughters_34_f000044.wav|0.3959
./fake/en/VoXtream2/northandsouth_48_f000009.wav|en_US/by_book/female/mary_ann/northandsouth/wavs/northandsouth_48_f000009.wav|en|True|5.600|unknown|VoXtream2|VoXtream|and mister Henry Lennox and the sprinkling of rising men who were received as his friends, brought the wit,|en_US/by_book/female/judy_bieber/the_sea_fairies/wavs/the_sea_fairies_07_f000139.wav|0.3282
./fake/en/VoXtream2/silent_bullet_07_f000328.wav|en_US/by_book/male/elliot_miller/silent_bullet/wavs/silent_bullet_07_f000328.wav|en|True|9.840|unknown|VoXtream2|VoXtream|And tomorrow a certified check for one hundred thousand dollars goes to misis Morowitch with my humblest apologies and sympathy, added Andrews.|en_US/by_book/female/mary_ann/northandsouth/wavs/northandsouth_19_f000186.wav|0.7390
./fake/en/VoXtream2/jane_eyre_02_f000048.wav|en_UK/by_book/female/elizabeth_klett/jane_eyre/wavs/jane_eyre_02_f000048.wav|en|True|6.720|unknown|VoXtream2|VoXtream|and in those last words lies the secret of the redroom  the spell which kept it so lonely in spite of its grandeur.|en_US/by_book/female/judy_bieber/the_sea_fairies/wavs/the_sea_fairies_12_f000040.wav|0.7956
./fake/en/VoXtream2/midnight_passenger_07_f000179.wav|en_US/by_book/female/mary_ann/midnight_passenger/wavs/midnight_passenger_07_f000179.wav|en|True|4.640|unknown|VoXtream2|VoXtream|Come at once to Cheyenne. Am leaving here to join you.|en_US/by_book/female/judy_bieber/emerald_city_of_oz/wavs/emerald_city_of_oz_04_f000037.wav|0.3963
./fake/en/VoXtream2/northandsouth_03_f000064.wav|en_US/by_book/female/mary_ann/northandsouth/wavs/northandsouth_03_f000064.wav|en|True|2.960|unknown|VoXtream2|VoXtream|He is so deaf you will hear all our secrets.|en_UK/by_book/female/elizabeth_klett/jane_eyre/wavs/jane_eyre_34_f000454.wav|0.3217
./fake/en/VoXtream2/wives_and_daughters_11_f000142.wav|en_UK/by_book/female/elizabeth_klett/wives_and_daughters/wavs/wives_and_daughters_11_f000142.wav|en|True|3.040|unknown|VoXtream2|VoXtream|Is she like you? I do so want to see her.|en_US/by_book/female/mary_ann/midnight_passenger/wavs/midnight_passenger_05_f000150.wav|0.4288
./fake/en/VoXtream2/wives_and_daughters_59_f000187.wav|en_UK/by_book/female/elizabeth_klett/wives_and_daughters/wavs/wives_and_daughters_59_f000187.wav|en|True|6.960|unknown|VoXtream2|VoXtream|How could she ever repeat what his father had said that morning, and assure him that she, no more than he,|en_US/by_book/male/elliot_miller/poisoned_pen/wavs/poisoned_pen_04_f000209.wav|0.7145
./fake/en/VoXtream2/northandsouth_02_f000036.wav|en_US/by_book/female/mary_ann/northandsouth/wavs/northandsouth_02_f000036.wav|en|True|6.000|unknown|VoXtream2|VoXtream|I never understood it from Aunt Shaw I only knew he could not come back to England because of that terrible affair.|en_US/by_book/female/mary_ann/northandsouth/wavs/northandsouth_36_f000004.wav|-0.0028
./fake/en/VoXtream2/poisoned_pen_09_f000306.wav|en_US/by_book/male/elliot_miller/poisoned_pen/wavs/poisoned_pen_09_f000306.wav|en|True|11.840|unknown|VoXtream2|VoXtream|She richly deserved her fate for that act of treachery. The affair would have been so simple, otherwise. Luck was with us until her insane jealousy led her to visit Miss Lovelace.|en_UK/by_book/female/elizabeth_klett/jane_eyre/wavs/jane_eyre_28_f000135.wav|-0.0540
./fake/en/VoXtream2/northandsouth_06_f000022.wav|en_US/by_book/female/mary_ann/northandsouth/wavs/northandsouth_06_f000022.wav|en|True|9.600|unknown|VoXtream2|VoXtream|The rooms had a strange echoing sound in them,and the light came harshly and strongly in through the uncurtained windows,seeming already unfamiliar and strange.|en_UK/by_book/female/elizabeth_klett/jane_eyre/wavs/jane_eyre_29_f000005.wav|0.8248
./fake/en/VoXtream2/emerald_city_of_oz_17_f000014.wav|en_US/by_book/female/judy_bieber/emerald_city_of_oz/wavs/emerald_city_of_oz_17_f000014.wav|en|True|5.920|unknown|VoXtream2|VoXtream|Bunbury sounds like something to eat, she said. Let's go there.|en_US/by_book/female/mary_ann/midnight_passenger/wavs/midnight_passenger_05_f000018.wav|0.6968
./fake/en/VoXtream2/midnight_passenger_15_f000105.wav|en_US/by_book/female/mary_ann/midnight_passenger/wavs/midnight_passenger_15_f000105.wav|en|True|7.680|unknown|VoXtream2|VoXtream|Here we dismiss his memory forever between us! solemnly said Witherspoon, as he read aloud Arthur Ferris last message.|en_US/by_book/female/judy_bieber/emerald_city_of_oz/wavs/emerald_city_of_oz_30_f000006.wav|0.0976
./fake/en/VoXtream2/jane_eyre_17_f000028.wav|en_UK/by_book/female/elizabeth_klett/jane_eyre/wavs/jane_eyre_17_f000028.wav|en|True|6.800|unknown|VoXtream2|VoXtream|Ere I permitted myself to request an explanation, I tied the string of Adele's pinafore, which happened to be loose|en_US/by_book/female/mary_ann/northandsouth/wavs/northandsouth_33_f000078.wav|0.7664
./fake/en/VoXtream2/wives_and_daughters_19_f000194.wav|en_UK/by_book/female/elizabeth_klett/wives_and_daughters/wavs/wives_and_daughters_19_f000194.wav|en|True|8.320|unknown|VoXtream2|VoXtream|Now for you, sweet one, said she as she began upon one of Molly's gowns. I've been working as connoisseur until now now I begin as amateur.|en_UK/by_book/female/elizabeth_klett/wives_and_daughters/wavs/wives_and_daughters_59_f000127.wav|0.7108
./fake/en/VoXtream2/the_master_key_18_f000052.wav|en_US/by_book/female/judy_bieber/the_master_key/wavs/the_master_key_18_f000052.wav|en|True|1.840|unknown|VoXtream2|VoXtream|I must decline, with thanks.|en_US/by_book/male/elliot_miller/poisoned_pen/wavs/poisoned_pen_07_f000108.wav|0.1008
./fake/en/VoXtream2/wives_and_daughters_53_f000015.wav|en_UK/by_book/female/elizabeth_klett/wives_and_daughters/wavs/wives_and_daughters_53_f000015.wav|en|True|9.200|unknown|VoXtream2|VoXtream|Ay, ay! that comes o temper, and crabbedness. She was the only one as could,  and I've been worse since she was gone.|en_US/by_book/female/mary_ann/northandsouth/wavs/northandsouth_30_f000044.wav|0.8225
./fake/en/VoXtream2/northandsouth_46_f000297.wav|en_US/by_book/female/mary_ann/northandsouth/wavs/northandsouth_46_f000297.wav|en|True|6.240|unknown|VoXtream2|VoXtream|I dont know. I never thought of anything of that kind, said Margaret, reddening, and looking hurt and offended.|en_US/by_book/male/elliot_miller/hunters_space/wavs/hunters_space_02_f000032.wav|0.8030
./fake/en/VoXtream2/wives_and_daughters_24_f000025.wav|en_UK/by_book/female/elizabeth_klett/wives_and_daughters/wavs/wives_and_daughters_24_f000025.wav|en|True|7.600|unknown|VoXtream2|VoXtream|Now Cynthia's talents are not for science and the severer studies. Do you remember, love, what trouble I had to teach you the use of the globes?|en_US/by_book/male/elliot_miller/pink_fairy_book/wavs/pink_fairy_book_34_f000007.wav|0.6890
./fake/en/VoXtream2/silent_bullet_10_f000240.wav|en_US/by_book/male/elliot_miller/silent_bullet/wavs/silent_bullet_10_f000240.wav|en|True|3.920|unknown|VoXtream2|VoXtream|Sinclair, I think you can finish repairing these skids in the morning.|en_US/by_book/female/judy_bieber/dorothy_and_wizard_oz/wavs/dorothy_and_wizard_oz_03_f000043.wav|0.7212
./fake/en/VoXtream2/jane_eyre_22_f000055.wav|en_UK/by_book/female/elizabeth_klett/jane_eyre/wavs/jane_eyre_22_f000055.wav|en|True|9.040|unknown|VoXtream2|VoXtream|I proposed to walk the distance quietly by myself and very quietly, after leaving my box in the ostler's care, did I slip away from the George Inn,|en_UK/by_book/female/elizabeth_klett/jane_eyre/wavs/jane_eyre_21_f000411.wav|0.7805
./fake/en/VoXtream2/midnight_passenger_12_f000098.wav|en_US/by_book/female/mary_ann/midnight_passenger/wavs/midnight_passenger_12_f000098.wav|en|True|7.520|unknown|VoXtream2|VoXtream|Is it the ten dollars burning in his pocket? murmured the excited man. Some cheap woman foolery?|en_US/by_book/male/elliot_miller/poisoned_pen/wavs/poisoned_pen_05_f000207.wav|0.6680
./fake/en/VoXtream2/poisoned_pen_01_f000294.wav|en_US/by_book/male/elliot_miller/poisoned_pen/wavs/poisoned_pen_01_f000294.wav|en|True|13.360|unknown|VoXtream2|VoXtream|It leaves no mark. But it has the remarkable property of becoming red in vapour of sulphocyanide. Here is a longnecked flask of the gas, made by sulphuric acid acting on potassium sulphocyanide.|en_UK/by_book/female/elizabeth_klett/jane_eyre/wavs/jane_eyre_05_f000127.wav|0.7253
./fake/en/VoXtream2/the_master_key_10_f000165.wav|en_US/by_book/female/judy_bieber/the_master_key/wavs/the_master_key_10_f000165.wav|en|True|6.160|unknown|VoXtream2|VoXtream|Oh, don't mention it, replied the boy, lightly I'm glad to have been of service to you.|en_US/by_book/female/mary_ann/midnight_passenger/wavs/midnight_passenger_11_f000138.wav|0.7524
./fake/en/VoXtream2/jane_eyre_24_f000143.wav|en_UK/by_book/female/elizabeth_klett/jane_eyre/wavs/jane_eyre_24_f000143.wav|en|True|7.280|unknown|VoXtream2|VoXtream|I was soon dressed and when I heard Mister Rochester quit Missis Fairfax's parlour, I hurried down to it.|en_US/by_book/male/elliot_miller/pirates_of_ersatz/wavs/piratesofersatz_03_leinster_64kb_f000247.wav|0.6417
./fake/en/VoXtream2/hunters_space_04_f000027.wav|en_US/by_book/male/elliot_miller/hunters_space/wavs/hunters_space_04_f000027.wav|en|True|8.640|unknown|VoXtream2|VoXtream|Very good. We of the Neeblings do not care for cities, but our farms and pastures were so arranged that there were several houses close together.|en_UK/by_book/female/elizabeth_klett/wives_and_daughters/wavs/wives_and_daughters_32_f000221.wav|0.5994
./fake/en/VoXtream2/wives_and_daughters_06_f000166.wav|en_UK/by_book/female/elizabeth_klett/wives_and_daughters/wavs/wives_and_daughters_06_f000166.wav|en|True|10.320|unknown|VoXtream2|VoXtream|Fortythree. I don't believe he ever thought of marrying again, said Molly, recurring to the idea, as one does to that of danger which has passed by,|en_UK/by_book/female/elizabeth_klett/jane_eyre/wavs/jane_eyre_04_f000163.wav|0.5170
./fake/en/VoXtream2/wives_and_daughters_05_f000050.wav|en_UK/by_book/female/elizabeth_klett/wives_and_daughters/wavs/wives_and_daughters_05_f000050.wav|en|True|5.600|unknown|VoXtream2|VoXtream|He'll not like Master Coxe outside no need to put him to unnecessary shame.|en_US/by_book/male/elliot_miller/pirates_of_ersatz/wavs/piratesofersatz_01_leinster_64kb_f000009.wav|0.5849
./fake/en/VoXtream2/hunters_space_18_f000027.wav|en_US/by_book/male/elliot_miller/hunters_space/wavs/hunters_space_18_f000027.wav|en|True|6.800|unknown|VoXtream2|VoXtream|They rolled to the bloodstained floor beneath. And Odin never knew how either of them survived the fall.|en_US/by_book/female/judy_bieber/rinkitink_in_oz/wavs/rinkitink_baum_02_64kb_f000093.wav|0.7390
./fake/en/VoXtream2/northandsouth_27_f000009.wav|en_US/by_book/female/mary_ann/northandsouth/wavs/northandsouth_27_f000009.wav|en|True|8.960|unknown|VoXtream2|VoXtream|Older men, men of long standing in the town, men of far greater wealthrealised and turned into land,|en_US/by_book/female/judy_bieber/ozma_of_oz/wavs/ozma_of_oz_14_f000050.wav|0.7845
./fake/en/VoXtream2/the_master_key_10_f000124.wav|en_US/by_book/female/judy_bieber/the_master_key/wavs/the_master_key_10_f000124.wav|en|True|2.160|unknown|VoXtream2|VoXtream|They're not for sale, said Rob.|en_US/by_book/female/mary_ann/midnight_passenger/wavs/midnight_passenger_03_f000141.wav|0.1425
./fake/en/VoXtream2/pink_fairy_book_19_f000037.wav|en_US/by_book/male/elliot_miller/pink_fairy_book/wavs/pink_fairy_book_19_f000037.wav|en|True|10.320|unknown|VoXtream2|VoXtream|One after another they all took the donkey, but no money was forthcoming for anybody. At length, when all the band had been tricked, they held a council,|en_UK/by_book/female/elizabeth_klett/jane_eyre/wavs/jane_eyre_06_f000075.wav|0.7173
./fake/en/VoXtream2/dorothy_and_wizard_oz_19_f000047.wav|en_US/by_book/female/judy_bieber/dorothy_and_wizard_oz/wavs/dorothy_and_wizard_oz_19_f000047.wav|en|True|8.960|unknown|VoXtream2|VoXtream|Perhaps it would, to those who eat, remarked the Tin Woodman. I myself, not being built to eat, have no personal experience in such matters.|en_US/by_book/female/judy_bieber/the_sea_fairies/wavs/the_sea_fairies_07_f000139.wav|0.5318
./fake/en/VoXtream2/skyisland_26_baum_64kb_f000032.wav|en_US/by_book/female/judy_bieber/sky_island/wavs/skyisland_26_baum_64kb_f000032.wav|en|True|10.640|unknown|VoXtream2|VoXtream|But I have recovered the Book of Royal Records, which has long been hidden in the Treasure Chamber, and by reading it I find that the Boolooroo is not your lawful Boolooroo at all,|en_UK/by_book/female/elizabeth_klett/jane_eyre/wavs/jane_eyre_35_f000213.wav|0.6058
./fake/en/VoXtream2/jane_eyre_14_f000012.wav|en_UK/by_book/female/elizabeth_klett/jane_eyre/wavs/jane_eyre_14_f000012.wav|en|True|9.040|unknown|VoXtream2|VoXtream|in order, doubtless, to exhibit its contents the gentlemen went away early, to attend a public meeting at Millcote, as Missis Fairfax informed me|en_US/by_book/female/mary_ann/northandsouth/wavs/northandsouth_40_f000209.wav|0.7810
./fake/en/VoXtream2/rinkitink_baum_21_64kb_f000039.wav|en_US/by_book/female/judy_bieber/rinkitink_in_oz/wavs/rinkitink_baum_21_64kb_f000039.wav|en|True|6.720|unknown|VoXtream2|VoXtream|In that case, said Dorothy, beginning to remove the cover from her basket, I'll show you some eggs.|en_US/by_book/male/elliot_miller/pink_fairy_book/wavs/pink_fairy_book_20_f000003.wav|0.6106
./fake/en/VoXtream2/wives_and_daughters_54_f000109.wav|en_UK/by_book/female/elizabeth_klett/wives_and_daughters/wavs/wives_and_daughters_54_f000109.wav|en|True|5.280|unknown|VoXtream2|VoXtream|He wanted to speak, but his heart was so full he did not know what to say.|en_US/by_book/female/judy_bieber/ozma_of_oz/wavs/ozma_of_oz_11_f000006.wav|0.6548
./fake/en/VoXtream2/wives_and_daughters_13_f000220.wav|en_UK/by_book/female/elizabeth_klett/wives_and_daughters/wavs/wives_and_daughters_13_f000220.wav|en|True|3.520|unknown|VoXtream2|VoXtream|And her mother prevented it?  I understand.|en_US/by_book/male/elliot_miller/pirates_of_ersatz/wavs/piratesofersatz_07_leinster_64kb_f000151.wav|0.5691
./fake/en/VoXtream2/silent_bullet_05_f000120.wav|en_US/by_book/male/elliot_miller/silent_bullet/wavs/silent_bullet_05_f000120.wav|en|True|9.040|unknown|VoXtream2|VoXtream|I already know something about them. But you can find out a good deal with your newspaper connections. I would like to have every bit of scandal that has ever been connected with them,|en_US/by_book/male/elliot_miller/hunters_space/wavs/hunters_space_05_f000114.wav|0.6477
./fake/en/VoXtream2/northandsouth_23_f000037.wav|en_US/by_book/female/mary_ann/northandsouth/wavs/northandsouth_23_f000037.wav|en|True|6.400|unknown|VoXtream2|VoXtream|Im going to see about a sufficient guard for the premises. I have appointed to meet Captain Hanbury in half an hour at the station.|en_US/by_book/female/mary_ann/northandsouth/wavs/northandsouth_31_f000164.wav|0.7544
./fake/en/VoXtream2/silent_bullet_04_f000203.wav|en_US/by_book/male/elliot_miller/silent_bullet/wavs/silent_bullet_04_f000203.wav|en|True|11.360|unknown|VoXtream2|VoXtream|Things must have been running smoothly, for while I was sitting in our apartment after dinner, impatiently waiting for halfpast eight, when the commissioner had promised to call for me and go up to the laboratory,|en_US/by_book/female/judy_bieber/rinkitink_in_oz/wavs/rinkitink_baum_21_64kb_f000031.wav|0.8317
./fake/en/VoXtream2/silent_bullet_10_f000214.wav|en_US/by_book/male/elliot_miller/silent_bullet/wavs/silent_bullet_10_f000214.wav|en|True|5.360|unknown|VoXtream2|VoXtream|Has he a city address  any place I could reach him tonight? asked Craig.|en_US/by_book/male/elliot_miller/pirates_of_ersatz/wavs/piratesofersatz_12_leinster_64kb_f000009.wav|0.7887
./fake/en/VoXtream2/hunters_space_13_f000008.wav|en_US/by_book/male/elliot_miller/hunters_space/wavs/hunters_space_13_f000008.wav|en|True|9.440|unknown|VoXtream2|VoXtream|At the same time it's dashing off into space at a terrific rate of speed. You'll have to swing toward that star, Ato. I'll try to probe the cloud some more.|en_US/by_book/male/elliot_miller/pirates_of_ersatz/wavs/piratesofersatz_06_leinster_64kb_f000018.wav|0.0711
./fake/en/VoXtream2/the_master_key_01_f000008.wav|en_US/by_book/female/judy_bieber/the_master_key/wavs/the_master_key_01_f000008.wav|en|True|7.440|unknown|VoXtream2|VoXtream|But times change because men change, and because civilization, like John Brown's soul, goes ever marching on.|en_UK/by_book/female/elizabeth_klett/jane_eyre/wavs/jane_eyre_18_f000126.wav|0.6967
./fake/en/VoXtream2/pink_fairy_book_10_f000060.wav|en_US/by_book/male/elliot_miller/pink_fairy_book/wavs/pink_fairy_book_10_f000060.wav|en|True|6.560|unknown|VoXtream2|VoXtream|but not a single one of the sentinels was to be seen, either on the following day or any time thereafter.|en_US/by_book/male/elliot_miller/pirates_of_ersatz/wavs/piratesofersatz_02_leinster_64kb_f000088.wav|0.6294
./fake/en/VoXtream2/midnight_passenger_10_f000273.wav|en_US/by_book/female/mary_ann/midnight_passenger/wavs/midnight_passenger_10_f000273.wav|en|True|7.600|unknown|VoXtream2|VoXtream|And Alice Worthington, at her dying father's side, felt herself now chained to the galley, a slave of millions.|en_UK/by_book/female/elizabeth_klett/wives_and_daughters/wavs/wives_and_daughters_05_f000248.wav|0.7519
./fake/en/VoXtream2/pink_fairy_book_02_f000049.wav|en_US/by_book/male/elliot_miller/pink_fairy_book/wavs/pink_fairy_book_02_f000049.wav|en|True|3.920|unknown|VoXtream2|VoXtream|What will you do with the box when it is made? inquired the beggar.|en_UK/by_book/female/elizabeth_klett/wives_and_daughters/wavs/wives_and_daughters_39_f000219.wav|0.5348
./fake/en/VoXtream2/poisoned_pen_06_f000191.wav|en_US/by_book/male/elliot_miller/poisoned_pen/wavs/poisoned_pen_06_f000191.wav|en|True|8.320|unknown|VoXtream2|VoXtream|Nothing as yet, replied Craig, but I have set certain things in motion which will give us a pretty good line on what is taking place in a day or so.|en_UK/by_book/female/elizabeth_klett/jane_eyre/wavs/jane_eyre_24_f000293.wav|0.7296
./fake/en/VoXtream2/jane_eyre_34_f000248.wav|en_UK/by_book/female/elizabeth_klett/jane_eyre/wavs/jane_eyre_34_f000248.wav|en|True|7.120|unknown|VoXtream2|VoXtream|by way of supplying deficiencies, he prolonged still further my lessons in Hindostanee, and grew more urgent in requiring their accomplishment|en_US/by_book/female/mary_ann/northandsouth/wavs/northandsouth_36_f000147.wav|0.0380
./fake/en/VoXtream2/rinkitink_baum_02_64kb_f000095.wav|en_US/by_book/female/judy_bieber/rinkitink_in_oz/wavs/rinkitink_baum_02_64kb_f000095.wav|en|True|6.560|unknown|VoXtream2|VoXtream|nor will I deny the fact that my kingdom would be a poor one without the riches and glory it derives from the trade in your pearls.|en_US/by_book/male/elliot_miller/hunters_space/wavs/hunters_space_02_f000067.wav|0.6936
./fake/en/VoXtream2/northandsouth_05_f000195.wav|en_US/by_book/female/mary_ann/northandsouth/wavs/northandsouth_05_f000195.wav|en|True|9.680|unknown|VoXtream2|VoXtream|Margaret, inexperienced as she was in all the necessary matteroffact business to be got through, did not know to whom to apply for advice.|en_US/by_book/female/judy_bieber/the_sea_fairies/wavs/the_sea_fairies_06_f000063.wav|0.8528
./fake/en/VoXtream2/northandsouth_46_f000107.wav|en_US/by_book/female/mary_ann/northandsouth/wavs/northandsouth_46_f000107.wav|en|True|5.280|unknown|VoXtream2|VoXtream|unless it were balancing the chances of our having a wellcooked dinner or not. What do you think?|en_UK/by_book/female/elizabeth_klett/jane_eyre/wavs/jane_eyre_21_f000209.wav|0.7317
./fake/en/VoXtream2/poisoned_pen_09_f000288.wav|en_US/by_book/male/elliot_miller/poisoned_pen/wavs/poisoned_pen_09_f000288.wav|en|True|8.960|unknown|VoXtream2|VoXtream|Who was that detective who forced his way to see her the night they discovered Marie's body? asked the woman. I hope that that wasn't the Secret Service also.|en_US/by_book/female/mary_ann/northandsouth/wavs/northandsouth_24_f000048.wav|0.7845
./fake/en/VoXtream2/wives_and_daughters_21_f000228.wav|en_UK/by_book/female/elizabeth_klett/wives_and_daughters/wavs/wives_and_daughters_21_f000228.wav|en|True|3.520|unknown|VoXtream2|VoXtream|What kind of stories? said Mister Gibson, quickly.|en_US/by_book/male/elliot_miller/pink_fairy_book/wavs/pink_fairy_book_29_f000034.wav|0.4076
./fake/en/VoXtream2/northandsouth_03_f000046.wav|en_US/by_book/female/mary_ann/northandsouth/wavs/northandsouth_03_f000046.wav|en|True|6.000|unknown|VoXtream2|VoXtream|I dare say his coming will do papa good. And never mind the dinner, dear mamma.|en_UK/by_book/female/elizabeth_klett/wives_and_daughters/wavs/wives_and_daughters_16_f000013.wav|0.6776
./fake/en/VoXtream2/jane_eyre_31_f000135.wav|en_UK/by_book/female/elizabeth_klett/jane_eyre/wavs/jane_eyre_31_f000135.wav|en|True|5.360|unknown|VoXtream2|VoXtream|It seemed to me that Mister St. John's under lip protruded, and his upper lip curled a moment.|en_US/by_book/male/elliot_miller/poisoned_pen/wavs/poisoned_pen_07_f000129.wav|0.6697
./fake/en/VoXtream2/the_master_key_19_f000005.wav|en_US/by_book/female/judy_bieber/the_master_key/wavs/the_master_key_19_f000005.wav|en|True|6.960|unknown|VoXtream2|VoXtream|We have all been dreadfully worried about you, and mother Well, what about mother?|en_UK/by_book/female/elizabeth_klett/jane_eyre/wavs/jane_eyre_04_f000310.wav|0.5493
./fake/en/VoXtream2/skyisland_13_baum_64kb_f000030.wav|en_US/by_book/female/judy_bieber/sky_island/wavs/skyisland_13_baum_64kb_f000030.wav|en|True|7.040|unknown|VoXtream2|VoXtream|retorted the parrot, and then he added grumblingly in Trot's ear, Blue feathers don't make bluebirds.|en_UK/by_book/female/elizabeth_klett/wives_and_daughters/wavs/wives_and_daughters_19_f000197.wav|0.7324
./fake/en/VoXtream2/northandsouth_18_f000035.wav|en_US/by_book/female/mary_ann/northandsouth/wavs/northandsouth_18_f000035.wav|en|True|2.640|unknown|VoXtream2|VoXtream|He came back at last, somewhat comforted.|en_UK/by_book/female/elizabeth_klett/wives_and_daughters/wavs/wives_and_daughters_24_f000047.wav|0.2214
./fake/en/VoXtream2/poisoned_pen_01_f000141.wav|en_US/by_book/male/elliot_miller/poisoned_pen/wavs/poisoned_pen_01_f000141.wav|en|True|5.360|unknown|VoXtream2|VoXtream|We are in danger of an awful mixup if we don't look out. mister|en_US/by_book/female/mary_ann/northandsouth/wavs/northandsouth_15_f000053.wav|0.7537
./fake/en/VoXtream2/jane_eyre_24_f000046.wav|en_UK/by_book/female/elizabeth_klett/jane_eyre/wavs/jane_eyre_24_f000046.wav|en|True|7.040|unknown|VoXtream2|VoXtream|You are a beauty in my eyes, and a beauty just after the desire of my heart,  delicate and aerial.|en_US/by_book/male/elliot_miller/pirates_of_ersatz/wavs/piratesofersatz_07_leinster_64kb_f000188.wav|0.7064
./fake/en/VoXtream2/ozma_of_oz_07_f000032.wav|en_US/by_book/female/judy_bieber/ozma_of_oz/wavs/ozma_of_oz_07_f000032.wav|en|True|9.280|unknown|VoXtream2|VoXtream|but all the twentyseven were dressed in handsome uniforms of various designs and colors, no two being alike in any respect.|en_US/by_book/female/mary_ann/northandsouth/wavs/northandsouth_13_f000013.wav|0.0751
./fake/en/VoXtream2/skyisland_29_baum_64kb_f000024.wav|en_US/by_book/female/judy_bieber/sky_island/wavs/skyisland_29_baum_64kb_f000024.wav|en|True|7.760|unknown|VoXtream2|VoXtream|What do you think of THAT law, Rosalie? It's a good law and a just one, replied the Witch approvingly.|en_UK/by_book/female/elizabeth_klett/jane_eyre/wavs/jane_eyre_21_f000238.wav|0.6594
./fake/en/VoXtream2/poisoned_pen_12_f000216.wav|en_US/by_book/male/elliot_miller/poisoned_pen/wavs/poisoned_pen_12_f000216.wav|en|True|2.800|unknown|VoXtream2|VoXtream|the office force also could keep an eye on her.|en_US/by_book/female/mary_ann/northandsouth/wavs/northandsouth_40_f000077.wav|0.4400
./fake/en/VoXtream2/hunters_space_18_f000042.wav|en_US/by_book/male/elliot_miller/hunters_space/wavs/hunters_space_18_f000042.wav|en|True|3.360|unknown|VoXtream2|VoXtream|And being honest, he had nothing to say.|en_US/by_book/female/mary_ann/northandsouth/wavs/northandsouth_30_f000182.wav|0.5168
./fake/en/VoXtream2/wives_and_daughters_54_f000115.wav|en_UK/by_book/female/elizabeth_klett/wives_and_daughters/wavs/wives_and_daughters_54_f000115.wav|en|True|4.960|unknown|VoXtream2|VoXtream|He felt as if he should not know what to do without Molly he had never known her value, he thought, till now.|en_US/by_book/female/mary_ann/midnight_passenger/wavs/midnight_passenger_03_f000141.wav|0.6327
./fake/en/VoXtream2/northandsouth_18_f000060.wav|en_US/by_book/female/mary_ann/northandsouth/wavs/northandsouth_18_f000060.wav|en|True|10.080|unknown|VoXtream2|VoXtream|And then he suddenly remembered that, from what Doctor Donaldson had told him, Margaret, at any rate, must be aware of the exact state of the case.|en_US/by_book/female/judy_bieber/the_master_key/wavs/the_master_key_10_f000007.wav|0.7884
./fake/en/VoXtream2/wives_and_daughters_02_f000027.wav|en_UK/by_book/female/elizabeth_klett/wives_and_daughters/wavs/wives_and_daughters_02_f000027.wav|en|True|9.680|unknown|VoXtream2|VoXtream|if there were divisions and hahas between the soft sunny sweeps of grass, and the dark gloom of the foresttrees beyond, Molly did not see them|en_US/by_book/female/mary_ann/northandsouth/wavs/northandsouth_44_f000145.wav|0.8227
./fake/en/VoXtream2/ozma_of_oz_01_f000062.wav|en_US/by_book/female/judy_bieber/ozma_of_oz/wavs/ozma_of_oz_01_f000062.wav|en|True|10.640|unknown|VoXtream2|VoXtream|Soon it had entirely disappeared in the gloom, and then Dorothy gave a sigh of regret at parting with Uncle Henry and began to wonder what was going to happen to her next.|en_US/by_book/female/judy_bieber/sky_island/wavs/skyisland_01_baum_64kb_f000030.wav|0.8244
./fake/en/VoXtream2/emerald_city_of_oz_19_f000006.wav|en_US/by_book/female/judy_bieber/emerald_city_of_oz/wavs/emerald_city_of_oz_19_f000006.wav|en|True|4.640|unknown|VoXtream2|VoXtream|P'raps you're right, said the little girl, with a sigh. But what shall we do now?|en_US/by_book/male/elliot_miller/poisoned_pen/wavs/poisoned_pen_01_f000079.wav|0.6673
./fake/en/VoXtream2/poisoned_pen_03_f000022.wav|en_US/by_book/male/elliot_miller/poisoned_pen/wavs/poisoned_pen_03_f000022.wav|en|True|4.000|unknown|VoXtream2|VoXtream|I believe it is, whispered Kharkoff, leaning forward earnestly.|en_US/by_book/female/judy_bieber/sky_island/wavs/skyisland_02_baum_64kb_f000050.wav|0.6648
./fake/en/VoXtream2/wives_and_daughters_41_f000191.wav|en_UK/by_book/female/elizabeth_klett/wives_and_daughters/wavs/wives_and_daughters_41_f000191.wav|en|True|3.440|unknown|VoXtream2|VoXtream|and I never did it for Cynthia when she was at school in France|en_US/by_book/female/mary_ann/northandsouth/wavs/northandsouth_13_f000083.wav|0.6449
./fake/en/VoXtream2/wives_and_daughters_43_f000202.wav|en_UK/by_book/female/elizabeth_klett/wives_and_daughters/wavs/wives_and_daughters_43_f000202.wav|en|True|5.600|unknown|VoXtream2|VoXtream|A full confession on her part would wonderfully lessen any pain he might have on first hearing of it.|en_UK/by_book/female/elizabeth_klett/jane_eyre/wavs/jane_eyre_37_f000055.wav|0.7603
./fake/en/VoXtream2/wives_and_daughters_25_f000118.wav|en_UK/by_book/female/elizabeth_klett/wives_and_daughters/wavs/wives_and_daughters_25_f000118.wav|en|True|3.440|unknown|VoXtream2|VoXtream|Look, Molly, look! Here are bouquets for us! Long life to the givers!|en_UK/by_book/female/elizabeth_klett/jane_eyre/wavs/jane_eyre_32_f000096.wav|0.4679
./fake/en/VoXtream2/jane_eyre_32_f000013.wav|en_UK/by_book/female/elizabeth_klett/jane_eyre/wavs/jane_eyre_32_f000013.wav|en|True|6.880|unknown|VoXtream2|VoXtream|and an honest and happy pride I took in it besides, I began personally to like some of the best girls and they liked me.|en_US/by_book/male/elliot_miller/silent_bullet/wavs/silent_bullet_08_f000300.wav|0.6872
./fake/en/VoXtream2/skyisland_20_baum_64kb_f000013.wav|en_US/by_book/female/judy_bieber/sky_island/wavs/skyisland_20_baum_64kb_f000013.wav|en|True|9.120|unknown|VoXtream2|VoXtream|so the king was in a quandary until he discovered that a servant named Tiggle had mixed the royal nectar for captain Bill, who had been ordered to do it at the time of his capture.|en_UK/by_book/female/elizabeth_klett/wives_and_daughters/wavs/wives_and_daughters_33_f000005.wav|0.6427
./fake/en/VoXtream2/pink_fairy_book_12_f000107.wav|en_US/by_book/male/elliot_miller/pink_fairy_book/wavs/pink_fairy_book_12_f000107.wav|en|True|9.920|unknown|VoXtream2|VoXtream|but her tears fell just on the spot where a rose bush had sunk, and when her warm tears watered the earth, the bush came up in full bloom just as it had been before.|en_US/by_book/male/elliot_miller/hunters_space/wavs/hunters_space_18_f000055.wav|0.7366
./fake/en/VoXtream2/hunters_space_08_f000094.wav|en_US/by_book/male/elliot_miller/hunters_space/wavs/hunters_space_08_f000094.wav|en|True|6.800|unknown|VoXtream2|VoXtream|Ato pointed to a bright star. Aldebaran. They are headed there.|en_UK/by_book/female/elizabeth_klett/wives_and_daughters/wavs/wives_and_daughters_12_f000091.wav|0.7320
./fake/en/VoXtream2/wives_and_daughters_44_f000111.wav|en_UK/by_book/female/elizabeth_klett/wives_and_daughters/wavs/wives_and_daughters_44_f000111.wav|en|True|4.960|unknown|VoXtream2|VoXtream|You said the other day that Cynthia was engaged. May I ask whom to?|en_US/by_book/female/judy_bieber/dorothy_and_wizard_oz/wavs/dorothy_and_wizard_oz_16_f000071.wav|0.7689
./fake/en/VoXtream2/dorothy_and_wizard_oz_16_f000029.wav|en_US/by_book/female/judy_bieber/dorothy_and_wizard_oz/wavs/dorothy_and_wizard_oz_16_f000029.wav|en|True|12.320|unknown|VoXtream2|VoXtream|The legs of the Sawhorse were four sticks driving into holes bored in the log its tail was a small branch that had been left by accident and its mouth a place chopped in one end of the body which projected a little and served as a head.|en_UK/by_book/female/elizabeth_klett/jane_eyre/wavs/jane_eyre_17_f000238.wav|0.2724
./fake/en/VoXtream2/wives_and_daughters_38_f000191.wav|en_UK/by_book/female/elizabeth_klett/wives_and_daughters/wavs/wives_and_daughters_38_f000191.wav|en|True|7.920|unknown|VoXtream2|VoXtream|It's very clear that she has neither got the dress nor the money necessary for this London visit, and that she doesn't want any more inquiries to be made on the subject.|en_UK/by_book/female/elizabeth_klett/jane_eyre/wavs/jane_eyre_18_f000294.wav|0.2640
./fake/en/VoXtream2/northandsouth_07_f000143.wav|en_US/by_book/female/mary_ann/northandsouth/wavs/northandsouth_07_f000143.wav|en|True|3.520|unknown|VoXtream2|VoXtream|And what is your correspondent, mister Thornton, like?|en_US/by_book/male/elliot_miller/hunters_space/wavs/hunters_space_01_f000013.wav|0.4624
./fake/en/VoXtream2/silent_bullet_09_f000099.wav|en_US/by_book/male/elliot_miller/silent_bullet/wavs/silent_bullet_09_f000099.wav|en|True|9.200|unknown|VoXtream2|VoXtream|Youre a material witness, Walter, he replied. Perhaps I shall need you some day to testify that I actually found these spots in this room.|en_US/by_book/female/judy_bieber/rinkitink_in_oz/wavs/rinkitink_baum_11_64kb_f000005.wav|0.7503
./fake/en/VoXtream2/poisoned_pen_09_f000363.wav|en_US/by_book/male/elliot_miller/poisoned_pen/wavs/poisoned_pen_09_f000363.wav|en|True|8.320|unknown|VoXtream2|VoXtream|The hallway into which we were admitted was dark but it opened into a sittingroom, where a dim light was burning behind the thick portieres.|en_US/by_book/female/mary_ann/northandsouth/wavs/northandsouth_05_f000156.wav|0.8194
./fake/en/VoXtream2/silent_bullet_12_f000226.wav|en_US/by_book/male/elliot_miller/silent_bullet/wavs/silent_bullet_12_f000226.wav|en|True|8.880|unknown|VoXtream2|VoXtream|Not directly, replied Kennedy. But I have a clue, at least. I believe that Torreon knows where your father is and will let you know any moment now.|en_US/by_book/male/elliot_miller/poisoned_pen/wavs/poisoned_pen_02_f000065.wav|0.7598
./fake/en/VoXtream2/wives_and_daughters_31_f000013.wav|en_UK/by_book/female/elizabeth_klett/wives_and_daughters/wavs/wives_and_daughters_31_f000013.wav|en|True|6.320|unknown|VoXtream2|VoXtream|His family had obtained property and title from the Whigs at the time of the Hanoverian succession|en_US/by_book/male/elliot_miller/pirates_of_ersatz/wavs/piratesofersatz_01_leinster_64kb_f000028.wav|0.5221
./fake/en/VoXtream2/wives_and_daughters_25_f000085.wav|en_UK/by_book/female/elizabeth_klett/wives_and_daughters/wavs/wives_and_daughters_25_f000085.wav|en|True|10.640|unknown|VoXtream2|VoXtream|I once thought I should never get back to the Towers, but here I am! There was such a clever man at Bath  a Doctor Snape  he cured me at last  quite set me up.|en_US/by_book/male/elliot_miller/poisoned_pen/wavs/poisoned_pen_09_f000368.wav|0.2576
./fake/en/VoXtream2/wives_and_daughters_02_f000200.wav|en_UK/by_book/female/elizabeth_klett/wives_and_daughters/wavs/wives_and_daughters_02_f000200.wav|en|True|5.280|unknown|VoXtream2|VoXtream|the Seven Sleepers, and any other famous sleeper that came into his head.|en_UK/by_book/female/elizabeth_klett/wives_and_daughters/wavs/wives_and_daughters_38_f000016.wav|0.6778
./fake/en/VoXtream2/pink_fairy_book_16_f000028.wav|en_US/by_book/male/elliot_miller/pink_fairy_book/wavs/pink_fairy_book_16_f000028.wav|en|True|3.120|unknown|VoXtream2|VoXtream|but it was no living being who uttered them|en_UK/by_book/female/elizabeth_klett/jane_eyre/wavs/jane_eyre_16_f000088.wav|0.4560
./fake/en/VoXtream2/northandsouth_19_f000207.wav|en_US/by_book/female/mary_ann/northandsouth/wavs/northandsouth_19_f000207.wav|en|True|12.160|unknown|VoXtream2|VoXtream|Its nout, said Bessy. Its not death yet. I had a fearfu night wi dreamsor somewhat like dreams, for I were wide awakeand Im all in a swounding daze today,|en_US/by_book/female/judy_bieber/emerald_city_of_oz/wavs/emerald_city_of_oz_23_f000017.wav|0.7472
./fake/en/VoXtream2/pink_fairy_book_07_f000048.wav|en_US/by_book/male/elliot_miller/pink_fairy_book/wavs/pink_fairy_book_07_f000048.wav|en|True|2.800|unknown|VoXtream2|VoXtream|The old chaircover in the corner split when he saw her.|en_UK/by_book/female/elizabeth_klett/jane_eyre/wavs/jane_eyre_28_f000171.wav|0.3056
./fake/en/VoXtream2/poisoned_pen_07_f000253.wav|en_US/by_book/male/elliot_miller/poisoned_pen/wavs/poisoned_pen_07_f000253.wav|en|True|3.600|unknown|VoXtream2|VoXtream|The deuce! exclaimed Kennedy. He passed us out into an alley.|en_UK/by_book/female/elizabeth_klett/wives_and_daughters/wavs/wives_and_daughters_17_f000227.wav|0.5654
./fake/en/VoXtream2/wives_and_daughters_17_f000081.wav|en_UK/by_book/female/elizabeth_klett/wives_and_daughters/wavs/wives_and_daughters_17_f000081.wav|en|True|6.000|unknown|VoXtream2|VoXtream|dear, said Missis Hamley, smiling a little at the girl's impetuous romance, but sighing the next instant,|en_US/by_book/female/judy_bieber/sky_island/wavs/skyisland_26_baum_64kb_f000095.wav|0.8370
./fake/en/VoXtream2/wives_and_daughters_38_f000151.wav|en_UK/by_book/female/elizabeth_klett/wives_and_daughters/wavs/wives_and_daughters_38_f000151.wav|en|True|10.000|unknown|VoXtream2|VoXtream|She said all this in a plaintive, aggrieved tone of voice but as no one knew to what she was referring, it was difficult to offer her consolation.|en_US/by_book/male/elliot_miller/hunters_space/wavs/hunters_space_19_f000044.wav|0.7421
./fake/en/VoXtream2/northandsouth_32_f000044.wav|en_US/by_book/female/mary_ann/northandsouth/wavs/northandsouth_32_f000044.wav|en|True|7.840|unknown|VoXtream2|VoXtream|and turned his full face to the road, along which a horseman was slowly riding, just passing the very stile where they stood.|en_US/by_book/female/mary_ann/midnight_passenger/wavs/midnight_passenger_13_f000098.wav|0.6753
./fake/en/VoXtream2/jane_eyre_25_f000257.wav|en_UK/by_book/female/elizabeth_klett/jane_eyre/wavs/jane_eyre_25_f000257.wav|en|True|3.520|unknown|VoXtream2|VoXtream|for you must be dressed and have finished breakfast before eight.|en_US/by_book/male/elliot_miller/pink_fairy_book/wavs/pink_fairy_book_33_f000144.wav|0.5890
./fake/en/VoXtream2/silent_bullet_09_f000186.wav|en_US/by_book/male/elliot_miller/silent_bullet/wavs/silent_bullet_09_f000186.wav|en|True|10.560|unknown|VoXtream2|VoXtream|That evening after dinner we were all sitting in the open summer house over the boathouse. Smudges of green pine were burning and smoking on little artificial islands of stone near the lake shore,|en_UK/by_book/female/elizabeth_klett/jane_eyre/wavs/jane_eyre_34_f000235.wav|0.7433
./fake/en/VoXtream2/northandsouth_10_f000049.wav|en_US/by_book/female/mary_ann/northandsouth/wavs/northandsouth_10_f000049.wav|en|True|7.440|unknown|VoXtream2|VoXtream|The brows were finely arched, but were, by the very size of the dreamy lids, raised to a considerable distance from the eyes.|en_US/by_book/female/mary_ann/northandsouth/wavs/northandsouth_37_f000064.wav|0.8273
./fake/en/VoXtream2/rinkitink_baum_14_64kb_f000076.wav|en_US/by_book/female/judy_bieber/rinkitink_in_oz/wavs/rinkitink_baum_14_64kb_f000076.wav|en|True|8.800|unknown|VoXtream2|VoXtream|Zella found it within the next half hour and declared they must be very close to the entrance to the mines so they followed the path toward the north,|en_US/by_book/female/judy_bieber/rinkitink_in_oz/wavs/rinkitink_baum_12_64kb_f000022.wav|0.8534
./fake/en/VoXtream2/northandsouth_36_f000069.wav|en_US/by_book/female/mary_ann/northandsouth/wavs/northandsouth_36_f000069.wav|en|True|4.880|unknown|VoXtream2|VoXtream|Ill not deny but what the Union finds it necessary to force a man into his own good.|en_US/by_book/male/elliot_miller/poisoned_pen/wavs/poisoned_pen_02_f000141.wav|0.6956
./fake/en/VoXtream2/dorothy_and_wizard_oz_04_f000019.wav|en_US/by_book/female/judy_bieber/dorothy_and_wizard_oz/wavs/dorothy_and_wizard_oz_04_f000019.wav|en|True|5.200|unknown|VoXtream2|VoXtream|No but they will grow together again, in time, and we must wait until they do.|en_US/by_book/male/elliot_miller/silent_bullet/wavs/silent_bullet_07_f000161.wav|0.0280
./fake/en/VoXtream2/jane_eyre_17_f000214.wav|en_UK/by_book/female/elizabeth_klett/jane_eyre/wavs/jane_eyre_17_f000214.wav|en|True|4.480|unknown|VoXtream2|VoXtream|Missis Colonel Dent was less showy but, I thought, more ladylike.|en_US/by_book/female/mary_ann/midnight_passenger/wavs/midnight_passenger_09_f000181.wav|0.7020
./fake/en/VoXtream2/wives_and_daughters_60_f000020.wav|en_UK/by_book/female/elizabeth_klett/wives_and_daughters/wavs/wives_and_daughters_60_f000020.wav|en|True|4.560|unknown|VoXtream2|VoXtream|They were friends now, and he kissed the rose that was her pledge of friendship.|en_UK/by_book/female/elizabeth_klett/wives_and_daughters/wavs/wives_and_daughters_32_f000020.wav|0.6808
./fake/en/VoXtream2/hunters_space_11_f000080.wav|en_US/by_book/male/elliot_miller/hunters_space/wavs/hunters_space_11_f000080.wav|en|True|5.040|unknown|VoXtream2|VoXtream|That Piper is a smart lad, Gunnar whispered. He knows what he wants.|en_US/by_book/female/mary_ann/northandsouth/wavs/northandsouth_06_f000022.wav|0.8041
./fake/en/VoXtream2/poisoned_pen_04_f000281.wav|en_US/by_book/male/elliot_miller/poisoned_pen/wavs/poisoned_pen_04_f000281.wav|en|True|9.440|unknown|VoXtream2|VoXtream|Curiously enough, I find that the handwriting of the first one bears a peculiar resemblance to that of Miss Wend, while the second and third,|en_US/by_book/female/judy_bieber/emerald_city_of_oz/wavs/emerald_city_of_oz_11_f000008.wav|0.7861
./fake/en/VoXtream2/northandsouth_08_f000023.wav|en_US/by_book/female/mary_ann/northandsouth/wavs/northandsouth_08_f000023.wav|en|True|2.640|unknown|VoXtream2|VoXtream|No! here they were, and here they must remain.|en_UK/by_book/female/elizabeth_klett/wives_and_daughters/wavs/wives_and_daughters_04_f000182.wav|0.4128
./fake/en/VoXtream2/poisoned_pen_09_f000135.wav|en_US/by_book/male/elliot_miller/poisoned_pen/wavs/poisoned_pen_09_f000135.wav|en|True|13.600|unknown|VoXtream2|VoXtream|Sacre, he exclaimed, what the  But before he could finish I moved still closer and pinched his elbow. A dull red glow of suppressed anger spread over his face, but he cut his words short.|en_UK/by_book/female/elizabeth_klett/wives_and_daughters/wavs/wives_and_daughters_47_f000079.wav|0.7571
./fake/en/VoXtream2/jane_eyre_21_f000381.wav|en_UK/by_book/female/elizabeth_klett/jane_eyre/wavs/jane_eyre_21_f000381.wav|en|True|1.520|unknown|VoXtream2|VoXtream|She closed her lips.|en_UK/by_book/female/elizabeth_klett/jane_eyre/wavs/jane_eyre_21_f000110.wav|-0.0531
./fake/en/VoXtream2/piratesofersatz_11_leinster_64kb_f000031.wav|en_US/by_book/male/elliot_miller/pirates_of_ersatz/wavs/piratesofersatz_11_leinster_64kb_f000031.wav|en|True|8.640|unknown|VoXtream2|VoXtream|Hoddan's mouth opened and closed and opened again. He remembered this item of Darthian etiquette. If a girl asked a man if he would fight for her,|en_UK/by_book/female/elizabeth_klett/wives_and_daughters/wavs/wives_and_daughters_53_f000130.wav|0.7362
./fake/en/VoXtream2/piratesofersatz_03_leinster_64kb_f000229.wav|en_US/by_book/male/elliot_miller/pirates_of_ersatz/wavs/piratesofersatz_03_leinster_64kb_f000229.wav|en|True|3.440|unknown|VoXtream2|VoXtream|Hoddan held up his hand. Thal reined in.|en_UK/by_book/female/elizabeth_klett/jane_eyre/wavs/jane_eyre_14_f000015.wav|0.5079
./fake/en/VoXtream2/pink_fairy_book_05_f000014.wav|en_US/by_book/male/elliot_miller/pink_fairy_book/wavs/pink_fairy_book_05_f000014.wav|en|True|8.880|unknown|VoXtream2|VoXtream|Years flew by, and every morning Uraschimataro sailed his boat into the deep sea. But one day as he was making for a little bay between some rocks,|en_US/by_book/male/elliot_miller/poisoned_pen/wavs/poisoned_pen_07_f000152.wav|0.7030
./fake/en/VoXtream2/hunters_space_07_f000068.wav|en_US/by_book/male/elliot_miller/hunters_space/wavs/hunters_space_07_f000068.wav|en|True|11.120|unknown|VoXtream2|VoXtream|They had musical instruments although they may have produced tingling vibrations instead of sound. When these people saw that all was lost, they retreated here and closed the cave.|en_UK/by_book/female/elizabeth_klett/jane_eyre/wavs/jane_eyre_28_f000261.wav|0.6222
./fake/en/VoXtream2/skyisland_28_baum_64kb_f000034.wav|en_US/by_book/female/judy_bieber/sky_island/wavs/skyisland_28_baum_64kb_f000034.wav|en|True|7.600|unknown|VoXtream2|VoXtream|and their fat little legs were tired and aching when the pink glow showing through the fog at last announced that they were nearing the Pink Country.|en_UK/by_book/female/elizabeth_klett/wives_and_daughters/wavs/wives_and_daughters_04_f000090.wav|0.7333
./fake/en/VoXtream2/wives_and_daughters_38_f000016.wav|en_UK/by_book/female/elizabeth_klett/wives_and_daughters/wavs/wives_and_daughters_38_f000016.wav|en|True|6.320|unknown|VoXtream2|VoXtream|But Molly's was the interest of affection, not the coarser desire of knowing everything for a little excitement|en_US/by_book/female/mary_ann/midnight_passenger/wavs/midnight_passenger_14_f000105.wav|0.8228
./fake/en/VoXtream2/pink_fairy_book_40_f000197.wav|en_US/by_book/male/elliot_miller/pink_fairy_book/wavs/pink_fairy_book_40_f000197.wav|en|True|2.480|unknown|VoXtream2|VoXtream|So he took the veil and rode back to the king.|en_US/by_book/male/elliot_miller/poisoned_pen/wavs/poisoned_pen_08_f000059.wav|0.0326
./fake/en/VoXtream2/wives_and_daughters_37_f000073.wav|en_UK/by_book/female/elizabeth_klett/wives_and_daughters/wavs/wives_and_daughters_37_f000073.wav|en|True|6.960|unknown|VoXtream2|VoXtream|felt as much discomfited as he used to do when he was an apprentice, and Mister Gibson had spoken to him in a similar manner.|en_UK/by_book/female/elizabeth_klett/jane_eyre/wavs/jane_eyre_20_f000039.wav|0.6632
./fake/en/VoXtream2/silent_bullet_04_f000262.wav|en_US/by_book/male/elliot_miller/silent_bullet/wavs/silent_bullet_04_f000262.wav|en|True|9.680|unknown|VoXtream2|VoXtream|Furthermore, I have ascertained from his family physician, whose affidavit I have here, that mister Bisbee did not suffer from this or any other form of heart disease.|en_US/by_book/male/elliot_miller/poisoned_pen/wavs/poisoned_pen_08_f000185.wav|0.7654
./fake/en/VoXtream2/northandsouth_38_f000058.wav|en_US/by_book/female/mary_ann/northandsouth/wavs/northandsouth_38_f000058.wav|en|True|1.840|unknown|VoXtream2|VoXtream|But Miss Hale was there?|en_UK/by_book/female/elizabeth_klett/wives_and_daughters/wavs/wives_and_daughters_08_f000280.wav|0.0688
./fake/en/VoXtream2/midnight_passenger_06_f000060.wav|en_US/by_book/female/mary_ann/midnight_passenger/wavs/midnight_passenger_06_f000060.wav|en|True|6.000|unknown|VoXtream2|VoXtream|Before the words were out of his mouth, Braun had dragged the venal scoundrel down in a strangler's grip.|en_US/by_book/female/judy_bieber/ozma_of_oz/wavs/ozma_of_oz_03_f000064.wav|0.7459
./fake/en/VoXtream2/jane_eyre_27_f000213.wav|en_UK/by_book/female/elizabeth_klett/jane_eyre/wavs/jane_eyre_27_f000213.wav|en|True|4.960|unknown|VoXtream2|VoXtream|because no servant would bear the continued outbreaks of her violent and unreasonable temper,|en_US/by_book/female/mary_ann/midnight_passenger/wavs/midnight_passenger_03_f000016.wav|0.7000
./fake/en/VoXtream2/jane_eyre_14_f000132.wav|en_UK/by_book/female/elizabeth_klett/jane_eyre/wavs/jane_eyre_14_f000132.wav|en|True|8.880|unknown|VoXtream2|VoXtream|No, sir, not on that ground but, on the ground that you did forget it, and that you care whether or not a dependent is comfortable in his dependency, I agree heartily.|en_UK/by_book/female/elizabeth_klett/wives_and_daughters/wavs/wives_and_daughters_18_f000178.wav|0.6733
./fake/en/VoXtream2/jane_eyre_34_f000043.wav|en_UK/by_book/female/elizabeth_klett/jane_eyre/wavs/jane_eyre_34_f000043.wav|en|True|3.360|unknown|VoXtream2|VoXtream|St. John smiled slightly still he was dissatisfied.|en_UK/by_book/female/elizabeth_klett/wives_and_daughters/wavs/wives_and_daughters_50_f000130.wav|0.5802
./fake/en/VoXtream2/northandsouth_12_f000066.wav|en_US/by_book/female/mary_ann/northandsouth/wavs/northandsouth_12_f000066.wav|en|True|4.000|unknown|VoXtream2|VoXtream|It must have been an heirloom, and shows that she had ancestors.|en_UK/by_book/female/elizabeth_klett/wives_and_daughters/wavs/wives_and_daughters_17_f000105.wav|0.6729
./fake/en/VoXtream2/emerald_city_of_oz_18_f000026.wav|en_US/by_book/female/judy_bieber/emerald_city_of_oz/wavs/emerald_city_of_oz_18_f000026.wav|en|True|3.920|unknown|VoXtream2|VoXtream|and Ozma saw him plainly in the Magic Picture.|en_US/by_book/female/mary_ann/northandsouth/wavs/northandsouth_35_f000268.wav|0.6570
./fake/en/VoXtream2/pink_fairy_book_11_f000011.wav|en_US/by_book/male/elliot_miller/pink_fairy_book/wavs/pink_fairy_book_11_f000011.wav|en|True|9.280|unknown|VoXtream2|VoXtream|The blacksmith had to shoe the kings horses, and thought to himself, Without doubt the house will be yours! The barber shaved the best men in the kingdom,|en_US/by_book/female/mary_ann/northandsouth/wavs/northandsouth_22_f000010.wav|0.6785
./fake/en/VoXtream2/wives_and_daughters_22_f000203.wav|en_UK/by_book/female/elizabeth_klett/wives_and_daughters/wavs/wives_and_daughters_22_f000203.wav|en|True|4.880|unknown|VoXtream2|VoXtream|But it should come from the right quarter  and that is me, myself, Mister Osborne.|en_US/by_book/female/judy_bieber/sky_island/wavs/skyisland_22_baum_64kb_f000033.wav|0.7661
./fake/en/VoXtream2/northandsouth_29_f000022.wav|en_US/by_book/female/mary_ann/northandsouth/wavs/northandsouth_29_f000022.wav|en|True|5.360|unknown|VoXtream2|VoXtream|Because he has brought in such a pleasant piece of news, I retract all I said just now.|en_US/by_book/female/mary_ann/northandsouth/wavs/northandsouth_38_f000104.wav|0.5916
./fake/en/VoXtream2/jane_eyre_21_f000065.wav|en_UK/by_book/female/elizabeth_klett/jane_eyre/wavs/jane_eyre_21_f000065.wav|en|True|5.600|unknown|VoXtream2|VoXtream|Well, Jane? he said, as he rested his back against the schoolroom door, which he had shut.|en_US/by_book/female/judy_bieber/the_sea_fairies/wavs/the_sea_fairies_08_f000057.wav|0.7883
./fake/en/VoXtream2/wives_and_daughters_60_f000297.wav|en_UK/by_book/female/elizabeth_klett/wives_and_daughters/wavs/wives_and_daughters_60_f000297.wav|en|True|8.480|unknown|VoXtream2|VoXtream|Therefore this young gentleman, so selfreliant and so lucid in scientific matters, found it difficult after all to tell Molly how much he hoped she loved him|en_UK/by_book/female/elizabeth_klett/wives_and_daughters/wavs/wives_and_daughters_57_f000003.wav|0.7044
./fake/en/VoXtream2/jane_eyre_08_f000158.wav|en_UK/by_book/female/elizabeth_klett/jane_eyre/wavs/jane_eyre_08_f000158.wav|en|True|6.160|unknown|VoXtream2|VoXtream|I would not now have exchanged Lowood with all its privations for Gateshead and its daily luxuries.|en_US/by_book/male/elliot_miller/hunters_space/wavs/hunters_space_15_f000010.wav|0.6021
./fake/en/VoXtream2/poisoned_pen_03_f000263.wav|en_US/by_book/male/elliot_miller/poisoned_pen/wavs/poisoned_pen_03_f000263.wav|en|True|9.360|unknown|VoXtream2|VoXtream|You can't collect and investigate the gases. Still, the bombthrower is sadly deceived if he believes the bomb leaves no trace for the scientific detective.|en_UK/by_book/female/elizabeth_klett/wives_and_daughters/wavs/wives_and_daughters_04_f000210.wav|0.6601
./fake/en/VoXtream2/wives_and_daughters_04_f000044.wav|en_UK/by_book/female/elizabeth_klett/wives_and_daughters/wavs/wives_and_daughters_04_f000044.wav|en|True|5.440|unknown|VoXtream2|VoXtream|But the fact was certain although he might frequently ask Missis Brown to give him something to eat in the housekeeper's room|en_US/by_book/female/mary_ann/northandsouth/wavs/northandsouth_08_f000102.wav|0.8182
./fake/en/VoXtream2/silent_bullet_08_f000227.wav|en_US/by_book/male/elliot_miller/silent_bullet/wavs/silent_bullet_08_f000227.wav|en|True|4.800|unknown|VoXtream2|VoXtream|I shall begin, said Kennedy, by going over, briefly, the facts in this case.|en_UK/by_book/female/elizabeth_klett/wives_and_daughters/wavs/wives_and_daughters_17_f000008.wav|0.6787
./fake/en/VoXtream2/jane_eyre_17_f000328.wav|en_UK/by_book/female/elizabeth_klett/jane_eyre/wavs/jane_eyre_17_f000328.wav|en|True|2.880|unknown|VoXtream2|VoXtream|I could not afford it schools are so dear.|en_US/by_book/female/judy_bieber/rinkitink_in_oz/wavs/rinkitink_baum_05_64kb_f000056.wav|0.4634
./fake/en/VoXtream2/silent_bullet_09_f000308.wav|en_US/by_book/male/elliot_miller/silent_bullet/wavs/silent_bullet_09_f000308.wav|en|True|11.680|unknown|VoXtream2|VoXtream|The fourth  Almost it seemed as if the record in my pocket burned  spontaneously  so intense was my feeling. There in the glass was that fatal, telltale white precipitate.|en_US/by_book/female/judy_bieber/emerald_city_of_oz/wavs/emerald_city_of_oz_18_f000026.wav|0.4872
./fake/en/VoXtream2/emerald_city_of_oz_25_f000047.wav|en_US/by_book/female/judy_bieber/emerald_city_of_oz/wavs/emerald_city_of_oz_25_f000047.wav|en|True|10.880|unknown|VoXtream2|VoXtream|He then led them into his queer mansion and showed them the beautiful rooms in all the five stories. The lower room was a grand reception hall, with a handorgan in one corner.|en_US/by_book/female/judy_bieber/emerald_city_of_oz/wavs/emerald_city_of_oz_30_f000006.wav|0.0697
./fake/en/VoXtream2/wives_and_daughters_01_f000087.wav|en_UK/by_book/female/elizabeth_klett/wives_and_daughters/wavs/wives_and_daughters_01_f000087.wav|en|True|9.120|unknown|VoXtream2|VoXtream|for to her little imagination the greyhaired, redfaced, somewhat clumsy man, was a cross between an archangel and a king.|en_US/by_book/female/judy_bieber/the_sea_fairies/wavs/the_sea_fairies_12_f000110.wav|0.7209
./fake/en/VoXtream2/wives_and_daughters_41_f000056.wav|en_UK/by_book/female/elizabeth_klett/wives_and_daughters/wavs/wives_and_daughters_41_f000056.wav|en|True|5.120|unknown|VoXtream2|VoXtream|I thought harpstrings required a pretty strong finger to make them sound, said Molly.|en_US/by_book/male/elliot_miller/pirates_of_ersatz/wavs/piratesofersatz_04_leinster_64kb_f000079.wav|0.7292
./fake/en/VoXtream2/piratesofersatz_04_leinster_64kb_f000191.wav|en_US/by_book/male/elliot_miller/pirates_of_ersatz/wavs/piratesofersatz_04_leinster_64kb_f000191.wav|en|True|3.360|unknown|VoXtream2|VoXtream|Oh, then, said Thal, you'd get complimentary!|en_US/by_book/female/judy_bieber/sky_island/wavs/skyisland_08_baum_64kb_f000038.wav|0.6156
./fake/en/VoXtream2/poisoned_pen_11_f000063.wav|en_US/by_book/male/elliot_miller/poisoned_pen/wavs/poisoned_pen_11_f000063.wav|en|True|7.600|unknown|VoXtream2|VoXtream|But this fellow Prescott goes much further than any of the former theorists. He does not stop with matter. He believes that he has the secret of life also,|en_UK/by_book/female/elizabeth_klett/wives_and_daughters/wavs/wives_and_daughters_09_f000156.wav|0.7291
./fake/en/VoXtream2/poisoned_pen_09_f000262.wav|en_US/by_book/male/elliot_miller/poisoned_pen/wavs/poisoned_pen_09_f000262.wav|en|True|6.400|unknown|VoXtream2|VoXtream|The detective despatched a bellboy down to the basement to get the wire from the house electrician.|en_US/by_book/female/mary_ann/northandsouth/wavs/northandsouth_01_f000088.wav|0.8044
./fake/en/VoXtream2/northandsouth_13_f000086.wav|en_US/by_book/female/mary_ann/northandsouth/wavs/northandsouth_13_f000086.wav|en|True|9.200|unknown|VoXtream2|VoXtream|and a steady likely set o people and father was afeard of letting me go to a strange place, for though yo would na think it now,|en_US/by_book/female/judy_bieber/dorothy_and_wizard_oz/wavs/dorothy_and_wizard_oz_13_f000038.wav|0.2815
./fake/en/VoXtream2/wives_and_daughters_28_f000117.wav|en_UK/by_book/female/elizabeth_klett/wives_and_daughters/wavs/wives_and_daughters_28_f000117.wav|en|True|3.440|unknown|VoXtream2|VoXtream|But his eyes were scarcely off her during the first five minutes he was in the room.|en_US/by_book/male/elliot_miller/silent_bullet/wavs/silent_bullet_11_f000133.wav|0.5765
./fake/en/VoXtream2/hunters_space_08_f000096.wav|en_US/by_book/male/elliot_miller/hunters_space/wavs/hunters_space_08_f000096.wav|en|True|3.520|unknown|VoXtream2|VoXtream|Gunnar took off for the needlenosed instrument which he had grown to hate.|en_UK/by_book/female/elizabeth_klett/wives_and_daughters/wavs/wives_and_daughters_54_f000067.wav|0.5173
./fake/en/VoXtream2/wives_and_daughters_11_f000194.wav|en_UK/by_book/female/elizabeth_klett/wives_and_daughters/wavs/wives_and_daughters_11_f000194.wav|en|True|8.720|unknown|VoXtream2|VoXtream|She need not have feared as far as outward signs went, for the smile was still on that lady's pretty rosy lips, and the soft fondling of her hand never stopped.|en_US/by_book/female/mary_ann/midnight_passenger/wavs/midnight_passenger_11_f000203.wav|0.6530
./fake/en/VoXtream2/northandsouth_46_f000024.wav|en_US/by_book/female/mary_ann/northandsouth/wavs/northandsouth_46_f000024.wav|en|True|3.920|unknown|VoXtream2|VoXtream|some sheds, and a distant field or two were left for him to gaze upon.|en_US/by_book/male/elliot_miller/poisoned_pen/wavs/poisoned_pen_09_f000256.wav|0.7776
./fake/en/VoXtream2/rinkitink_baum_05_64kb_f000056.wav|en_US/by_book/female/judy_bieber/rinkitink_in_oz/wavs/rinkitink_baum_05_64kb_f000056.wav|en|True|4.560|unknown|VoXtream2|VoXtream|Who is telling this story, I'd like to know, demanded the goat, with anger.|en_US/by_book/female/mary_ann/midnight_passenger/wavs/midnight_passenger_02_f000122.wav|0.3564
./fake/en/VoXtream2/jane_eyre_16_f000077.wav|en_UK/by_book/female/elizabeth_klett/jane_eyre/wavs/jane_eyre_16_f000077.wav|en|True|5.200|unknown|VoXtream2|VoXtream|but, hardfavoured and matronly as she was, the idea could not be admitted.|en_UK/by_book/female/elizabeth_klett/jane_eyre/wavs/jane_eyre_20_f000263.wav|0.7658
./fake/en/VoXtream2/wives_and_daughters_43_f000089.wav|en_UK/by_book/female/elizabeth_klett/wives_and_daughters/wavs/wives_and_daughters_43_f000089.wav|en|True|12.000|unknown|VoXtream2|VoXtream|Oh dear! how pleasant it must be to be rich! You know, continued Cynthia, smiling a very little, I can't help being aware that I'm pretty, and that people admire me very much.|en_US/by_book/female/judy_bieber/ozma_of_oz/wavs/ozma_of_oz_01_f000062.wav|0.7538
./fake/en/VoXtream2/pink_fairy_book_37_f000026.wav|en_US/by_book/male/elliot_miller/pink_fairy_book/wavs/pink_fairy_book_37_f000026.wav|en|True|2.400|unknown|VoXtream2|VoXtream|And which way did he go? said the jackal.|en_US/by_book/female/judy_bieber/dorothy_and_wizard_oz/wavs/dorothy_and_wizard_oz_13_f000027.wav|0.4339
./fake/en/VoXtream2/pink_fairy_book_29_f000060.wav|en_US/by_book/male/elliot_miller/pink_fairy_book/wavs/pink_fairy_book_29_f000060.wav|en|True|8.800|unknown|VoXtream2|VoXtream|But by this time the maiden had arrived footsore and weary at the castle, and as soon as she reached the door she cracked her nut and drew out of it the most beautiful mantle in the world.|en_UK/by_book/female/elizabeth_klett/wives_and_daughters/wavs/wives_and_daughters_13_f000123.wav|0.7728
./fake/en/VoXtream2/hunters_space_08_f000026.wav|en_US/by_book/male/elliot_miller/hunters_space/wavs/hunters_space_08_f000026.wav|en|True|13.120|unknown|VoXtream2|VoXtream|Time did not exist. Space had a new concept. Speed was something that advanced them. It was little more than a sensation until Alpha Centauri began to loom larger upon their screens.|en_US/by_book/female/judy_bieber/ozma_of_oz/wavs/ozma_of_oz_02_f000048.wav|0.6949
./fake/en/VoXtream2/poisoned_pen_05_f000073.wav|en_US/by_book/male/elliot_miller/poisoned_pen/wavs/poisoned_pen_05_f000073.wav|en|True|8.080|unknown|VoXtream2|VoXtream|I had the county authorities hold them  and, now, O'Connor, tell the rest of it. You took the fingerprints up there.|en_UK/by_book/female/elizabeth_klett/wives_and_daughters/wavs/wives_and_daughters_01_f000152.wav|0.6427
./fake/en/VoXtream2/ozma_of_oz_18_f000053.wav|en_US/by_book/female/judy_bieber/ozma_of_oz/wavs/ozma_of_oz_18_f000053.wav|en|True|8.160|unknown|VoXtream2|VoXtream|and they all awaited his return with considerable impatience, for they were anxious to leave this underground cavern and see the sunshine once more.|en_US/by_book/female/mary_ann/northandsouth/wavs/northandsouth_04_f000177.wav|0.8315
./fake/en/VoXtream2/wives_and_daughters_01_f000157.wav|en_UK/by_book/female/elizabeth_klett/wives_and_daughters/wavs/wives_and_daughters_01_f000157.wav|en|True|5.520|unknown|VoXtream2|VoXtream|I told Phoebe last year, said her sister, that I was sure it was only inadvertence, as one may call it,|en_US/by_book/male/elliot_miller/pink_fairy_book/wavs/pink_fairy_book_12_f000048.wav|0.7213
./fake/en/VoXtream2/hunters_space_15_f000051.wav|en_US/by_book/male/elliot_miller/hunters_space/wavs/hunters_space_15_f000051.wav|en|True|6.560|unknown|VoXtream2|VoXtream|For within less than an hour this lovely park with its carved columns and tulipshaped cressets of fire was turned into a shambles.|en_US/by_book/female/mary_ann/northandsouth/wavs/northandsouth_31_f000015.wav|0.7831
./fake/en/VoXtream2/poisoned_pen_03_f000020.wav|en_US/by_book/male/elliot_miller/poisoned_pen/wavs/poisoned_pen_03_f000020.wav|en|True|3.600|unknown|VoXtream2|VoXtream|doctor Kharkoff's face fell. I had hoped you would see him tonight.|en_UK/by_book/female/elizabeth_klett/wives_and_daughters/wavs/wives_and_daughters_15_f000099.wav|0.6067
./fake/en/VoXtream2/dorothy_and_wizard_oz_12_f000105.wav|en_US/by_book/female/judy_bieber/dorothy_and_wizard_oz/wavs/dorothy_and_wizard_oz_12_f000105.wav|en|True|6.480|unknown|VoXtream2|VoXtream|The watchers waited in breathless suspense until the boy again appeared, his arms now full of the wooden wings.|en_US/by_book/male/elliot_miller/poisoned_pen/wavs/poisoned_pen_01_f000069.wav|0.3929
./fake/en/VoXtream2/emerald_city_of_oz_07_f000051.wav|en_US/by_book/female/judy_bieber/emerald_city_of_oz/wavs/emerald_city_of_oz_07_f000051.wav|en|True|9.280|unknown|VoXtream2|VoXtream|Good morning, my dear Mistress, called Billina, fluttering down to meet them. I was expecting you to call, for I heard you had come back and brought your uncle and aunt with you.|en_US/by_book/female/mary_ann/northandsouth/wavs/northandsouth_39_f000041.wav|0.5052
./fake/en/VoXtream2/jane_eyre_13_f000126.wav|en_UK/by_book/female/elizabeth_klett/jane_eyre/wavs/jane_eyre_13_f000126.wav|en|True|6.240|unknown|VoXtream2|VoXtream|And you girls probably worshipped him, as a convent full of religieuses would worship their director.|en_US/by_book/female/judy_bieber/dorothy_and_wizard_oz/wavs/dorothy_and_wizard_oz_14_f000028.wav|0.8029
./fake/en/VoXtream2/ozma_of_oz_05_f000063.wav|en_US/by_book/female/judy_bieber/ozma_of_oz/wavs/ozma_of_oz_05_f000063.wav|en|True|2.800|unknown|VoXtream2|VoXtream|I can imagine it, said Dorothy, readily.|en_US/by_book/female/judy_bieber/the_master_key/wavs/the_master_key_05_f000145.wav|0.4494
./fake/en/VoXtream2/hunters_space_11_f000020.wav|en_US/by_book/male/elliot_miller/hunters_space/wavs/hunters_space_11_f000020.wav|en|True|4.560|unknown|VoXtream2|VoXtream|The halls were quiet, where servants usually were busily going back and forth.|en_US/by_book/female/mary_ann/midnight_passenger/wavs/midnight_passenger_07_f000135.wav|0.6708
./fake/en/VoXtream2/wives_and_daughters_54_f000014.wav|en_UK/by_book/female/elizabeth_klett/wives_and_daughters/wavs/wives_and_daughters_54_f000014.wav|en|True|2.640|unknown|VoXtream2|VoXtream|I wish he could have seen his boy lying there I do.|en_US/by_book/female/mary_ann/northandsouth/wavs/northandsouth_31_f000170.wav|0.3544
./fake/en/VoXtream2/pink_fairy_book_21_f000052.wav|en_US/by_book/male/elliot_miller/pink_fairy_book/wavs/pink_fairy_book_21_f000052.wav|en|True|10.640|unknown|VoXtream2|VoXtream|And after Catherine had gone her way her ladys Destiny went to find her sister, and said to her, Dear sister, has not Catherine suffered enough?|en_US/by_book/male/elliot_miller/pink_fairy_book/wavs/pink_fairy_book_33_f000163.wav|0.7124
./fake/en/VoXtream2/silent_bullet_12_f000295.wav|en_US/by_book/male/elliot_miller/silent_bullet/wavs/silent_bullet_12_f000295.wav|en|True|9.200|unknown|VoXtream2|VoXtream|Thought at first it was only a bad case of syncope, he replied, but I guess he was dead some minutes before I got here. Tried rhythmic traction of the tongue,|en_UK/by_book/female/elizabeth_klett/jane_eyre/wavs/jane_eyre_05_f000065.wav|-0.0269
./fake/en/VoXtream2/piratesofersatz_10_leinster_64kb_f000191.wav|en_US/by_book/male/elliot_miller/pirates_of_ersatz/wavs/piratesofersatz_10_leinster_64kb_f000191.wav|en|True|9.840|unknown|VoXtream2|VoXtream|I'm going to find Hoddan first, said Thal, with dignity. We don't have to carry him outside so's Don Loris knows we're looking for loot, but I'm going to find him first.|en_US/by_book/male/elliot_miller/pink_fairy_book/wavs/pink_fairy_book_04_f000061.wav|0.6599
./fake/en/VoXtream2/emerald_city_of_oz_01_f000057.wav|en_US/by_book/female/judy_bieber/emerald_city_of_oz/wavs/emerald_city_of_oz_01_f000057.wav|en|True|3.280|unknown|VoXtream2|VoXtream|who feared nothing but their stern master.|en_UK/by_book/female/elizabeth_klett/wives_and_daughters/wavs/wives_and_daughters_46_f000169.wav|0.4744
./fake/en/VoXtream2/jane_eyre_22_f000089.wav|en_UK/by_book/female/elizabeth_klett/jane_eyre/wavs/jane_eyre_22_f000089.wav|en|True|3.360|unknown|VoXtream2|VoXtream|I have been with my aunt, sir, who is dead.|en_US/by_book/female/mary_ann/northandsouth/wavs/northandsouth_37_f000050.wav|0.4528
./fake/en/VoXtream2/midnight_passenger_10_f000192.wav|en_US/by_book/female/mary_ann/midnight_passenger/wavs/midnight_passenger_10_f000192.wav|en|True|3.440|unknown|VoXtream2|VoXtream|You'll have your money in ten minutes if you turn up any sign of him.|en_UK/by_book/female/elizabeth_klett/jane_eyre/wavs/jane_eyre_14_f000033.wav|0.5253
./fake/en/VoXtream2/silent_bullet_08_f000151.wav|en_US/by_book/male/elliot_miller/silent_bullet/wavs/silent_bullet_08_f000151.wav|en|True|11.680|unknown|VoXtream2|VoXtream|But they are not. Then, too, there is a substance in the saliva which is used in the process of digestion. It gives a reaction which might very easily be mistaken for a slight trace of cyanide.|en_US/by_book/female/judy_bieber/emerald_city_of_oz/wavs/emerald_city_of_oz_03_f000034.wav|0.7892
./fake/en/VoXtream2/hunters_space_02_f000104.wav|en_US/by_book/male/elliot_miller/hunters_space/wavs/hunters_space_02_f000104.wav|en|True|11.040|unknown|VoXtream2|VoXtream|The thing was screeching and clawing at the man's arm. Its razored tail was lashing forward and the man was dodging it as he kept backing in a circle and thrusting the head upward and backwards.|en_US/by_book/male/elliot_miller/pirates_of_ersatz/wavs/piratesofersatz_02_leinster_64kb_f000256.wav|0.6862
./fake/en/VoXtream2/midnight_passenger_08_f000157.wav|en_US/by_book/female/mary_ann/midnight_passenger/wavs/midnight_passenger_08_f000157.wav|en|True|9.680|unknown|VoXtream2|VoXtream|The lonely gulls, screaming and soaring at daybreak, skimming the waters of New York Bay, dipping and struggling over each bit of flotsam,|en_US/by_book/female/mary_ann/midnight_passenger/wavs/midnight_passenger_05_f000104.wav|0.7362
./fake/en/VoXtream2/piratesofersatz_02_leinster_64kb_f000154.wav|en_US/by_book/male/elliot_miller/pirates_of_ersatz/wavs/piratesofersatz_02_leinster_64kb_f000154.wav|en|True|9.760|unknown|VoXtream2|VoXtream|Movements began in the darkness. Men appeared, talking in low tones and straining their eyes toward the now motionless figure.|en_US/by_book/female/judy_bieber/rinkitink_in_oz/wavs/rinkitink_baum_02_64kb_f000007.wav|0.8301
./fake/en/VoXtream2/midnight_passenger_07_f000135.wav|en_US/by_book/female/mary_ann/midnight_passenger/wavs/midnight_passenger_07_f000135.wav|en|True|8.880|unknown|VoXtream2|VoXtream|Ciayton could only distinguish vaguely the bundles with which the boy had been loaded down. He lingered there in agony, afraid to approach that portal.|en_UK/by_book/female/elizabeth_klett/wives_and_daughters/wavs/wives_and_daughters_60_f000265.wav|0.6650
./fake/en/VoXtream2/emerald_city_of_oz_23_f000079.wav|en_US/by_book/female/judy_bieber/emerald_city_of_oz/wavs/emerald_city_of_oz_23_f000079.wav|en|True|3.840|unknown|VoXtream2|VoXtream|is dear Nick Chopper and the kindesthearted.|en_UK/by_book/female/elizabeth_klett/jane_eyre/wavs/jane_eyre_11_f000130.wav|0.6406
./fake/en/VoXtream2/jane_eyre_13_f000237.wav|en_UK/by_book/female/elizabeth_klett/jane_eyre/wavs/jane_eyre_13_f000237.wav|en|True|5.680|unknown|VoXtream2|VoXtream|The answer was evasive. I should have liked something clearer but Missis|en_UK/by_book/female/elizabeth_klett/jane_eyre/wavs/jane_eyre_25_f000139.wav|0.6964
./fake/en/VoXtream2/northandsouth_44_f000114.wav|en_US/by_book/female/mary_ann/northandsouth/wavs/northandsouth_44_f000114.wav|en|True|5.760|unknown|VoXtream2|VoXtream|Margaret, as if she read his thought, addressed herself to mister Bell, both including him in the conversation,|en_US/by_book/male/elliot_miller/poisoned_pen/wavs/poisoned_pen_06_f000292.wav|0.7231
./fake/en/VoXtream2/skyisland_18_baum_64kb_f000015.wav|en_US/by_book/female/judy_bieber/sky_island/wavs/skyisland_18_baum_64kb_f000015.wav|en|True|9.440|unknown|VoXtream2|VoXtream|Oh, what bliss to kiss a miss! he shouted as Trot held out her hand to be kissed by her subjects, and then he would scream, We're in the sky and flyin' high|en_US/by_book/female/judy_bieber/dorothy_and_wizard_oz/wavs/dorothy_and_wizard_oz_07_f000048.wav|0.8002
./fake/en/VoXtream2/dorothy_and_wizard_oz_14_f000018.wav|en_US/by_book/female/judy_bieber/dorothy_and_wizard_oz/wavs/dorothy_and_wizard_oz_14_f000018.wav|en|True|12.720|unknown|VoXtream2|VoXtream|Of course not, my dear. But there is another thing to consider. The mother dragon probably knows the road to the earth's surface, and if she went the other way then we have come the wrong way,|en_US/by_book/female/judy_bieber/rinkitink_in_oz/wavs/rinkitink_baum_01_64kb_f000061.wav|0.0809
./fake/en/VoXtream2/jane_eyre_33_f000237.wav|en_UK/by_book/female/elizabeth_klett/jane_eyre/wavs/jane_eyre_33_f000237.wav|en|True|10.800|unknown|VoXtream2|VoXtream|I like Moor House, and I will live at Moor House I like Diana and Mary, and I will attach myself for life to Diana and Mary.|en_UK/by_book/female/elizabeth_klett/jane_eyre/wavs/jane_eyre_04_f000128.wav|0.2020
./fake/en/VoXtream2/jane_eyre_19_f000140.wav|en_UK/by_book/female/elizabeth_klett/jane_eyre/wavs/jane_eyre_19_f000140.wav|en|True|8.800|unknown|VoXtream2|VoXtream|I have formed my plans  right plans I deem them  and in them I have attended to the claims of conscience, the counsels of reason.|en_US/by_book/male/elliot_miller/silent_bullet/wavs/silent_bullet_05_f000120.wav|0.7479
./fake/en/VoXtream2/wives_and_daughters_02_f000171.wav|en_UK/by_book/female/elizabeth_klett/wives_and_daughters/wavs/wives_and_daughters_02_f000171.wav|en|True|5.920|unknown|VoXtream2|VoXtream|Oh, Nanny, would you be so very kind as to take this young lady  what's your name, my dear?|en_US/by_book/female/judy_bieber/sky_island/wavs/skyisland_05_baum_64kb_f000058.wav|0.7498
./fake/en/VoXtream2/jane_eyre_24_f000031.wav|en_UK/by_book/female/elizabeth_klett/jane_eyre/wavs/jane_eyre_24_f000031.wav|en|True|12.400|unknown|VoXtream2|VoXtream|The feeling, the announcement sent through me, was something stronger than was consistent with joy  something that smote and stunned. It was, I think almost fear.|en_US/by_book/female/mary_ann/northandsouth/wavs/northandsouth_17_f000045.wav|0.7619
./fake/en/VoXtream2/hunters_space_05_f000049.wav|en_US/by_book/male/elliot_miller/hunters_space/wavs/hunters_space_05_f000049.wav|en|True|2.480|unknown|VoXtream2|VoXtream|And does Gunnar look too old to fight? he asked.|en_US/by_book/male/elliot_miller/poisoned_pen/wavs/poisoned_pen_04_f000074.wav|0.7880
./fake/en/VoXtream2/piratesofersatz_05_leinster_64kb_f000095.wav|en_US/by_book/male/elliot_miller/pirates_of_ersatz/wavs/piratesofersatz_05_leinster_64kb_f000095.wav|en|True|2.160|unknown|VoXtream2|VoXtream|The Lady Fani looked sympathetic.|en_US/by_book/male/elliot_miller/poisoned_pen/wavs/poisoned_pen_02_f000052.wav|0.0857
./fake/en/VoXtream2/poisoned_pen_08_f000119.wav|en_US/by_book/male/elliot_miller/poisoned_pen/wavs/poisoned_pen_08_f000119.wav|en|True|11.600|unknown|VoXtream2|VoXtream|So I would infer, and at the Amsterdam in New York. But you can depend on it that he has not been going under his own name nor, I believe as far as I can find out, even under his own face.|en_US/by_book/male/elliot_miller/poisoned_pen/wavs/poisoned_pen_02_f000141.wav|0.6900
./fake/en/VoXtream2/wives_and_daughters_11_f000222.wav|en_UK/by_book/female/elizabeth_klett/wives_and_daughters/wavs/wives_and_daughters_11_f000222.wav|en|True|6.240|unknown|VoXtream2|VoXtream|Then came the early dinner Lady Cumnor having hers in the quiet of her own room, to which she was still a prisoner.|en_UK/by_book/female/elizabeth_klett/wives_and_daughters/wavs/wives_and_daughters_35_f000257.wav|0.6570
./fake/en/VoXtream2/silent_bullet_03_f000170.wav|en_US/by_book/male/elliot_miller/silent_bullet/wavs/silent_bullet_03_f000170.wav|en|True|7.280|unknown|VoXtream2|VoXtream|Fletcher met us on the driveway. He seemed to be very much affected, for his face was drawn, and he shifted from one position to another nervously,|en_US/by_book/female/judy_bieber/emerald_city_of_oz/wavs/emerald_city_of_oz_15_f000042.wav|0.7777
./fake/en/VoXtream2/skyisland_26_baum_64kb_f000050.wav|en_US/by_book/female/judy_bieber/sky_island/wavs/skyisland_26_baum_64kb_f000050.wav|en|True|11.120|unknown|VoXtream2|VoXtream|which is the same punishment he was going to inflict upon captain Bill. No, said Trot positively. There's been enough patching in this country, and I won't have any more of it.|en_US/by_book/female/judy_bieber/sky_island/wavs/skyisland_30_baum_64kb_f000012.wav|0.8158
./fake/en/VoXtream2/pink_fairy_book_18_f000008.wav|en_US/by_book/male/elliot_miller/pink_fairy_book/wavs/pink_fairy_book_18_f000008.wav|en|True|2.400|unknown|VoXtream2|VoXtream|Then he entered the mound along with her.|en_US/by_book/male/elliot_miller/poisoned_pen/wavs/poisoned_pen_08_f000266.wav|0.2131
./fake/en/VoXtream2/skyisland_01_baum_64kb_f000067.wav|en_US/by_book/female/judy_bieber/sky_island/wavs/skyisland_01_baum_64kb_f000067.wav|en|True|9.200|unknown|VoXtream2|VoXtream|Don't you find it hard work to 'member all of your name? I don't try to, he said. There's a lot more of it, but I've forgotten the rest.|en_US/by_book/female/judy_bieber/ozma_of_oz/wavs/ozma_of_oz_07_f000005.wav|0.7882
./fake/en/VoXtream2/wives_and_daughters_19_f000058.wav|en_UK/by_book/female/elizabeth_klett/wives_and_daughters/wavs/wives_and_daughters_19_f000058.wav|en|True|5.920|unknown|VoXtream2|VoXtream|Indeed there were evidently hidden allusions in their seeming commonplace speeches.|en_UK/by_book/female/elizabeth_klett/jane_eyre/wavs/jane_eyre_19_f000075.wav|0.6871
./fake/en/VoXtream2/skyisland_13_baum_64kb_f000050.wav|en_US/by_book/female/judy_bieber/sky_island/wavs/skyisland_13_baum_64kb_f000050.wav|en|True|10.480|unknown|VoXtream2|VoXtream|If you had a Magic Umbrella, you may be magicians and sorcerers come here to deceive us and perhaps betray us to our natural enemies, the Blueskins. Mud and bricks, fiddlesticks!|en_US/by_book/female/mary_ann/northandsouth/wavs/northandsouth_32_f000064.wav|0.8280
./fake/en/VoXtream2/jane_eyre_30_f000066.wav|en_UK/by_book/female/elizabeth_klett/jane_eyre/wavs/jane_eyre_30_f000066.wav|en|True|11.200|unknown|VoXtream2|VoXtream|Throughout there was a strange bitterness an absence of consolatory gentleness stern allusions to Calvinistic doctrines  election, predestination, reprobation  were frequent|en_US/by_book/female/judy_bieber/ozma_of_oz/wavs/ozma_of_oz_11_f000119.wav|0.7625
./fake/en/VoXtream2/jane_eyre_34_f000228.wav|en_UK/by_book/female/elizabeth_klett/jane_eyre/wavs/jane_eyre_34_f000228.wav|en|True|4.480|unknown|VoXtream2|VoXtream|Not his ascendancy alone, however, held me in thrall at present.|en_UK/by_book/female/elizabeth_klett/wives_and_daughters/wavs/wives_and_daughters_49_f000103.wav|0.6569
./fake/en/VoXtream2/wives_and_daughters_28_f000099.wav|en_UK/by_book/female/elizabeth_klett/wives_and_daughters/wavs/wives_and_daughters_28_f000099.wav|en|True|7.440|unknown|VoXtream2|VoXtream|and if Cynthia had been quite well, very probably she would have hit the blot in her mother's speech with one of her touches of sarcasm.|en_US/by_book/female/judy_bieber/sky_island/wavs/skyisland_30_baum_64kb_f000020.wav|0.7369
./fake/en/VoXtream2/piratesofersatz_10_leinster_64kb_f000093.wav|en_US/by_book/male/elliot_miller/pirates_of_ersatz/wavs/piratesofersatz_10_leinster_64kb_f000093.wav|en|True|6.080|unknown|VoXtream2|VoXtream|It took two days to duplicate the jungleplow Hoddan had first been shown, in new sound metal.|en_UK/by_book/female/elizabeth_klett/wives_and_daughters/wavs/wives_and_daughters_44_f000134.wav|0.7355
./fake/en/VoXtream2/northandsouth_46_f000019.wav|en_US/by_book/female/mary_ann/northandsouth/wavs/northandsouth_46_f000019.wav|en|True|5.520|unknown|VoXtream2|VoXtream|none of the bustle and stir that Margaret had noticed in her two journeys on the London and NorthWestern line.|en_US/by_book/male/elliot_miller/silent_bullet/wavs/silent_bullet_03_f000109.wav|0.7111
./fake/en/VoXtream2/northandsouth_46_f000043.wav|en_US/by_book/female/mary_ann/northandsouth/wavs/northandsouth_46_f000043.wav|en|True|5.360|unknown|VoXtream2|VoXtream|which, since they had left the highway, ran over soft short turf.|en_US/by_book/male/elliot_miller/pink_fairy_book/wavs/pink_fairy_book_26_f000043.wav|0.6860
./fake/en/VoXtream2/wives_and_daughters_40_f000035.wav|en_UK/by_book/female/elizabeth_klett/wives_and_daughters/wavs/wives_and_daughters_40_f000035.wav|en|True|7.200|unknown|VoXtream2|VoXtream|Mamma does not know it it is not in her to know what I might have been if I had only fallen into wise, good hands.|en_US/by_book/female/mary_ann/northandsouth/wavs/northandsouth_17_f000011.wav|0.8430
./fake/en/VoXtream2/rinkitink_baum_13_64kb_f000099.wav|en_US/by_book/female/judy_bieber/rinkitink_in_oz/wavs/rinkitink_baum_13_64kb_f000099.wav|en|True|2.640|unknown|VoXtream2|VoXtream|which was large enough to accommodate them all.|en_US/by_book/female/judy_bieber/the_sea_fairies/wavs/the_sea_fairies_15_f000001.wav|0.8189
./fake/en/VoXtream2/ozma_of_oz_05_f000051.wav|en_US/by_book/female/judy_bieber/ozma_of_oz/wavs/ozma_of_oz_05_f000051.wav|en|True|3.920|unknown|VoXtream2|VoXtream|Did they make many of you? asked the child.|en_US/by_book/female/judy_bieber/emerald_city_of_oz/wavs/emerald_city_of_oz_26_f000109.wav|0.5786
./fake/en/VoXtream2/poisoned_pen_07_f000011.wav|en_US/by_book/male/elliot_miller/poisoned_pen/wavs/poisoned_pen_07_f000011.wav|en|True|8.320|unknown|VoXtream2|VoXtream|Hm, remarked Kennedy not strange for the Missing Persons Squad to be baffled  at least, at this case.|en_US/by_book/female/judy_bieber/the_master_key/wavs/the_master_key_05_f000090.wav|0.7547
./fake/en/VoXtream2/northandsouth_18_f000024.wav|en_US/by_book/female/mary_ann/northandsouth/wavs/northandsouth_18_f000024.wav|en|True|6.160|unknown|VoXtream2|VoXtream|but, added Margaret, half smiling, shes afraid the Milton Dissenters wont appreciate them.|en_UK/by_book/female/elizabeth_klett/wives_and_daughters/wavs/wives_and_daughters_11_f000217.wav|0.6758
./fake/en/VoXtream2/silent_bullet_10_f000304.wav|en_US/by_book/male/elliot_miller/silent_bullet/wavs/silent_bullet_10_f000304.wav|en|True|2.320|unknown|VoXtream2|VoXtream|which is normally a high insulator|en_UK/by_book/female/elizabeth_klett/wives_and_daughters/wavs/wives_and_daughters_40_f000029.wav|0.1570
./fake/en/VoXtream2/jane_eyre_04_f000302.wav|en_UK/by_book/female/elizabeth_klett/jane_eyre/wavs/jane_eyre_04_f000302.wav|en|True|6.880|unknown|VoXtream2|VoXtream|You little sharp thing! you've got quite a new way of talking. What makes you so venturesome and hardy?|en_UK/by_book/female/elizabeth_klett/jane_eyre/wavs/jane_eyre_17_f000342.wav|0.6163
./fake/en/VoXtream2/the_sea_fairies_14_f000085.wav|en_US/by_book/female/judy_bieber/the_sea_fairies/wavs/the_sea_fairies_14_f000085.wav|en|True|7.520|unknown|VoXtream2|VoXtream|I might o' been worse off, you know, for when my brig was wrecked, I'd 'a' gone to Davy Jones's Locker if Zog hadn't happened to find me and made me a fish.|en_UK/by_book/female/elizabeth_klett/jane_eyre/wavs/jane_eyre_38_f000009.wav|0.6137
./fake/en/VoXtream2/piratesofersatz_12_leinster_64kb_f000078.wav|en_US/by_book/male/elliot_miller/pirates_of_ersatz/wavs/piratesofersatz_12_leinster_64kb_f000078.wav|en|True|1.200|unknown|VoXtream2|VoXtream|This the castle?|en_UK/by_book/female/elizabeth_klett/wives_and_daughters/wavs/wives_and_daughters_04_f000044.wav|-0.0072
./fake/en/VoXtream2/the_sea_fairies_04_f000095.wav|en_US/by_book/female/judy_bieber/the_sea_fairies/wavs/the_sea_fairies_04_f000095.wav|en|True|6.880|unknown|VoXtream2|VoXtream|I'm glad you did, answered Captain Bill, dropping his eyes in some confusion as he remembered his former description of the mermaids.|en_US/by_book/female/judy_bieber/ozma_of_oz/wavs/ozma_of_oz_13_f000055.wav|0.8066
./fake/en/VoXtream2/jane_eyre_09_f000010.wav|en_UK/by_book/female/elizabeth_klett/jane_eyre/wavs/jane_eyre_09_f000010.wav|en|True|3.040|unknown|VoXtream2|VoXtream|and left each morning brighter traces of her steps.|en_US/by_book/male/elliot_miller/poisoned_pen/wavs/poisoned_pen_01_f000112.wav|0.2360
./fake/en/VoXtream2/rinkitink_baum_02_64kb_f000017.wav|en_US/by_book/female/judy_bieber/rinkitink_in_oz/wavs/rinkitink_baum_02_64kb_f000017.wav|en|True|7.200|unknown|VoXtream2|VoXtream|But he managed to catch hold of the chair with one hand and the hair of one of his rowers with the other, and so steadied himself.|en_US/by_book/male/elliot_miller/pirates_of_ersatz/wavs/piratesofersatz_07_leinster_64kb_f000171.wav|0.1353
./fake/en/VoXtream2/poisoned_pen_10_f000347.wav|en_US/by_book/male/elliot_miller/poisoned_pen/wavs/poisoned_pen_10_f000347.wav|en|True|3.920|unknown|VoXtream2|VoXtream|Pierre looked on, crushed, all his jauntiness gone.|en_US/by_book/male/elliot_miller/silent_bullet/wavs/silent_bullet_10_f000102.wav|0.6309
./fake/en/VoXtream2/ozma_of_oz_06_f000159.wav|en_US/by_book/female/judy_bieber/ozma_of_oz/wavs/ozma_of_oz_06_f000159.wav|en|True|9.440|unknown|VoXtream2|VoXtream|But at that moment Tiktok raised his dinnerpail and pounded it so forcibly against the colonel's head that the big officer sat down upon the floor with a sudden bump,|en_US/by_book/female/judy_bieber/emerald_city_of_oz/wavs/emerald_city_of_oz_03_f000046.wav|0.8292
./fake/en/VoXtream2/northandsouth_13_f000080.wav|en_US/by_book/female/mary_ann/northandsouth/wavs/northandsouth_13_f000080.wav|en|True|3.680|unknown|VoXtream2|VoXtream|so its but a few of the masters as will putthem up|en_US/by_book/female/mary_ann/midnight_passenger/wavs/midnight_passenger_02_f000200.wav|0.6541
./fake/en/VoXtream2/jane_eyre_07_f000077.wav|en_UK/by_book/female/elizabeth_klett/jane_eyre/wavs/jane_eyre_07_f000077.wav|en|True|6.960|unknown|VoXtream2|VoXtream|I must be responsible for the circumstance, sir, replied Miss Temple the breakfast was so ill prepared that the pupils could not possibly eat it|en_US/by_book/female/mary_ann/northandsouth/wavs/northandsouth_38_f000205.wav|0.1288
./fake/en/VoXtream2/jane_eyre_20_f000019.wav|en_UK/by_book/female/elizabeth_klett/jane_eyre/wavs/jane_eyre_20_f000019.wav|en|True|5.840|unknown|VoXtream2|VoXtream|A chamberdoor opened some one ran, or rushed, along the gallery.|en_US/by_book/female/judy_bieber/dorothy_and_wizard_oz/wavs/dorothy_and_wizard_oz_06_f000021.wav|0.6916
./fake/en/VoXtream2/poisoned_pen_01_f000249.wav|en_US/by_book/male/elliot_miller/poisoned_pen/wavs/poisoned_pen_01_f000249.wav|en|True|10.480|unknown|VoXtream2|VoXtream|I swore to it and gave him a list of my creditors. I waited until they were paid. Then my conscience  I could not help revolting at the thought of conscience in such a wretch,|en_UK/by_book/female/elizabeth_klett/jane_eyre/wavs/jane_eyre_15_f000127.wav|0.7135
./fake/en/VoXtream2/the_sea_fairies_02_f000103.wav|en_US/by_book/female/judy_bieber/the_sea_fairies/wavs/the_sea_fairies_02_f000103.wav|en|True|7.840|unknown|VoXtream2|VoXtream|We are the water fairies, answered the one with the blonde hair, coming nearer and rising till her slender white throat showed plainly.|en_US/by_book/male/elliot_miller/pirates_of_ersatz/wavs/piratesofersatz_12_leinster_64kb_f000043.wav|0.5467
./fake/en/VoXtream2/poisoned_pen_06_f000102.wav|en_US/by_book/male/elliot_miller/poisoned_pen/wavs/poisoned_pen_06_f000102.wav|en|True|6.720|unknown|VoXtream2|VoXtream|At any rate, breakfast was a mere incident in his scheme, and we were over at the tunnel works when the night shift were going off.|en_UK/by_book/female/elizabeth_klett/jane_eyre/wavs/jane_eyre_27_f000047.wav|0.7267
./fake/en/VoXtream2/rinkitink_baum_05_64kb_f000107.wav|en_US/by_book/female/judy_bieber/rinkitink_in_oz/wavs/rinkitink_baum_05_64kb_f000107.wav|en|True|10.640|unknown|VoXtream2|VoXtream|and how it would benefit them, Inga begged them to wait until the next morning, when he hoped to be able to satisfy them that their hard work had not been in vain.|en_US/by_book/male/elliot_miller/silent_bullet/wavs/silent_bullet_04_f000194.wav|0.6859
./fake/en/VoXtream2/hunters_space_16_f000044.wav|en_US/by_book/male/elliot_miller/hunters_space/wavs/hunters_space_16_f000044.wav|en|True|2.240|unknown|VoXtream2|VoXtream|They slid to the marble street and died.|en_US/by_book/female/mary_ann/northandsouth/wavs/northandsouth_37_f000007.wav|0.6850
./fake/en/VoXtream2/silent_bullet_07_f000293.wav|en_US/by_book/male/elliot_miller/silent_bullet/wavs/silent_bullet_07_f000293.wav|en|True|8.720|unknown|VoXtream2|VoXtream|Would you poison us, too? Do you think you can put me unconscious out on the street and have a society doctor diagnose my case as pneumonia?|en_US/by_book/female/judy_bieber/emerald_city_of_oz/wavs/emerald_city_of_oz_26_f000003.wav|0.7722
./fake/en/VoXtream2/northandsouth_46_f000028.wav|en_US/by_book/female/mary_ann/northandsouth/wavs/northandsouth_46_f000028.wav|en|True|9.440|unknown|VoXtream2|VoXtream|Every mile was redolent of associations, which she would not have missed for the world, but each of which made her cry upon the days that are no more, with ineffable longing.|en_UK/by_book/female/elizabeth_klett/wives_and_daughters/wavs/wives_and_daughters_06_f000031.wav|0.7417
./fake/en/VoXtream2/northandsouth_26_f000069.wav|en_US/by_book/female/mary_ann/northandsouth/wavs/northandsouth_26_f000069.wav|en|True|7.360|unknown|VoXtream2|VoXtream|To be chosen by John, would separate a kitchenwench from the rest of the world.|en_US/by_book/female/judy_bieber/the_sea_fairies/wavs/the_sea_fairies_04_f000017.wav|0.1891
./fake/en/VoXtream2/dorothy_and_wizard_oz_02_f000124.wav|en_US/by_book/female/judy_bieber/dorothy_and_wizard_oz/wavs/dorothy_and_wizard_oz_02_f000124.wav|en|True|4.400|unknown|VoXtream2|VoXtream|Come on, Jim! called the boy. It's all right.|en_US/by_book/female/mary_ann/midnight_passenger/wavs/midnight_passenger_15_f000141.wav|0.6066
./fake/en/VoXtream2/the_sea_fairies_19_f000005.wav|en_US/by_book/female/judy_bieber/the_sea_fairies/wavs/the_sea_fairies_19_f000005.wav|en|True|5.840|unknown|VoXtream2|VoXtream|Scarcely had the four left the castle by the broken window when the monster stepped from a doorway below and saw them.|en_UK/by_book/female/elizabeth_klett/wives_and_daughters/wavs/wives_and_daughters_29_f000045.wav|0.7801
./fake/en/VoXtream2/pink_fairy_book_14_f000097.wav|en_US/by_book/male/elliot_miller/pink_fairy_book/wavs/pink_fairy_book_14_f000097.wav|en|True|5.120|unknown|VoXtream2|VoXtream|and the horses behind him, and arrived at the farm long before any of the others.|en_US/by_book/female/judy_bieber/the_master_key/wavs/the_master_key_17_f000043.wav|0.7473
./fake/en/VoXtream2/jane_eyre_21_f000233.wav|en_UK/by_book/female/elizabeth_klett/jane_eyre/wavs/jane_eyre_21_f000233.wav|en|True|6.800|unknown|VoXtream2|VoXtream|Missis is awake, said she I have told her you are here come and let us see if she will know you.|en_US/by_book/male/elliot_miller/pink_fairy_book/wavs/pink_fairy_book_07_f000064.wav|0.4631
./fake/en/VoXtream2/poisoned_pen_01_f000113.wav|en_US/by_book/male/elliot_miller/poisoned_pen/wavs/poisoned_pen_01_f000113.wav|en|True|14.000|unknown|VoXtream2|VoXtream|The maid put Missis Boncour to bed, saved. I went to my house, a wreck. Since then I have not left this bed. With my legs paralysed I lie here, expecting each hour to be my last.|en_US/by_book/female/mary_ann/northandsouth/wavs/northandsouth_17_f000130.wav|0.7316
./fake/en/VoXtream2/pink_fairy_book_20_f000054.wav|en_US/by_book/male/elliot_miller/pink_fairy_book/wavs/pink_fairy_book_20_f000054.wav|en|True|6.000|unknown|VoXtream2|VoXtream|And at the second blow her head rolled off, and the old woman was dead for good and all.|en_US/by_book/female/judy_bieber/sky_island/wavs/skyisland_25_baum_64kb_f000028.wav|0.7790
./fake/en/VoXtream2/hunters_space_12_f000035.wav|en_US/by_book/male/elliot_miller/hunters_space/wavs/hunters_space_12_f000035.wav|en|True|11.120|unknown|VoXtream2|VoXtream|We had to be. Do you remember a story about the bushmen dying from a curse? Here. She held her two precious Kalis in one arm while she tapped the base of her skull.|en_UK/by_book/female/elizabeth_klett/wives_and_daughters/wavs/wives_and_daughters_02_f000021.wav|0.7744
./fake/en/VoXtream2/northandsouth_28_f000002.wav|en_US/by_book/female/mary_ann/northandsouth/wavs/northandsouth_28_f000002.wav|en|True|4.720|unknown|VoXtream2|VoXtream|Through cross to crown!And though thy spirits life|en_US/by_book/female/judy_bieber/the_sea_fairies/wavs/the_sea_fairies_11_f000035.wav|0.5580
./fake/en/VoXtream2/wives_and_daughters_10_f000226.wav|en_UK/by_book/female/elizabeth_klett/wives_and_daughters/wavs/wives_and_daughters_10_f000226.wav|en|True|11.840|unknown|VoXtream2|VoXtream|Has anything happened?  anything in which I can help you, I mean for, of course, I've no right to make the inquiry, if it is any private sorrow, in which I can be of no use.|en_UK/by_book/female/elizabeth_klett/jane_eyre/wavs/jane_eyre_27_f000045.wav|0.8162
./fake/en/VoXtream2/northandsouth_40_f000063.wav|en_US/by_book/female/mary_ann/northandsouth/wavs/northandsouth_40_f000063.wav|en|True|11.200|unknown|VoXtream2|VoXtream|However, I am willing to do my part now. I wonder when you Milton men intend to live. All your lives seem to be spent in gathering together the materials for life.|en_US/by_book/female/judy_bieber/sky_island/wavs/skyisland_21_baum_64kb_f000007.wav|0.8641
./fake/en/VoXtream2/wives_and_daughters_22_f000129.wav|en_UK/by_book/female/elizabeth_klett/wives_and_daughters/wavs/wives_and_daughters_22_f000129.wav|en|True|5.360|unknown|VoXtream2|VoXtream|That watch had been given him by his father when watches were watches long ago.|en_US/by_book/female/mary_ann/northandsouth/wavs/northandsouth_15_f000094.wav|0.7098
./fake/en/VoXtream2/silent_bullet_13_f000185.wav|en_US/by_book/male/elliot_miller/silent_bullet/wavs/silent_bullet_13_f000185.wav|en|True|2.480|unknown|VoXtream2|VoXtream|What? asked DeLong eagerly.|en_US/by_book/female/judy_bieber/dorothy_and_wizard_oz/wavs/dorothy_and_wizard_oz_16_f000107.wav|0.2659
./fake/en/VoXtream2/hunters_space_10_f000042.wav|en_US/by_book/male/elliot_miller/hunters_space/wavs/hunters_space_10_f000042.wav|en|True|7.200|unknown|VoXtream2|VoXtream|Except for Maya, who sleeps. As for the treasures, my treasure houses are so full now that I doubt if I could separate one thing from the other.|en_US/by_book/male/elliot_miller/silent_bullet/wavs/silent_bullet_13_f000205.wav|0.6724
./fake/en/VoXtream2/jane_eyre_11_f000203.wav|en_UK/by_book/female/elizabeth_klett/jane_eyre/wavs/jane_eyre_11_f000203.wav|en|True|4.480|unknown|VoXtream2|VoXtream|I understood her very well, for I had been accustomed to the fluent tongue of Madame Pierrot.|en_UK/by_book/female/elizabeth_klett/wives_and_daughters/wavs/wives_and_daughters_25_f000158.wav|0.6962
./fake/en/VoXtream2/rinkitink_baum_08_64kb_f000062.wav|en_US/by_book/female/judy_bieber/rinkitink_in_oz/wavs/rinkitink_baum_08_64kb_f000062.wav|en|True|3.440|unknown|VoXtream2|VoXtream|Perhaps it was your shoe which I threw at the cat last night.|en_US/by_book/male/elliot_miller/hunters_space/wavs/hunters_space_06_f000004.wav|0.4433
./fake/en/VoXtream2/midnight_passenger_13_f000250.wav|en_US/by_book/female/mary_ann/midnight_passenger/wavs/midnight_passenger_13_f000250.wav|en|True|6.080|unknown|VoXtream2|VoXtream|and the whole scenario of the Cafe Bavaria and the Newport Art Gallery  all these were faithfully pictured.|en_UK/by_book/female/elizabeth_klett/wives_and_daughters/wavs/wives_and_daughters_35_f000209.wav|0.6259
./fake/en/VoXtream2/emerald_city_of_oz_12_f000110.wav|en_US/by_book/female/judy_bieber/emerald_city_of_oz/wavs/emerald_city_of_oz_12_f000110.wav|en|True|7.120|unknown|VoXtream2|VoXtream|If we did, we'd leave these folks scattered, she returned, and this retort made everybody laugh goodnaturedly.|en_UK/by_book/female/elizabeth_klett/wives_and_daughters/wavs/wives_and_daughters_38_f000175.wav|0.6428
./fake/en/VoXtream2/wives_and_daughters_51_f000031.wav|en_UK/by_book/female/elizabeth_klett/wives_and_daughters/wavs/wives_and_daughters_51_f000031.wav|en|True|4.320|unknown|VoXtream2|VoXtream|I would rather never see him again, for these two reasons.|en_US/by_book/female/judy_bieber/ozma_of_oz/wavs/ozma_of_oz_08_f000015.wav|0.5534
./fake/en/VoXtream2/wives_and_daughters_11_f000264.wav|en_UK/by_book/female/elizabeth_klett/wives_and_daughters/wavs/wives_and_daughters_11_f000264.wav|en|True|9.680|unknown|VoXtream2|VoXtream|But at the Halldoor she was caught by the squire and Roger coming in from an afterdinner stroll in the garden, and hospitably anxious to help her to alight.|en_US/by_book/female/judy_bieber/the_sea_fairies/wavs/the_sea_fairies_19_f000033.wav|0.8309
./fake/en/VoXtream2/skyisland_13_baum_64kb_f000006.wav|en_US/by_book/female/judy_bieber/sky_island/wavs/skyisland_13_baum_64kb_f000006.wav|en|True|9.680|unknown|VoXtream2|VoXtream|In the sky hung a pink glow, with rosy clouds floating here and there, and the sun was not silvery white, as we see it from the Earth, but a distinct pink.|en_US/by_book/male/elliot_miller/poisoned_pen/wavs/poisoned_pen_12_f000216.wav|0.0091
./fake/en/VoXtream2/wives_and_daughters_56_f000128.wav|en_UK/by_book/female/elizabeth_klett/wives_and_daughters/wavs/wives_and_daughters_56_f000128.wav|en|True|8.880|unknown|VoXtream2|VoXtream|Now, papa, you're not fair. He is a great deal more than that. One could see that he had very good feeling and he is very handsome, and very much attached to her.|en_UK/by_book/female/elizabeth_klett/jane_eyre/wavs/jane_eyre_32_f000067.wav|0.6887
./fake/en/VoXtream2/piratesofersatz_10_leinster_64kb_f000171.wav|en_US/by_book/male/elliot_miller/pirates_of_ersatz/wavs/piratesofersatz_10_leinster_64kb_f000171.wav|en|True|4.400|unknown|VoXtream2|VoXtream|You've got to sacrifice yourself for humanity! You'll be treated kindly!|en_US/by_book/female/mary_ann/midnight_passenger/wavs/midnight_passenger_04_f000261.wav|0.7287
./fake/en/VoXtream2/northandsouth_32_f000064.wav|en_US/by_book/female/mary_ann/northandsouth/wavs/northandsouth_32_f000064.wav|en|True|6.160|unknown|VoXtream2|VoXtream|Frederick turned round, right facing the lamp, where the gas darted up in vivid anticipation of the train.|en_UK/by_book/female/elizabeth_klett/jane_eyre/wavs/jane_eyre_08_f000129.wav|0.7244
./fake/en/VoXtream2/northandsouth_46_f000357.wav|en_US/by_book/female/mary_ann/northandsouth/wavs/northandsouth_46_f000357.wav|en|True|8.320|unknown|VoXtream2|VoXtream|Now Ive got a little piece of news for you. What do you think of an invitation to dinner? a morning call, literally in the dewy morning.|en_UK/by_book/female/elizabeth_klett/jane_eyre/wavs/jane_eyre_26_f000093.wav|0.6389
./fake/en/VoXtream2/northandsouth_21_f000081.wav|en_US/by_book/female/mary_ann/northandsouth/wavs/northandsouth_21_f000081.wav|en|True|8.000|unknown|VoXtream2|VoXtream|He promised to come again early in the morning. And with a warm and kindly shake of the hand, he left them.|en_UK/by_book/female/elizabeth_klett/wives_and_daughters/wavs/wives_and_daughters_48_f000095.wav|0.7067
./fake/en/VoXtream2/the_master_key_03_f000024.wav|en_US/by_book/female/judy_bieber/the_master_key/wavs/the_master_key_03_f000024.wav|en|True|9.360|unknown|VoXtream2|VoXtream|But that can not be helped, and presently you will become, through my aid, the most powerful and wonderful personage in all the world.|en_US/by_book/female/mary_ann/northandsouth/wavs/northandsouth_26_f000101.wav|0.8030
./fake/en/VoXtream2/dorothy_and_wizard_oz_16_f000083.wav|en_US/by_book/female/judy_bieber/dorothy_and_wizard_oz/wavs/dorothy_and_wizard_oz_16_f000083.wav|en|True|2.800|unknown|VoXtream2|VoXtream|who in return nodded in a friendly way.|en_US/by_book/female/mary_ann/northandsouth/wavs/northandsouth_04_f000207.wav|0.6493
./fake/en/VoXtream2/pink_fairy_book_26_f000092.wav|en_US/by_book/male/elliot_miller/pink_fairy_book/wavs/pink_fairy_book_26_f000092.wav|en|True|6.080|unknown|VoXtream2|VoXtream|But the way was further than he thought, and on the road he met a little old man who asked him whither he was going.|en_UK/by_book/female/elizabeth_klett/jane_eyre/wavs/jane_eyre_16_f000089.wav|0.1336
./fake/en/VoXtream2/emerald_city_of_oz_05_f000012.wav|en_US/by_book/female/judy_bieber/emerald_city_of_oz/wavs/emerald_city_of_oz_05_f000012.wav|en|True|8.800|unknown|VoXtream2|VoXtream|Both these had been old comrades of Dorothy, so you see the little girl was quite an important personage in Oz, and the people thought she had brought them good luck,|en_US/by_book/male/elliot_miller/pink_fairy_book/wavs/pink_fairy_book_32_f000139.wav|-0.0588
./fake/en/VoXtream2/emerald_city_of_oz_24_f000053.wav|en_US/by_book/female/judy_bieber/emerald_city_of_oz/wavs/emerald_city_of_oz_24_f000053.wav|en|True|3.440|unknown|VoXtream2|VoXtream|Do you remember the Nome King? asked the Tin Woodman.|en_US/by_book/female/judy_bieber/the_master_key/wavs/the_master_key_16_f000009.wav|0.4525
./fake/en/VoXtream2/the_master_key_19_f000021.wav|en_US/by_book/female/judy_bieber/the_master_key/wavs/the_master_key_19_f000021.wav|en|True|12.800|unknown|VoXtream2|VoXtream|However, when he saw how happy and improved in health his dear wife was at her boy's return, and when he had listened to Rob's manly confession of error and expressions of repentance, he speedily forgave the culprit and treated him as genially as ever.|en_US/by_book/female/mary_ann/northandsouth/wavs/northandsouth_39_f000041.wav|0.5320
./fake/en/VoXtream2/wives_and_daughters_59_f000069.wav|en_UK/by_book/female/elizabeth_klett/wives_and_daughters/wavs/wives_and_daughters_59_f000069.wav|en|True|9.440|unknown|VoXtream2|VoXtream|He offered to take her to see it and she acceded to the proposal, thinking, meantime, how little she need have anticipated the being thrown too intimately with Roger,|en_UK/by_book/female/elizabeth_klett/jane_eyre/wavs/jane_eyre_20_f000304.wav|0.7250
./fake/en/VoXtream2/jane_eyre_25_f000094.wav|en_UK/by_book/female/elizabeth_klett/jane_eyre/wavs/jane_eyre_25_f000094.wav|en|True|5.040|unknown|VoXtream2|VoXtream|Except me I am substantial enough  touch me.|en_UK/by_book/female/elizabeth_klett/jane_eyre/wavs/jane_eyre_05_f000031.wav|0.4916
./fake/en/VoXtream2/dorothy_and_wizard_oz_03_f000086.wav|en_US/by_book/female/judy_bieber/dorothy_and_wizard_oz/wavs/dorothy_and_wizard_oz_03_f000086.wav|en|True|5.520|unknown|VoXtream2|VoXtream|Oh, I'm a Wizard you may be sure of that. Just as good a Wizard as you are a Sorcerer.|en_UK/by_book/female/elizabeth_klett/wives_and_daughters/wavs/wives_and_daughters_16_f000050.wav|0.5897
./fake/en/VoXtream2/wives_and_daughters_16_f000006.wav|en_UK/by_book/female/elizabeth_klett/wives_and_daughters/wavs/wives_and_daughters_16_f000006.wav|en|True|10.720|unknown|VoXtream2|VoXtream|and with perhaps a little sympathetic curiosity as to how Molly and her stepmother got on together, made her sons ride over to Hollingford with her cards and apologies.|en_UK/by_book/female/elizabeth_klett/wives_and_daughters/wavs/wives_and_daughters_32_f000064.wav|0.7022
./fake/en/VoXtream2/midnight_passenger_07_f000241.wav|en_US/by_book/female/mary_ann/midnight_passenger/wavs/midnight_passenger_07_f000241.wav|en|True|7.040|unknown|VoXtream2|VoXtream|Come down, he eagerly whispered, She's there,  and  there's some bad news, I fear.|en_US/by_book/male/elliot_miller/hunters_space/wavs/hunters_space_11_f000116.wav|0.5553
./fake/en/VoXtream2/midnight_passenger_10_f000025.wav|en_US/by_book/female/mary_ann/midnight_passenger/wavs/midnight_passenger_10_f000025.wav|en|True|6.400|unknown|VoXtream2|VoXtream|Ferris sat down to study Clayton's telegraph book, and the messages which he had rifled from the dead man's desk.|en_US/by_book/male/elliot_miller/pink_fairy_book/wavs/pink_fairy_book_36_f000073.wav|0.6338
./fake/en/VoXtream2/silent_bullet_06_f000035.wav|en_US/by_book/male/elliot_miller/silent_bullet/wavs/silent_bullet_06_f000035.wav|en|True|9.920|unknown|VoXtream2|VoXtream|Now, of course my first thought was that she might have taken several capsules at once and that it was a case of accidental morphine poisoning, or it might even be suicide.|en_US/by_book/female/judy_bieber/the_sea_fairies/wavs/the_sea_fairies_01_f000079.wav|0.8810
./fake/en/VoXtream2/piratesofersatz_01_leinster_64kb_f000009.wav|en_US/by_book/male/elliot_miller/pirates_of_ersatz/wavs/piratesofersatz_01_leinster_64kb_f000009.wav|en|True|3.040|unknown|VoXtream2|VoXtream|But he had to spend two years trying to arrange even the first.|en_UK/by_book/female/elizabeth_klett/wives_and_daughters/wavs/wives_and_daughters_52_f000059.wav|0.5769
./fake/en/VoXtream2/poisoned_pen_11_f000157.wav|en_US/by_book/male/elliot_miller/poisoned_pen/wavs/poisoned_pen_11_f000157.wav|en|True|9.920|unknown|VoXtream2|VoXtream|He has hired a small office in a new building devoted entirely to doctors and they tell me that he is an eye and ear specialist, though I cannot see that he has any practice.|en_UK/by_book/female/elizabeth_klett/jane_eyre/wavs/jane_eyre_37_f000398.wav|0.6230
./fake/en/VoXtream2/ozma_of_oz_18_f000050.wav|en_US/by_book/female/judy_bieber/ozma_of_oz/wavs/ozma_of_oz_18_f000050.wav|en|True|6.960|unknown|VoXtream2|VoXtream|Well, a gooseegg you will be unless you go and fetch us the ornament we want, declared Billina, with a joyful chuckle.|en_US/by_book/male/elliot_miller/pirates_of_ersatz/wavs/piratesofersatz_03_leinster_64kb_f000219.wav|0.6903
./fake/en/VoXtream2/midnight_passenger_13_f000215.wav|en_US/by_book/female/mary_ann/midnight_passenger/wavs/midnight_passenger_13_f000215.wav|en|True|5.760|unknown|VoXtream2|VoXtream|Meyer ran a hidden deadfall and gambling house next door, at No.|en_UK/by_book/female/elizabeth_klett/wives_and_daughters/wavs/wives_and_daughters_41_f000061.wav|0.7682
./fake/en/VoXtream2/northandsouth_40_f000135.wav|en_US/by_book/female/mary_ann/northandsouth/wavs/northandsouth_40_f000135.wav|en|True|5.120|unknown|VoXtream2|VoXtream|if but for an instant, to read the late repentance in his.|en_US/by_book/female/mary_ann/midnight_passenger/wavs/midnight_passenger_03_f000171.wav|0.6472
./fake/en/VoXtream2/northandsouth_18_f000117.wav|en_US/by_book/female/mary_ann/northandsouth/wavs/northandsouth_18_f000117.wav|en|True|6.000|unknown|VoXtream2|VoXtream|If we cant, we may shut up shop at once, and hands and masters go alike on tramp.|en_US/by_book/female/mary_ann/midnight_passenger/wavs/midnight_passenger_07_f000206.wav|0.8032
./fake/en/VoXtream2/jane_eyre_23_f000049.wav|en_UK/by_book/female/elizabeth_klett/jane_eyre/wavs/jane_eyre_23_f000049.wav|en|True|5.600|unknown|VoXtream2|VoXtream|I followed with lagging step, and thoughts busily bent on discovering a means of extrication|en_US/by_book/female/judy_bieber/the_master_key/wavs/the_master_key_17_f000043.wav|0.7880
./fake/en/VoXtream2/northandsouth_03_f000061.wav|en_US/by_book/female/mary_ann/northandsouth/wavs/northandsouth_03_f000061.wav|en|True|8.560|unknown|VoXtream2|VoXtream|With your feet in that puddle for a regal footstool! Stay, I will move, and then you can come nearer this way. Who lives in these cottages?|en_US/by_book/male/elliot_miller/poisoned_pen/wavs/poisoned_pen_03_f000115.wav|0.7392
./fake/en/VoXtream2/midnight_passenger_10_f000096.wav|en_US/by_book/female/mary_ann/midnight_passenger/wavs/midnight_passenger_10_f000096.wav|en|True|7.840|unknown|VoXtream2|VoXtream|Poor Randall, he sighed. Fool, perhaps, even as you or I but thief and defaulter, no never.|en_US/by_book/female/judy_bieber/the_master_key/wavs/the_master_key_04_f000066.wav|0.1547
./fake/en/VoXtream2/poisoned_pen_07_f000259.wav|en_US/by_book/male/elliot_miller/poisoned_pen/wavs/poisoned_pen_07_f000259.wav|en|True|11.440|unknown|VoXtream2|VoXtream|He also stood alone in his power, for he asserted Names friends, enemies, rivals, tells whom and when you will marry, advises you upon love,|en_US/by_book/female/judy_bieber/dorothy_and_wizard_oz/wavs/dorothy_and_wizard_oz_07_f000009.wav|0.7003
./fake/en/VoXtream2/jane_eyre_27_f000047.wav|en_UK/by_book/female/elizabeth_klett/jane_eyre/wavs/jane_eyre_27_f000047.wav|en|True|5.440|unknown|VoXtream2|VoXtream|If I could go out of life now, without too sharp a pang, it would be well for me, I thought|en_US/by_book/female/mary_ann/northandsouth/wavs/northandsouth_03_f000126.wav|0.7838
./fake/en/VoXtream2/pink_fairy_book_20_f000043.wav|en_US/by_book/male/elliot_miller/pink_fairy_book/wavs/pink_fairy_book_20_f000043.wav|en|True|6.080|unknown|VoXtream2|VoXtream|Then he fell on his knees before her, and prayed her to forgive him, and a great feast was made in her honour.|en_US/by_book/female/judy_bieber/the_master_key/wavs/the_master_key_14_f000065.wav|0.7255
./fake/en/VoXtream2/wives_and_daughters_29_f000233.wav|en_UK/by_book/female/elizabeth_klett/wives_and_daughters/wavs/wives_and_daughters_29_f000233.wav|en|True|4.400|unknown|VoXtream2|VoXtream|Not at all I call at all hours, and nothing is ever said about it.|en_UK/by_book/female/elizabeth_klett/wives_and_daughters/wavs/wives_and_daughters_41_f000074.wav|0.7368
./fake/en/VoXtream2/midnight_passenger_07_f000155.wav|en_US/by_book/female/mary_ann/midnight_passenger/wavs/midnight_passenger_07_f000155.wav|en|True|5.120|unknown|VoXtream2|VoXtream|Throwing a few coins on the table, he sped homeward and made a careful toilet.|en_US/by_book/male/elliot_miller/hunters_space/wavs/hunters_space_17_f000029.wav|0.7700
./fake/en/VoXtream2/midnight_passenger_06_f000209.wav|en_US/by_book/female/mary_ann/midnight_passenger/wavs/midnight_passenger_06_f000209.wav|en|True|8.480|unknown|VoXtream2|VoXtream|I imagined that the Chief was really going abroad. He seems to have changed his plans. I have no means of reaching him direct.|en_UK/by_book/female/elizabeth_klett/jane_eyre/wavs/jane_eyre_34_f000338.wav|0.6986
./fake/en/VoXtream2/skyisland_04_baum_64kb_f000029.wav|en_US/by_book/female/judy_bieber/sky_island/wavs/skyisland_04_baum_64kb_f000029.wav|en|True|5.040|unknown|VoXtream2|VoXtream|There wouldn't be anything to hold it up, you know. What's holding US up? asked Trot.|en_UK/by_book/female/elizabeth_klett/wives_and_daughters/wavs/wives_and_daughters_37_f000132.wav|0.6398
./fake/en/VoXtream2/wives_and_daughters_15_f000100.wav|en_UK/by_book/female/elizabeth_klett/wives_and_daughters/wavs/wives_and_daughters_15_f000100.wav|en|True|9.760|unknown|VoXtream2|VoXtream|She is so sorry, pleaded Molly she says she will do anything you wish, and attend to all your orders, if she may only stay.|en_UK/by_book/female/elizabeth_klett/wives_and_daughters/wavs/wives_and_daughters_39_f000011.wav|0.1020
./fake/en/VoXtream2/piratesofersatz_09_leinster_64kb_f000123.wav|en_US/by_book/male/elliot_miller/pirates_of_ersatz/wavs/piratesofersatz_09_leinster_64kb_f000123.wav|en|True|13.440|unknown|VoXtream2|VoXtream|Then there was little or no time lost in getting into orbit with the junk yard space fleet of the emigrants. Shortly thereafter he called the leader's ship with only mild worries about possible disasters that might have happened while he was away.|en_UK/by_book/female/elizabeth_klett/jane_eyre/wavs/jane_eyre_33_f000237.wav|0.7020
./fake/en/VoXtream2/northandsouth_31_f000118.wav|en_US/by_book/female/mary_ann/northandsouth/wavs/northandsouth_31_f000118.wav|en|True|4.880|unknown|VoXtream2|VoXtream|But this was not a little mana great powerful fellow and it was past four when he was here.|en_US/by_book/male/elliot_miller/poisoned_pen/wavs/poisoned_pen_09_f000363.wav|0.7090
./fake/en/VoXtream2/emerald_city_of_oz_15_f000077.wav|en_US/by_book/female/judy_bieber/emerald_city_of_oz/wavs/emerald_city_of_oz_15_f000077.wav|en|True|10.960|unknown|VoXtream2|VoXtream|He couldn't tell much about direction himself, because he had spent his time prowling among the bushes and running here and there nor had Billina paid much attention to where they were going,|en_UK/by_book/female/elizabeth_klett/wives_and_daughters/wavs/wives_and_daughters_22_f000203.wav|0.6415
./fake/en/VoXtream2/silent_bullet_10_f000031.wav|en_US/by_book/male/elliot_miller/silent_bullet/wavs/silent_bullet_10_f000031.wav|en|True|9.600|unknown|VoXtream2|VoXtream|Ive told you often that it is the most important advance since the original discovery by the Wrights that the aeroplane could be balanced by warping the planes.|en_US/by_book/male/elliot_miller/hunters_space/wavs/hunters_space_03_f000067.wav|0.6717
./fake/en/VoXtream2/the_sea_fairies_04_f000017.wav|en_US/by_book/female/judy_bieber/the_sea_fairies/wavs/the_sea_fairies_04_f000017.wav|en|True|3.120|unknown|VoXtream2|VoXtream|Where? asked Trot eagerly.|en_UK/by_book/female/elizabeth_klett/wives_and_daughters/wavs/wives_and_daughters_26_f000069.wav|0.7432
./fake/en/VoXtream2/wives_and_daughters_26_f000018.wav|en_UK/by_book/female/elizabeth_klett/wives_and_daughters/wavs/wives_and_daughters_26_f000018.wav|en|True|5.440|unknown|VoXtream2|VoXtream|which, as she said to Miss Piper, one of her visitors, came into the parlour, and got full of the warm air,|en_US/by_book/male/elliot_miller/hunters_space/wavs/hunters_space_07_f000064.wav|0.6308
./fake/en/VoXtream2/the_sea_fairies_07_f000139.wav|en_US/by_book/female/judy_bieber/the_sea_fairies/wavs/the_sea_fairies_07_f000139.wav|en|True|5.520|unknown|VoXtream2|VoXtream|When they saw the mermaid, they cried out, Oh, Merla!|en_US/by_book/female/judy_bieber/sky_island/wavs/skyisland_29_baum_64kb_f000040.wav|0.7673
./fake/en/VoXtream2/poisoned_pen_10_f000092.wav|en_US/by_book/male/elliot_miller/poisoned_pen/wavs/poisoned_pen_10_f000092.wav|en|True|11.440|unknown|VoXtream2|VoXtream|He was believed to be engaged to her and I see no reason now to doubt that. The fact is, Kennedy, it wouldn't surprise me in the least to learn that it was he who engineered the smuggling for her as well as himself.|en_US/by_book/male/elliot_miller/poisoned_pen/wavs/poisoned_pen_05_f000114.wav|0.6575
./fake/en/VoXtream2/wives_and_daughters_10_f000013.wav|en_UK/by_book/female/elizabeth_klett/wives_and_daughters/wavs/wives_and_daughters_10_f000013.wav|en|True|6.800|unknown|VoXtream2|VoXtream|she found that out very speedily, and considered the conversation as rather flat to her, though it might be instructive to him.|en_US/by_book/female/mary_ann/northandsouth/wavs/northandsouth_41_f000062.wav|0.5546
./fake/en/VoXtream2/wives_and_daughters_60_f000265.wav|en_UK/by_book/female/elizabeth_klett/wives_and_daughters/wavs/wives_and_daughters_60_f000265.wav|en|True|6.960|unknown|VoXtream2|VoXtream|And Cynthia will not notice what I wear, said Molly, bright with pleasure at the thought of seeing her again.|en_US/by_book/female/mary_ann/midnight_passenger/wavs/midnight_passenger_11_f000199.wav|0.4870
./fake/en/VoXtream2/piratesofersatz_08_leinster_64kb_f000032.wav|en_US/by_book/male/elliot_miller/pirates_of_ersatz/wavs/piratesofersatz_08_leinster_64kb_f000032.wav|en|True|4.560|unknown|VoXtream2|VoXtream|All right, he said shortly. Thal, march 'em over.|en_UK/by_book/female/elizabeth_klett/jane_eyre/wavs/jane_eyre_11_f000058.wav|0.7093
./fake/en/VoXtream2/piratesofersatz_05_leinster_64kb_f000105.wav|en_US/by_book/male/elliot_miller/pirates_of_ersatz/wavs/piratesofersatz_05_leinster_64kb_f000105.wav|en|True|7.120|unknown|VoXtream2|VoXtream|I'll even throw in the Lord Ghek, who is now unharmed but with his life in the balance. OtherwiseHe moved the pistol suggestively.|en_US/by_book/male/elliot_miller/silent_bullet/wavs/silent_bullet_13_f000234.wav|0.7309
./fake/en/VoXtream2/piratesofersatz_04_leinster_64kb_f000107.wav|en_US/by_book/male/elliot_miller/pirates_of_ersatz/wavs/piratesofersatz_04_leinster_64kb_f000107.wav|en|True|10.240|unknown|VoXtream2|VoXtream|I think it generous for me to say only until people on Darth forget that such things exist. But the two of you. oh, for a year or so.|en_US/by_book/female/mary_ann/northandsouth/wavs/northandsouth_30_f000034.wav|0.7189
./fake/en/VoXtream2/hunters_space_05_f000114.wav|en_US/by_book/male/elliot_miller/hunters_space/wavs/hunters_space_05_f000114.wav|en|True|5.840|unknown|VoXtream2|VoXtream|They were bent over the furnaces and the anvils. The presses and the shapers were pounding away.|en_US/by_book/female/judy_bieber/the_master_key/wavs/the_master_key_05_f000145.wav|0.8151
./fake/en/VoXtream2/northandsouth_28_f000026.wav|en_US/by_book/female/mary_ann/northandsouth/wavs/northandsouth_28_f000026.wav|en|True|12.800|unknown|VoXtream2|VoXtream|The noise appeared to rouse him. He took sudden hold of Margarets arm, and held her till he could gather words to speak seemed dry they came up thick, and choked, and hoarse|en_US/by_book/female/mary_ann/northandsouth/wavs/northandsouth_40_f000161.wav|0.8183
./fake/en/VoXtream2/rinkitink_baum_01_64kb_f000061.wav|en_US/by_book/female/judy_bieber/rinkitink_in_oz/wavs/rinkitink_baum_01_64kb_f000061.wav|en|True|2.560|unknown|VoXtream2|VoXtream|all hidden by the canopy of leaves.|en_US/by_book/male/elliot_miller/pink_fairy_book/wavs/pink_fairy_book_01_f000013.wav|0.3877
./fake/en/VoXtream2/wives_and_daughters_04_f000161.wav|en_UK/by_book/female/elizabeth_klett/wives_and_daughters/wavs/wives_and_daughters_04_f000161.wav|en|True|4.480|unknown|VoXtream2|VoXtream|anything practical  such as a civil engineer  would be more the kind of life for him.|en_US/by_book/female/judy_bieber/emerald_city_of_oz/wavs/emerald_city_of_oz_15_f000055.wav|0.7689
./fake/en/VoXtream2/silent_bullet_13_f000340.wav|en_US/by_book/male/elliot_miller/silent_bullet/wavs/silent_bullet_13_f000340.wav|en|True|9.680|unknown|VoXtream2|VoXtream|It means that you had little enough chance to win at a straight game of roulette. But the wheel is very rarely straight, even with all the odds in favour of the bank, as they are.|en_UK/by_book/female/elizabeth_klett/wives_and_daughters/wavs/wives_and_daughters_14_f000005.wav|0.6831
./fake/en/VoXtream2/poisoned_pen_02_f000065.wav|en_US/by_book/male/elliot_miller/poisoned_pen/wavs/poisoned_pen_02_f000065.wav|en|True|6.160|unknown|VoXtream2|VoXtream|He simply got her out of the way, or his confederates did  in the easiest possible way, poor girl.|en_US/by_book/female/mary_ann/northandsouth/wavs/northandsouth_18_f000117.wav|0.7579
./fake/en/VoXtream2/poisoned_pen_11_f000037.wav|en_US/by_book/male/elliot_miller/poisoned_pen/wavs/poisoned_pen_11_f000037.wav|en|True|5.680|unknown|VoXtream2|VoXtream|He had been engaged to paint a portrait of the late Missis Haswell from a photograph.|en_UK/by_book/female/elizabeth_klett/jane_eyre/wavs/jane_eyre_23_f000217.wav|0.6357
./fake/en/VoXtream2/skyisland_27_baum_64kb_f000046.wav|en_US/by_book/female/judy_bieber/sky_island/wavs/skyisland_27_baum_64kb_f000046.wav|en|True|9.520|unknown|VoXtream2|VoXtream|So captain Bill unhooked the seats from the handle of the umbrella and wound the ropes around the two boards and made a package of them, which he carried under his arm.|en_US/by_book/female/mary_ann/northandsouth/wavs/northandsouth_17_f000148.wav|0.7735
./fake/en/VoXtream2/wives_and_daughters_56_f000174.wav|en_UK/by_book/female/elizabeth_klett/wives_and_daughters/wavs/wives_and_daughters_56_f000174.wav|en|True|6.640|unknown|VoXtream2|VoXtream|independently of the very fair amount of liking which he had for his host, Mister Kirkpatrick himself.|en_US/by_book/female/judy_bieber/the_sea_fairies/wavs/the_sea_fairies_22_f000027.wav|0.8203
./fake/en/VoXtream2/northandsouth_41_f000062.wav|en_US/by_book/female/mary_ann/northandsouth/wavs/northandsouth_41_f000062.wav|en|True|3.120|unknown|VoXtream2|VoXtream|She now would not even acknowledge the force of the temptation|en_US/by_book/female/mary_ann/midnight_passenger/wavs/midnight_passenger_15_f000096.wav|0.5431
./fake/en/VoXtream2/pink_fairy_book_20_f000031.wav|en_US/by_book/male/elliot_miller/pink_fairy_book/wavs/pink_fairy_book_20_f000031.wav|en|True|4.960|unknown|VoXtream2|VoXtream|and knew for the first time that he had wedded a wrinkled old woman.|en_UK/by_book/female/elizabeth_klett/jane_eyre/wavs/jane_eyre_07_f000166.wav|0.6037
./fake/en/VoXtream2/jane_eyre_08_f000027.wav|en_UK/by_book/female/elizabeth_klett/jane_eyre/wavs/jane_eyre_08_f000027.wav|en|True|5.600|unknown|VoXtream2|VoXtream|these feelings will ere long appear so much the more evidently for their temporary suppression.|en_US/by_book/female/judy_bieber/rinkitink_in_oz/wavs/rinkitink_baum_21_64kb_f000005.wav|0.8032
./fake/en/VoXtream2/skyisland_13_baum_64kb_f000014.wav|en_US/by_book/female/judy_bieber/sky_island/wavs/skyisland_13_baum_64kb_f000014.wav|en|True|1.760|unknown|VoXtream2|VoXtream|It was the parrot that aroused them.|en_US/by_book/female/mary_ann/northandsouth/wavs/northandsouth_34_f000054.wav|0.2809
./fake/en/VoXtream2/the_sea_fairies_02_f000068.wav|en_US/by_book/female/judy_bieber/the_sea_fairies/wavs/the_sea_fairies_02_f000068.wav|en|True|10.480|unknown|VoXtream2|VoXtream|Slowly the little craft crept farther and farther into the dim interior of the vast cavern, while its two passengers feasted their eyes on the beauties constantly revealed.|en_US/by_book/male/elliot_miller/pirates_of_ersatz/wavs/piratesofersatz_09_leinster_64kb_f000196.wav|0.2897
