path|original_file|language|is_original_language|duration|training_data|model_name|architecture|transcript|speaker_similarity
./fake/en/tts_models_en_ljspeech_tacotron2-DCA/wives_and_daughters_20_f000168.wav|en_UK/by_book/female/elizabeth_klett/wives_and_daughters/wavs/wives_and_daughters_20_f000168.wav|en|True|7.814|ljspeech|tts_models/en/ljspeech/tacotron2-DCA|tacotron2-DCA|But she was more anxious to say something for herself; she was so much annoyed at the implication in Missis Gibson's last words.|-
./fake/en/tts_models_en_ljspeech_tacotron2-DCA/jane_eyre_37_f000190.wav|en_UK/by_book/female/elizabeth_klett/jane_eyre/wavs/jane_eyre_37_f000190.wav|en|True|1.452|ljspeech|tts_models/en/ljspeech/tacotron2-DCA|tacotron2-DCA|What for, Jane?|-
./fake/en/tts_models_en_ljspeech_tacotron2-DCA/northandsouth_27_f000118.wav|en_US/by_book/female/mary_ann/northandsouth/wavs/northandsouth_27_f000118.wav|en|True|5.690|ljspeech|tts_models/en/ljspeech/tacotron2-DCA|tacotron2-DCA|Yoll come and see her, maam. She would ha thought it a great compliment, I know.|-
./fake/en/tts_models_en_ljspeech_tacotron2-DCA/midnight_passenger_13_f000103.wav|en_US/by_book/female/mary_ann/midnight_passenger/wavs/midnight_passenger_13_f000103.wav|en|True|10.577|ljspeech|tts_models/en/ljspeech/tacotron2-DCA|tacotron2-DCA|The motley crowd pouring along the Bowery at ten o'clock swept past the Cooper Union on either side in search of the garish delights of the oblong oasis of pleasure.|-
./fake/en/tts_models_en_ljspeech_tacotron2-DCA/pink_fairy_book_33_f000160.wav|en_US/by_book/male/elliot_miller/pink_fairy_book/wavs/pink_fairy_book_33_f000160.wav|en|True|3.495|ljspeech|tts_models/en/ljspeech/tacotron2-DCA|tacotron2-DCA|and by-and-bye he was able to live in the air altogether.|-
./fake/en/tts_models_en_ljspeech_tacotron2-DCA/jane_eyre_04_f000178.wav|en_UK/by_book/female/elizabeth_klett/jane_eyre/wavs/jane_eyre_04_f000178.wav|en|True|10.461|ljspeech|tts_models/en/ljspeech/tacotron2-DCA|tacotron2-DCA|with their hair combed behind their ears, and their long pinafores, and those little holland pockets outside their frocks - they are almost like poor people's children!|-
./fake/en/tts_models_en_ljspeech_tacotron2-DCA/the_master_key_18_f000009.wav|en_US/by_book/female/judy_bieber/the_master_key/wavs/the_master_key_18_f000009.wav|en|True|7.257|ljspeech|tts_models/en/ljspeech/tacotron2-DCA|tacotron2-DCA|Rob saw that he opened it to an article on The Progress of Modern Science, in which he seemed greatly interested.|-
./fake/en/tts_models_en_ljspeech_tacotron2-DCA/hunters_space_03_f000058.wav|en_US/by_book/male/elliot_miller/hunters_space/wavs/hunters_space_03_f000058.wav|en|True|2.636|ljspeech|tts_models/en/ljspeech/tacotron2-DCA|tacotron2-DCA|Better than yours, Jack Odin.|-
./fake/en/tts_models_en_ljspeech_tacotron2-DCA/northandsouth_15_f000308.wav|en_US/by_book/female/mary_ann/northandsouth/wavs/northandsouth_15_f000308.wav|en|True|6.584|ljspeech|tts_models/en/ljspeech/tacotron2-DCA|tacotron2-DCA|But she did not put out her hand to him, and again he felt the omission, and set it down to pride.|-
./fake/en/tts_models_en_ljspeech_tacotron2-DCA/pink_fairy_book_36_f000020.wav|en_US/by_book/male/elliot_miller/pink_fairy_book/wavs/pink_fairy_book_36_f000020.wav|en|True|10.752|ljspeech|tts_models/en/ljspeech/tacotron2-DCA|tacotron2-DCA|No one saw this but her waiting-woman, who threw it out of the window into the forest beside the castle. The next that came into the world was the most beautiful little prince,|-
./fake/en/tts_models_en_ljspeech_tacotron2-DCA/piratesofersatz_10_leinster_64kb_f000192.wav|en_US/by_book/male/elliot_miller/pirates_of_ersatz/wavs/piratesofersatz_10_leinster_64kb_f000192.wav|en|True|6.957|ljspeech|tts_models/en/ljspeech/tacotron2-DCA|tacotron2-DCA|There were other men in the spaceboat now. A full dozen of them. Their spears were very much in the way.|-
./fake/en/tts_models_en_ljspeech_tacotron2-DCA/emerald_city_of_oz_17_f000015.wav|en_US/by_book/female/judy_bieber/emerald_city_of_oz/wavs/emerald_city_of_oz_17_f000015.wav|en|True|9.173|ljspeech|tts_models/en/ljspeech/tacotron2-DCA|tacotron2-DCA|It's all the same to me, replied Billina. She had picked up enough bugs and insects from the moss as she went along to satisfy her own hunger,|-
./fake/en/tts_models_en_ljspeech_tacotron2-DCA/silent_bullet_06_f000269.wav|en_US/by_book/male/elliot_miller/silent_bullet/wavs/silent_bullet_06_f000269.wav|en|True|9.197|ljspeech|tts_models/en/ljspeech/tacotron2-DCA|tacotron2-DCA|Now, the murderer must have known of this test. This clever criminal also knew that to be successful in the use of this drug where others had failed,|-
./fake/en/tts_models_en_ljspeech_tacotron2-DCA/pink_fairy_book_15_f000063.wav|en_US/by_book/male/elliot_miller/pink_fairy_book/wavs/pink_fairy_book_15_f000063.wav|en|True|4.053|ljspeech|tts_models/en/ljspeech/tacotron2-DCA|tacotron2-DCA|by running off like this just as we had got you well educated!|-
./fake/en/tts_models_en_ljspeech_tacotron2-DCA/midnight_passenger_13_f000287.wav|en_US/by_book/female/mary_ann/midnight_passenger/wavs/midnight_passenger_13_f000287.wav|en|True|5.760|ljspeech|tts_models/en/ljspeech/tacotron2-DCA|tacotron2-DCA|Leah is now on her way to meet me! And then all the old scores will be soon settled!|-
./fake/en/tts_models_en_ljspeech_tacotron2-DCA/midnight_passenger_02_f000081.wav|en_US/by_book/female/mary_ann/midnight_passenger/wavs/midnight_passenger_02_f000081.wav|en|True|10.694|ljspeech|tts_models/en/ljspeech/tacotron2-DCA|tacotron2-DCA|I must have these reports! cried Braun, forgetting the raised pitch of his voice, but the Venus and Tannhauser coterie around were all now fondly busied with each other.|-
./fake/en/tts_models_en_ljspeech_tacotron2-DCA/northandsouth_08_f000078.wav|en_US/by_book/female/mary_ann/northandsouth/wavs/northandsouth_08_f000078.wav|en|True|7.234|ljspeech|tts_models/en/ljspeech/tacotron2-DCA|tacotron2-DCA|So most of the manufacturers placed their sons in sucking situations at fourteen or fifteen years of age,|-
./fake/en/tts_models_en_ljspeech_tacotron2-DCA/rinkitink_baum_12_64kb_f000020.wav|en_US/by_book/female/judy_bieber/rinkitink_in_oz/wavs/rinkitink_baum_12_64kb_f000020.wav|en|True|12.110|ljspeech|tts_models/en/ljspeech/tacotron2-DCA|tacotron2-DCA|The goat lowered his head, trembling with rage and excitement, and just as the King reached the top stair the animal dashed forward and butted His Majesty so fiercely that the big and powerful King,|-
./fake/en/tts_models_en_ljspeech_tacotron2-DCA/emerald_city_of_oz_01_f000031.wav|en_US/by_book/female/judy_bieber/emerald_city_of_oz/wavs/emerald_city_of_oz_01_f000031.wav|en|True|12.576|ljspeech|tts_models/en/ljspeech/tacotron2-DCA|tacotron2-DCA|Ho, there, my guards! he cried. Ho is a royal way of saying, Come here. So, when the guards had hoed, the King said to them: Take this Chief Counselor and throw him away.|-
./fake/en/tts_models_en_ljspeech_tacotron2-DCA/emerald_city_of_oz_29_f000010.wav|en_US/by_book/female/judy_bieber/emerald_city_of_oz/wavs/emerald_city_of_oz_29_f000010.wav|en|True|9.068|ljspeech|tts_models/en/ljspeech/tacotron2-DCA|tacotron2-DCA|For my part, added the Tin Woodman, I cannot express my joy that my lovely tin castle is not to be demolished by wicked enemies.|-
./fake/en/tts_models_en_ljspeech_tacotron2-DCA/poisoned_pen_02_f000213.wav|en_US/by_book/male/elliot_miller/poisoned_pen/wavs/poisoned_pen_02_f000213.wav|en|True|8.443|ljspeech|tts_models/en/ljspeech/tacotron2-DCA|tacotron2-DCA|She faced him, pale and haggard. I have told, she repeated steadily. I cannot tell any more - I know nothing more.|-
./fake/en/tts_models_en_ljspeech_tacotron2-DCA/silent_bullet_08_f000037.wav|en_US/by_book/male/elliot_miller/silent_bullet/wavs/silent_bullet_08_f000037.wav|en|True|12.135|ljspeech|tts_models/en/ljspeech/tacotron2-DCA|tacotron2-DCA|I opened the door partly and looked in. There was a silence in the room, a strange, queer silence. I opened the door further and, looking toward the davenport in the corner,|-
./fake/en/tts_models_en_ljspeech_tacotron2-DCA/ozma_of_oz_01_f000040.wav|en_US/by_book/female/judy_bieber/ozma_of_oz/wavs/ozma_of_oz_01_f000040.wav|en|True|9.266|ljspeech|tts_models/en/ljspeech/tacotron2-DCA|tacotron2-DCA|The fact was that Uncle Henry had gone to lie down in his little sleeping-berth, but Dorothy did not know that. She only remembered that Aunt Em had cautioned her to take good care of her uncle,|-
./fake/en/tts_models_en_ljspeech_tacotron2-DCA/piratesofersatz_11_leinster_64kb_f000045.wav|en_US/by_book/male/elliot_miller/pirates_of_ersatz/wavs/piratesofersatz_11_leinster_64kb_f000045.wav|en|True|5.087|ljspeech|tts_models/en/ljspeech/tacotron2-DCA|tacotron2-DCA|Thal bewilderedly made the gesture. Hoddan leveled a stun-pistol and said:|-
./fake/en/tts_models_en_ljspeech_tacotron2-DCA/jane_eyre_32_f000017.wav|en_UK/by_book/female/elizabeth_klett/jane_eyre/wavs/jane_eyre_32_f000017.wav|en|True|4.285|ljspeech|tts_models/en/ljspeech/tacotron2-DCA|tacotron2-DCA|Their parents then the farmer and his wife loaded me with attentions.|-
./fake/en/tts_models_en_ljspeech_tacotron2-DCA/northandsouth_36_f000108.wav|en_US/by_book/female/mary_ann/northandsouth/wavs/northandsouth_36_f000108.wav|en|True|3.356|ljspeech|tts_models/en/ljspeech/tacotron2-DCA|tacotron2-DCA|the measured laboured walk of men carrying a heavy burden.|-
./fake/en/tts_models_en_ljspeech_tacotron2-DCA/wives_and_daughters_08_f000061.wav|en_UK/by_book/female/elizabeth_klett/wives_and_daughters/wavs/wives_and_daughters_08_f000061.wav|en|True|4.099|ljspeech|tts_models/en/ljspeech/tacotron2-DCA|tacotron2-DCA|He has kept it in two or three days, and that never suits him.|-
./fake/en/tts_models_en_ljspeech_tacotron2-DCA/poisoned_pen_10_f000244.wav|en_US/by_book/male/elliot_miller/poisoned_pen/wavs/poisoned_pen_10_f000244.wav|en|True|10.706|ljspeech|tts_models/en/ljspeech/tacotron2-DCA|tacotron2-DCA|Halfway down the pier Kennedy paused before one of the gangways that was shrouded in darkness. The door was opened and we followed gingerly across the dirty deck of the freight ship.|-
./fake/en/tts_models_en_ljspeech_tacotron2-DCA/dorothy_and_wizard_oz_14_f000052.wav|en_US/by_book/female/judy_bieber/dorothy_and_wizard_oz/wavs/dorothy_and_wizard_oz_14_f000052.wav|en|True|4.587|ljspeech|tts_models/en/ljspeech/tacotron2-DCA|tacotron2-DCA|But he can't wiz a single thing if he hasn't the tools and machinery to work with.|-
./fake/en/tts_models_en_ljspeech_tacotron2-DCA/poisoned_pen_03_f000266.wav|en_US/by_book/male/elliot_miller/poisoned_pen/wavs/poisoned_pen_03_f000266.wav|en|True|12.238|ljspeech|tts_models/en/ljspeech/tacotron2-DCA|tacotron2-DCA|I have analysed them, and find them to be a peculiar species of blasting-gelatine. It is made at only one factory in this country, and I have a list of purchasers for some time back.|-
./fake/en/tts_models_en_ljspeech_tacotron2-DCA/wives_and_daughters_06_f000049.wav|en_UK/by_book/female/elizabeth_klett/wives_and_daughters/wavs/wives_and_daughters_06_f000049.wav|en|True|8.952|ljspeech|tts_models/en/ljspeech/tacotron2-DCA|tacotron2-DCA|A flower-garden right below; a meadow of ripe grass just beyond, changing colour in long sweeps, as the soft wind blew over it;|-
./fake/en/tts_models_en_ljspeech_tacotron2-DCA/midnight_passenger_13_f000079.wav|en_US/by_book/female/mary_ann/midnight_passenger/wavs/midnight_passenger_13_f000079.wav|en|True|2.613|ljspeech|tts_models/en/ljspeech/tacotron2-DCA|tacotron2-DCA|I've arranged for their safe handling.|-
./fake/en/tts_models_en_ljspeech_tacotron2-DCA/northandsouth_24_f000084.wav|en_US/by_book/female/mary_ann/northandsouth/wavs/northandsouth_24_f000084.wav|en|True|10.358|ljspeech|tts_models/en/ljspeech/tacotron2-DCA|tacotron2-DCA|And the gentleman thus rescued is forbidden the relief of thanks! he broke in contemptuously. I am a man. I claim the right of expressing my feelings.|-
./fake/en/tts_models_en_ljspeech_tacotron2-DCA/rinkitink_baum_18_64kb_f000095.wav|en_US/by_book/female/judy_bieber/rinkitink_in_oz/wavs/rinkitink_baum_18_64kb_f000095.wav|en|True|2.868|ljspeech|tts_models/en/ljspeech/tacotron2-DCA|tacotron2-DCA|proved to be well trained and competent.|-
./fake/en/tts_models_en_ljspeech_tacotron2-DCA/silent_bullet_08_f000297.wav|en_US/by_book/male/elliot_miller/silent_bullet/wavs/silent_bullet_08_f000297.wav|en|True|4.796|ljspeech|tts_models/en/ljspeech/tacotron2-DCA|tacotron2-DCA|You are the murderer, repeated Kennedy, as if demanding a final answer.|-
./fake/en/tts_models_en_ljspeech_tacotron2-DCA/dorothy_and_wizard_oz_12_f000057.wav|en_US/by_book/female/judy_bieber/dorothy_and_wizard_oz/wavs/dorothy_and_wizard_oz_12_f000057.wav|en|True|3.542|ljspeech|tts_models/en/ljspeech/tacotron2-DCA|tacotron2-DCA|She's gone out for a walk, said Jim, gruffly.|-
./fake/en/tts_models_en_ljspeech_tacotron2-DCA/rinkitink_baum_01_64kb_f000044.wav|en_US/by_book/female/judy_bieber/rinkitink_in_oz/wavs/rinkitink_baum_01_64kb_f000044.wav|en|True|8.975|ljspeech|tts_models/en/ljspeech/tacotron2-DCA|tacotron2-DCA|Their only weapons were their oyster rakes; yet the fact remains that they drove their fierce enemies from Regos and Coregos from their shores.|-
./fake/en/tts_models_en_ljspeech_tacotron2-DCA/silent_bullet_04_f000068.wav|en_US/by_book/male/elliot_miller/silent_bullet/wavs/silent_bullet_04_f000068.wav|en|True|8.859|ljspeech|tts_models/en/ljspeech/tacotron2-DCA|tacotron2-DCA|Of course, I do not know much about my guardians interests while he was alive, but it strikes me as strange that he should have changed so radically,|-
./fake/en/tts_models_en_ljspeech_tacotron2-DCA/the_master_key_20_f000073.wav|en_US/by_book/female/judy_bieber/the_master_key/wavs/the_master_key_20_f000073.wav|en|True|5.260|ljspeech|tts_models/en/ljspeech/tacotron2-DCA|tacotron2-DCA|And, besides this, I have brought you what I call the Illimitable Communicator.|-
./fake/en/tts_models_en_ljspeech_tacotron2-DCA/northandsouth_25_f000200.wav|en_US/by_book/female/mary_ann/northandsouth/wavs/northandsouth_25_f000200.wav|en|True|3.124|ljspeech|tts_models/en/ljspeech/tacotron2-DCA|tacotron2-DCA|-and, perhaps, set her up altogether;|-
./fake/en/tts_models_en_ljspeech_tacotron2-DCA/northandsouth_06_f000040.wav|en_US/by_book/female/mary_ann/northandsouth/wavs/northandsouth_06_f000040.wav|en|True|5.771|ljspeech|tts_models/en/ljspeech/tacotron2-DCA|tacotron2-DCA|and for which he had made, with his own hands, a kind of robin-house by his study-window.|-
./fake/en/tts_models_en_ljspeech_tacotron2-DCA/wives_and_daughters_14_f000022.wav|en_UK/by_book/female/elizabeth_klett/wives_and_daughters/wavs/wives_and_daughters_14_f000022.wav|en|True|8.441|ljspeech|tts_models/en/ljspeech/tacotron2-DCA|tacotron2-DCA|Poor child! said Lady Harriet, who had caught a sight of Molly's troubled face, the thought of balls is too much for her just now;|-
./fake/en/tts_models_en_ljspeech_tacotron2-DCA/jane_eyre_11_f000045.wav|en_UK/by_book/female/elizabeth_klett/jane_eyre/wavs/jane_eyre_11_f000045.wav|en|True|10.322|ljspeech|tts_models/en/ljspeech/tacotron2-DCA|tacotron2-DCA|We were now, as far as I could see, on a sort of common; but there were houses scattered all over the district; I felt we were in a different region to Lowood,|-
./fake/en/tts_models_en_ljspeech_tacotron2-DCA/jane_eyre_13_f000112.wav|en_UK/by_book/female/elizabeth_klett/jane_eyre/wavs/jane_eyre_13_f000112.wav|en|True|8.186|ljspeech|tts_models/en/ljspeech/tacotron2-DCA|tacotron2-DCA|Yes, said the good lady, who now knew what ground we were upon, and I am daily thankful for the choice Providence led me to make.|-
./fake/en/tts_models_en_ljspeech_tacotron2-DCA/northandsouth_43_f000028.wav|en_US/by_book/female/mary_ann/northandsouth/wavs/northandsouth_43_f000028.wav|en|True|11.158|ljspeech|tts_models/en/ljspeech/tacotron2-DCA|tacotron2-DCA|So it is best to start with a formal agreement; namely, that you are to pay them two hundred and fifty pounds a year, as long as you and they find it pleasant to live together.|-
./fake/en/tts_models_en_ljspeech_tacotron2-DCA/wives_and_daughters_34_f000140.wav|en_UK/by_book/female/elizabeth_klett/wives_and_daughters/wavs/wives_and_daughters_34_f000140.wav|en|True|9.161|ljspeech|tts_models/en/ljspeech/tacotron2-DCA|tacotron2-DCA|You speak with all the solemnity of an adjuration, Molly! said she, laughing a little at first to cover her nervousness, and then looking up at Molly.|-
./fake/en/tts_models_en_ljspeech_tacotron2-DCA/wives_and_daughters_36_f000095.wav|en_UK/by_book/female/elizabeth_klett/wives_and_daughters/wavs/wives_and_daughters_36_f000095.wav|en|True|10.067|ljspeech|tts_models/en/ljspeech/tacotron2-DCA|tacotron2-DCA|He did not seem much to care whether he got an answer or not, for he went on with his own thoughts, and the result was that he asked Molly if Cynthia had heard from Roger.|-
./fake/en/tts_models_en_ljspeech_tacotron2-DCA/wives_and_daughters_26_f000360.wav|en_UK/by_book/female/elizabeth_klett/wives_and_daughters/wavs/wives_and_daughters_26_f000360.wav|en|True|5.492|ljspeech|tts_models/en/ljspeech/tacotron2-DCA|tacotron2-DCA|She only wished that the happy chance had fallen to Cynthia's instead of to Molly's lot.|-
./fake/en/tts_models_en_ljspeech_tacotron2-DCA/rinkitink_baum_22_64kb_f000049.wav|en_US/by_book/female/judy_bieber/rinkitink_in_oz/wavs/rinkitink_baum_22_64kb_f000049.wav|en|True|4.169|ljspeech|tts_models/en/ljspeech/tacotron2-DCA|tacotron2-DCA|Donkey; And yet I fear he could not hear If it were on a monkey.|-
./fake/en/tts_models_en_ljspeech_tacotron2-DCA/silent_bullet_02_f000235.wav|en_US/by_book/male/elliot_miller/silent_bullet/wavs/silent_bullet_02_f000235.wav|en|True|11.437|ljspeech|tts_models/en/ljspeech/tacotron2-DCA|tacotron2-DCA|Holding a thirty-two-calibre pistol in his right hand and aiming it at the target, Kennedy picked up a large piece of coarse homespun from the table and held it loosely over the muzzle of the gun.|-
./fake/en/tts_models_en_ljspeech_tacotron2-DCA/silent_bullet_11_f000257.wav|en_US/by_book/male/elliot_miller/silent_bullet/wavs/silent_bullet_11_f000257.wav|en|True|4.715|ljspeech|tts_models/en/ljspeech/tacotron2-DCA|tacotron2-DCA|No, no, no! cried the tenor. I will go - you shall not stop me.|-
./fake/en/tts_models_en_ljspeech_tacotron2-DCA/jane_eyre_14_f000085.wav|en_UK/by_book/female/elizabeth_klett/jane_eyre/wavs/jane_eyre_14_f000085.wav|en|True|4.494|ljspeech|tts_models/en/ljspeech/tacotron2-DCA|tacotron2-DCA|Of my final re-transformation from India-rubber back to flesh?|-
./fake/en/tts_models_en_ljspeech_tacotron2-DCA/poisoned_pen_09_f000047.wav|en_US/by_book/male/elliot_miller/poisoned_pen/wavs/poisoned_pen_09_f000047.wav|en|True|12.378|ljspeech|tts_models/en/ljspeech/tacotron2-DCA|tacotron2-DCA|It will take time to identify her at the best, and in the meantime, if a crime has been committed, the guilty person may escape. What I want now, right away, is action.|-
./fake/en/tts_models_en_ljspeech_tacotron2-DCA/wives_and_daughters_26_f000372.wav|en_UK/by_book/female/elizabeth_klett/wives_and_daughters/wavs/wives_and_daughters_26_f000372.wav|en|True|11.311|ljspeech|tts_models/en/ljspeech/tacotron2-DCA|tacotron2-DCA|Oh! well. Then I suppose I was mistaken. But it comes to all the same thing. Cynthia, you really must learn to settle yourself to some improving reading every morning.|-
./fake/en/tts_models_en_ljspeech_tacotron2-DCA/northandsouth_08_f000122.wav|en_US/by_book/female/mary_ann/northandsouth/wavs/northandsouth_08_f000122.wav|en|True|5.562|ljspeech|tts_models/en/ljspeech/tacotron2-DCA|tacotron2-DCA|It was something of a trial to Margaret to go out by herself in this busy bustling place.|-
./fake/en/tts_models_en_ljspeech_tacotron2-DCA/the_sea_fairies_19_f000013.wav|en_US/by_book/female/judy_bieber/the_sea_fairies/wavs/the_sea_fairies_19_f000013.wav|en|True|5.353|ljspeech|tts_models/en/ljspeech/tacotron2-DCA|tacotron2-DCA|Zog witnessed the destruction of his wolves and uttered a loud laugh that was terrible to hear.|-
./fake/en/tts_models_en_ljspeech_tacotron2-DCA/wives_and_daughters_37_f000194.wav|en_UK/by_book/female/elizabeth_klett/wives_and_daughters/wavs/wives_and_daughters_37_f000194.wav|en|True|3.415|ljspeech|tts_models/en/ljspeech/tacotron2-DCA|tacotron2-DCA|Yes. But still I don't understand it.|-
./fake/en/tts_models_en_ljspeech_tacotron2-DCA/hunters_space_15_f000074.wav|en_US/by_book/male/elliot_miller/hunters_space/wavs/hunters_space_15_f000074.wav|en|True|2.125|ljspeech|tts_models/en/ljspeech/tacotron2-DCA|tacotron2-DCA|The side-arms were all gone.|-
./fake/en/tts_models_en_ljspeech_tacotron2-DCA/wives_and_daughters_21_f000011.wav|en_UK/by_book/female/elizabeth_klett/wives_and_daughters/wavs/wives_and_daughters_21_f000011.wav|en|True|11.833|ljspeech|tts_models/en/ljspeech/tacotron2-DCA|tacotron2-DCA|Sometimes he dropped out such sentences as these: - Ah, that would be the day I was crossing! It was stormy indeed! Instead of our being only two hours, we were nearly five.|-
./fake/en/tts_models_en_ljspeech_tacotron2-DCA/jane_eyre_09_f000036.wav|en_UK/by_book/female/elizabeth_klett/jane_eyre/wavs/jane_eyre_09_f000036.wav|en|True|7.071|ljspeech|tts_models/en/ljspeech/tacotron2-DCA|tacotron2-DCA|The teachers were fully occupied with packing up and making other necessary preparations for the departure of those girls|-
./fake/en/tts_models_en_ljspeech_tacotron2-DCA/silent_bullet_06_f000349.wav|en_US/by_book/male/elliot_miller/silent_bullet/wavs/silent_bullet_06_f000349.wav|en|True|13.633|ljspeech|tts_models/en/ljspeech/tacotron2-DCA|tacotron2-DCA|The other links are too heavy for you. Dont forget the evidence of the ink. It was your ink. Dont forget that Henry Vandam will not any longer conceal that he has altered his will in favour of you.|-
./fake/en/tts_models_en_ljspeech_tacotron2-DCA/wives_and_daughters_31_f000155.wav|en_UK/by_book/female/elizabeth_klett/wives_and_daughters/wavs/wives_and_daughters_31_f000155.wav|en|True|9.533|ljspeech|tts_models/en/ljspeech/tacotron2-DCA|tacotron2-DCA|I was drained dry of ready money - I wish the land was drained as dry as I am, said he, with a touch of humour that came out before he was aware,|-
./fake/en/tts_models_en_ljspeech_tacotron2-DCA/pink_fairy_book_31_f000096.wav|en_US/by_book/male/elliot_miller/pink_fairy_book/wavs/pink_fairy_book_31_f000096.wav|en|True|9.974|ljspeech|tts_models/en/ljspeech/tacotron2-DCA|tacotron2-DCA|where there was no one present except the youth, who said straight out to him that, with his majestys permission, he wished to ask him why he was so sorrowful.|-
./fake/en/tts_models_en_ljspeech_tacotron2-DCA/the_master_key_20_f000028.wav|en_US/by_book/female/judy_bieber/the_master_key/wavs/the_master_key_20_f000028.wav|en|True|8.627|ljspeech|tts_models/en/ljspeech/tacotron2-DCA|tacotron2-DCA|Its virtues surpass those of either the fabulous 'Fountain of Youth,' or the 'Elixir of Life,' so vainly sought for in past ages.|-
./fake/en/tts_models_en_ljspeech_tacotron2-DCA/wives_and_daughters_01_f000170.wav|en_UK/by_book/female/elizabeth_klett/wives_and_daughters/wavs/wives_and_daughters_01_f000170.wav|en|True|5.585|ljspeech|tts_models/en/ljspeech/tacotron2-DCA|tacotron2-DCA|Molly must go in a clean white frock, said Mister Gibson, rather hastily;|-
./fake/en/tts_models_en_ljspeech_tacotron2-DCA/silent_bullet_06_f000338.wav|en_US/by_book/male/elliot_miller/silent_bullet/wavs/silent_bullet_06_f000338.wav|en|True|10.113|ljspeech|tts_models/en/ljspeech/tacotron2-DCA|tacotron2-DCA|Suddenly I felt something brush by me, and with a swish of air and of garments I saw misis Popper fling herself wildly at the table that bore the incriminating records.|-
./fake/en/tts_models_en_ljspeech_tacotron2-DCA/midnight_passenger_09_f000255.wav|en_US/by_book/female/mary_ann/midnight_passenger/wavs/midnight_passenger_09_f000255.wav|en|True|7.594|ljspeech|tts_models/en/ljspeech/tacotron2-DCA|tacotron2-DCA|one hundred ninety-two Layte Street. He had consumed an hour in scanning the quiet exterior of the stately old mansion.|-
./fake/en/tts_models_en_ljspeech_tacotron2-DCA/northandsouth_16_f000072.wav|en_US/by_book/female/mary_ann/northandsouth/wavs/northandsouth_16_f000072.wav|en|True|4.529|ljspeech|tts_models/en/ljspeech/tacotron2-DCA|tacotron2-DCA|Why, Margaret, how strange you look! What is the matter?|-
./fake/en/tts_models_en_ljspeech_tacotron2-DCA/midnight_passenger_02_f000027.wav|en_US/by_book/female/mary_ann/midnight_passenger/wavs/midnight_passenger_02_f000027.wav|en|True|3.913|ljspeech|tts_models/en/ljspeech/tacotron2-DCA|tacotron2-DCA|And yet many a dark secret lurked in that busy brain of his.|-
./fake/en/tts_models_en_ljspeech_tacotron2-DCA/jane_eyre_28_f000237.wav|en_UK/by_book/female/elizabeth_klett/jane_eyre/wavs/jane_eyre_28_f000237.wav|en|True|6.142|ljspeech|tts_models/en/ljspeech/tacotron2-DCA|tacotron2-DCA|This scene was as silent as if all the figures had been shadows and the firelit apartment a picture:|-
./fake/en/tts_models_en_ljspeech_tacotron2-DCA/jane_eyre_34_f000261.wav|en_UK/by_book/female/elizabeth_klett/jane_eyre/wavs/jane_eyre_34_f000261.wav|en|True|2.149|ljspeech|tts_models/en/ljspeech/tacotron2-DCA|tacotron2-DCA|I will call Diana and Mary.|-
./fake/en/tts_models_en_ljspeech_tacotron2-DCA/wives_and_daughters_28_f000182.wav|en_UK/by_book/female/elizabeth_klett/wives_and_daughters/wavs/wives_and_daughters_28_f000182.wav|en|True|7.896|ljspeech|tts_models/en/ljspeech/tacotron2-DCA|tacotron2-DCA|How delicious! said he. No need for any more Hamley roses now yours are out.|-
./fake/en/tts_models_en_ljspeech_tacotron2-DCA/the_master_key_01_f000001.wav|en_US/by_book/female/judy_bieber/the_master_key/wavs/the_master_key_01_f000001.wav|en|True|1.452|ljspeech|tts_models/en/ljspeech/tacotron2-DCA|tacotron2-DCA|The Master Key.|-
./fake/en/tts_models_en_ljspeech_tacotron2-DCA/northandsouth_29_f000091.wav|en_US/by_book/female/mary_ann/northandsouth/wavs/northandsouth_29_f000091.wav|en|True|12.772|ljspeech|tts_models/en/ljspeech/tacotron2-DCA|tacotron2-DCA|Margaret started up as her mother said this. Her father had just entered the room, and she was most anxious that the faint impression she had seen on his mind that the Milton air had injured her mothers health,|-
./fake/en/tts_models_en_ljspeech_tacotron2-DCA/midnight_passenger_15_f000111.wav|en_US/by_book/female/mary_ann/midnight_passenger/wavs/midnight_passenger_15_f000111.wav|en|True|4.796|ljspeech|tts_models/en/ljspeech/tacotron2-DCA|tacotron2-DCA|to Alice Worthington for the foundation of such a charity as she may deem proper.|-
./fake/en/tts_models_en_ljspeech_tacotron2-DCA/silent_bullet_06_f000345.wav|en_US/by_book/male/elliot_miller/silent_bullet/wavs/silent_bullet_06_f000345.wav|en|True|12.040|ljspeech|tts_models/en/ljspeech/tacotron2-DCA|tacotron2-DCA|Is that why you have lured me here under false pretences, to play on my feelings, to insult me, to take advantage of a lone, defenceless woman, surrounded by hostile men?|-
./fake/en/tts_models_en_ljspeech_tacotron2-DCA/emerald_city_of_oz_12_f000025.wav|en_US/by_book/female/judy_bieber/emerald_city_of_oz/wavs/emerald_city_of_oz_12_f000025.wav|en|True|3.867|ljspeech|tts_models/en/ljspeech/tacotron2-DCA|tacotron2-DCA|I know, said the Shaggy Man; she's lost her mirror.|-
./fake/en/tts_models_en_ljspeech_tacotron2-DCA/northandsouth_18_f000121.wav|en_US/by_book/female/mary_ann/northandsouth/wavs/northandsouth_18_f000121.wav|en|True|4.958|ljspeech|tts_models/en/ljspeech/tacotron2-DCA|tacotron2-DCA|Upon my word, mother, I wish the old combination-laws were in force.|-
./fake/en/tts_models_en_ljspeech_tacotron2-DCA/silent_bullet_07_f000282.wav|en_US/by_book/male/elliot_miller/silent_bullet/wavs/silent_bullet_07_f000282.wav|en|True|8.511|ljspeech|tts_models/en/ljspeech/tacotron2-DCA|tacotron2-DCA|There was something peculiar about his insistence, but after he picked out the next diamond I was hardly prepared for Kennedys next remark.|-
./fake/en/tts_models_en_ljspeech_tacotron2-DCA/poisoned_pen_09_f000271.wav|en_US/by_book/male/elliot_miller/poisoned_pen/wavs/poisoned_pen_09_f000271.wav|en|True|11.565|ljspeech|tts_models/en/ljspeech/tacotron2-DCA|tacotron2-DCA|At last we could hear the elevator door close on our floor. A moment later it was evident from the expression of Kennedy's face that some one had entered the room which we had just left.|-
./fake/en/tts_models_en_ljspeech_tacotron2-DCA/jane_eyre_04_f000040.wav|en_UK/by_book/female/elizabeth_klett/jane_eyre/wavs/jane_eyre_04_f000040.wav|en|True|10.694|ljspeech|tts_models/en/ljspeech/tacotron2-DCA|tacotron2-DCA|When tired of this occupation, I would retire from the stairhead to the solitary and silent nursery: there, though somewhat sad, I was not miserable.|-
./fake/en/tts_models_en_ljspeech_tacotron2-DCA/piratesofersatz_07_leinster_64kb_f000052.wav|en_US/by_book/male/elliot_miller/pirates_of_ersatz/wavs/piratesofersatz_07_leinster_64kb_f000052.wav|en|True|12.077|ljspeech|tts_models/en/ljspeech/tacotron2-DCA|tacotron2-DCA|There was a clanging. A smaller door evidently opened somewhere. Lights came on - old-fashioned glow tubes. Then figures appeared through a door leading to some other part of this ship.|-
./fake/en/tts_models_en_ljspeech_tacotron2-DCA/northandsouth_42_f000083.wav|en_US/by_book/female/mary_ann/northandsouth/wavs/northandsouth_42_f000083.wav|en|True|6.224|ljspeech|tts_models/en/ljspeech/tacotron2-DCA|tacotron2-DCA|You must not go to the Clarendon. We have five or six empty bed-rooms at home.|-
./fake/en/tts_models_en_ljspeech_tacotron2-DCA/wives_and_daughters_14_f000269.wav|en_UK/by_book/female/elizabeth_klett/wives_and_daughters/wavs/wives_and_daughters_14_f000269.wav|en|True|9.741|ljspeech|tts_models/en/ljspeech/tacotron2-DCA|tacotron2-DCA|Black silk, too! when, if I'd only known she was coming, I might have put on my new brown silk one, lying idle in my top drawer.|-
./fake/en/tts_models_en_ljspeech_tacotron2-DCA/the_master_key_10_f000165.wav|en_US/by_book/female/judy_bieber/the_master_key/wavs/the_master_key_10_f000165.wav|en|True|6.351|ljspeech|tts_models/en/ljspeech/tacotron2-DCA|tacotron2-DCA|Oh, don't mention it, replied the boy, lightly; I'm glad to have been of service to you.|-
./fake/en/tts_models_en_ljspeech_tacotron2-DCA/wives_and_daughters_09_f000146.wav|en_UK/by_book/female/elizabeth_klett/wives_and_daughters/wavs/wives_and_daughters_09_f000146.wav|en|True|5.608|ljspeech|tts_models/en/ljspeech/tacotron2-DCA|tacotron2-DCA|He knew, in some way, that she had been living ever since as a governess in different families;|-
./fake/en/tts_models_en_ljspeech_tacotron2-DCA/jane_eyre_30_f000080.wav|en_UK/by_book/female/elizabeth_klett/jane_eyre/wavs/jane_eyre_30_f000080.wav|en|True|7.118|ljspeech|tts_models/en/ljspeech/tacotron2-DCA|tacotron2-DCA|One morning, being left alone with him a few minutes in the parlour, I ventured to approach the window-recess - which his table,|-
./fake/en/tts_models_en_ljspeech_tacotron2-DCA/poisoned_pen_12_f000186.wav|en_US/by_book/male/elliot_miller/poisoned_pen/wavs/poisoned_pen_12_f000186.wav|en|True|7.954|ljspeech|tts_models/en/ljspeech/tacotron2-DCA|tacotron2-DCA|Bertillon has cleared up many crimes with this help, such as the mystery of the shooting in the Hotel Quai d'Orsay and other cases.|-
./fake/en/tts_models_en_ljspeech_tacotron2-DCA/dorothy_and_wizard_oz_09_f000110.wav|en_US/by_book/female/judy_bieber/dorothy_and_wizard_oz/wavs/dorothy_and_wizard_oz_09_f000110.wav|en|True|6.003|ljspeech|tts_models/en/ljspeech/tacotron2-DCA|tacotron2-DCA|but Dorothy let her down and soon Eureka was frisking along beside the buggy without being scared a bit.|-
./fake/en/tts_models_en_ljspeech_tacotron2-DCA/ozma_of_oz_19_f000050.wav|en_US/by_book/female/judy_bieber/ozma_of_oz/wavs/ozma_of_oz_19_f000050.wav|en|True|7.791|ljspeech|tts_models/en/ljspeech/tacotron2-DCA|tacotron2-DCA|He is fifteen years of age, has fifteen silver buckles on his jacket and is the fifteenth Evardo to rule the land of Ev.|-
./fake/en/tts_models_en_ljspeech_tacotron2-DCA/poisoned_pen_10_f000103.wav|en_US/by_book/male/elliot_miller/poisoned_pen/wavs/poisoned_pen_10_f000103.wav|en|True|2.938|ljspeech|tts_models/en/ljspeech/tacotron2-DCA|tacotron2-DCA|She seems to have thought everything of Pierre.|-
./fake/en/tts_models_en_ljspeech_tacotron2-DCA/northandsouth_22_f000163.wav|en_US/by_book/female/mary_ann/northandsouth/wavs/northandsouth_22_f000163.wav|en|True|7.350|ljspeech|tts_models/en/ljspeech/tacotron2-DCA|tacotron2-DCA|The distant clank of the soldiers was heard just five minutes too late to make this vanished mob feel the power of authority and order.|-
./fake/en/tts_models_en_ljspeech_tacotron2-DCA/wives_and_daughters_03_f000011.wav|en_UK/by_book/female/elizabeth_klett/wives_and_daughters/wavs/wives_and_daughters_03_f000011.wav|en|True|6.607|ljspeech|tts_models/en/ljspeech/tacotron2-DCA|tacotron2-DCA|And more than once Mister Hall had had attacks of a suspicious nature, - rheumatism he used to call them,|-
./fake/en/tts_models_en_ljspeech_tacotron2-DCA/northandsouth_40_f000116.wav|en_US/by_book/female/mary_ann/northandsouth/wavs/northandsouth_40_f000116.wav|en|True|3.193|ljspeech|tts_models/en/ljspeech/tacotron2-DCA|tacotron2-DCA|I dont believe a cousin of yours could exaggerate.|-
./fake/en/tts_models_en_ljspeech_tacotron2-DCA/pink_fairy_book_31_f000113.wav|en_US/by_book/male/elliot_miller/pink_fairy_book/wavs/pink_fairy_book_31_f000113.wav|en|True|6.514|ljspeech|tts_models/en/ljspeech/tacotron2-DCA|tacotron2-DCA|But there still remained all the damage that had been done that day, and the king had nothing with which to pay for this.|-
./fake/en/tts_models_en_ljspeech_tacotron2-DCA/wives_and_daughters_14_f000129.wav|en_UK/by_book/female/elizabeth_klett/wives_and_daughters/wavs/wives_and_daughters_14_f000129.wav|en|True|3.286|ljspeech|tts_models/en/ljspeech/tacotron2-DCA|tacotron2-DCA|and make further acquaintance with Pecksy and Flapsy.|-
./fake/en/tts_models_en_ljspeech_tacotron2-DCA/dorothy_and_wizard_oz_09_f000068.wav|en_US/by_book/female/judy_bieber/dorothy_and_wizard_oz/wavs/dorothy_and_wizard_oz_09_f000068.wav|en|True|3.588|ljspeech|tts_models/en/ljspeech/tacotron2-DCA|tacotron2-DCA|which of course disappeared again when the bears devoured them.|-
./fake/en/tts_models_en_ljspeech_tacotron2-DCA/northandsouth_50_f000074.wav|en_US/by_book/female/mary_ann/northandsouth/wavs/northandsouth_50_f000074.wav|en|True|8.116|ljspeech|tts_models/en/ljspeech/tacotron2-DCA|tacotron2-DCA|and mister Thornton never knew but that the overlooker, to whom he had given the command in the first instance, had done it himself.|-
./fake/en/tts_models_en_ljspeech_tacotron2-DCA/jane_eyre_21_f000188.wav|en_UK/by_book/female/elizabeth_klett/jane_eyre/wavs/jane_eyre_21_f000188.wav|en|True|7.884|ljspeech|tts_models/en/ljspeech/tacotron2-DCA|tacotron2-DCA|You shall go into the breakfast-room first, said Bessie, as she preceded me through the hall; the young ladies will be there.|-
./fake/en/tts_models_en_ljspeech_tacotron2-DCA/northandsouth_38_f000253.wav|en_US/by_book/female/mary_ann/northandsouth/wavs/northandsouth_38_f000253.wav|en|True|6.305|ljspeech|tts_models/en/ljspeech/tacotron2-DCA|tacotron2-DCA|Yore not knowing of any place, where they could gi me a trial, away fro the mills, if Im such a firebrand?|-
./fake/en/tts_models_en_ljspeech_tacotron2-DCA/northandsouth_18_f000150.wav|en_US/by_book/female/mary_ann/northandsouth/wavs/northandsouth_18_f000150.wav|en|True|11.413|ljspeech|tts_models/en/ljspeech/tacotron2-DCA|tacotron2-DCA|so much that he keenly felt its being endangered by the ignorance or folly of others,-so keenly that he had no thoughts to spare for what would be the consequences of their conduct to themselves.|-
./fake/en/tts_models_en_ljspeech_tacotron2-DCA/midnight_passenger_08_f000163.wav|en_US/by_book/female/mary_ann/midnight_passenger/wavs/midnight_passenger_08_f000163.wav|en|True|10.438|ljspeech|tts_models/en/ljspeech/tacotron2-DCA|tacotron2-DCA|And the sun came gaily up, upon the day of repose, God's own appointed day of rest, the glittering beams played upon the closed windows of the stately old mansion,|-
./fake/en/tts_models_en_ljspeech_tacotron2-DCA/the_sea_fairies_18_f000040.wav|en_US/by_book/female/judy_bieber/the_sea_fairies/wavs/the_sea_fairies_18_f000040.wav|en|True|6.978|ljspeech|tts_models/en/ljspeech/tacotron2-DCA|tacotron2-DCA|If ever I get out o' this mess I'm in, I won't be an Arctic explorer, whatever else happens.|-
./fake/en/tts_models_en_ljspeech_tacotron2-DCA/jane_eyre_18_f000302.wav|en_UK/by_book/female/elizabeth_klett/jane_eyre/wavs/jane_eyre_18_f000302.wav|en|True|7.164|ljspeech|tts_models/en/ljspeech/tacotron2-DCA|tacotron2-DCA|Here the gentlemen interposed with earnest petitions to be further enlightened on these two last-named points;|-
./fake/en/tts_models_en_ljspeech_tacotron2-DCA/silent_bullet_04_f000149.wav|en_US/by_book/male/elliot_miller/silent_bullet/wavs/silent_bullet_04_f000149.wav|en|True|7.025|ljspeech|tts_models/en/ljspeech/tacotron2-DCA|tacotron2-DCA|like wax, it is often best to use printers ink to bring out the ridges and patterns of the finger-marks.|-
./fake/en/tts_models_en_ljspeech_tacotron2-DCA/northandsouth_49_f000054.wav|en_US/by_book/female/mary_ann/northandsouth/wavs/northandsouth_49_f000054.wav|en|True|6.537|ljspeech|tts_models/en/ljspeech/tacotron2-DCA|tacotron2-DCA|Those hours by the sea-side were not lost, as any one might have seen who had had the perception to read,|-
./fake/en/tts_models_en_ljspeech_tacotron2-DCA/northandsouth_12_f000011.wav|en_US/by_book/female/mary_ann/northandsouth/wavs/northandsouth_12_f000011.wav|en|True|4.680|ljspeech|tts_models/en/ljspeech/tacotron2-DCA|tacotron2-DCA|why, he would be wanting her to call on Fannys dancing-masters wife, the next thing!|-
./fake/en/tts_models_en_ljspeech_tacotron2-DCA/northandsouth_51_f000128.wav|en_US/by_book/female/mary_ann/northandsouth/wavs/northandsouth_51_f000128.wav|en|True|8.441|ljspeech|tts_models/en/ljspeech/tacotron2-DCA|tacotron2-DCA|Then sighed; and saying, I knew you would like it, he turned away, and never spoke to her again until he bid her a formal good night.|-
./fake/en/tts_models_en_ljspeech_tacotron2-DCA/wives_and_daughters_54_f000049.wav|en_UK/by_book/female/elizabeth_klett/wives_and_daughters/wavs/wives_and_daughters_54_f000049.wav|en|True|10.136|ljspeech|tts_models/en/ljspeech/tacotron2-DCA|tacotron2-DCA|Mister Gibson gave some instructions to one of the maid-servants as to the watch she was to keep by Missis Osborne Hamley, and insisted on Molly's going to bed.|-
./fake/en/tts_models_en_ljspeech_tacotron2-DCA/poisoned_pen_09_f000380.wav|en_US/by_book/male/elliot_miller/poisoned_pen/wavs/poisoned_pen_09_f000380.wav|en|True|8.709|ljspeech|tts_models/en/ljspeech/tacotron2-DCA|tacotron2-DCA|A tap at the door came, and without taking my eyes off the stairs I opened it. Burke slid in and gulped at the nauseous atmosphere.|-
./fake/en/tts_models_en_ljspeech_tacotron2-DCA/wives_and_daughters_44_f000148.wav|en_UK/by_book/female/elizabeth_klett/wives_and_daughters/wavs/wives_and_daughters_44_f000148.wav|en|True|7.025|ljspeech|tts_models/en/ljspeech/tacotron2-DCA|tacotron2-DCA|yet that the conduct of which he had been guilty in regard to the letters, and the threats which he had held out respecting them,|-
./fake/en/tts_models_en_ljspeech_tacotron2-DCA/wives_and_daughters_30_f000008.wav|en_UK/by_book/female/elizabeth_klett/wives_and_daughters/wavs/wives_and_daughters_30_f000008.wav|en|True|9.486|ljspeech|tts_models/en/ljspeech/tacotron2-DCA|tacotron2-DCA|but which now lay neglected, and only half drained, with stacks of mossy tiles, and lines of upturned furrows telling of abortive plans.|-
./fake/en/tts_models_en_ljspeech_tacotron2-DCA/rinkitink_baum_19_64kb_f000027.wav|en_US/by_book/female/judy_bieber/rinkitink_in_oz/wavs/rinkitink_baum_19_64kb_f000027.wav|en|True|13.167|ljspeech|tts_models/en/ljspeech/tacotron2-DCA|tacotron2-DCA|You may be right, and I hope I am not so impolite as to argue with a guest, returned the Nome King. But you will pardon me if I am not yet satisfied that you are stronger than my famous magic.|-
./fake/en/tts_models_en_ljspeech_tacotron2-DCA/dorothy_and_wizard_oz_02_f000022.wav|en_US/by_book/female/judy_bieber/dorothy_and_wizard_oz/wavs/dorothy_and_wizard_oz_02_f000022.wav|en|True|6.375|ljspeech|tts_models/en/ljspeech/tacotron2-DCA|tacotron2-DCA|and wondered that his tail should be yellow and his body striped with blue and orange like the stripes of a zebra.|-
./fake/en/tts_models_en_ljspeech_tacotron2-DCA/pink_fairy_book_31_f000127.wav|en_US/by_book/male/elliot_miller/pink_fairy_book/wavs/pink_fairy_book_31_f000127.wav|en|True|3.299|ljspeech|tts_models/en/ljspeech/tacotron2-DCA|tacotron2-DCA|Would you know that fish? said the troll.|-
./fake/en/tts_models_en_ljspeech_tacotron2-DCA/jane_eyre_05_f000060.wav|en_UK/by_book/female/elizabeth_klett/jane_eyre/wavs/jane_eyre_05_f000060.wav|en|True|9.463|ljspeech|tts_models/en/ljspeech/tacotron2-DCA|tacotron2-DCA|I was puzzling to make out the subject of a picture on the wall, when the door opened, and an individual carrying a light entered; another followed close behind.|-
./fake/en/tts_models_en_ljspeech_tacotron2-DCA/hunters_space_03_f000015.wav|en_US/by_book/male/elliot_miller/hunters_space/wavs/hunters_space_03_f000015.wav|en|True|11.647|ljspeech|tts_models/en/ljspeech/tacotron2-DCA|tacotron2-DCA|We will go together, then, Odin said. But tell me Then swear it by my blade. And Gunnar took the long sword and harness up from the sand where he had left it.|-
./fake/en/tts_models_en_ljspeech_tacotron2-DCA/northandsouth_01_f000039.wav|en_US/by_book/female/mary_ann/northandsouth/wavs/northandsouth_01_f000039.wav|en|True|7.977|ljspeech|tts_models/en/ljspeech/tacotron2-DCA|tacotron2-DCA|while all around her were enjoying the mots of mister Grey, the gentleman who always took the bottom of the table at  Missis Shaws dinner parties,|-
./fake/en/tts_models_en_ljspeech_tacotron2-DCA/midnight_passenger_12_f000200.wav|en_US/by_book/female/mary_ann/midnight_passenger/wavs/midnight_passenger_12_f000200.wav|en|True|10.149|ljspeech|tts_models/en/ljspeech/tacotron2-DCA|tacotron2-DCA|I am a good two hundred and fifty ahead on that lucky picture. For he could not find Miss Irma Gluyas to deliver to her the property which was her own property.|-
./fake/en/tts_models_en_ljspeech_tacotron2-DCA/wives_and_daughters_51_f000003.wav|en_UK/by_book/female/elizabeth_klett/wives_and_daughters/wavs/wives_and_daughters_51_f000003.wav|en|True|5.214|ljspeech|tts_models/en/ljspeech/tacotron2-DCA|tacotron2-DCA|Molly had her out-of-door things on, and she crept away as she was bidden.|-
./fake/en/tts_models_en_ljspeech_tacotron2-DCA/emerald_city_of_oz_20_f000082.wav|en_US/by_book/female/judy_bieber/emerald_city_of_oz/wavs/emerald_city_of_oz_20_f000082.wav|en|True|3.124|ljspeech|tts_models/en/ljspeech/tacotron2-DCA|tacotron2-DCA|Oh, p'raps in a few days, said Dorothy.|-
./fake/en/tts_models_en_ljspeech_tacotron2-DCA/emerald_city_of_oz_08_f000039.wav|en_US/by_book/female/judy_bieber/emerald_city_of_oz/wavs/emerald_city_of_oz_08_f000039.wav|en|True|3.124|ljspeech|tts_models/en/ljspeech/tacotron2-DCA|tacotron2-DCA|Twenty thousand! growled the Grand Gallipoot.|-
./fake/en/tts_models_en_ljspeech_tacotron2-DCA/the_sea_fairies_17_f000060.wav|en_US/by_book/female/judy_bieber/the_sea_fairies/wavs/the_sea_fairies_17_f000060.wav|en|True|3.054|ljspeech|tts_models/en/ljspeech/tacotron2-DCA|tacotron2-DCA|That ain't a bad weapon, he announced.|-
./fake/en/tts_models_en_ljspeech_tacotron2-DCA/piratesofersatz_07_leinster_64kb_f000136.wav|en_US/by_book/male/elliot_miller/pirates_of_ersatz/wavs/piratesofersatz_07_leinster_64kb_f000136.wav|en|True|20.356|ljspeech|tts_models/en/ljspeech/tacotron2-DCA|tacotron2-DCA|I have planned work of my own, as you may have guessed. I am here because of. ah. people on Walden. If I could make a quick trip to Walden my.|-
./fake/en/tts_models_en_ljspeech_tacotron2-DCA/the_sea_fairies_17_f000156.wav|en_US/by_book/female/judy_bieber/the_sea_fairies/wavs/the_sea_fairies_17_f000156.wav|en|True|7.048|ljspeech|tts_models/en/ljspeech/tacotron2-DCA|tacotron2-DCA|He never intends to do good, I assure you.|-
./fake/en/tts_models_en_ljspeech_tacotron2-DCA/wives_and_daughters_04_f000076.wav|en_UK/by_book/female/elizabeth_klett/wives_and_daughters/wavs/wives_and_daughters_04_f000076.wav|en|True|7.605|ljspeech|tts_models/en/ljspeech/tacotron2-DCA|tacotron2-DCA|and hastened back to the Thirty-nine Articles with all the good-will in life, as the only means of soothing the vicar's conscience.|-
./fake/en/tts_models_en_ljspeech_tacotron2-DCA/jane_eyre_04_f000029.wav|en_UK/by_book/female/elizabeth_klett/jane_eyre/wavs/jane_eyre_04_f000029.wav|en|True|6.398|ljspeech|tts_models/en/ljspeech/tacotron2-DCA|tacotron2-DCA|My Uncle Reed is in heaven, and can see all you do and think; and so can papa and mama: they know how you shut me up all day long, and how you wish me dead.|-
./fake/en/tts_models_en_ljspeech_tacotron2-DCA/wives_and_daughters_22_f000181.wav|en_UK/by_book/female/elizabeth_klett/wives_and_daughters/wavs/wives_and_daughters_22_f000181.wav|en|True|6.317|ljspeech|tts_models/en/ljspeech/tacotron2-DCA|tacotron2-DCA|No! said the Squire. I know what I know; and I'm not going to tell you how I know it.|-
./fake/en/tts_models_en_ljspeech_tacotron2-DCA/wives_and_daughters_23_f000180.wav|en_UK/by_book/female/elizabeth_klett/wives_and_daughters/wavs/wives_and_daughters_23_f000180.wav|en|True|5.899|ljspeech|tts_models/en/ljspeech/tacotron2-DCA|tacotron2-DCA|You've only just come home, lad. You don't know me, as I am now-a-days!|-
./fake/en/tts_models_en_ljspeech_tacotron2-DCA/northandsouth_31_f000157.wav|en_US/by_book/female/mary_ann/northandsouth/wavs/northandsouth_31_f000157.wav|en|True|7.652|ljspeech|tts_models/en/ljspeech/tacotron2-DCA|tacotron2-DCA|instead of what it really is-a court where authority weighs nine-tenths in the balance, and evidence forms only the other tenth.|-
./fake/en/tts_models_en_ljspeech_tacotron2-DCA/northandsouth_19_f000051.wav|en_US/by_book/female/mary_ann/northandsouth/wavs/northandsouth_19_f000051.wav|en|True|3.926|ljspeech|tts_models/en/ljspeech/tacotron2-DCA|tacotron2-DCA|What win yo wear? asked Bessy, somewhat relieved.|-
./fake/en/tts_models_en_ljspeech_tacotron2-DCA/jane_eyre_17_f000435.wav|en_UK/by_book/female/elizabeth_klett/jane_eyre/wavs/jane_eyre_17_f000435.wav|en|True|4.913|ljspeech|tts_models/en/ljspeech/tacotron2-DCA|tacotron2-DCA|And a little depressed, he said. What about? Tell me.|-
./fake/en/tts_models_en_ljspeech_tacotron2-DCA/northandsouth_37_f000047.wav|en_US/by_book/female/mary_ann/northandsouth/wavs/northandsouth_37_f000047.wav|en|True|8.372|ljspeech|tts_models/en/ljspeech/tacotron2-DCA|tacotron2-DCA|and consequently not caring for any pungency of pleasure for the attainment of which he can plan, and deny himself and look forward.|-
./fake/en/tts_models_en_ljspeech_tacotron2-DCA/poisoned_pen_12_f000017.wav|en_US/by_book/male/elliot_miller/poisoned_pen/wavs/poisoned_pen_12_f000017.wav|en|True|10.461|ljspeech|tts_models/en/ljspeech/tacotron2-DCA|tacotron2-DCA|A map of the city in colours, divided into all sorts of districts, told how fared the battle in the stronghold of the boss, Billy McLoughlin.|-
./fake/en/tts_models_en_ljspeech_tacotron2-DCA/wives_and_daughters_26_f000331.wav|en_UK/by_book/female/elizabeth_klett/wives_and_daughters/wavs/wives_and_daughters_26_f000331.wav|en|True|4.331|ljspeech|tts_models/en/ljspeech/tacotron2-DCA|tacotron2-DCA|wondering if simplicity of dress was now become the highest fashion,|-
./fake/en/tts_models_en_ljspeech_tacotron2-DCA/wives_and_daughters_30_f000119.wav|en_UK/by_book/female/elizabeth_klett/wives_and_daughters/wavs/wives_and_daughters_30_f000119.wav|en|True|5.214|ljspeech|tts_models/en/ljspeech/tacotron2-DCA|tacotron2-DCA|and also, perhaps, he unconsciously addressed the injunction to himself.|-
./fake/en/tts_models_en_ljspeech_tacotron2-DCA/northandsouth_17_f000088.wav|en_US/by_book/female/mary_ann/northandsouth/wavs/northandsouth_17_f000088.wav|en|True|8.407|ljspeech|tts_models/en/ljspeech/tacotron2-DCA|tacotron2-DCA|Hes worth fighting wi, is John Thornton. As for Slickson, I take it, some o these days hell wheedle his men back wi fair promises;|-
./fake/en/tts_models_en_ljspeech_tacotron2-DCA/rinkitink_baum_05_64kb_f000168.wav|en_US/by_book/female/judy_bieber/rinkitink_in_oz/wavs/rinkitink_baum_05_64kb_f000168.wav|en|True|7.327|ljspeech|tts_models/en/ljspeech/tacotron2-DCA|tacotron2-DCA|But with morning the storm abated and when the sun arose no sign of the tempest remained save a few fallen trees.|-
./fake/en/tts_models_en_ljspeech_tacotron2-DCA/jane_eyre_13_f000216.wav|en_UK/by_book/female/elizabeth_klett/jane_eyre/wavs/jane_eyre_13_f000216.wav|en|True|1.104|ljspeech|tts_models/en/ljspeech/tacotron2-DCA|tacotron2-DCA|Why?|-
./fake/en/tts_models_en_ljspeech_tacotron2-DCA/jane_eyre_16_f000163.wav|en_UK/by_book/female/elizabeth_klett/jane_eyre/wavs/jane_eyre_16_f000163.wav|en|True|4.181|ljspeech|tts_models/en/ljspeech/tacotron2-DCA|tacotron2-DCA|What of that? More unequal matches are made every day.|-
./fake/en/tts_models_en_ljspeech_tacotron2-DCA/wives_and_daughters_30_f000054.wav|en_UK/by_book/female/elizabeth_klett/wives_and_daughters/wavs/wives_and_daughters_30_f000054.wav|en|True|6.317|ljspeech|tts_models/en/ljspeech/tacotron2-DCA|tacotron2-DCA|I thought I should like to tell ye afore I died. Parson's been here; but I did na tell him.|-
./fake/en/tts_models_en_ljspeech_tacotron2-DCA/wives_and_daughters_33_f000136.wav|en_UK/by_book/female/elizabeth_klett/wives_and_daughters/wavs/wives_and_daughters_33_f000136.wav|en|True|9.974|ljspeech|tts_models/en/ljspeech/tacotron2-DCA|tacotron2-DCA|He had been too actively busy for some time to have leisure to bestow much thought on Cynthia; but there was no need for fresh meditation on that subject.|-
./fake/en/tts_models_en_ljspeech_tacotron2-DCA/the_master_key_12_f000066.wav|en_US/by_book/female/judy_bieber/the_master_key/wavs/the_master_key_12_f000066.wav|en|True|5.446|ljspeech|tts_models/en/ljspeech/tacotron2-DCA|tacotron2-DCA|Why, he exclaimed, I see upon your own brow the letters- Stop, sir!|-
./fake/en/tts_models_en_ljspeech_tacotron2-DCA/northandsouth_07_f000041.wav|en_US/by_book/female/mary_ann/northandsouth/wavs/northandsouth_07_f000041.wav|en|True|4.401|ljspeech|tts_models/en/ljspeech/tacotron2-DCA|tacotron2-DCA|Margaret had now and then been into the city in her drives with her aunt.|-
./fake/en/tts_models_en_ljspeech_tacotron2-DCA/the_master_key_03_f000021.wav|en_US/by_book/female/judy_bieber/the_master_key/wavs/the_master_key_03_f000021.wav|en|True|4.935|ljspeech|tts_models/en/ljspeech/tacotron2-DCA|tacotron2-DCA|Rob yawned, for he thought the Demon's speeches were growing rather tiresome.|-
./fake/en/tts_models_en_ljspeech_tacotron2-DCA/poisoned_pen_01_f000122.wav|en_US/by_book/male/elliot_miller/poisoned_pen/wavs/poisoned_pen_01_f000122.wav|en|True|10.218|ljspeech|tts_models/en/ljspeech/tacotron2-DCA|tacotron2-DCA|The next morning we continued our investigation. We found Dixon's lawyer, Leland, in consultation with his client in the bare cell of the county jail.|-
./fake/en/tts_models_en_ljspeech_tacotron2-DCA/emerald_city_of_oz_12_f000036.wav|en_US/by_book/female/judy_bieber/emerald_city_of_oz/wavs/emerald_city_of_oz_12_f000036.wav|en|True|4.460|ljspeech|tts_models/en/ljspeech/tacotron2-DCA|tacotron2-DCA|Didn't you? asked the animal, as if surprised.|-
./fake/en/tts_models_en_ljspeech_tacotron2-DCA/northandsouth_36_f000212.wav|en_US/by_book/female/mary_ann/northandsouth/wavs/northandsouth_36_f000212.wav|en|True|8.871|ljspeech|tts_models/en/ljspeech/tacotron2-DCA|tacotron2-DCA|There! said the woman, now you go. Theyll cry together, and comfort together, better nor any one but a child can do.|-
./fake/en/tts_models_en_ljspeech_tacotron2-DCA/rinkitink_baum_10_64kb_f000003.wav|en_US/by_book/female/judy_bieber/rinkitink_in_oz/wavs/rinkitink_baum_10_64kb_f000003.wav|en|True|8.743|ljspeech|tts_models/en/ljspeech/tacotron2-DCA|tacotron2-DCA|You may be sure the Queen of Coregos was not well pleased to have King Gos and all his warriors living in her city after they had fled from their own.|-
./fake/en/tts_models_en_ljspeech_tacotron2-DCA/midnight_passenger_14_f000209.wav|en_US/by_book/female/mary_ann/midnight_passenger/wavs/midnight_passenger_14_f000209.wav|en|True|9.672|ljspeech|tts_models/en/ljspeech/tacotron2-DCA|tacotron2-DCA|The strangely-assorted party were hurried through Breslau by the authorities, and Sergeant Breyman proudly wore Doctor Atwater's gold repeater as a parting present,|-
./fake/en/tts_models_en_ljspeech_tacotron2-DCA/wives_and_daughters_35_f000157.wav|en_UK/by_book/female/elizabeth_klett/wives_and_daughters/wavs/wives_and_daughters_35_f000157.wav|en|True|8.279|ljspeech|tts_models/en/ljspeech/tacotron2-DCA|tacotron2-DCA|Mister Gibson looked gravely at her, irresponsive to her winning looks, which at the moment reminded him too forcibly of her mother's ways.|-
./fake/en/tts_models_en_ljspeech_tacotron2-DCA/jane_eyre_08_f000109.wav|en_UK/by_book/female/elizabeth_klett/jane_eyre/wavs/jane_eyre_08_f000109.wav|en|True|10.856|ljspeech|tts_models/en/ljspeech/tacotron2-DCA|tacotron2-DCA|The refreshing meal, the brilliant fire, the presence and kindness of her beloved instructress, or, perhaps, more than all these, something in her own unique mind,|-
./fake/en/tts_models_en_ljspeech_tacotron2-DCA/poisoned_pen_12_f000421.wav|en_US/by_book/male/elliot_miller/poisoned_pen/wavs/poisoned_pen_12_f000421.wav|en|True|10.868|ljspeech|tts_models/en/ljspeech/tacotron2-DCA|tacotron2-DCA|I felt intuitively, even before Kennedy said so, that the person was Miss Ashton herself as she stuck the needle into the wall. The man was Cadwalader Brown.|-
./fake/en/tts_models_en_ljspeech_tacotron2-DCA/poisoned_pen_11_f000166.wav|en_US/by_book/male/elliot_miller/poisoned_pen/wavs/poisoned_pen_11_f000166.wav|en|True|2.776|ljspeech|tts_models/en/ljspeech/tacotron2-DCA|tacotron2-DCA|The doctor promised, and we took our departure.|-
./fake/en/tts_models_en_ljspeech_tacotron2-DCA/jane_eyre_12_f000101.wav|en_UK/by_book/female/elizabeth_klett/jane_eyre/wavs/jane_eyre_12_f000101.wav|en|True|5.469|ljspeech|tts_models/en/ljspeech/tacotron2-DCA|tacotron2-DCA|Man and horse were down; they had slipped on the sheet of ice which glazed the causeway.|-
./fake/en/tts_models_en_ljspeech_tacotron2-DCA/wives_and_daughters_57_f000087.wav|en_UK/by_book/female/elizabeth_klett/wives_and_daughters/wavs/wives_and_daughters_57_f000087.wav|en|True|6.259|ljspeech|tts_models/en/ljspeech/tacotron2-DCA|tacotron2-DCA|I would rather sacrifice anything myself than think of you, uncared for, and dismal at home.|-
./fake/en/tts_models_en_ljspeech_tacotron2-DCA/jane_eyre_11_f000072.wav|en_UK/by_book/female/elizabeth_klett/jane_eyre/wavs/jane_eyre_11_f000072.wav|en|True|4.633|ljspeech|tts_models/en/ljspeech/tacotron2-DCA|tacotron2-DCA|I'll see it carried into your room, she said, and bustled out.|-
./fake/en/tts_models_en_ljspeech_tacotron2-DCA/piratesofersatz_09_leinster_64kb_f000151.wav|en_US/by_book/male/elliot_miller/pirates_of_ersatz/wavs/piratesofersatz_09_leinster_64kb_f000151.wav|en|True|4.053|ljspeech|tts_models/en/ljspeech/tacotron2-DCA|tacotron2-DCA|of course, but he knew what kind of scoundrel Don Loris was.|-
./fake/en/tts_models_en_ljspeech_tacotron2-DCA/emerald_city_of_oz_14_f000094.wav|en_US/by_book/female/judy_bieber/emerald_city_of_oz/wavs/emerald_city_of_oz_14_f000094.wav|en|True|4.563|ljspeech|tts_models/en/ljspeech/tacotron2-DCA|tacotron2-DCA|No one ventured to ask a question as to how these things came there.|-
./fake/en/tts_models_en_ljspeech_tacotron2-DCA/the_master_key_16_f000066.wav|en_US/by_book/female/judy_bieber/the_master_key/wavs/the_master_key_16_f000066.wav|en|True|7.628|ljspeech|tts_models/en/ljspeech/tacotron2-DCA|tacotron2-DCA|The sailors squatted in the loops, and Rob swung the vine over his shoulders and turned the indicator of the traveling machine to up.|-
./fake/en/tts_models_en_ljspeech_tacotron2-DCA/wives_and_daughters_02_f000079.wav|en_UK/by_book/female/elizabeth_klett/wives_and_daughters/wavs/wives_and_daughters_02_f000079.wav|en|True|2.334|ljspeech|tts_models/en/ljspeech/tacotron2-DCA|tacotron2-DCA|I will bring the tray back with me.|-
./fake/en/tts_models_en_ljspeech_tacotron2-DCA/jane_eyre_05_f000230.wav|en_UK/by_book/female/elizabeth_klett/jane_eyre/wavs/jane_eyre_05_f000230.wav|en|True|3.286|ljspeech|tts_models/en/ljspeech/tacotron2-DCA|tacotron2-DCA|Did you say that tall lady was called Miss Temple?|-
./fake/en/tts_models_en_ljspeech_tacotron2-DCA/midnight_passenger_10_f000190.wav|en_US/by_book/female/mary_ann/midnight_passenger/wavs/midnight_passenger_10_f000190.wav|en|True|8.337|ljspeech|tts_models/en/ljspeech/tacotron2-DCA|tacotron2-DCA|Ferris stopped. I will be at the Fifth Avenue, night and day, said the vice-president, either there or at our office.|-
./fake/en/tts_models_en_ljspeech_tacotron2-DCA/poisoned_pen_09_f000194.wav|en_US/by_book/male/elliot_miller/poisoned_pen/wavs/poisoned_pen_09_f000194.wav|en|True|11.576|ljspeech|tts_models/en/ljspeech/tacotron2-DCA|tacotron2-DCA|Very well, agreed that official, I shall see that all the necessary organs for a thorough test as to the cause of the death of this woman are sent up to the Chemistry Building right away.|-
./fake/en/tts_models_en_ljspeech_tacotron2-DCA/silent_bullet_03_f000282.wav|en_US/by_book/male/elliot_miller/silent_bullet/wavs/silent_bullet_03_f000282.wav|en|True|3.356|ljspeech|tts_models/en/ljspeech/tacotron2-DCA|tacotron2-DCA|The annuity provided for me in that will is paltry.|-
./fake/en/tts_models_en_ljspeech_tacotron2-DCA/jane_eyre_15_f000028.wav|en_UK/by_book/female/elizabeth_klett/jane_eyre/wavs/jane_eyre_15_f000028.wav|en|True|11.738|ljspeech|tts_models/en/ljspeech/tacotron2-DCA|tacotron2-DCA|The carriage stopped, as I had expected, at the hotel door; my flame that is the very word for an opera inamorata alighted: though muffed in a cloak - an unnecessary encumbrance,|-
./fake/en/tts_models_en_ljspeech_tacotron2-DCA/wives_and_daughters_27_f000032.wav|en_UK/by_book/female/elizabeth_klett/wives_and_daughters/wavs/wives_and_daughters_27_f000032.wav|en|True|10.868|ljspeech|tts_models/en/ljspeech/tacotron2-DCA|tacotron2-DCA|I asked his lordship if he would like to see Mister Osborne, who was indoors, as I thought. But his lordship said he was pressed for time, and told me to make his excuses.|-
./fake/en/tts_models_en_ljspeech_tacotron2-DCA/dorothy_and_wizard_oz_04_f000046.wav|en_US/by_book/female/judy_bieber/dorothy_and_wizard_oz/wavs/dorothy_and_wizard_oz_04_f000046.wav|en|True|12.110|ljspeech|tts_models/en/ljspeech/tacotron2-DCA|tacotron2-DCA|On some of the bushes might be seen a bud, a blossom, a baby, a half-grown person and a ripe one; but even those ready to pluck were motionless and silent, as if devoid of life.|-
./fake/en/tts_models_en_ljspeech_tacotron2-DCA/hunters_space_17_f000024.wav|en_US/by_book/male/elliot_miller/hunters_space/wavs/hunters_space_17_f000024.wav|en|True|4.169|ljspeech|tts_models/en/ljspeech/tacotron2-DCA|tacotron2-DCA|Some of the best throwers were mounted upon the improvised balcony.|-
./fake/en/tts_models_en_ljspeech_tacotron2-DCA/the_sea_fairies_19_f000049.wav|en_US/by_book/female/judy_bieber/the_sea_fairies/wavs/the_sea_fairies_19_f000049.wav|en|True|8.627|ljspeech|tts_models/en/ljspeech/tacotron2-DCA|tacotron2-DCA|In a flash the sea serpent had caught Zog fast in his coils, and his mighty body swept round the monster and imprisoned him tightly.|-
./fake/en/tts_models_en_ljspeech_tacotron2-DCA/northandsouth_04_f000109.wav|en_US/by_book/female/mary_ann/northandsouth/wavs/northandsouth_04_f000109.wav|en|True|5.562|ljspeech|tts_models/en/ljspeech/tacotron2-DCA|tacotron2-DCA|That will be a trial, but worse, far worse, will be the parting from my dear people.|-
./fake/en/tts_models_en_ljspeech_tacotron2-DCA/wives_and_daughters_39_f000190.wav|en_UK/by_book/female/elizabeth_klett/wives_and_daughters/wavs/wives_and_daughters_39_f000190.wav|en|True|12.401|ljspeech|tts_models/en/ljspeech/tacotron2-DCA|tacotron2-DCA|A Hamley of Hamley isn't to be had every day. Now, I'll tell you what, Osborne, you're the only marriageable one left in the market, and I want to hoist the old family up again.|-
./fake/en/tts_models_en_ljspeech_tacotron2-DCA/emerald_city_of_oz_21_f000065.wav|en_US/by_book/female/judy_bieber/emerald_city_of_oz/wavs/emerald_city_of_oz_21_f000065.wav|en|True|8.302|ljspeech|tts_models/en/ljspeech/tacotron2-DCA|tacotron2-DCA|He did not weep nor groan any more, but his long face was quite solemn and his big ears hung dejectedly on each side of it.|-
./fake/en/tts_models_en_ljspeech_tacotron2-DCA/midnight_passenger_01_f000113.wav|en_US/by_book/female/mary_ann/midnight_passenger/wavs/midnight_passenger_01_f000113.wav|en|True|5.539|ljspeech|tts_models/en/ljspeech/tacotron2-DCA|tacotron2-DCA|Perhaps, he muttered, and then his whole nature stifled the unworthy suggestion.|-
./fake/en/tts_models_en_ljspeech_tacotron2-DCA/jane_eyre_17_f000394.wav|en_UK/by_book/female/elizabeth_klett/jane_eyre/wavs/jane_eyre_17_f000394.wav|en|True|8.882|ljspeech|tts_models/en/ljspeech/tacotron2-DCA|tacotron2-DCA|Creatures so absorbed in care about their pretty faces, and their white hands, and their small feet; as if a man had anything to do with beauty!|-
./fake/en/tts_models_en_ljspeech_tacotron2-DCA/northandsouth_38_f000133.wav|en_US/by_book/female/mary_ann/northandsouth/wavs/northandsouth_38_f000133.wav|en|True|8.209|ljspeech|tts_models/en/ljspeech/tacotron2-DCA|tacotron2-DCA|I would not allow you to act in any way wrongly, or she softened her speech down a little here inadvertently, without remonstrating;|-
./fake/en/tts_models_en_ljspeech_tacotron2-DCA/silent_bullet_05_f000029.wav|en_US/by_book/male/elliot_miller/silent_bullet/wavs/silent_bullet_05_f000029.wav|en|True|6.514|ljspeech|tts_models/en/ljspeech/tacotron2-DCA|tacotron2-DCA|doctor Gregory nodded, and I could not help following his eyes as he looked at his own rough and scarred hands.|-
./fake/en/tts_models_en_ljspeech_tacotron2-DCA/skyisland_09_baum_64kb_f000054.wav|en_US/by_book/female/judy_bieber/sky_island/wavs/skyisland_09_baum_64kb_f000054.wav|en|True|9.486|ljspeech|tts_models/en/ljspeech/tacotron2-DCA|tacotron2-DCA|the lamb, the cat and the dog, who all stood beside her and watched her feed the peacock, which she found strutting around and mewing like a cat for his dinner.|-
./fake/en/tts_models_en_ljspeech_tacotron2-DCA/pink_fairy_book_40_f000070.wav|en_US/by_book/male/elliot_miller/pink_fairy_book/wavs/pink_fairy_book_40_f000070.wav|en|True|10.683|ljspeech|tts_models/en/ljspeech/tacotron2-DCA|tacotron2-DCA|No sooner had he gone than the princess hastened to her father and complained of her sufferings. Then the king rose up in a fury, and commanded Ciccu to be brought before him.|-
./fake/en/tts_models_en_ljspeech_tacotron2-DCA/midnight_passenger_12_f000220.wav|en_US/by_book/female/mary_ann/midnight_passenger/wavs/midnight_passenger_12_f000220.wav|en|True|8.139|ljspeech|tts_models/en/ljspeech/tacotron2-DCA|tacotron2-DCA|It was on the fourth day after their refuge in Stettin, when Fritz Braun stole out of his rooms at a secret signal from Lena,|-
./fake/en/tts_models_en_ljspeech_tacotron2-DCA/wives_and_daughters_20_f000132.wav|en_UK/by_book/female/elizabeth_klett/wives_and_daughters/wavs/wives_and_daughters_20_f000132.wav|en|True|7.977|ljspeech|tts_models/en/ljspeech/tacotron2-DCA|tacotron2-DCA|perhaps it was her own mortification at not having heard all she wished to know about Roger, which gave her a keener insight than usual,|-
./fake/en/tts_models_en_ljspeech_tacotron2-DCA/northandsouth_35_f000141.wav|en_US/by_book/female/mary_ann/northandsouth/wavs/northandsouth_35_f000141.wav|en|True|8.627|ljspeech|tts_models/en/ljspeech/tacotron2-DCA|tacotron2-DCA|Im sorry to have given any unnecessary trouble, maam; for, after all, theyve given up all thoughts of holding an inquest.|-
./fake/en/tts_models_en_ljspeech_tacotron2-DCA/jane_eyre_18_f000002.wav|en_UK/by_book/female/elizabeth_klett/jane_eyre/wavs/jane_eyre_18_f000002.wav|en|True|2.497|ljspeech|tts_models/en/ljspeech/tacotron2-DCA|tacotron2-DCA|Recording by Elisabeth Klett.|-
./fake/en/tts_models_en_ljspeech_tacotron2-DCA/the_master_key_04_f000089.wav|en_US/by_book/female/judy_bieber/the_master_key/wavs/the_master_key_04_f000089.wav|en|True|5.376|ljspeech|tts_models/en/ljspeech/tacotron2-DCA|tacotron2-DCA|Here I am, traveling in fine style, without a penny to pay any one!|-
./fake/en/tts_models_en_ljspeech_tacotron2-DCA/skyisland_09_baum_64kb_f000002.wav|en_US/by_book/female/judy_bieber/sky_island/wavs/skyisland_09_baum_64kb_f000002.wav|en|True|12.436|ljspeech|tts_models/en/ljspeech/tacotron2-DCA|tacotron2-DCA|Sky island by L Frank Baum. Chapter nine THE TRIBULATION OF TROT. The apartments occupied by the Six Snubnosed Princesses were so magnificent that when Trot first entered them,|-
./fake/en/tts_models_en_ljspeech_tacotron2-DCA/emerald_city_of_oz_17_f000051.wav|en_US/by_book/female/judy_bieber/emerald_city_of_oz/wavs/emerald_city_of_oz_17_f000051.wav|en|True|3.728|ljspeech|tts_models/en/ljspeech/tacotron2-DCA|tacotron2-DCA|There's so much to eat here that you will never miss it.|-
./fake/en/tts_models_en_ljspeech_tacotron2-DCA/jane_eyre_14_f000091.wav|en_UK/by_book/female/elizabeth_klett/jane_eyre/wavs/jane_eyre_14_f000091.wav|en|True|5.074|ljspeech|tts_models/en/ljspeech/tacotron2-DCA|tacotron2-DCA|his unusual breadth of chest, disproportionate almost to his length of limb.|-
./fake/en/tts_models_en_ljspeech_tacotron2-DCA/northandsouth_06_f000037.wav|en_US/by_book/female/mary_ann/northandsouth/wavs/northandsouth_06_f000037.wav|en|True|5.121|ljspeech|tts_models/en/ljspeech/tacotron2-DCA|tacotron2-DCA|out through the bare echoing drawing-room, into the twilight of an early November evening.|-
./fake/en/tts_models_en_ljspeech_tacotron2-DCA/silent_bullet_08_f000184.wav|en_US/by_book/male/elliot_miller/silent_bullet/wavs/silent_bullet_08_f000184.wav|en|True|7.721|ljspeech|tts_models/en/ljspeech/tacotron2-DCA|tacotron2-DCA|impersonal way, and that she was at pains to lay the blame for the governmental interference rather on the rival mine-owners.|-
./fake/en/tts_models_en_ljspeech_tacotron2-DCA/northandsouth_26_f000040.wav|en_US/by_book/female/mary_ann/northandsouth/wavs/northandsouth_26_f000040.wav|en|True|5.864|ljspeech|tts_models/en/ljspeech/tacotron2-DCA|tacotron2-DCA|He knew how much he had to do-more than his usual work, owing to the commotion of the day before.|-
./fake/en/tts_models_en_ljspeech_tacotron2-DCA/ozma_of_oz_17_f000032.wav|en_US/by_book/female/judy_bieber/ozma_of_oz/wavs/ozma_of_oz_17_f000032.wav|en|True|7.594|ljspeech|tts_models/en/ljspeech/tacotron2-DCA|tacotron2-DCA|Well, well! said the King, sitting up and looking surprised. Why didn't my magic belt work, I wonder?|-
./fake/en/tts_models_en_ljspeech_tacotron2-DCA/jane_eyre_04_f000138.wav|en_UK/by_book/female/elizabeth_klett/jane_eyre/wavs/jane_eyre_04_f000138.wav|en|True|8.488|ljspeech|tts_models/en/ljspeech/tacotron2-DCA|tacotron2-DCA|I hope that sigh is from the heart, and that you repent of ever having been the occasion of discomfort to your excellent benefactress.|-
./fake/en/tts_models_en_ljspeech_tacotron2-DCA/wives_and_daughters_34_f000159.wav|en_UK/by_book/female/elizabeth_klett/wives_and_daughters/wavs/wives_and_daughters_34_f000159.wav|en|True|7.954|ljspeech|tts_models/en/ljspeech/tacotron2-DCA|tacotron2-DCA|green leaf, so fresh and crisp when Molly had gathered it an hour or so ago, but now soft and flabby, and dying.|-
./fake/en/tts_models_en_ljspeech_tacotron2-DCA/northandsouth_10_f000012.wav|en_US/by_book/female/mary_ann/northandsouth/wavs/northandsouth_10_f000012.wav|en|True|4.587|ljspeech|tts_models/en/ljspeech/tacotron2-DCA|tacotron2-DCA|Somehow, that room contrasted itself with the one he had lately left;|-
./fake/en/tts_models_en_ljspeech_tacotron2-DCA/silent_bullet_03_f000055.wav|en_US/by_book/male/elliot_miller/silent_bullet/wavs/silent_bullet_03_f000055.wav|en|True|7.873|ljspeech|tts_models/en/ljspeech/tacotron2-DCA|tacotron2-DCA|But you cant work very well with rubber gloves. Last fall in Paris I heard of a fellow who had given the police a lot of trouble.|-
./fake/en/tts_models_en_ljspeech_tacotron2-DCA/skyisland_21_baum_64kb_f000091.wav|en_US/by_book/female/judy_bieber/sky_island/wavs/skyisland_21_baum_64kb_f000091.wav|en|True|10.393|ljspeech|tts_models/en/ljspeech/tacotron2-DCA|tacotron2-DCA|Oh, thank you! cried Trot. That will be fine. I see you have another ring on your hand, said Rosalie, and I perceive it is enchanted in some way.|-
./fake/en/tts_models_en_ljspeech_tacotron2-DCA/jane_eyre_23_f000095.wav|en_UK/by_book/female/elizabeth_klett/jane_eyre/wavs/jane_eyre_23_f000095.wav|en|True|1.359|ljspeech|tts_models/en/ljspeech/tacotron2-DCA|tacotron2-DCA|From you, sir.|-
./fake/en/tts_models_en_ljspeech_tacotron2-DCA/midnight_passenger_09_f000102.wav|en_US/by_book/female/mary_ann/midnight_passenger/wavs/midnight_passenger_09_f000102.wav|en|True|7.420|ljspeech|tts_models/en/ljspeech/tacotron2-DCA|tacotron2-DCA|and another in his deserted rooms, where the Danube picture smiled down upon the callous stranger, who murmured,|-
./fake/en/tts_models_en_ljspeech_tacotron2-DCA/pink_fairy_book_33_f000100.wav|en_US/by_book/male/elliot_miller/pink_fairy_book/wavs/pink_fairy_book_33_f000100.wav|en|True|11.506|ljspeech|tts_models/en/ljspeech/tacotron2-DCA|tacotron2-DCA|But though the young man was pleasant and handsome, the princess thought him rather womanish in some ways, and displayed her opinion so openly as to draw upon herself and Aveline the anger of the fairy,|-
./fake/en/tts_models_en_ljspeech_tacotron2-DCA/the_sea_fairies_11_f000072.wav|en_US/by_book/female/judy_bieber/the_sea_fairies/wavs/the_sea_fairies_11_f000072.wav|en|True|8.627|ljspeech|tts_models/en/ljspeech/tacotron2-DCA|tacotron2-DCA|It is evident that these monsters are trying to drive us into some secret place, and it is well known that they are in league with Zog the Terrible,|-
./fake/en/tts_models_en_ljspeech_tacotron2-DCA/wives_and_daughters_02_f000212.wav|en_UK/by_book/female/elizabeth_klett/wives_and_daughters/wavs/wives_and_daughters_02_f000212.wav|en|True|6.978|ljspeech|tts_models/en/ljspeech/tacotron2-DCA|tacotron2-DCA|and I know Lady Cuxhaven was trying to find a well-educated girl who would be a pleasant companion to her children.|-
./fake/en/tts_models_en_ljspeech_tacotron2-DCA/wives_and_daughters_46_f000131.wav|en_UK/by_book/female/elizabeth_klett/wives_and_daughters/wavs/wives_and_daughters_46_f000131.wav|en|True|7.559|ljspeech|tts_models/en/ljspeech/tacotron2-DCA|tacotron2-DCA|So the remainder of the evening passed over without any further reference to the secret Missis Goodenough was burning to disclose,|-
./fake/en/tts_models_en_ljspeech_tacotron2-DCA/emerald_city_of_oz_05_f000091.wav|en_US/by_book/female/judy_bieber/emerald_city_of_oz/wavs/emerald_city_of_oz_05_f000091.wav|en|True|8.929|ljspeech|tts_models/en/ljspeech/tacotron2-DCA|tacotron2-DCA|I'll 'splain ever'thing as soon as we get to your rooms, promised Dorothy. You're in great luck, Uncle Henry and Aunt Em; an' so am I!|-
./fake/en/tts_models_en_ljspeech_tacotron2-DCA/wives_and_daughters_20_f000155.wav|en_UK/by_book/female/elizabeth_klett/wives_and_daughters/wavs/wives_and_daughters_20_f000155.wav|en|True|8.395|ljspeech|tts_models/en/ljspeech/tacotron2-DCA|tacotron2-DCA|But really, when I saw Osborne Hamley close to my Cynthia, I couldn't help thinking - but perhaps I'd better not tell you what I was thinking of.|-
./fake/en/tts_models_en_ljspeech_tacotron2-DCA/wives_and_daughters_60_f000258.wav|en_UK/by_book/female/elizabeth_klett/wives_and_daughters/wavs/wives_and_daughters_60_f000258.wav|en|True|4.088|ljspeech|tts_models/en/ljspeech/tacotron2-DCA|tacotron2-DCA|The letter is dated from Calais. They're coming home!|-
./fake/en/tts_models_en_ljspeech_tacotron2-DCA/wives_and_daughters_55_f000084.wav|en_UK/by_book/female/elizabeth_klett/wives_and_daughters/wavs/wives_and_daughters_55_f000084.wav|en|True|3.704|ljspeech|tts_models/en/ljspeech/tacotron2-DCA|tacotron2-DCA|He believes that he can induce her to resume the former footing.|-
./fake/en/tts_models_en_ljspeech_tacotron2-DCA/jane_eyre_30_f000127.wav|en_UK/by_book/female/elizabeth_klett/jane_eyre/wavs/jane_eyre_30_f000127.wav|en|True|10.090|ljspeech|tts_models/en/ljspeech/tacotron2-DCA|tacotron2-DCA|Her salary will be thirty pounds a year: her house is already furnished, very simply, but sufficiently, by the kindness of a lady, Miss Oliver;|-
./fake/en/tts_models_en_ljspeech_tacotron2-DCA/midnight_passenger_12_f000068.wav|en_US/by_book/female/mary_ann/midnight_passenger/wavs/midnight_passenger_12_f000068.wav|en|True|4.796|ljspeech|tts_models/en/ljspeech/tacotron2-DCA|tacotron2-DCA|For a brief day the name of Randall Clayton was on every one's lips.|-
./fake/en/tts_models_en_ljspeech_tacotron2-DCA/midnight_passenger_02_f000031.wav|en_US/by_book/female/mary_ann/midnight_passenger/wavs/midnight_passenger_02_f000031.wav|en|True|4.726|ljspeech|tts_models/en/ljspeech/tacotron2-DCA|tacotron2-DCA|He's a deep one, the Professor, grunted the Hanoverian barkeeper.|-
./fake/en/tts_models_en_ljspeech_tacotron2-DCA/the_sea_fairies_21_f000064.wav|en_US/by_book/female/judy_bieber/the_sea_fairies/wavs/the_sea_fairies_21_f000064.wav|en|True|2.799|ljspeech|tts_models/en/ljspeech/tacotron2-DCA|tacotron2-DCA|Very well, announced Sacho.|-
./fake/en/tts_models_en_ljspeech_tacotron2-DCA/wives_and_daughters_06_f000170.wav|en_UK/by_book/female/elizabeth_klett/wives_and_daughters/wavs/wives_and_daughters_06_f000170.wav|en|True|5.748|ljspeech|tts_models/en/ljspeech/tacotron2-DCA|tacotron2-DCA|Molly went into the drawing-room with Missis Hamley, but her thoughts did not change with the room.|-
./fake/en/tts_models_en_ljspeech_tacotron2-DCA/pink_fairy_book_14_f000147.wav|en_US/by_book/male/elliot_miller/pink_fairy_book/wavs/pink_fairy_book_14_f000147.wav|en|True|6.026|ljspeech|tts_models/en/ljspeech/tacotron2-DCA|tacotron2-DCA|I am certain that all the fish are out of the lake, for the yard is just filled with them.|-
./fake/en/tts_models_en_ljspeech_tacotron2-DCA/jane_eyre_28_f000041.wav|en_UK/by_book/female/elizabeth_klett/jane_eyre/wavs/jane_eyre_28_f000041.wav|en|True|4.703|ljspeech|tts_models/en/ljspeech/tacotron2-DCA|tacotron2-DCA|My rest might have been blissful enough, only a sad heart broke it.|-
./fake/en/tts_models_en_ljspeech_tacotron2-DCA/silent_bullet_08_f000275.wav|en_US/by_book/male/elliot_miller/silent_bullet/wavs/silent_bullet_08_f000275.wav|en|True|3.867|ljspeech|tts_models/en/ljspeech/tacotron2-DCA|tacotron2-DCA|He placed the gourd on the edge of the table where we could all see it.|-
./fake/en/tts_models_en_ljspeech_tacotron2-DCA/the_sea_fairies_07_f000011.wav|en_US/by_book/female/judy_bieber/the_sea_fairies/wavs/the_sea_fairies_07_f000011.wav|en|True|6.282|ljspeech|tts_models/en/ljspeech/tacotron2-DCA|tacotron2-DCA|Here, said the mermaid, pausing, is the most aristocratic family of fish in all the sea.|-
./fake/en/tts_models_en_ljspeech_tacotron2-DCA/midnight_passenger_09_f000036.wav|en_US/by_book/female/mary_ann/midnight_passenger/wavs/midnight_passenger_09_f000036.wav|en|True|10.672|ljspeech|tts_models/en/ljspeech/tacotron2-DCA|tacotron2-DCA|She does suspect! he growled. She only plays policy because she is in my power. Never mind, my lady; you are knitting up your own shroud.|-
./fake/en/tts_models_en_ljspeech_tacotron2-DCA/rinkitink_baum_05_64kb_f000026.wav|en_US/by_book/female/judy_bieber/rinkitink_in_oz/wavs/rinkitink_baum_05_64kb_f000026.wav|en|True|6.026|ljspeech|tts_models/en/ljspeech/tacotron2-DCA|tacotron2-DCA|Prince Inga began to search the tumbled heaps of marble for the place where the royal banquet hall had been.|-
./fake/en/tts_models_en_ljspeech_tacotron2-DCA/wives_and_daughters_10_f000030.wav|en_UK/by_book/female/elizabeth_klett/wives_and_daughters/wavs/wives_and_daughters_10_f000030.wav|en|True|7.628|ljspeech|tts_models/en/ljspeech/tacotron2-DCA|tacotron2-DCA|Pray call her Cynthia; she would be quite hurt at such a formal name as Miss Kirkpatrick from you.|-
./fake/en/tts_models_en_ljspeech_tacotron2-DCA/poisoned_pen_07_f000300.wav|en_US/by_book/male/elliot_miller/poisoned_pen/wavs/poisoned_pen_07_f000300.wav|en|True|7.396|ljspeech|tts_models/en/ljspeech/tacotron2-DCA|tacotron2-DCA|he said as he opened his hand and showed me three or four of the gum lozenges that he had palmed instead of swallowing.|-
./fake/en/tts_models_en_ljspeech_tacotron2-DCA/silent_bullet_03_f000243.wav|en_US/by_book/male/elliot_miller/silent_bullet/wavs/silent_bullet_03_f000243.wav|en|True|2.729|ljspeech|tts_models/en/ljspeech/tacotron2-DCA|tacotron2-DCA|Yes, she said, her eyes meeting his.|-
./fake/en/tts_models_en_ljspeech_tacotron2-DCA/jane_eyre_03_f000117.wav|en_UK/by_book/female/elizabeth_klett/jane_eyre/wavs/jane_eyre_03_f000117.wav|en|True|4.169|ljspeech|tts_models/en/ljspeech/tacotron2-DCA|tacotron2-DCA|I saw Mister Lloyd smile and frown at the same time.|-
./fake/en/tts_models_en_ljspeech_tacotron2-DCA/poisoned_pen_04_f000099.wav|en_US/by_book/male/elliot_miller/poisoned_pen/wavs/poisoned_pen_04_f000099.wav|en|True|8.616|ljspeech|tts_models/en/ljspeech/tacotron2-DCA|tacotron2-DCA|Now in this case the person who wrote the first note was only an indifferent writer. Therefore the sex signs are pretty likely to be accurate.|-
./fake/en/tts_models_en_ljspeech_tacotron2-DCA/piratesofersatz_06_leinster_64kb_f000094.wav|en_US/by_book/male/elliot_miller/pirates_of_ersatz/wavs/piratesofersatz_06_leinster_64kb_f000094.wav|en|True|10.486|ljspeech|tts_models/en/ljspeech/tacotron2-DCA|tacotron2-DCA|They say you do. They're very anxious that nobody should be able to. But while in unscrupulous hands such an instrument of destruction would be most unfortunate.|-
./fake/en/tts_models_en_ljspeech_tacotron2-DCA/jane_eyre_09_f000091.wav|en_UK/by_book/female/elizabeth_klett/jane_eyre/wavs/jane_eyre_09_f000091.wav|en|True|7.094|ljspeech|tts_models/en/ljspeech/tacotron2-DCA|tacotron2-DCA|After she had seen him mount his horse and depart, she was about to close the door, but I ran up to her.|-
./fake/en/tts_models_en_ljspeech_tacotron2-DCA/wives_and_daughters_57_f000032.wav|en_UK/by_book/female/elizabeth_klett/wives_and_daughters/wavs/wives_and_daughters_57_f000032.wav|en|True|2.497|ljspeech|tts_models/en/ljspeech/tacotron2-DCA|tacotron2-DCA|I suppose you mean about Mister Hamley?|-
./fake/en/tts_models_en_ljspeech_tacotron2-DCA/midnight_passenger_12_f000279.wav|en_US/by_book/female/mary_ann/midnight_passenger/wavs/midnight_passenger_12_f000279.wav|en|True|5.051|ljspeech|tts_models/en/ljspeech/tacotron2-DCA|tacotron2-DCA|Even the hammering of the strange Irish cobbler in the noisy hallway relieved her.|-
./fake/en/tts_models_en_ljspeech_tacotron2-DCA/the_sea_fairies_02_f000031.wav|en_US/by_book/female/judy_bieber/the_sea_fairies/wavs/the_sea_fairies_02_f000031.wav|en|True|7.443|ljspeech|tts_models/en/ljspeech/tacotron2-DCA|tacotron2-DCA|Many of them opened just at the water's edge, and it was possible to row their boat far into their dusky depths.|-
./fake/en/tts_models_en_ljspeech_tacotron2-DCA/midnight_passenger_05_f000082.wav|en_US/by_book/female/mary_ann/midnight_passenger/wavs/midnight_passenger_05_f000082.wav|en|True|5.051|ljspeech|tts_models/en/ljspeech/tacotron2-DCA|tacotron2-DCA|I have given them checkmate, mused Clayton, as he snapped his door behind him.|-
./fake/en/tts_models_en_ljspeech_tacotron2-DCA/pink_fairy_book_12_f000215.wav|en_US/by_book/male/elliot_miller/pink_fairy_book/wavs/pink_fairy_book_12_f000215.wav|en|True|12.947|ljspeech|tts_models/en/ljspeech/tacotron2-DCA|tacotron2-DCA|Coo, coo! said the wood-pigeons. We have seen little Kay. A white bird carried his sledge; he was sitting in the Snow-queens carriage which drove over the forest when our little ones were in the nest.|-
./fake/en/tts_models_en_ljspeech_tacotron2-DCA/jane_eyre_05_f000234.wav|en_UK/by_book/female/elizabeth_klett/jane_eyre/wavs/jane_eyre_05_f000234.wav|en|True|7.954|ljspeech|tts_models/en/ljspeech/tacotron2-DCA|tacotron2-DCA|the little one with black hair is Miss Scatcherd; she teaches history and grammar, and hears the second class repetitions;|-
./fake/en/tts_models_en_ljspeech_tacotron2-DCA/the_sea_fairies_17_f000084.wav|en_US/by_book/female/judy_bieber/the_sea_fairies/wavs/the_sea_fairies_17_f000084.wav|en|True|3.101|ljspeech|tts_models/en/ljspeech/tacotron2-DCA|tacotron2-DCA|But there is no time for preaching, so I'll go.|-
./fake/en/tts_models_en_ljspeech_tacotron2-DCA/silent_bullet_06_f000342.wav|en_US/by_book/male/elliot_miller/silent_bullet/wavs/silent_bullet_06_f000342.wav|en|True|4.958|ljspeech|tts_models/en/ljspeech/tacotron2-DCA|tacotron2-DCA|In front of me I saw Craig grasping misis Poppers wrists as in a vise.|-
./fake/en/tts_models_en_ljspeech_tacotron2-DCA/midnight_passenger_07_f000168.wav|en_US/by_book/female/mary_ann/midnight_passenger/wavs/midnight_passenger_07_f000168.wav|en|True|10.961|ljspeech|tts_models/en/ljspeech/tacotron2-DCA|tacotron2-DCA|And then Ralph Somers told Clayton of the month's gratuity. I guess I'll go in for a gay old Fourth! cheerfully said Clayton, who picked up a telegram just brought in by a boy.|-
./fake/en/tts_models_en_ljspeech_tacotron2-DCA/emerald_city_of_oz_10_f000015.wav|en_US/by_book/female/judy_bieber/emerald_city_of_oz/wavs/emerald_city_of_oz_10_f000015.wav|en|True|8.163|ljspeech|tts_models/en/ljspeech/tacotron2-DCA|tacotron2-DCA|The farm-houses became fewer as they proceeded, and the path was at times so faint that the Sawhorse had hard work to keep in the road.|-
./fake/en/tts_models_en_ljspeech_tacotron2-DCA/jane_eyre_24_f000346.wav|en_UK/by_book/female/elizabeth_klett/jane_eyre/wavs/jane_eyre_24_f000346.wav|en|True|2.590|ljspeech|tts_models/en/ljspeech/tacotron2-DCA|tacotron2-DCA|No: I would rather be excused.|-
./fake/en/tts_models_en_ljspeech_tacotron2-DCA/emerald_city_of_oz_20_f000090.wav|en_US/by_book/female/judy_bieber/emerald_city_of_oz/wavs/emerald_city_of_oz_20_f000090.wav|en|True|10.183|ljspeech|tts_models/en/ljspeech/tacotron2-DCA|tacotron2-DCA|The gardens were back of the palace and were filled with beautiful flowers and fragrant shrubs, with many shade and fruit trees and marble-paved walks running in every direction.|-
./fake/en/tts_models_en_ljspeech_tacotron2-DCA/midnight_passenger_03_f000276.wav|en_US/by_book/female/mary_ann/midnight_passenger/wavs/midnight_passenger_03_f000276.wav|en|True|4.610|ljspeech|tts_models/en/ljspeech/tacotron2-DCA|tacotron2-DCA|where the good-natured foreign convives often joined each other over a stein.|-
./fake/en/tts_models_en_ljspeech_tacotron2-DCA/pink_fairy_book_05_f000013.wav|en_US/by_book/male/elliot_miller/pink_fairy_book/wavs/pink_fairy_book_05_f000013.wav|en|True|9.579|ljspeech|tts_models/en/ljspeech/tacotron2-DCA|tacotron2-DCA|Now Uraschimataro was very good-natured, and besides, he could never bear to say no, so he picked up the turtle, and put it back into the sea.|-
./fake/en/tts_models_en_ljspeech_tacotron2-DCA/pink_fairy_book_21_f000032.wav|en_US/by_book/male/elliot_miller/pink_fairy_book/wavs/pink_fairy_book_21_f000032.wav|en|True|8.255|ljspeech|tts_models/en/ljspeech/tacotron2-DCA|tacotron2-DCA|Meanwhile Catherine wandered on and on, without knowing very well where she was going, till at last she came to another town.|-
./fake/en/tts_models_en_ljspeech_tacotron2-DCA/jane_eyre_26_f000105.wav|en_UK/by_book/female/elizabeth_klett/jane_eyre/wavs/jane_eyre_26_f000105.wav|en|True|8.361|ljspeech|tts_models/en/ljspeech/tacotron2-DCA|tacotron2-DCA|She is now living at Thornfield Hall, said Mason, in more articulate tones: I saw her there last April. I am her brother.|-
./fake/en/tts_models_en_ljspeech_tacotron2-DCA/jane_eyre_21_f000001.wav|en_UK/by_book/female/elizabeth_klett/jane_eyre/wavs/jane_eyre_21_f000001.wav|en|True|13.122|ljspeech|tts_models/en/ljspeech/tacotron2-DCA|tacotron2-DCA|Chapter twenty-one of Jane eyre. This is there librivox recording. All librivox recordings are in the public domain. For more information or to volunteer please visit librivox dot org.|-
./fake/en/tts_models_en_ljspeech_tacotron2-DCA/jane_eyre_33_f000096.wav|en_UK/by_book/female/elizabeth_klett/jane_eyre/wavs/jane_eyre_33_f000096.wav|en|True|5.446|ljspeech|tts_models/en/ljspeech/tacotron2-DCA|tacotron2-DCA|You should rather ask the name of the governess - the nature of the event which requires her appearance.|-
./fake/en/tts_models_en_ljspeech_tacotron2-DCA/wives_and_daughters_34_f000127.wav|en_UK/by_book/female/elizabeth_klett/wives_and_daughters/wavs/wives_and_daughters_34_f000127.wav|en|True|8.372|ljspeech|tts_models/en/ljspeech/tacotron2-DCA|tacotron2-DCA|Then she hastily went to the toilet-table, and began to untie her bonnet-strings; but they were in a knot, and took time to undo.|-
./fake/en/tts_models_en_ljspeech_tacotron2-DCA/rinkitink_baum_24_64kb_f000013.wav|en_US/by_book/female/judy_bieber/rinkitink_in_oz/wavs/rinkitink_baum_24_64kb_f000013.wav|en|True|4.099|ljspeech|tts_models/en/ljspeech/tacotron2-DCA|tacotron2-DCA|Your people will take you home again and oblige you to reign as King.|-
./fake/en/tts_models_en_ljspeech_tacotron2-DCA/northandsouth_23_f000014.wav|en_US/by_book/female/mary_ann/northandsouth/wavs/northandsouth_23_f000014.wav|en|True|8.628|ljspeech|tts_models/en/ljspeech/tacotron2-DCA|tacotron2-DCA|Thank you, mother. He stopped, and partly held out his hand to give her a grateful shake. But she did not notice the movement.|-
./fake/en/tts_models_en_ljspeech_tacotron2-DCA/northandsouth_15_f000178.wav|en_US/by_book/female/mary_ann/northandsouth/wavs/northandsouth_15_f000178.wav|en|True|9.138|ljspeech|tts_models/en/ljspeech/tacotron2-DCA|tacotron2-DCA|All I meant to say is, that there is no human law to prevent the employers from utterly wasting or throwing away all their money, if they choose;|-
./fake/en/tts_models_en_ljspeech_tacotron2-DCA/midnight_passenger_04_f000296.wav|en_US/by_book/female/mary_ann/midnight_passenger/wavs/midnight_passenger_04_f000296.wav|en|True|6.328|ljspeech|tts_models/en/ljspeech/tacotron2-DCA|tacotron2-DCA|Then Mister August Meyer of Brooklyn proceeded to leisurely array himself as a clubman of fashion.|-
./fake/en/tts_models_en_ljspeech_tacotron2-DCA/the_sea_fairies_02_f000112.wav|en_US/by_book/female/judy_bieber/the_sea_fairies/wavs/the_sea_fairies_02_f000112.wav|en|True|1.847|ljspeech|tts_models/en/ljspeech/tacotron2-DCA|tacotron2-DCA|Captain Bill groaned.|-
./fake/en/tts_models_en_ljspeech_tacotron2-DCA/jane_eyre_24_f000033.wav|en_UK/by_book/female/elizabeth_klett/jane_eyre/wavs/jane_eyre_24_f000033.wav|en|True|5.423|ljspeech|tts_models/en/ljspeech/tacotron2-DCA|tacotron2-DCA|Because you gave me a new name - Jane Rochester; and it seems so strange.|-
./fake/en/tts_models_en_ljspeech_tacotron2-DCA/jane_eyre_26_f000156.wav|en_UK/by_book/female/elizabeth_klett/jane_eyre/wavs/jane_eyre_26_f000156.wav|en|True|7.187|ljspeech|tts_models/en/ljspeech/tacotron2-DCA|tacotron2-DCA|One never knows what she has, sir: she is so cunning: it is not in mortal discretion to fathom her craft.|-
./fake/en/tts_models_en_ljspeech_tacotron2-DCA/wives_and_daughters_09_f000149.wav|en_UK/by_book/female/elizabeth_klett/wives_and_daughters/wavs/wives_and_daughters_09_f000149.wav|en|True|9.115|ljspeech|tts_models/en/ljspeech/tacotron2-DCA|tacotron2-DCA|Ashcombe was a larger estate than that near Hollingford, but the old Manor-house there was not nearly so good a residence as the Towers;|-
./fake/en/tts_models_en_ljspeech_tacotron2-DCA/wives_and_daughters_60_f000244.wav|en_UK/by_book/female/elizabeth_klett/wives_and_daughters/wavs/wives_and_daughters_60_f000244.wav|en|True|6.515|ljspeech|tts_models/en/ljspeech/tacotron2-DCA|tacotron2-DCA|Yes! said she. I think that was my idea. Of course I should have liked him to be you.|-
./fake/en/tts_models_en_ljspeech_tacotron2-DCA/piratesofersatz_11_leinster_64kb_f000113.wav|en_US/by_book/male/elliot_miller/pirates_of_ersatz/wavs/piratesofersatz_11_leinster_64kb_f000113.wav|en|True|8.059|ljspeech|tts_models/en/ljspeech/tacotron2-DCA|tacotron2-DCA|He heard the chattered on-the-spot news accounts of the happening. He saw the people who had not left Ensfield joined by avid visitors.|-
./fake/en/tts_models_en_ljspeech_tacotron2-DCA/midnight_passenger_02_f000039.wav|en_US/by_book/female/mary_ann/midnight_passenger/wavs/midnight_passenger_02_f000039.wav|en|True|8.372|ljspeech|tts_models/en/ljspeech/tacotron2-DCA|tacotron2-DCA|They were the better class of artists - musical virtuosos, and floating foreigners of the Teutonic business circles of lower New York.|-
./fake/en/tts_models_en_ljspeech_tacotron2-DCA/midnight_passenger_12_f000275.wav|en_US/by_book/female/mary_ann/midnight_passenger/wavs/midnight_passenger_12_f000275.wav|en|True|6.375|ljspeech|tts_models/en/ljspeech/tacotron2-DCA|tacotron2-DCA|The frightened woman had only left her rooms at night after the publication of the finding of Randall Clayton's body.|-
./fake/en/tts_models_en_ljspeech_tacotron2-DCA/northandsouth_11_f000015.wav|en_US/by_book/female/mary_ann/northandsouth/wavs/northandsouth_11_f000015.wav|en|True|7.489|ljspeech|tts_models/en/ljspeech/tacotron2-DCA|tacotron2-DCA|-to give them anything of the training which his mother gave him, and to which he evidently owes his position, whatever that may be.|-
./fake/en/tts_models_en_ljspeech_tacotron2-DCA/wives_and_daughters_01_f000062.wav|en_UK/by_book/female/elizabeth_klett/wives_and_daughters/wavs/wives_and_daughters_01_f000062.wav|en|True|8.975|ljspeech|tts_models/en/ljspeech/tacotron2-DCA|tacotron2-DCA|and so on; while it was always supposed that no strangers had seen Hollingford properly, unless they had been taken to the countess's school,|-
./fake/en/tts_models_en_ljspeech_tacotron2-DCA/silent_bullet_07_f000013.wav|en_US/by_book/male/elliot_miller/silent_bullet/wavs/silent_bullet_07_f000013.wav|en|True|11.333|ljspeech|tts_models/en/ljspeech/tacotron2-DCA|tacotron2-DCA|I am at your service, interposed Craig quietly, but you will have to enlighten me as to the facts in the case. As to that, I know no more than the newspapers.|-
./fake/en/tts_models_en_ljspeech_tacotron2-DCA/jane_eyre_17_f000052.wav|en_UK/by_book/female/elizabeth_klett/jane_eyre/wavs/jane_eyre_17_f000052.wav|en|True|3.379|ljspeech|tts_models/en/ljspeech/tacotron2-DCA|tacotron2-DCA|in prim cap, white apron, and handkerchief;|-
./fake/en/tts_models_en_ljspeech_tacotron2-DCA/jane_eyre_01_f000071.wav|en_UK/by_book/female/elizabeth_klett/jane_eyre/wavs/jane_eyre_01_f000071.wav|en|True|5.864|ljspeech|tts_models/en/ljspeech/tacotron2-DCA|tacotron2-DCA|I tottered, and on regaining my equilibrium retired back a step or two from his chair.|-
./fake/en/tts_models_en_ljspeech_tacotron2-DCA/wives_and_daughters_41_f000147.wav|en_UK/by_book/female/elizabeth_klett/wives_and_daughters/wavs/wives_and_daughters_41_f000147.wav|en|True|2.613|ljspeech|tts_models/en/ljspeech/tacotron2-DCA|tacotron2-DCA|It was almost as good as living there!|-
./fake/en/tts_models_en_ljspeech_tacotron2-DCA/northandsouth_41_f000047.wav|en_US/by_book/female/mary_ann/northandsouth/wavs/northandsouth_41_f000047.wav|en|True|5.237|ljspeech|tts_models/en/ljspeech/tacotron2-DCA|tacotron2-DCA|Margaret was less alarmed, as this difficulty went off completely in the intervals;|-
./fake/en/tts_models_en_ljspeech_tacotron2-DCA/northandsouth_28_f000136.wav|en_US/by_book/female/mary_ann/northandsouth/wavs/northandsouth_28_f000136.wav|en|True|1.707|ljspeech|tts_models/en/ljspeech/tacotron2-DCA|tacotron2-DCA|Yesterday, mamma.|-
./fake/en/tts_models_en_ljspeech_tacotron2-DCA/wives_and_daughters_29_f000157.wav|en_UK/by_book/female/elizabeth_klett/wives_and_daughters/wavs/wives_and_daughters_29_f000157.wav|en|True|10.497|ljspeech|tts_models/en/ljspeech/tacotron2-DCA|tacotron2-DCA|Then such speeches as you are very pretty, or you have charming manners, are what you prefer. Now, I pique myself on wrapping up my sugar-plums delicately.|-
./fake/en/tts_models_en_ljspeech_tacotron2-DCA/emerald_city_of_oz_14_f000064.wav|en_US/by_book/female/judy_bieber/emerald_city_of_oz/wavs/emerald_city_of_oz_14_f000064.wav|en|True|5.528|ljspeech|tts_models/en/ljspeech/tacotron2-DCA|tacotron2-DCA|Well, well, well! This beats anything I ever saw or heard of!|-
./fake/en/tts_models_en_ljspeech_tacotron2-DCA/wives_and_daughters_30_f000131.wav|en_UK/by_book/female/elizabeth_klett/wives_and_daughters/wavs/wives_and_daughters_30_f000131.wav|en|True|10.136|ljspeech|tts_models/en/ljspeech/tacotron2-DCA|tacotron2-DCA|But, remember, my father is a gentleman of age and position, and not accustomed to receive advice as to the management of his temper from young men like you.|-
./fake/en/tts_models_en_ljspeech_tacotron2-DCA/skyisland_24_baum_64kb_f000108.wav|en_US/by_book/female/judy_bieber/sky_island/wavs/skyisland_24_baum_64kb_f000108.wav|en|True|9.579|ljspeech|tts_models/en/ljspeech/tacotron2-DCA|tacotron2-DCA|Like captain Bill, he had no room to shiver, but he groaned very dismally and was so full of fear that his blue hair nearly stood on end.|-
./fake/en/tts_models_en_ljspeech_tacotron2-DCA/emerald_city_of_oz_08_f000033.wav|en_US/by_book/female/judy_bieber/emerald_city_of_oz/wavs/emerald_city_of_oz_08_f000033.wav|en|True|5.933|ljspeech|tts_models/en/ljspeech/tacotron2-DCA|tacotron2-DCA|When we get there we mean to conquer and destroy all the land and recapture the Magic Belt.|-
./fake/en/tts_models_en_ljspeech_tacotron2-DCA/silent_bullet_05_f000108.wav|en_US/by_book/male/elliot_miller/silent_bullet/wavs/silent_bullet_05_f000108.wav|en|True|3.286|ljspeech|tts_models/en/ljspeech/tacotron2-DCA|tacotron2-DCA|And he, did he always call on business?|-
./fake/en/tts_models_en_ljspeech_tacotron2-DCA/pink_fairy_book_21_f000039.wav|en_US/by_book/male/elliot_miller/pink_fairy_book/wavs/pink_fairy_book_21_f000039.wav|en|True|7.861|ljspeech|tts_models/en/ljspeech/tacotron2-DCA|tacotron2-DCA|After seven years, however, Destiny seemed to get tired of persecuting her, and a time of peace set in for Catherine.|-
./fake/en/tts_models_en_ljspeech_tacotron2-DCA/wives_and_daughters_41_f000179.wav|en_UK/by_book/female/elizabeth_klett/wives_and_daughters/wavs/wives_and_daughters_41_f000179.wav|en|True|4.772|ljspeech|tts_models/en/ljspeech/tacotron2-DCA|tacotron2-DCA|you've none, and when your mother was alive she was a dear friend of mine:|-
./fake/en/tts_models_en_ljspeech_tacotron2-DCA/the_sea_fairies_08_f000020.wav|en_US/by_book/female/judy_bieber/the_sea_fairies/wavs/the_sea_fairies_08_f000020.wav|en|True|6.932|ljspeech|tts_models/en/ljspeech/tacotron2-DCA|tacotron2-DCA|In one corner stood a couch of white coral, with gossamer draperies hanging around it from the four high posts.|-
./fake/en/tts_models_en_ljspeech_tacotron2-DCA/northandsouth_20_f000157.wav|en_US/by_book/female/mary_ann/northandsouth/wavs/northandsouth_20_f000157.wav|en|True|4.958|ljspeech|tts_models/en/ljspeech/tacotron2-DCA|tacotron2-DCA|I am not quite the person to decide on anothers gentlemanliness, Miss Hale.|-
./fake/en/tts_models_en_ljspeech_tacotron2-DCA/jane_eyre_21_f000359.wav|en_UK/by_book/female/elizabeth_klett/jane_eyre/wavs/jane_eyre_21_f000359.wav|en|True|8.836|ljspeech|tts_models/en/ljspeech/tacotron2-DCA|tacotron2-DCA|Eliza generally took no more notice of her sister's indolence and complaints than if no such murmuring, lounging object had been before her.|-
./fake/en/tts_models_en_ljspeech_tacotron2-DCA/northandsouth_16_f000146.wav|en_US/by_book/female/mary_ann/northandsouth/wavs/northandsouth_16_f000146.wav|en|True|18.136|ljspeech|tts_models/en/ljspeech/tacotron2-DCA|tacotron2-DCA|Then she hadnt so much as a darned stocking or a cleaned pair of gloves in all her wardrobe. And now-!|-
./fake/en/tts_models_en_ljspeech_tacotron2-DCA/emerald_city_of_oz_07_f000111.wav|en_US/by_book/female/judy_bieber/emerald_city_of_oz/wavs/emerald_city_of_oz_07_f000111.wav|en|True|11.983|ljspeech|tts_models/en/ljspeech/tacotron2-DCA|tacotron2-DCA|Aunt Em shuddered at hearing this, and Uncle Henry said hastily: I'm glad you knew us. Good morning, Mr. Lion; we'll hope to see you again by and by some time in the future.|-
./fake/en/tts_models_en_ljspeech_tacotron2-DCA/wives_and_daughters_54_f000029.wav|en_UK/by_book/female/elizabeth_klett/wives_and_daughters/wavs/wives_and_daughters_54_f000029.wav|en|True|6.421|ljspeech|tts_models/en/ljspeech/tacotron2-DCA|tacotron2-DCA|Mister Gibson came back two steps at a time; he was carrying the half-awakened child in his arms.|-
./fake/en/tts_models_en_ljspeech_tacotron2-DCA/piratesofersatz_03_leinster_64kb_f000116.wav|en_US/by_book/male/elliot_miller/pirates_of_ersatz/wavs/piratesofersatz_03_leinster_64kb_f000116.wav|en|True|7.071|ljspeech|tts_models/en/ljspeech/tacotron2-DCA|tacotron2-DCA|But presently the liner from Krim and Walden appeared in Darth as the tiniest of shimmering pearly specks against the blue.|-
./fake/en/tts_models_en_ljspeech_tacotron2-DCA/jane_eyre_04_f000151.wav|en_UK/by_book/female/elizabeth_klett/jane_eyre/wavs/jane_eyre_04_f000151.wav|en|True|3.054|ljspeech|tts_models/en/ljspeech/tacotron2-DCA|tacotron2-DCA|Psalms are not interesting, I remarked.|-
./fake/en/tts_models_en_ljspeech_tacotron2-DCA/jane_eyre_20_f000128.wav|en_UK/by_book/female/elizabeth_klett/jane_eyre/wavs/jane_eyre_20_f000128.wav|en|True|4.424|ljspeech|tts_models/en/ljspeech/tacotron2-DCA|tacotron2-DCA|Lastly, I saw Mister Mason was submissive to Mister Rochester;|-
./fake/en/tts_models_en_ljspeech_tacotron2-DCA/piratesofersatz_03_leinster_64kb_f000225.wav|en_US/by_book/male/elliot_miller/pirates_of_ersatz/wavs/piratesofersatz_03_leinster_64kb_f000225.wav|en|True|12.320|ljspeech|tts_models/en/ljspeech/tacotron2-DCA|tacotron2-DCA|He was frenziedly in the act of mounting one of them. As he climbed up, small bright metal disks cascaded from a pocket. He tried to stop the flow of money as he got feverishly into the saddle.|-
./fake/en/tts_models_en_ljspeech_tacotron2-DCA/northandsouth_43_f000099.wav|en_US/by_book/female/mary_ann/northandsouth/wavs/northandsouth_43_f000099.wav|en|True|9.034|ljspeech|tts_models/en/ljspeech/tacotron2-DCA|tacotron2-DCA|They for  Missis Shaw alighted here were shown into the drawing-room, in which a fire had only just been kindled.  Missis Shaw huddled herself up in her shawl, and shivered.|-
./fake/en/tts_models_en_ljspeech_tacotron2-DCA/wives_and_daughters_60_f000230.wav|en_UK/by_book/female/elizabeth_klett/wives_and_daughters/wavs/wives_and_daughters_60_f000230.wav|en|True|5.214|ljspeech|tts_models/en/ljspeech/tacotron2-DCA|tacotron2-DCA|handsome, rich, and moderately fashionable man, who lived in London.|-
./fake/en/tts_models_en_ljspeech_tacotron2-DCA/poisoned_pen_04_f000057.wav|en_US/by_book/male/elliot_miller/poisoned_pen/wavs/poisoned_pen_04_f000057.wav|en|True|2.427|ljspeech|tts_models/en/ljspeech/tacotron2-DCA|tacotron2-DCA|benzine, or something of that sort.|-
./fake/en/tts_models_en_ljspeech_tacotron2-DCA/poisoned_pen_08_f000028.wav|en_US/by_book/male/elliot_miller/poisoned_pen/wavs/poisoned_pen_08_f000028.wav|en|True|7.768|ljspeech|tts_models/en/ljspeech/tacotron2-DCA|tacotron2-DCA|It looks bad for him from the commonsense standpoint, though of course I'm not competent to speak of the legal side of the matter.|-
./fake/en/tts_models_en_ljspeech_tacotron2-DCA/piratesofersatz_08_leinster_64kb_f000097.wav|en_US/by_book/male/elliot_miller/pirates_of_ersatz/wavs/piratesofersatz_08_leinster_64kb_f000097.wav|en|True|9.743|ljspeech|tts_models/en/ljspeech/tacotron2-DCA|tacotron2-DCA|But if he could keep the space-yacht alsoHe nodded gravely. He liked the new possibility. If it didn't work, there was the first plan in reserve.|-
./fake/en/tts_models_en_ljspeech_tacotron2-DCA/skyisland_09_baum_64kb_f000082.wav|en_US/by_book/female/judy_bieber/sky_island/wavs/skyisland_09_baum_64kb_f000082.wav|en|True|7.907|ljspeech|tts_models/en/ljspeech/tacotron2-DCA|tacotron2-DCA|Trot was occupying Indigo's room, so that Princess was obliged to dress with Azure, not daring to enter her own chamber,|-
./fake/en/tts_models_en_ljspeech_tacotron2-DCA/northandsouth_04_f000128.wav|en_US/by_book/female/mary_ann/northandsouth/wavs/northandsouth_04_f000128.wav|en|True|3.020|ljspeech|tts_models/en/ljspeech/tacotron2-DCA|tacotron2-DCA|Why there, papa? asked she.|-
./fake/en/tts_models_en_ljspeech_tacotron2-DCA/midnight_passenger_03_f000025.wav|en_US/by_book/female/mary_ann/midnight_passenger/wavs/midnight_passenger_03_f000025.wav|en|True|7.118|ljspeech|tts_models/en/ljspeech/tacotron2-DCA|tacotron2-DCA|But the moody Randall Clayton had tired already of hearing Miss Francine Delacroix's praises in divers keys.|-
./fake/en/tts_models_en_ljspeech_tacotron2-DCA/northandsouth_36_f000076.wav|en_US/by_book/female/mary_ann/northandsouth/wavs/northandsouth_36_f000076.wav|en|True|8.673|ljspeech|tts_models/en/ljspeech/tacotron2-DCA|tacotron2-DCA|but we can make a mans life so heavy to be borne, that hes obliged to come in, and be wise and helpful in spite of himself.|-
./fake/en/tts_models_en_ljspeech_tacotron2-DCA/poisoned_pen_12_f000145.wav|en_US/by_book/male/elliot_miller/poisoned_pen/wavs/poisoned_pen_12_f000145.wav|en|True|4.006|ljspeech|tts_models/en/ljspeech/tacotron2-DCA|tacotron2-DCA|I suppose you know that an attempt is being made to blackmail mister|-
./fake/en/tts_models_en_ljspeech_tacotron2-DCA/midnight_passenger_13_f000021.wav|en_US/by_book/female/mary_ann/midnight_passenger/wavs/midnight_passenger_13_f000021.wav|en|True|10.624|ljspeech|tts_models/en/ljspeech/tacotron2-DCA|tacotron2-DCA|William Atwater's dark, impassioned face was lit with a fiery enthusiasm, as he said, Miss Alice, we have met here to open the first of the seven seals.|-
./fake/en/tts_models_en_ljspeech_tacotron2-DCA/jane_eyre_12_f000094.wav|en_UK/by_book/female/elizabeth_klett/jane_eyre/wavs/jane_eyre_12_f000094.wav|en|True|9.207|ljspeech|tts_models/en/ljspeech/tacotron2-DCA|tacotron2-DCA|It was exactly one form of Bessie's Gytrash - a lion-like creature with long hair and a huge head: it passed me, however, quietly enough;|-
./fake/en/tts_models_en_ljspeech_tacotron2-DCA/midnight_passenger_13_f000010.wav|en_US/by_book/female/mary_ann/midnight_passenger/wavs/midnight_passenger_13_f000010.wav|en|True|10.763|ljspeech|tts_models/en/ljspeech/tacotron2-DCA|tacotron2-DCA|that many of the largest cheques had been stopped, and that the Worthington Estate had nobly offered to recoup the company for the final deficiency from the extra fall dividend on their own stock,|-
./fake/en/tts_models_en_ljspeech_tacotron2-DCA/wives_and_daughters_19_f000194.wav|en_UK/by_book/female/elizabeth_klett/wives_and_daughters/wavs/wives_and_daughters_19_f000194.wav|en|True|10.265|ljspeech|tts_models/en/ljspeech/tacotron2-DCA|tacotron2-DCA|Now for you, sweet one, said she as she began upon one of Molly's gowns. I've been working as connoisseur until now; now I begin as amateur.|-
./fake/en/tts_models_en_ljspeech_tacotron2-DCA/ozma_of_oz_16_f000054.wav|en_US/by_book/female/judy_bieber/ozma_of_oz/wavs/ozma_of_oz_16_f000054.wav|en|True|8.639|ljspeech|tts_models/en/ljspeech/tacotron2-DCA|tacotron2-DCA|But where are my friends, the Scarecrow and the Tin Woodman? asked the girl Ruler, when these courtesies had been exchanged.|-
./fake/en/tts_models_en_ljspeech_tacotron2-DCA/wives_and_daughters_34_f000170.wav|en_UK/by_book/female/elizabeth_klett/wives_and_daughters/wavs/wives_and_daughters_34_f000170.wav|en|True|10.485|ljspeech|tts_models/en/ljspeech/tacotron2-DCA|tacotron2-DCA|Molly went about the adjustment of her dress in a quiet, business-like manner, not speaking much; Cynthia, although sitting still, seemed very restless.|-
./fake/en/tts_models_en_ljspeech_tacotron2-DCA/wives_and_daughters_24_f000098.wav|en_UK/by_book/female/elizabeth_klett/wives_and_daughters/wavs/wives_and_daughters_24_f000098.wav|en|True|6.723|ljspeech|tts_models/en/ljspeech/tacotron2-DCA|tacotron2-DCA|and her pretty mouth half-open, with a sort of impatience for him to cease speaking, that she might reply.|-
./fake/en/tts_models_en_ljspeech_tacotron2-DCA/jane_eyre_25_f000182.wav|en_UK/by_book/female/elizabeth_klett/jane_eyre/wavs/jane_eyre_25_f000182.wav|en|True|2.172|ljspeech|tts_models/en/ljspeech/tacotron2-DCA|tacotron2-DCA|at last I gained the summit.|-
./fake/en/tts_models_en_ljspeech_tacotron2-DCA/jane_eyre_21_f000133.wav|en_UK/by_book/female/elizabeth_klett/jane_eyre/wavs/jane_eyre_21_f000133.wav|en|True|10.299|ljspeech|tts_models/en/ljspeech/tacotron2-DCA|tacotron2-DCA|I shall be glad so to do, sir, if you, in your turn, will promise that I and Adele shall be both safe out of the house before your bride enters it.|-
./fake/en/tts_models_en_ljspeech_tacotron2-DCA/poisoned_pen_07_f000152.wav|en_US/by_book/male/elliot_miller/poisoned_pen/wavs/poisoned_pen_07_f000152.wav|en|True|8.046|ljspeech|tts_models/en/ljspeech/tacotron2-DCA|tacotron2-DCA|Drawn and contorted were the features of the poor girl, as if she had died in great physical agony or after a terrific struggle.|-
./fake/en/tts_models_en_ljspeech_tacotron2-DCA/pink_fairy_book_05_f000068.wav|en_US/by_book/male/elliot_miller/pink_fairy_book/wavs/pink_fairy_book_05_f000068.wav|en|True|12.110|ljspeech|tts_models/en/ljspeech/tacotron2-DCA|tacotron2-DCA|But before that happened, the people who saw him sitting lonely on the shore had heard his story, and when their children were restless they used to tell them of the good son|-
./fake/en/tts_models_en_ljspeech_tacotron2-DCA/piratesofersatz_10_leinster_64kb_f000096.wav|en_US/by_book/male/elliot_miller/pirates_of_ersatz/wavs/piratesofersatz_10_leinster_64kb_f000096.wav|en|True|9.511|ljspeech|tts_models/en/ljspeech/tacotron2-DCA|tacotron2-DCA|So he made it. It was an electric motor very far ahead of those in the machines of Colin. Hoddan waked from a cat nap with a diagram in his head.|-
./fake/en/tts_models_en_ljspeech_tacotron2-DCA/midnight_passenger_03_f000087.wav|en_US/by_book/female/mary_ann/midnight_passenger/wavs/midnight_passenger_03_f000087.wav|en|True|3.937|ljspeech|tts_models/en/ljspeech/tacotron2-DCA|tacotron2-DCA|Mister Somers has the deposits all ready, now, sir.|-
./fake/en/tts_models_en_ljspeech_tacotron2-DCA/pink_fairy_book_24_f000003.wav|en_US/by_book/male/elliot_miller/pink_fairy_book/wavs/pink_fairy_book_24_f000003.wav|en|True|9.731|ljspeech|tts_models/en/ljspeech/tacotron2-DCA|tacotron2-DCA|There was once a girl so poor that she had nothing to live on, and wandered about the world asking for charity. One day she arrived at a thatched cottage,|-
./fake/en/tts_models_en_ljspeech_tacotron2-DCA/poisoned_pen_08_f000167.wav|en_US/by_book/male/elliot_miller/poisoned_pen/wavs/poisoned_pen_08_f000167.wav|en|True|11.228|ljspeech|tts_models/en/ljspeech/tacotron2-DCA|tacotron2-DCA|All that I was able to learn at the Hotel Amsterdam was that a man with a Van Dyke beard had stung the office with a bogus check, although he had seemed to come well recommended.|-
./fake/en/tts_models_en_ljspeech_tacotron2-DCA/wives_and_daughters_47_f000024.wav|en_UK/by_book/female/elizabeth_klett/wives_and_daughters/wavs/wives_and_daughters_47_f000024.wav|en|True|4.563|ljspeech|tts_models/en/ljspeech/tacotron2-DCA|tacotron2-DCA|she knew that Molly would never bring up the past errors and difficulties;|-
./fake/en/tts_models_en_ljspeech_tacotron2-DCA/northandsouth_06_f000013.wav|en_US/by_book/female/mary_ann/northandsouth/wavs/northandsouth_06_f000013.wav|en|True|4.145|ljspeech|tts_models/en/ljspeech/tacotron2-DCA|tacotron2-DCA|And year by year the landscape grow|-
./fake/en/tts_models_en_ljspeech_tacotron2-DCA/wives_and_daughters_26_f000092.wav|en_UK/by_book/female/elizabeth_klett/wives_and_daughters/wavs/wives_and_daughters_26_f000092.wav|en|True|8.604|ljspeech|tts_models/en/ljspeech/tacotron2-DCA|tacotron2-DCA|Just at this moment the band, consisting of two violins, a harp, and an occasional clarionet, having finished their tuning,|-
./fake/en/tts_models_en_ljspeech_tacotron2-DCA/northandsouth_37_f000075.wav|en_US/by_book/female/mary_ann/northandsouth/wavs/northandsouth_37_f000075.wav|en|True|8.743|ljspeech|tts_models/en/ljspeech/tacotron2-DCA|tacotron2-DCA|but it had been understood that if possible on the succeeding evening-if not then, at least the very first evening that mister Thornton could command,|-
./fake/en/tts_models_en_ljspeech_tacotron2-DCA/the_sea_fairies_02_f000117.wav|en_US/by_book/female/judy_bieber/the_sea_fairies/wavs/the_sea_fairies_02_f000117.wav|en|True|9.741|ljspeech|tts_models/en/ljspeech/tacotron2-DCA|tacotron2-DCA|Also, we heard all the foolish things Captain Bill said about us, remarked the brown-haired one smilingly, and we wanted to prove to him that they were wrong.|-
./fake/en/tts_models_en_ljspeech_tacotron2-DCA/wives_and_daughters_41_f000169.wav|en_UK/by_book/female/elizabeth_klett/wives_and_daughters/wavs/wives_and_daughters_41_f000169.wav|en|True|7.884|ljspeech|tts_models/en/ljspeech/tacotron2-DCA|tacotron2-DCA|We all put our best foot foremost, and if we have a reason to give that looks sensible we speak it out like men,|-
./fake/en/tts_models_en_ljspeech_tacotron2-DCA/jane_eyre_34_f000047.wav|en_UK/by_book/female/elizabeth_klett/jane_eyre/wavs/jane_eyre_34_f000047.wav|en|True|6.723|ljspeech|tts_models/en/ljspeech/tacotron2-DCA|tacotron2-DCA|No, Jane, no: this world is not the scene of fruition; do not attempt to make it so: nor of rest; do not turn slothful.|-
./fake/en/tts_models_en_ljspeech_tacotron2-DCA/midnight_passenger_04_f000154.wav|en_US/by_book/female/mary_ann/midnight_passenger/wavs/midnight_passenger_04_f000154.wav|en|True|12.531|ljspeech|tts_models/en/ljspeech/tacotron2-DCA|tacotron2-DCA|And I shall have nothing of you! Not even a picture, hoarsely murmured Clayton. I will not be denied. I shall see you again. I will follow you!|-
./fake/en/tts_models_en_ljspeech_tacotron2-DCA/northandsouth_46_f000219.wav|en_US/by_book/female/mary_ann/northandsouth/wavs/northandsouth_46_f000219.wav|en|True|2.683|ljspeech|tts_models/en/ljspeech/tacotron2-DCA|tacotron2-DCA|in assisting this day in the hayfield.|-
./fake/en/tts_models_en_ljspeech_tacotron2-DCA/wives_and_daughters_60_f000360.wav|en_UK/by_book/female/elizabeth_klett/wives_and_daughters/wavs/wives_and_daughters_60_f000360.wav|en|True|6.653|ljspeech|tts_models/en/ljspeech/tacotron2-DCA|tacotron2-DCA|they take different ways: they are men of two sorts which, in the society sense, never know each other;|-
./fake/en/tts_models_en_ljspeech_tacotron2-DCA/jane_eyre_34_f000152.wav|en_UK/by_book/female/elizabeth_klett/jane_eyre/wavs/jane_eyre_34_f000152.wav|en|True|5.933|ljspeech|tts_models/en/ljspeech/tacotron2-DCA|tacotron2-DCA|The match must have been got up hastily, said Diana: they cannot have known each other long.|-
./fake/en/tts_models_en_ljspeech_tacotron2-DCA/dorothy_and_wizard_oz_16_f000007.wav|en_US/by_book/female/judy_bieber/dorothy_and_wizard_oz/wavs/dorothy_and_wizard_oz_16_f000007.wav|en|True|5.017|ljspeech|tts_models/en/ljspeech/tacotron2-DCA|tacotron2-DCA|Take that stuff away! he commanded. Do you take me for a salamander?|-
./fake/en/tts_models_en_ljspeech_tacotron2-DCA/skyisland_28_baum_64kb_f000037.wav|en_US/by_book/female/judy_bieber/sky_island/wavs/skyisland_28_baum_64kb_f000037.wav|en|True|2.683|ljspeech|tts_models/en/ljspeech/tacotron2-DCA|tacotron2-DCA|and it lay motionless upon the ground.|-
./fake/en/tts_models_en_ljspeech_tacotron2-DCA/the_sea_fairies_03_f000017.wav|en_US/by_book/female/judy_bieber/the_sea_fairies/wavs/the_sea_fairies_03_f000017.wav|en|True|2.613|ljspeech|tts_models/en/ljspeech/tacotron2-DCA|tacotron2-DCA|Green as em'ralds, Captain.|-
./fake/en/tts_models_en_ljspeech_tacotron2-DCA/wives_and_daughters_58_f000083.wav|en_UK/by_book/female/elizabeth_klett/wives_and_daughters/wavs/wives_and_daughters_58_f000083.wav|en|True|7.164|ljspeech|tts_models/en/ljspeech/tacotron2-DCA|tacotron2-DCA|if some one could but bring them together, - and it would be such a comfort to me if this could take place before I have to leave.|-
./fake/en/tts_models_en_ljspeech_tacotron2-DCA/rinkitink_baum_19_64kb_f000018.wav|en_US/by_book/female/judy_bieber/rinkitink_in_oz/wavs/rinkitink_baum_19_64kb_f000018.wav|en|True|6.166|ljspeech|tts_models/en/ljspeech/tacotron2-DCA|tacotron2-DCA|With this he held out a small skein of glittering gold twine, which was really pretty and curious.|-
./fake/en/tts_models_en_ljspeech_tacotron2-DCA/ozma_of_oz_21_f000010.wav|en_US/by_book/female/judy_bieber/ozma_of_oz/wavs/ozma_of_oz_21_f000010.wav|en|True|4.424|ljspeech|tts_models/en/ljspeech/tacotron2-DCA|tacotron2-DCA|Then I'd like to see the old Kansas farm, and Aunt Em, said the girl.|-
./fake/en/tts_models_en_ljspeech_tacotron2-DCA/ozma_of_oz_06_f000151.wav|en_US/by_book/female/judy_bieber/ozma_of_oz/wavs/ozma_of_oz_06_f000151.wav|en|True|11.926|ljspeech|tts_models/en/ljspeech/tacotron2-DCA|tacotron2-DCA|I never have cared much for No. twenty-six, and you will find that it is very little worn. Besides, it will do you just as well as the one you're wearing, for all practical purposes.|-
./fake/en/tts_models_en_ljspeech_tacotron2-DCA/ozma_of_oz_16_f000038.wav|en_US/by_book/female/judy_bieber/ozma_of_oz/wavs/ozma_of_oz_16_f000038.wav|en|True|2.799|ljspeech|tts_models/en/ljspeech/tacotron2-DCA|tacotron2-DCA|stood in a row beside their happy mother.|-
./fake/en/tts_models_en_ljspeech_tacotron2-DCA/wives_and_daughters_37_f000024.wav|en_UK/by_book/female/elizabeth_klett/wives_and_daughters/wavs/wives_and_daughters_37_f000024.wav|en|True|10.323|ljspeech|tts_models/en/ljspeech/tacotron2-DCA|tacotron2-DCA|Mister Coxe felt much flattered, and took the words as a happy omen for his love-affair. Is Miss Gibson in? asked he, blushing violently.|-
./fake/en/tts_models_en_ljspeech_tacotron2-DCA/midnight_passenger_02_f000065.wav|en_US/by_book/female/mary_ann/midnight_passenger/wavs/midnight_passenger_02_f000065.wav|en|True|4.935|ljspeech|tts_models/en/ljspeech/tacotron2-DCA|tacotron2-DCA|Braun's face relaxed as he pushed over a twenty-dollar bill to the young Judas.|-
./fake/en/tts_models_en_ljspeech_tacotron2-DCA/poisoned_pen_11_f000057.wav|en_US/by_book/male/elliot_miller/poisoned_pen/wavs/poisoned_pen_11_f000057.wav|en|True|10.659|ljspeech|tts_models/en/ljspeech/tacotron2-DCA|tacotron2-DCA|Not long ago Haswell became interested in the work of an obscure chemist over in Brooklyn, Morgan Prescott. Prescott claims, as I understand,|-
./fake/en/tts_models_en_ljspeech_tacotron2-DCA/jane_eyre_24_f000050.wav|en_UK/by_book/female/elizabeth_klett/jane_eyre/wavs/jane_eyre_24_f000050.wav|en|True|9.904|ljspeech|tts_models/en/ljspeech/tacotron2-DCA|tacotron2-DCA|I will attire my Jane in satin and lace, and she shall have roses in her hair; and I will cover the head I love best with a priceless veil.|-
./fake/en/tts_models_en_ljspeech_tacotron2-DCA/northandsouth_28_f000306.wav|en_US/by_book/female/mary_ann/northandsouth/wavs/northandsouth_28_f000306.wav|en|True|9.604|ljspeech|tts_models/en/ljspeech/tacotron2-DCA|tacotron2-DCA|How came he into the Union? asked Margaret innocently. You dont seem to have much respect for him; nor gained much good from having him in.|-
./fake/en/tts_models_en_ljspeech_tacotron2-DCA/northandsouth_30_f000040.wav|en_US/by_book/female/mary_ann/northandsouth/wavs/northandsouth_30_f000040.wav|en|True|9.057|ljspeech|tts_models/en/ljspeech/tacotron2-DCA|tacotron2-DCA|Not a tender friend. That I cannot be,-to her, she was on the point of adding, but she relented at the sight of that poor, anxious face.|-
./fake/en/tts_models_en_ljspeech_tacotron2-DCA/jane_eyre_12_f000066.wav|en_UK/by_book/female/elizabeth_klett/jane_eyre/wavs/jane_eyre_12_f000066.wav|en|True|10.206|ljspeech|tts_models/en/ljspeech/tacotron2-DCA|tacotron2-DCA|It was three o'clock; the church bell tolled as I passed under the belfry: the charm of the hour lay in its approaching dimness, in the low-gliding and pale-beaming sun.|-
./fake/en/tts_models_en_ljspeech_tacotron2-DCA/northandsouth_46_f000227.wav|en_US/by_book/female/mary_ann/northandsouth/wavs/northandsouth_46_f000227.wav|en|True|12.110|ljspeech|tts_models/en/ljspeech/tacotron2-DCA|tacotron2-DCA|Then she sighed, and putting down her spoon, she began, apropos of nothing at all, and in the high-pitched voice which usually shows that the speaker has been thinking for some time on the subject that they wish to introduce-mister Bell,|-
./fake/en/tts_models_en_ljspeech_tacotron2-DCA/hunters_space_19_f000015.wav|en_US/by_book/male/elliot_miller/hunters_space/wavs/hunters_space_19_f000015.wav|en|True|7.594|ljspeech|tts_models/en/ljspeech/tacotron2-DCA|tacotron2-DCA|Oh, it was a wonderful spring. The trip was over, but what a haggard few had beached the boats at the vast edge of space!|-
./fake/en/tts_models_en_ljspeech_tacotron2-DCA/jane_eyre_34_f000308.wav|en_UK/by_book/female/elizabeth_klett/jane_eyre/wavs/jane_eyre_34_f000308.wav|en|True|4.680|ljspeech|tts_models/en/ljspeech/tacotron2-DCA|tacotron2-DCA|I am not fit for it: I have no vocation, I said.|-
./fake/en/tts_models_en_ljspeech_tacotron2-DCA/pink_fairy_book_06_f000015.wav|en_US/by_book/male/elliot_miller/pink_fairy_book/wavs/pink_fairy_book_06_f000015.wav|en|True|7.698|ljspeech|tts_models/en/ljspeech/tacotron2-DCA|tacotron2-DCA|Suddenly she heard something whining and weeping in the corner, and, stopping her work, she looked round to see what it was.|-
./fake/en/tts_models_en_ljspeech_tacotron2-DCA/wives_and_daughters_05_f000137.wav|en_UK/by_book/female/elizabeth_klett/wives_and_daughters/wavs/wives_and_daughters_05_f000137.wav|en|True|11.704|ljspeech|tts_models/en/ljspeech/tacotron2-DCA|tacotron2-DCA|Well, I suppose he must represent the reeds. You know the story of King Midas's barber, who found out that his royal master had the ears of an ass beneath his hyacinthine curls.|-
./fake/en/tts_models_en_ljspeech_tacotron2-DCA/northandsouth_09_f000082.wav|en_US/by_book/female/mary_ann/northandsouth/wavs/northandsouth_09_f000082.wav|en|True|2.288|ljspeech|tts_models/en/ljspeech/tacotron2-DCA|tacotron2-DCA|As he was leaving the room, he said:-|-
./fake/en/tts_models_en_ljspeech_tacotron2-DCA/wives_and_daughters_37_f000064.wav|en_UK/by_book/female/elizabeth_klett/wives_and_daughters/wavs/wives_and_daughters_37_f000064.wav|en|True|11.251|ljspeech|tts_models/en/ljspeech/tacotron2-DCA|tacotron2-DCA|and as you, sir, stand in the place of a father to Miss Kirkpatrick, I should like to express my feelings, my hopes, or perhaps I should say wishes, in short Miss Kirkpatrick?|-
./fake/en/tts_models_en_ljspeech_tacotron2-DCA/northandsouth_28_f000003.wav|en_US/by_book/female/mary_ann/northandsouth/wavs/northandsouth_28_f000003.wav|en|True|4.076|ljspeech|tts_models/en/ljspeech/tacotron2-DCA|tacotron2-DCA|Trials untold assail with giant strength,|-
./fake/en/tts_models_en_ljspeech_tacotron2-DCA/ozma_of_oz_14_f000064.wav|en_US/by_book/female/judy_bieber/ozma_of_oz/wavs/ozma_of_oz_14_f000064.wav|en|True|4.122|ljspeech|tts_models/en/ljspeech/tacotron2-DCA|tacotron2-DCA|I fear so, too, said Dorothy, sadly.|-
./fake/en/tts_models_en_ljspeech_tacotron2-DCA/wives_and_daughters_31_f000134.wav|en_UK/by_book/female/elizabeth_klett/wives_and_daughters/wavs/wives_and_daughters_31_f000134.wav|en|True|3.402|ljspeech|tts_models/en/ljspeech/tacotron2-DCA|tacotron2-DCA|He knew that he could not marry and retain his fellowship;|-
./fake/en/tts_models_en_ljspeech_tacotron2-DCA/northandsouth_50_f000131.wav|en_US/by_book/female/mary_ann/northandsouth/wavs/northandsouth_50_f000131.wav|en|True|11.241|ljspeech|tts_models/en/ljspeech/tacotron2-DCA|tacotron2-DCA|But if it succeeded, they need never know. Is it so desperate a speculation? I am sure it is not, or you would never have thought of it. If it succeeded-|-
./fake/en/tts_models_en_ljspeech_tacotron2-DCA/jane_eyre_37_f000343.wav|en_UK/by_book/female/elizabeth_klett/jane_eyre/wavs/jane_eyre_37_f000343.wav|en|True|6.073|ljspeech|tts_models/en/ljspeech/tacotron2-DCA|tacotron2-DCA|He is not like you, sir: I am not happy at his side, nor near him, nor with him.|-
./fake/en/tts_models_en_ljspeech_tacotron2-DCA/the_master_key_02_f000080.wav|en_US/by_book/female/judy_bieber/the_master_key/wavs/the_master_key_02_f000080.wav|en|True|5.074|ljspeech|tts_models/en/ljspeech/tacotron2-DCA|tacotron2-DCA|A demon is also a genius; and a genius is a demon, said the Being.|-
./fake/en/tts_models_en_ljspeech_tacotron2-DCA/emerald_city_of_oz_07_f000113.wav|en_US/by_book/female/judy_bieber/emerald_city_of_oz/wavs/emerald_city_of_oz_07_f000113.wav|en|True|4.447|ljspeech|tts_models/en/ljspeech/tacotron2-DCA|tacotron2-DCA|You are likely to see a good deal of me, if you live in the Land of Oz.|-
./fake/en/tts_models_en_ljspeech_tacotron2-DCA/wives_and_daughters_56_f000034.wav|en_UK/by_book/female/elizabeth_klett/wives_and_daughters/wavs/wives_and_daughters_56_f000034.wav|en|True|9.997|ljspeech|tts_models/en/ljspeech/tacotron2-DCA|tacotron2-DCA|So, kissing her daughter, Missis Gibson left the room, intent on the lunch which should impress Mister Henderson at once with an idea of family refinement.|-
./fake/en/tts_models_en_ljspeech_tacotron2-DCA/jane_eyre_30_f000016.wav|en_UK/by_book/female/elizabeth_klett/jane_eyre/wavs/jane_eyre_30_f000016.wav|en|True|5.910|ljspeech|tts_models/en/ljspeech/tacotron2-DCA|tacotron2-DCA|or gave sustenance to a flock of grey moorland sheep, with their little mossy- faced lambs:|-
./fake/en/tts_models_en_ljspeech_tacotron2-DCA/piratesofersatz_01_leinster_64kb_f000098.wav|en_US/by_book/male/elliot_miller/pirates_of_ersatz/wavs/piratesofersatz_01_leinster_64kb_f000098.wav|en|True|10.277|ljspeech|tts_models/en/ljspeech/tacotron2-DCA|tacotron2-DCA|I'd offered it to the Power Board, said Hoddan, with satisfaction, and I was thrown out. You had me thrown out! What did it do?|-
./fake/en/tts_models_en_ljspeech_tacotron2-DCA/skyisland_24_baum_64kb_f000093.wav|en_US/by_book/female/judy_bieber/sky_island/wavs/skyisland_24_baum_64kb_f000093.wav|en|True|4.656|ljspeech|tts_models/en/ljspeech/tacotron2-DCA|tacotron2-DCA|I had a notion it was you, mate, as saved me from the knife.|-
./fake/en/tts_models_en_ljspeech_tacotron2-DCA/wives_and_daughters_60_f000052.wav|en_UK/by_book/female/elizabeth_klett/wives_and_daughters/wavs/wives_and_daughters_60_f000052.wav|en|True|3.902|ljspeech|tts_models/en/ljspeech/tacotron2-DCA|tacotron2-DCA|Poor Mister Kirkpatrick! That was just his character.|-
./fake/en/tts_models_en_ljspeech_tacotron2-DCA/northandsouth_44_f000189.wav|en_US/by_book/female/mary_ann/northandsouth/wavs/northandsouth_44_f000189.wav|en|True|11.181|ljspeech|tts_models/en/ljspeech/tacotron2-DCA|tacotron2-DCA|But certainly, their lives are such as very often to produce either inordinate self-sufficiency, or a morbid state of conscience, replied mister Lennox with perfect coolness.|-
./fake/en/tts_models_en_ljspeech_tacotron2-DCA/dorothy_and_wizard_oz_04_f000051.wav|en_US/by_book/female/judy_bieber/dorothy_and_wizard_oz/wavs/dorothy_and_wizard_oz_04_f000051.wav|en|True|4.669|ljspeech|tts_models/en/ljspeech/tacotron2-DCA|tacotron2-DCA|How long do you live, after you are picked? asked Dorothy.|-
./fake/en/tts_models_en_ljspeech_tacotron2-DCA/skyisland_09_baum_64kb_f000037.wav|en_US/by_book/female/judy_bieber/sky_island/wavs/skyisland_09_baum_64kb_f000037.wav|en|True|5.330|ljspeech|tts_models/en/ljspeech/tacotron2-DCA|tacotron2-DCA|Not until you have properly fed our pets, replied Azure with a scowl.|-
./fake/en/tts_models_en_ljspeech_tacotron2-DCA/northandsouth_04_f000191.wav|en_US/by_book/female/mary_ann/northandsouth/wavs/northandsouth_04_f000191.wav|en|True|6.259|ljspeech|tts_models/en/ljspeech/tacotron2-DCA|tacotron2-DCA|with sudden passionate entreaty, say-tell me it is a night-mare-a horrid dream-not the real waking truth!|-
./fake/en/tts_models_en_ljspeech_tacotron2-DCA/jane_eyre_14_f000202.wav|en_UK/by_book/female/elizabeth_klett/jane_eyre/wavs/jane_eyre_14_f000202.wav|en|True|6.467|ljspeech|tts_models/en/ljspeech/tacotron2-DCA|tacotron2-DCA|Justly thought; rightly said, Miss Eyre; and, at this moment, I am paving hell with energy.|-
./fake/en/tts_models_en_ljspeech_tacotron2-DCA/skyisland_18_baum_64kb_f000012.wav|en_US/by_book/female/judy_bieber/sky_island/wavs/skyisland_18_baum_64kb_f000012.wav|en|True|10.461|ljspeech|tts_models/en/ljspeech/tacotron2-DCA|tacotron2-DCA|The Pinkies were much impressed by the fact that the Rainbow's Daughter was their new Queen's friend, and that Rosalie the Witch stood on Trot's left hand and treated her with humble deference.|-
./fake/en/tts_models_en_ljspeech_tacotron2-DCA/northandsouth_03_f000116.wav|en_US/by_book/female/mary_ann/northandsouth/wavs/northandsouth_03_f000116.wav|en|True|3.310|ljspeech|tts_models/en/ljspeech/tacotron2-DCA|tacotron2-DCA|mister Lennox looked more at her than at the pears;|-
./fake/en/tts_models_en_ljspeech_tacotron2-DCA/wives_and_daughters_17_f000060.wav|en_UK/by_book/female/elizabeth_klett/wives_and_daughters/wavs/wives_and_daughters_17_f000060.wav|en|True|8.953|ljspeech|tts_models/en/ljspeech/tacotron2-DCA|tacotron2-DCA|And not to come home till then! Perhaps Roger will have debts too! He had but two hundred; but, then, he was not the eldest son.|-
./fake/en/tts_models_en_ljspeech_tacotron2-DCA/jane_eyre_17_f000226.wav|en_UK/by_book/female/elizabeth_klett/jane_eyre/wavs/jane_eyre_17_f000226.wav|en|True|9.277|ljspeech|tts_models/en/ljspeech/tacotron2-DCA|tacotron2-DCA|she mouthed her words in speaking; her voice was deep, its inflections very pompous, very dogmatical, - very intolerable, in short.|-
./fake/en/tts_models_en_ljspeech_tacotron2-DCA/wives_and_daughters_16_f000044.wav|en_UK/by_book/female/elizabeth_klett/wives_and_daughters/wavs/wives_and_daughters_16_f000044.wav|en|True|13.563|ljspeech|tts_models/en/ljspeech/tacotron2-DCA|tacotron2-DCA|Yes, he replied. Still she feels it a good deal; and I'm not satisfied about her health either. You will go out and see her sometimes, will you? she is very fond of you.|-
./fake/en/tts_models_en_ljspeech_tacotron2-DCA/pink_fairy_book_09_f000015.wav|en_US/by_book/male/elliot_miller/pink_fairy_book/wavs/pink_fairy_book_09_f000015.wav|en|True|12.110|ljspeech|tts_models/en/ljspeech/tacotron2-DCA|tacotron2-DCA|So I am, and a very fine one too! said the shirt-collar; I possess a boot-jack and a hair-brush!|-
./fake/en/tts_models_en_ljspeech_tacotron2-DCA/pink_fairy_book_12_f000145.wav|en_US/by_book/male/elliot_miller/pink_fairy_book/wavs/pink_fairy_book_12_f000145.wav|en|True|3.090|ljspeech|tts_models/en/ljspeech/tacotron2-DCA|tacotron2-DCA|When did he come? Was he in the crowd?|-
./fake/en/tts_models_en_ljspeech_tacotron2-DCA/midnight_passenger_12_f000284.wav|en_US/by_book/female/mary_ann/midnight_passenger/wavs/midnight_passenger_12_f000284.wav|en|True|11.088|ljspeech|tts_models/en/ljspeech/tacotron2-DCA|tacotron2-DCA|The words Schebitz-Breslau had given him no clue; but on this auspicious day the postman had begged him to aid him in finding the proper party to receive a valuable registered letter.|-
./fake/en/tts_models_en_ljspeech_tacotron2-DCA/poisoned_pen_05_f000010.wav|en_US/by_book/male/elliot_miller/poisoned_pen/wavs/poisoned_pen_05_f000010.wav|en|True|11.124|ljspeech|tts_models/en/ljspeech/tacotron2-DCA|tacotron2-DCA|A counterfeit, Walter, explained Kennedy. That's what they do with bills when they wish to preserve them as records in the secret service and yet render them valueless.|-
./fake/en/tts_models_en_ljspeech_tacotron2-DCA/northandsouth_43_f000043.wav|en_US/by_book/female/mary_ann/northandsouth/wavs/northandsouth_43_f000043.wav|en|True|10.020|ljspeech|tts_models/en/ljspeech/tacotron2-DCA|tacotron2-DCA|But she was so much fatigued even by this slight exertion, that if she could have thought of another form of acceptance, she could not have sate up to write a syllable of it.|-
./fake/en/tts_models_en_ljspeech_tacotron2-DCA/wives_and_daughters_05_f000252.wav|en_UK/by_book/female/elizabeth_klett/wives_and_daughters/wavs/wives_and_daughters_05_f000252.wav|en|True|8.511|ljspeech|tts_models/en/ljspeech/tacotron2-DCA|tacotron2-DCA|But when he saw the scrap which she had brought home as a pattern, he cried out that the plaid belonged to no clan in existence,|-
./fake/en/tts_models_en_ljspeech_tacotron2-DCA/emerald_city_of_oz_28_f000032.wav|en_US/by_book/female/judy_bieber/emerald_city_of_oz/wavs/emerald_city_of_oz_28_f000032.wav|en|True|5.794|ljspeech|tts_models/en/ljspeech/tacotron2-DCA|tacotron2-DCA|while they one and all cast off their false heads that they might slake their thirst at the fountain.|-
./fake/en/tts_models_en_ljspeech_tacotron2-DCA/piratesofersatz_03_leinster_64kb_f000224.wav|en_US/by_book/male/elliot_miller/pirates_of_ersatz/wavs/piratesofersatz_03_leinster_64kb_f000224.wav|en|True|9.522|ljspeech|tts_models/en/ljspeech/tacotron2-DCA|tacotron2-DCA|Thal, the purple-cloaked man, had brought two shaggy-haired animals around to the door of the warehouse. Hoddan later learned that they were horses.|-
./fake/en/tts_models_en_ljspeech_tacotron2-DCA/midnight_passenger_11_f000074.wav|en_US/by_book/female/mary_ann/midnight_passenger/wavs/midnight_passenger_11_f000074.wav|en|True|9.741|ljspeech|tts_models/en/ljspeech/tacotron2-DCA|tacotron2-DCA|and the dead millionaire to whom all the worshippers of the Golden Calf had bowed, the Mesopotamia was slowly nearing Stettin, now breasting the North Sea surges.|-
./fake/en/tts_models_en_ljspeech_tacotron2-DCA/the_master_key_18_f000041.wav|en_US/by_book/female/judy_bieber/the_master_key/wavs/the_master_key_18_f000041.wav|en|True|5.562|ljspeech|tts_models/en/ljspeech/tacotron2-DCA|tacotron2-DCA|But with such inventions as you have exhibited I could easily secure millions of capital.|-
./fake/en/tts_models_en_ljspeech_tacotron2-DCA/jane_eyre_22_f000143.wav|en_UK/by_book/female/elizabeth_klett/jane_eyre/wavs/jane_eyre_22_f000143.wav|en|True|8.755|ljspeech|tts_models/en/ljspeech/tacotron2-DCA|tacotron2-DCA|Rochester, it would be but a morning's ride. I began to cherish hopes I had no right to conceive: that the match was broken off;|-
./fake/en/tts_models_en_ljspeech_tacotron2-DCA/wives_and_daughters_10_f000118.wav|en_UK/by_book/female/elizabeth_klett/wives_and_daughters/wavs/wives_and_daughters_10_f000118.wav|en|True|5.167|ljspeech|tts_models/en/ljspeech/tacotron2-DCA|tacotron2-DCA|all the stable-men were in the fields, but that signified little to Mister Gibson;|-
./fake/en/tts_models_en_ljspeech_tacotron2-DCA/northandsouth_47_f000052.wav|en_US/by_book/female/mary_ann/northandsouth/wavs/northandsouth_47_f000052.wav|en|True|10.972|ljspeech|tts_models/en/ljspeech/tacotron2-DCA|tacotron2-DCA|Margaret comforted her as well as she could, but she could hardly explain to her how this idea of Spain, mere chateau en Espagne as it might be, charmed and delighted her.|-
./fake/en/tts_models_en_ljspeech_tacotron2-DCA/poisoned_pen_01_f000266.wav|en_US/by_book/male/elliot_miller/poisoned_pen/wavs/poisoned_pen_01_f000266.wav|en|True|3.286|ljspeech|tts_models/en/ljspeech/tacotron2-DCA|tacotron2-DCA|On sheet number one I have written with quinoline;|-
./fake/en/tts_models_en_ljspeech_tacotron2-DCA/the_sea_fairies_04_f000108.wav|en_US/by_book/female/judy_bieber/the_sea_fairies/wavs/the_sea_fairies_04_f000108.wav|en|True|7.489|ljspeech|tts_models/en/ljspeech/tacotron2-DCA|tacotron2-DCA|Then she added, Now your good mother is asleep, little Mayre, and instead of worries I promise her pleasant dreams.|-
./fake/en/tts_models_en_ljspeech_tacotron2-DCA/poisoned_pen_01_f000140.wav|en_US/by_book/male/elliot_miller/poisoned_pen/wavs/poisoned_pen_01_f000140.wav|en|True|4.912|ljspeech|tts_models/en/ljspeech/tacotron2-DCA|tacotron2-DCA|But there is something I wish to warn you about, for it concerns us all intimately.|-
./fake/en/tts_models_en_ljspeech_tacotron2-DCA/the_sea_fairies_13_f000008.wav|en_US/by_book/female/judy_bieber/the_sea_fairies/wavs/the_sea_fairies_13_f000008.wav|en|True|5.051|ljspeech|tts_models/en/ljspeech/tacotron2-DCA|tacotron2-DCA|chairs and sofas, the latter upholstered with softest sealskins.|-
./fake/en/tts_models_en_ljspeech_tacotron2-DCA/ozma_of_oz_04_f000087.wav|en_US/by_book/female/judy_bieber/ozma_of_oz/wavs/ozma_of_oz_04_f000087.wav|en|True|2.961|ljspeech|tts_models/en/ljspeech/tacotron2-DCA|tacotron2-DCA|That will please me ve-ry much, said the machine.|-
./fake/en/tts_models_en_ljspeech_tacotron2-DCA/the_sea_fairies_22_f000002.wav|en_US/by_book/female/judy_bieber/the_sea_fairies/wavs/the_sea_fairies_22_f000002.wav|en|True|2.334|ljspeech|tts_models/en/ljspeech/tacotron2-DCA|tacotron2-DCA|Aquareine was thoughtful for a time.|-
./fake/en/tts_models_en_ljspeech_tacotron2-DCA/wives_and_daughters_40_f000075.wav|en_UK/by_book/female/elizabeth_klett/wives_and_daughters/wavs/wives_and_daughters_40_f000075.wav|en|True|6.560|ljspeech|tts_models/en/ljspeech/tacotron2-DCA|tacotron2-DCA|but Molly missed the kind homeliness of the parties to which she had gone from time to time as long as she could remember;|-
./fake/en/tts_models_en_ljspeech_tacotron2-DCA/silent_bullet_06_f000205.wav|en_US/by_book/male/elliot_miller/silent_bullet/wavs/silent_bullet_06_f000205.wav|en|True|7.989|ljspeech|tts_models/en/ljspeech/tacotron2-DCA|tacotron2-DCA|It is the best way to get a good sitting, I believe. Can you do it?|-
./fake/en/tts_models_en_ljspeech_tacotron2-DCA/northandsouth_30_f000120.wav|en_US/by_book/female/mary_ann/northandsouth/wavs/northandsouth_30_f000120.wav|en|True|7.467|ljspeech|tts_models/en/ljspeech/tacotron2-DCA|tacotron2-DCA|I cannot bear it,-I am too weak. And his mother is dying! He began to cry and wail like a child.|-
./fake/en/tts_models_en_ljspeech_tacotron2-DCA/silent_bullet_11_f000197.wav|en_US/by_book/male/elliot_miller/silent_bullet/wavs/silent_bullet_11_f000197.wav|en|True|4.669|ljspeech|tts_models/en/ljspeech/tacotron2-DCA|tacotron2-DCA|Can you see that from the floor, Walter? he asked under his breath.|-
./fake/en/tts_models_en_ljspeech_tacotron2-DCA/the_master_key_06_f000114.wav|en_US/by_book/female/judy_bieber/the_master_key/wavs/the_master_key_06_f000114.wav|en|True|1.568|ljspeech|tts_models/en/ljspeech/tacotron2-DCA|tacotron2-DCA|He did not stop.|-
./fake/en/tts_models_en_ljspeech_tacotron2-DCA/hunters_space_08_f000076.wav|en_US/by_book/male/elliot_miller/hunters_space/wavs/hunters_space_08_f000076.wav|en|True|11.229|ljspeech|tts_models/en/ljspeech/tacotron2-DCA|tacotron2-DCA|Slowly the globe with its trailing tentacles moved about the room. It whined hungrily when it found the batteries. It hovered above them and the silky wires fanned out.|-
./fake/en/tts_models_en_ljspeech_tacotron2-DCA/midnight_passenger_13_f000073.wav|en_US/by_book/female/mary_ann/midnight_passenger/wavs/midnight_passenger_13_f000073.wav|en|True|4.878|ljspeech|tts_models/en/ljspeech/tacotron2-DCA|tacotron2-DCA|Why did you hide all this? was Alice Worthington's astounded query.|-
./fake/en/tts_models_en_ljspeech_tacotron2-DCA/ozma_of_oz_05_f000033.wav|en_US/by_book/female/judy_bieber/ozma_of_oz/wavs/ozma_of_oz_05_f000033.wav|en|True|10.136|ljspeech|tts_models/en/ljspeech/tacotron2-DCA|tacotron2-DCA|Within the pail were three slices of turkey, two slices of cold tongue, some lobster salad, four slices of bread and butter, a small custard pie,|-
./fake/en/tts_models_en_ljspeech_tacotron2-DCA/northandsouth_30_f000021.wav|en_US/by_book/female/mary_ann/northandsouth/wavs/northandsouth_30_f000021.wav|en|True|7.721|ljspeech|tts_models/en/ljspeech/tacotron2-DCA|tacotron2-DCA|His goodness verging on weakness as all the softer virtues did in her mind, and her own contempt for mister and  Missis Hale,|-
./fake/en/tts_models_en_ljspeech_tacotron2-DCA/wives_and_daughters_53_f000111.wav|en_UK/by_book/female/elizabeth_klett/wives_and_daughters/wavs/wives_and_daughters_53_f000111.wav|en|True|7.768|ljspeech|tts_models/en/ljspeech/tacotron2-DCA|tacotron2-DCA|and they went off again into the wide world, only thinking of, only seeking the him, who was everything human to both.|-
./fake/en/tts_models_en_ljspeech_tacotron2-DCA/wives_and_daughters_53_f000123.wav|en_UK/by_book/female/elizabeth_klett/wives_and_daughters/wavs/wives_and_daughters_53_f000123.wav|en|True|5.365|ljspeech|tts_models/en/ljspeech/tacotron2-DCA|tacotron2-DCA|The most nearest, said she. And the front door was the most nearest.|-
./fake/en/tts_models_en_ljspeech_tacotron2-DCA/wives_and_daughters_28_f000153.wav|en_UK/by_book/female/elizabeth_klett/wives_and_daughters/wavs/wives_and_daughters_28_f000153.wav|en|True|10.020|ljspeech|tts_models/en/ljspeech/tacotron2-DCA|tacotron2-DCA|and now she had once discovered Missis Gibson's wish to make Roger's visits shorter and less frequent, she was always on the watch for indications of this desire.|-
./fake/en/tts_models_en_ljspeech_tacotron2-DCA/northandsouth_09_f000084.wav|en_US/by_book/female/mary_ann/northandsouth/wavs/northandsouth_09_f000084.wav|en|True|13.215|ljspeech|tts_models/en/ljspeech/tacotron2-DCA|tacotron2-DCA|Despise my son! treat him as her vassal, indeed! Humph! I should like to know where she could find such another! Boy and man, hes the noblest, stoutest heart I ever knew.|-
./fake/en/tts_models_en_ljspeech_tacotron2-DCA/wives_and_daughters_48_f000055.wav|en_UK/by_book/female/elizabeth_klett/wives_and_daughters/wavs/wives_and_daughters_48_f000055.wav|en|True|11.019|ljspeech|tts_models/en/ljspeech/tacotron2-DCA|tacotron2-DCA|No, papa! said Molly, after some little consideration; I have told you all I can tell; all that concerns myself; and I have promised not to say one word more.|-
./fake/en/tts_models_en_ljspeech_tacotron2-DCA/jane_eyre_13_f000108.wav|en_UK/by_book/female/elizabeth_klett/jane_eyre/wavs/jane_eyre_13_f000108.wav|en|True|2.613|ljspeech|tts_models/en/ljspeech/tacotron2-DCA|tacotron2-DCA|Where do your brothers and sisters live?|-
./fake/en/tts_models_en_ljspeech_tacotron2-DCA/midnight_passenger_11_f000198.wav|en_US/by_book/female/mary_ann/midnight_passenger/wavs/midnight_passenger_11_f000198.wav|en|True|6.991|ljspeech|tts_models/en/ljspeech/tacotron2-DCA|tacotron2-DCA|Ferris teeth chattered as he faced the accusing woman. I am innocent of all this, he faltered.|-
./fake/en/tts_models_en_ljspeech_tacotron2-DCA/wives_and_daughters_16_f000181.wav|en_UK/by_book/female/elizabeth_klett/wives_and_daughters/wavs/wives_and_daughters_16_f000181.wav|en|True|3.519|ljspeech|tts_models/en/ljspeech/tacotron2-DCA|tacotron2-DCA|But as you are to go you may as well look well dressed.|-
./fake/en/tts_models_en_ljspeech_tacotron2-DCA/pink_fairy_book_24_f000044.wav|en_US/by_book/male/elliot_miller/pink_fairy_book/wavs/pink_fairy_book_24_f000044.wav|en|True|5.724|ljspeech|tts_models/en/ljspeech/tacotron2-DCA|tacotron2-DCA|and to make from it a cloak for the giant, who lived up on the top of a high mountain.|-
./fake/en/tts_models_en_ljspeech_tacotron2-DCA/dorothy_and_wizard_oz_08_f000054.wav|en_US/by_book/female/judy_bieber/dorothy_and_wizard_oz/wavs/dorothy_and_wizard_oz_08_f000054.wav|en|True|10.265|ljspeech|tts_models/en/ljspeech/tacotron2-DCA|tacotron2-DCA|The travellers now resumed their walk toward the cottage, which they presently reached. It was a pretty place, with vines growing thickly over the broad front porch.|-
./fake/en/tts_models_en_ljspeech_tacotron2-DCA/rinkitink_baum_12_64kb_f000033.wav|en_US/by_book/female/judy_bieber/rinkitink_in_oz/wavs/rinkitink_baum_12_64kb_f000033.wav|en|True|3.286|ljspeech|tts_models/en/ljspeech/tacotron2-DCA|tacotron2-DCA|Bilbil rushed through them without slackening his speed.|-
./fake/en/tts_models_en_ljspeech_tacotron2-DCA/jane_eyre_21_f000209.wav|en_UK/by_book/female/elizabeth_klett/jane_eyre/wavs/jane_eyre_21_f000209.wav|en|True|6.398|ljspeech|tts_models/en/ljspeech/tacotron2-DCA|tacotron2-DCA|Young ladies have a remarkable way of letting you know that they think you a quiz without actually saying the words.|-
./fake/en/tts_models_en_ljspeech_tacotron2-DCA/jane_eyre_11_f000330.wav|en_UK/by_book/female/elizabeth_klett/jane_eyre/wavs/jane_eyre_11_f000330.wav|en|True|8.396|ljspeech|tts_models/en/ljspeech/tacotron2-DCA|tacotron2-DCA|Too much noise, Grace, said Missis Fairfax. Remember directions! Grace curtseyed silently and went in.|-
./fake/en/tts_models_en_ljspeech_tacotron2-DCA/midnight_passenger_05_f000264.wav|en_US/by_book/female/mary_ann/midnight_passenger/wavs/midnight_passenger_05_f000264.wav|en|True|8.314|ljspeech|tts_models/en/ljspeech/tacotron2-DCA|tacotron2-DCA|Irma Gluyas sprang to her feet and clutched his arms with a despairing clasp. Swear to me that no harm shall come to him!|-
./fake/en/tts_models_en_ljspeech_tacotron2-DCA/emerald_city_of_oz_18_f000007.wav|en_US/by_book/female/judy_bieber/emerald_city_of_oz/wavs/emerald_city_of_oz_18_f000007.wav|en|True|9.370|ljspeech|tts_models/en/ljspeech/tacotron2-DCA|tacotron2-DCA|She soon decided to make Uncle Henry the Keeper of the Jewels, for some one really was needed to count and look after the bins and barrels of emeralds,|-
./fake/en/tts_models_en_ljspeech_tacotron2-DCA/pink_fairy_book_06_f000047.wav|en_US/by_book/male/elliot_miller/pink_fairy_book/wavs/pink_fairy_book_06_f000047.wav|en|True|8.534|ljspeech|tts_models/en/ljspeech/tacotron2-DCA|tacotron2-DCA|The Tanuki, who was busy with something else, observed nothing, and only called out to ask what was the meaning of the crackling that he heard.|-
./fake/en/tts_models_en_ljspeech_tacotron2-DCA/the_sea_fairies_02_f000125.wav|en_US/by_book/female/judy_bieber/the_sea_fairies/wavs/the_sea_fairies_02_f000125.wav|en|True|1.684|ljspeech|tts_models/en/ljspeech/tacotron2-DCA|tacotron2-DCA|I'd get drowned.|-
./fake/en/tts_models_en_ljspeech_tacotron2-DCA/rinkitink_baum_09_64kb_f000016.wav|en_US/by_book/female/judy_bieber/rinkitink_in_oz/wavs/rinkitink_baum_09_64kb_f000016.wav|en|True|12.110|ljspeech|tts_models/en/ljspeech/tacotron2-DCA|tacotron2-DCA|Few people, as I said before, ever passed through the dark and tangled forests of Regos, except to go to the mines in the mountain beyond, for many dangerous creatures lurked in the wild jungles,|-
./fake/en/tts_models_en_ljspeech_tacotron2-DCA/ozma_of_oz_01_f000061.wav|en_US/by_book/female/judy_bieber/ozma_of_oz/wavs/ozma_of_oz_01_f000061.wav|en|True|6.166|ljspeech|tts_models/en/ljspeech/tacotron2-DCA|tacotron2-DCA|and when she climbed another crest the ship looked like a toy boat, it was such a long way off.|-
./fake/en/tts_models_en_ljspeech_tacotron2-DCA/pink_fairy_book_05_f000004.wav|en_US/by_book/male/elliot_miller/pink_fairy_book/wavs/pink_fairy_book_05_f000004.wav|en|True|7.048|ljspeech|tts_models/en/ljspeech/tacotron2-DCA|tacotron2-DCA|and for his sake they were ready to work hard all day long, and never felt tired or discontented with their lot.|-
./fake/en/tts_models_en_ljspeech_tacotron2-DCA/midnight_passenger_04_f000026.wav|en_US/by_book/female/mary_ann/midnight_passenger/wavs/midnight_passenger_04_f000026.wav|en|True|12.110|ljspeech|tts_models/en/ljspeech/tacotron2-DCA|tacotron2-DCA|Was it the pale-faced Somers, the smooth old accountant, his pompous chief, Mister Robert Wade, or some one of those who had broken his bread and drank his wine in the occasional friendship of the business coterie.|-
./fake/en/tts_models_en_ljspeech_tacotron2-DCA/piratesofersatz_04_leinster_64kb_f000213.wav|en_US/by_book/male/elliot_miller/pirates_of_ersatz/wavs/piratesofersatz_04_leinster_64kb_f000213.wav|en|True|3.310|ljspeech|tts_models/en/ljspeech/tacotron2-DCA|tacotron2-DCA|and tore his bedstead apart to get a battering-ram.|-
./fake/en/tts_models_en_ljspeech_tacotron2-DCA/wives_and_daughters_58_f000055.wav|en_UK/by_book/female/elizabeth_klett/wives_and_daughters/wavs/wives_and_daughters_58_f000055.wav|en|True|1.568|ljspeech|tts_models/en/ljspeech/tacotron2-DCA|tacotron2-DCA|Molly stood up.|-
./fake/en/tts_models_en_ljspeech_tacotron2-DCA/skyisland_15_baum_64kb_f000090.wav|en_US/by_book/female/judy_bieber/sky_island/wavs/skyisland_15_baum_64kb_f000090.wav|en|True|9.116|ljspeech|tts_models/en/ljspeech/tacotron2-DCA|tacotron2-DCA|Won't we all thump when we land with a bump? If we do, said captain Bill thoughtfully, we'll none of us know it. End of chapter fifteen.|-
./fake/en/tts_models_en_ljspeech_tacotron2-DCA/silent_bullet_13_f000151.wav|en_US/by_book/male/elliot_miller/silent_bullet/wavs/silent_bullet_13_f000151.wav|en|True|9.765|ljspeech|tts_models/en/ljspeech/tacotron2-DCA|tacotron2-DCA|Such a boy, it flashed across my mind, ought to be studying the possible plays of football of an evening in the field-house after his dinner at the training-table,|-
./fake/en/tts_models_en_ljspeech_tacotron2-DCA/jane_eyre_34_f000406.wav|en_UK/by_book/female/elizabeth_klett/jane_eyre/wavs/jane_eyre_34_f000406.wav|en|True|6.050|ljspeech|tts_models/en/ljspeech/tacotron2-DCA|tacotron2-DCA|I was with an equal - one with whom I might argue - one whom, if I saw good, I might resist.|-
./fake/en/tts_models_en_ljspeech_tacotron2-DCA/rinkitink_baum_18_64kb_f000073.wav|en_US/by_book/female/judy_bieber/rinkitink_in_oz/wavs/rinkitink_baum_18_64kb_f000073.wav|en|True|9.184|ljspeech|tts_models/en/ljspeech/tacotron2-DCA|tacotron2-DCA|They began marching and countermarching in very orderly array until another blast of the gold whistle sent them scurrying away as quickly as they had appeared.|-
./fake/en/tts_models_en_ljspeech_tacotron2-DCA/the_sea_fairies_11_f000059.wav|en_US/by_book/female/judy_bieber/the_sea_fairies/wavs/the_sea_fairies_11_f000059.wav|en|True|5.608|ljspeech|tts_models/en/ljspeech/tacotron2-DCA|tacotron2-DCA|But I'm sure it's no KILLING matter, for we've got the fairy circles all around us.|-
./fake/en/tts_models_en_ljspeech_tacotron2-DCA/jane_eyre_01_f000024.wav|en_UK/by_book/female/elizabeth_klett/jane_eyre/wavs/jane_eyre_01_f000024.wav|en|True|11.088|ljspeech|tts_models/en/ljspeech/tacotron2-DCA|tacotron2-DCA|Afar, it offered a pale blank of mist and cloud; near a scene of wet lawn and storm-beat shrub, with ceaseless rain sweeping away wildly before a long and lamentable blast.|-
./fake/en/tts_models_en_ljspeech_tacotron2-DCA/piratesofersatz_07_leinster_64kb_f000105.wav|en_US/by_book/male/elliot_miller/pirates_of_ersatz/wavs/piratesofersatz_07_leinster_64kb_f000105.wav|en|True|9.207|ljspeech|tts_models/en/ljspeech/tacotron2-DCA|tacotron2-DCA|But it was only accident that had kept these people from landing on Thetis by rocket - since none of their ships would be expected ever to rise again|-
./fake/en/tts_models_en_ljspeech_tacotron2-DCA/rinkitink_baum_18_64kb_f000045.wav|en_US/by_book/female/judy_bieber/rinkitink_in_oz/wavs/rinkitink_baum_18_64kb_f000045.wav|en|True|4.262|ljspeech|tts_models/en/ljspeech/tacotron2-DCA|tacotron2-DCA|I was just thinking how fat and round you are, said Rinkitink.|-
./fake/en/tts_models_en_ljspeech_tacotron2-DCA/northandsouth_14_f000019.wav|en_US/by_book/female/mary_ann/northandsouth/wavs/northandsouth_14_f000019.wav|en|True|8.234|ljspeech|tts_models/en/ljspeech/tacotron2-DCA|tacotron2-DCA|Oh, Margaret, it was so windy last night! It came howling down the chimney in our room! I could not sleep.|-
./fake/en/tts_models_en_ljspeech_tacotron2-DCA/emerald_city_of_oz_15_f000072.wav|en_US/by_book/female/judy_bieber/emerald_city_of_oz/wavs/emerald_city_of_oz_15_f000072.wav|en|True|4.726|ljspeech|tts_models/en/ljspeech/tacotron2-DCA|tacotron2-DCA|I think we'd better go back, suggested the Yellow Hen, after a time.|-
./fake/en/tts_models_en_ljspeech_tacotron2-DCA/emerald_city_of_oz_11_f000038.wav|en_US/by_book/female/judy_bieber/emerald_city_of_oz/wavs/emerald_city_of_oz_11_f000038.wav|en|True|5.899|ljspeech|tts_models/en/ljspeech/tacotron2-DCA|tacotron2-DCA|Ah ha! laughed the General, who was now on the mountain path. I fooled you that time.|-
./fake/en/tts_models_en_ljspeech_tacotron2-DCA/jane_eyre_36_f000137.wav|en_UK/by_book/female/elizabeth_klett/jane_eyre/wavs/jane_eyre_36_f000137.wav|en|True|10.624|ljspeech|tts_models/en/ljspeech/tacotron2-DCA|tacotron2-DCA|You are not perhaps aware, he continued, edging his chair a little nearer the table, and speaking low, that there was a lady - a - a lunatic, kept in the house?|-
./fake/en/tts_models_en_ljspeech_tacotron2-DCA/wives_and_daughters_08_f000238.wav|en_UK/by_book/female/elizabeth_klett/wives_and_daughters/wavs/wives_and_daughters_08_f000238.wav|en|True|6.212|ljspeech|tts_models/en/ljspeech/tacotron2-DCA|tacotron2-DCA|I was not ten when Clare married, and I'm nearly nine-and-twenty, added Lady Harriet.|-
./fake/en/tts_models_en_ljspeech_tacotron2-DCA/silent_bullet_07_f000263.wav|en_US/by_book/male/elliot_miller/silent_bullet/wavs/silent_bullet_07_f000263.wav|en|True|8.697|ljspeech|tts_models/en/ljspeech/tacotron2-DCA|tacotron2-DCA|You know, Spencer, solid iron floats on molten iron like solid water - ice - floats on liquid water, explained Craig to me.|-
./fake/en/tts_models_en_ljspeech_tacotron2-DCA/jane_eyre_02_f000103.wav|en_UK/by_book/female/elizabeth_klett/jane_eyre/wavs/jane_eyre_02_f000103.wav|en|True|8.488|ljspeech|tts_models/en/ljspeech/tacotron2-DCA|tacotron2-DCA|and that in his last moments he had required a promise of Missis Reed that she would rear and maintain me as one of her own children.|-
./fake/en/tts_models_en_ljspeech_tacotron2-DCA/wives_and_daughters_24_f000104.wav|en_UK/by_book/female/elizabeth_klett/wives_and_daughters/wavs/wives_and_daughters_24_f000104.wav|en|True|9.440|ljspeech|tts_models/en/ljspeech/tacotron2-DCA|tacotron2-DCA|Molly suddenly felt as if she could scarcely keep from crying - a minute ago he had been so near to her, and talking so pleasantly and confidentially;|-
./fake/en/tts_models_en_ljspeech_tacotron2-DCA/poisoned_pen_02_f000273.wav|en_US/by_book/male/elliot_miller/poisoned_pen/wavs/poisoned_pen_02_f000273.wav|en|True|8.884|ljspeech|tts_models/en/ljspeech/tacotron2-DCA|tacotron2-DCA|How long I lay there I don't know. Kennedy says it was not over five minutes. It may have been so, but to me it seemed an age.|-
./fake/en/tts_models_en_ljspeech_tacotron2-DCA/emerald_city_of_oz_18_f000006.wav|en_US/by_book/female/judy_bieber/emerald_city_of_oz/wavs/emerald_city_of_oz_18_f000006.wav|en|True|9.858|ljspeech|tts_models/en/ljspeech/tacotron2-DCA|tacotron2-DCA|Then she began to think of some manner of occupation for Uncle Henry and Aunt Em that would be light and easy and yet give the old people something to do.|-
./fake/en/tts_models_en_ljspeech_tacotron2-DCA/northandsouth_38_f000054.wav|en_US/by_book/female/mary_ann/northandsouth/wavs/northandsouth_38_f000054.wav|en|True|12.110|ljspeech|tts_models/en/ljspeech/tacotron2-DCA|tacotron2-DCA|Then there was a blow or push?|-
./fake/en/tts_models_en_ljspeech_tacotron2-DCA/wives_and_daughters_55_f000056.wav|en_UK/by_book/female/elizabeth_klett/wives_and_daughters/wavs/wives_and_daughters_55_f000056.wav|en|True|7.989|ljspeech|tts_models/en/ljspeech/tacotron2-DCA|tacotron2-DCA|Then he is not much affected by Cynthia's breaking off her engagement? Missis Gibson could afford to call it an engagement now.|-
./fake/en/tts_models_en_ljspeech_tacotron2-DCA/emerald_city_of_oz_22_f000060.wav|en_US/by_book/female/judy_bieber/emerald_city_of_oz/wavs/emerald_city_of_oz_22_f000060.wav|en|True|10.938|ljspeech|tts_models/en/ljspeech/tacotron2-DCA|tacotron2-DCA|So occupied with themselves were the inhabitants that they scarcely noticed the strangers at all. So the Wizard stopped a boy and asked: Is this Rigmarole Town?|-
./fake/en/tts_models_en_ljspeech_tacotron2-DCA/northandsouth_17_f000158.wav|en_US/by_book/female/mary_ann/northandsouth/wavs/northandsouth_17_f000158.wav|en|True|13.715|ljspeech|tts_models/en/ljspeech/tacotron2-DCA|tacotron2-DCA|All on us must sin. I think a deal on her, for sure. But father does the like, I see. And Mary even. Its not often hoos stirred up to notice much.|-
./fake/en/tts_models_en_ljspeech_tacotron2-DCA/midnight_passenger_03_f000033.wav|en_US/by_book/female/mary_ann/midnight_passenger/wavs/midnight_passenger_03_f000033.wav|en|True|10.045|ljspeech|tts_models/en/ljspeech/tacotron2-DCA|tacotron2-DCA|I will circumvent his spies, and then await my own hour of triumph. It will be a fight to the finish and no quarter asked or given. I swear it!|-
./fake/en/tts_models_en_ljspeech_tacotron2-DCA/ozma_of_oz_06_f000113.wav|en_US/by_book/female/judy_bieber/ozma_of_oz/wavs/ozma_of_oz_06_f000113.wav|en|True|2.056|ljspeech|tts_models/en/ljspeech/tacotron2-DCA|tacotron2-DCA|because she had but one neck.|-
./fake/en/tts_models_en_ljspeech_tacotron2-DCA/wives_and_daughters_02_f000060.wav|en_UK/by_book/female/elizabeth_klett/wives_and_daughters/wavs/wives_and_daughters_02_f000060.wav|en|True|5.887|ljspeech|tts_models/en/ljspeech/tacotron2-DCA|tacotron2-DCA|but that was not a word to apply to Lady Cuxhaven, the eldest daughter of the earl and countess.|-
./fake/en/tts_models_en_ljspeech_tacotron2-DCA/the_master_key_20_f000077.wav|en_US/by_book/female/judy_bieber/the_master_key/wavs/the_master_key_20_f000077.wav|en|True|7.257|ljspeech|tts_models/en/ljspeech/tacotron2-DCA|tacotron2-DCA|I have given them a fair trial, and they've got me into all sorts of trouble and made all my friends miserable.|-
./fake/en/tts_models_en_ljspeech_tacotron2-DCA/hunters_space_11_f000104.wav|en_US/by_book/male/elliot_miller/hunters_space/wavs/hunters_space_11_f000104.wav|en|True|8.128|ljspeech|tts_models/en/ljspeech/tacotron2-DCA|tacotron2-DCA|Odin set Maya's feet upon the floor. Still holding her with one arm, he drew his sword and made ready to stand beside Gunnar.|-
./fake/en/tts_models_en_ljspeech_tacotron2-DCA/wives_and_daughters_55_f000034.wav|en_UK/by_book/female/elizabeth_klett/wives_and_daughters/wavs/wives_and_daughters_55_f000034.wav|en|True|6.769|ljspeech|tts_models/en/ljspeech/tacotron2-DCA|tacotron2-DCA|She sat up on her sofa, looking very pretty with the flush on her cheeks, and the brightness in her eyes.|-
./fake/en/tts_models_en_ljspeech_tacotron2-DCA/hunters_space_01_f000030.wav|en_US/by_book/male/elliot_miller/hunters_space/wavs/hunters_space_01_f000030.wav|en|True|8.093|ljspeech|tts_models/en/ljspeech/tacotron2-DCA|tacotron2-DCA|Still leaning upon it I stared in wonder at the shadow which was forming itself upon the cleared space by the side of my typewriter.|-
./fake/en/tts_models_en_ljspeech_tacotron2-DCA/pink_fairy_book_17_f000056.wav|en_US/by_book/male/elliot_miller/pink_fairy_book/wavs/pink_fairy_book_17_f000056.wav|en|True|11.265|ljspeech|tts_models/en/ljspeech/tacotron2-DCA|tacotron2-DCA|Suddenly, close behind them, they heard a sigh, then a groan. Ah! They turned hastily and looked at each other. There was nothing.|-
./fake/en/tts_models_en_ljspeech_tacotron2-DCA/poisoned_pen_05_f000315.wav|en_US/by_book/male/elliot_miller/poisoned_pen/wavs/poisoned_pen_05_f000315.wav|en|True|11.867|ljspeech|tts_models/en/ljspeech/tacotron2-DCA|tacotron2-DCA|Just this, replied Craig. If you will kindly oblige us by laying your fingers on this inking-pad and then lightly on this sheet of paper, I think I can show you an answer.|-
./fake/en/tts_models_en_ljspeech_tacotron2-DCA/poisoned_pen_02_f000109.wav|en_US/by_book/male/elliot_miller/poisoned_pen/wavs/poisoned_pen_02_f000109.wav|en|True|12.110|ljspeech|tts_models/en/ljspeech/tacotron2-DCA|tacotron2-DCA|A woman of Missis Branford's stamp so readily and successfully puts one in the wrong that I could easily comprehend why Blake wanted to call on Kennedy for help in what otherwise seemed a plain case.|-
./fake/en/tts_models_en_ljspeech_tacotron2-DCA/midnight_passenger_13_f000274.wav|en_US/by_book/female/mary_ann/midnight_passenger/wavs/midnight_passenger_13_f000274.wav|en|True|5.655|ljspeech|tts_models/en/ljspeech/tacotron2-DCA|tacotron2-DCA|When the three men left the yacht at sunset, the policeman called Einstein into a corner.|-
./fake/en/tts_models_en_ljspeech_tacotron2-DCA/emerald_city_of_oz_04_f000084.wav|en_US/by_book/female/judy_bieber/emerald_city_of_oz/wavs/emerald_city_of_oz_04_f000084.wav|en|True|4.378|ljspeech|tts_models/en/ljspeech/tacotron2-DCA|tacotron2-DCA|I thought you'd agree with me, Roquat, replied the new General.|-
./fake/en/tts_models_en_ljspeech_tacotron2-DCA/jane_eyre_03_f000152.wav|en_UK/by_book/female/elizabeth_klett/jane_eyre/wavs/jane_eyre_03_f000152.wav|en|True|3.960|ljspeech|tts_models/en/ljspeech/tacotron2-DCA|tacotron2-DCA|Again I reflected: I scarcely knew what school was:|-
./fake/en/tts_models_en_ljspeech_tacotron2-DCA/silent_bullet_10_f000320.wav|en_US/by_book/male/elliot_miller/silent_bullet/wavs/silent_bullet_10_f000320.wav|en|True|1.684|ljspeech|tts_models/en/ljspeech/tacotron2-DCA|tacotron2-DCA|Lamar said nothing.|-
./fake/en/tts_models_en_ljspeech_tacotron2-DCA/dorothy_and_wizard_oz_11_f000084.wav|en_US/by_book/female/judy_bieber/dorothy_and_wizard_oz/wavs/dorothy_and_wizard_oz_11_f000084.wav|en|True|8.766|ljspeech|tts_models/en/ljspeech/tacotron2-DCA|tacotron2-DCA|The others picked themselves up from the ground one by one and quickly rejoined their fellows, so for a moment the horse thought he had won the fight with ease.|-
./fake/en/tts_models_en_ljspeech_tacotron2-DCA/wives_and_daughters_44_f000145.wav|en_UK/by_book/female/elizabeth_klett/wives_and_daughters/wavs/wives_and_daughters_44_f000145.wav|en|True|6.537|ljspeech|tts_models/en/ljspeech/tacotron2-DCA|tacotron2-DCA|So I will tell it all, from beginning to end, to Lady Harriet, and ask her to speak to her father.|-
./fake/en/tts_models_en_ljspeech_tacotron2-DCA/wives_and_daughters_32_f000132.wav|en_UK/by_book/female/elizabeth_klett/wives_and_daughters/wavs/wives_and_daughters_32_f000132.wav|en|True|8.918|ljspeech|tts_models/en/ljspeech/tacotron2-DCA|tacotron2-DCA|I delight in long walks. If you want Molly out of the way, mamma, send her to the Miss Brownings' - they are always glad to see her.|-
./fake/en/tts_models_en_ljspeech_tacotron2-DCA/wives_and_daughters_13_f000193.wav|en_UK/by_book/female/elizabeth_klett/wives_and_daughters/wavs/wives_and_daughters_13_f000193.wav|en|True|7.118|ljspeech|tts_models/en/ljspeech/tacotron2-DCA|tacotron2-DCA|and she was conducted back to the yellow drawing-room by Mister Preston, who made many apologies for leaving her there alone.|-
./fake/en/tts_models_en_ljspeech_tacotron2-DCA/dorothy_and_wizard_oz_13_f000022.wav|en_US/by_book/female/judy_bieber/dorothy_and_wizard_oz/wavs/dorothy_and_wizard_oz_13_f000022.wav|en|True|7.466|ljspeech|tts_models/en/ljspeech/tacotron2-DCA|tacotron2-DCA|But the road was nothing more than a series of rifts or cracks in the mountain, and it went zig-zag in every direction,|-
./fake/en/tts_models_en_ljspeech_tacotron2-DCA/rinkitink_baum_12_64kb_f000024.wav|en_US/by_book/female/judy_bieber/rinkitink_in_oz/wavs/rinkitink_baum_12_64kb_f000024.wav|en|True|11.611|ljspeech|tts_models/en/ljspeech/tacotron2-DCA|tacotron2-DCA|Finally King Gos scrambled out of the heap and rushed up the stairs again, very angry indeed. Bilbil was ready for him and a second time butted the King down the stairs;|-
./fake/en/tts_models_en_ljspeech_tacotron2-DCA/the_master_key_05_f000107.wav|en_US/by_book/female/judy_bieber/the_master_key/wavs/the_master_key_05_f000107.wav|en|True|4.262|ljspeech|tts_models/en/ljspeech/tacotron2-DCA|tacotron2-DCA|At this act the chief stood an instant in amazed uncertainty.|-
./fake/en/tts_models_en_ljspeech_tacotron2-DCA/midnight_passenger_10_f000116.wav|en_US/by_book/female/mary_ann/midnight_passenger/wavs/midnight_passenger_10_f000116.wav|en|True|5.771|ljspeech|tts_models/en/ljspeech/tacotron2-DCA|tacotron2-DCA|There were things in the package which astounded him; there were written words which melted him to tears.|-
./fake/en/tts_models_en_ljspeech_tacotron2-DCA/piratesofersatz_03_leinster_64kb_f000174.wav|en_US/by_book/male/elliot_miller/pirates_of_ersatz/wavs/piratesofersatz_03_leinster_64kb_f000174.wav|en|True|10.776|ljspeech|tts_models/en/ljspeech/tacotron2-DCA|tacotron2-DCA|The man in the purple cloak was insisting furiously that he was a Darthian gentleman and he'd have his share or elseThose things, said Hoddan, are mine. Put them back.|-
./fake/en/tts_models_en_ljspeech_tacotron2-DCA/ozma_of_oz_10_f000047.wav|en_US/by_book/female/judy_bieber/ozma_of_oz/wavs/ozma_of_oz_10_f000047.wav|en|True|3.310|ljspeech|tts_models/en/ljspeech/tacotron2-DCA|tacotron2-DCA|and not from dangers that appeared in the air above them.|-
./fake/en/tts_models_en_ljspeech_tacotron2-DCA/rinkitink_baum_07_64kb_f000119.wav|en_US/by_book/female/judy_bieber/rinkitink_in_oz/wavs/rinkitink_baum_07_64kb_f000119.wav|en|True|12.110|ljspeech|tts_models/en/ljspeech/tacotron2-DCA|tacotron2-DCA|The humble citizens and serving people of Regos, who had been terrified and abused by the rough warriors all their lives, were not only greatly astonished by this sudden conquest of their masters but greatly delighted.|-
./fake/en/tts_models_en_ljspeech_tacotron2-DCA/silent_bullet_13_f000347.wav|en_US/by_book/male/elliot_miller/silent_bullet/wavs/silent_bullet_13_f000347.wav|en|True|8.988|ljspeech|tts_models/en/ljspeech/tacotron2-DCA|tacotron2-DCA|There isnt an honest gambling-machine in the whole place - I might almost say the whole city. The whole thing is crooked from start to finish - the men,|-
./fake/en/tts_models_en_ljspeech_tacotron2-DCA/wives_and_daughters_38_f000049.wav|en_UK/by_book/female/elizabeth_klett/wives_and_daughters/wavs/wives_and_daughters_38_f000049.wav|en|True|9.045|ljspeech|tts_models/en/ljspeech/tacotron2-DCA|tacotron2-DCA|It is an unlucky time for visitors; no game to be had, and lamb so late this year, and chicken hardly to be had for love or money.|-
./fake/en/tts_models_en_ljspeech_tacotron2-DCA/ozma_of_oz_19_f000055.wav|en_US/by_book/female/judy_bieber/ozma_of_oz/wavs/ozma_of_oz_19_f000055.wav|en|True|8.952|ljspeech|tts_models/en/ljspeech/tacotron2-DCA|tacotron2-DCA|and that evening the yellow hen was publicly presented with a beautiful necklace of pearls and sapphires, as a token of esteem from the new King.|-
./fake/en/tts_models_en_ljspeech_tacotron2-DCA/skyisland_04_baum_64kb_f000018.wav|en_US/by_book/female/judy_bieber/sky_island/wavs/skyisland_04_baum_64kb_f000018.wav|en|True|12.867|ljspeech|tts_models/en/ljspeech/tacotron2-DCA|tacotron2-DCA|Well, I declare! gasped the sailorman. Can't we land anywhere else? Not unless you care to tumble off, said the boy. I've told the umbrella to take us to Sky Island,|-
./fake/en/tts_models_en_ljspeech_tacotron2-DCA/the_master_key_18_f000008.wav|en_US/by_book/female/judy_bieber/the_master_key/wavs/the_master_key_18_f000008.wav|en|True|9.486|ljspeech|tts_models/en/ljspeech/tacotron2-DCA|tacotron2-DCA|Presently an elderly gentleman with a reserved and dignified appearance and dressed in black took a seat next to the boy and drew a magazine from his pocket.|-
./fake/en/tts_models_en_ljspeech_tacotron2-DCA/poisoned_pen_01_f000210.wav|en_US/by_book/male/elliot_miller/poisoned_pen/wavs/poisoned_pen_01_f000210.wav|en|True|10.567|ljspeech|tts_models/en/ljspeech/tacotron2-DCA|tacotron2-DCA|Now here comes the remarkable feature of the case. The law firm of Kerr  Kimmel, I find, not long ago began to investigate thetwenty legality of this divorce.|-
./fake/en/tts_models_en_ljspeech_tacotron2-DCA/piratesofersatz_12_leinster_64kb_f000115.wav|en_US/by_book/male/elliot_miller/pirates_of_ersatz/wavs/piratesofersatz_12_leinster_64kb_f000115.wav|en|True|5.539|ljspeech|tts_models/en/ljspeech/tacotron2-DCA|tacotron2-DCA|said the Lady Fani practically, we're not very formal about such things.|-
./fake/en/tts_models_en_ljspeech_tacotron2-DCA/wives_and_daughters_56_f000155.wav|en_UK/by_book/female/elizabeth_klett/wives_and_daughters/wavs/wives_and_daughters_56_f000155.wav|en|True|5.864|ljspeech|tts_models/en/ljspeech/tacotron2-DCA|tacotron2-DCA|which she said was written in such excitement on discovering the real state of her daughter's affections,|-
./fake/en/tts_models_en_ljspeech_tacotron2-DCA/jane_eyre_13_f000106.wav|en_UK/by_book/female/elizabeth_klett/jane_eyre/wavs/jane_eyre_13_f000106.wav|en|True|1.406|ljspeech|tts_models/en/ljspeech/tacotron2-DCA|tacotron2-DCA|And your home?|-
./fake/en/tts_models_en_ljspeech_tacotron2-DCA/piratesofersatz_04_leinster_64kb_f000127.wav|en_US/by_book/male/elliot_miller/pirates_of_ersatz/wavs/piratesofersatz_04_leinster_64kb_f000127.wav|en|True|10.752|ljspeech|tts_models/en/ljspeech/tacotron2-DCA|tacotron2-DCA|The girl stood still. A spearman leaned his weapon against the wall, raced across the hall, shifted a chair to a convenient position for the Lady Fani to sit on it,|-
./fake/en/tts_models_en_ljspeech_tacotron2-DCA/dorothy_and_wizard_oz_02_f000151.wav|en_US/by_book/female/judy_bieber/dorothy_and_wizard_oz/wavs/dorothy_and_wizard_oz_02_f000151.wav|en|True|7.907|ljspeech|tts_models/en/ljspeech/tacotron2-DCA|tacotron2-DCA|He turned and walked down the street, and after a moment's hesitation Dorothy caught Eureka in her arms and climbed into the buggy.|-
./fake/en/tts_models_en_ljspeech_tacotron2-DCA/skyisland_08_baum_64kb_f000071.wav|en_US/by_book/female/judy_bieber/sky_island/wavs/skyisland_08_baum_64kb_f000071.wav|en|True|8.418|ljspeech|tts_models/en/ljspeech/tacotron2-DCA|tacotron2-DCA|Here in the servants' hall there was one vacant seat next to Button-Bright which was reserved for Trot; but the little girl had not yet appeared,|-
./fake/en/tts_models_en_ljspeech_tacotron2-DCA/jane_eyre_34_f000467.wav|en_UK/by_book/female/elizabeth_klett/jane_eyre/wavs/jane_eyre_34_f000467.wav|en|True|6.119|ljspeech|tts_models/en/ljspeech/tacotron2-DCA|tacotron2-DCA|which has met resistance where it expected submission - the disapprobation of a cool, inflexible judgment,|-
./fake/en/tts_models_en_ljspeech_tacotron2-DCA/skyisland_10_baum_64kb_f000034.wav|en_US/by_book/female/judy_bieber/sky_island/wavs/skyisland_10_baum_64kb_f000034.wav|en|True|2.450|ljspeech|tts_models/en/ljspeech/tacotron2-DCA|tacotron2-DCA|putting the wrong head on each of 'em.|-
./fake/en/tts_models_en_ljspeech_tacotron2-DCA/piratesofersatz_12_leinster_64kb_f000211.wav|en_US/by_book/male/elliot_miller/pirates_of_ersatz/wavs/piratesofersatz_12_leinster_64kb_f000211.wav|en|True|1.522|ljspeech|tts_models/en/ljspeech/tacotron2-DCA|tacotron2-DCA|Hoddan squirmed.|-
./fake/en/tts_models_en_ljspeech_tacotron2-DCA/silent_bullet_13_f000076.wav|en_US/by_book/male/elliot_miller/silent_bullet/wavs/silent_bullet_13_f000076.wav|en|True|2.961|ljspeech|tts_models/en/ljspeech/tacotron2-DCA|tacotron2-DCA|Then he laughed, as he looked about him.|-
./fake/en/tts_models_en_ljspeech_tacotron2-DCA/silent_bullet_11_f000014.wav|en_US/by_book/male/elliot_miller/silent_bullet/wavs/silent_bullet_11_f000014.wav|en|True|5.214|ljspeech|tts_models/en/ljspeech/tacotron2-DCA|tacotron2-DCA|and quickly opened a door into what seemed to be a fair-sized private dining-room.|-
./fake/en/tts_models_en_ljspeech_tacotron2-DCA/wives_and_daughters_30_f000120.wav|en_UK/by_book/female/elizabeth_klett/wives_and_daughters/wavs/wives_and_daughters_30_f000120.wav|en|True|6.166|ljspeech|tts_models/en/ljspeech/tacotron2-DCA|tacotron2-DCA|Neither of them saw Roger Hamley, who was just then approaching them with long, steady steps.|-
./fake/en/tts_models_en_ljspeech_tacotron2-DCA/dorothy_and_wizard_oz_11_f000025.wav|en_US/by_book/female/judy_bieber/dorothy_and_wizard_oz/wavs/dorothy_and_wizard_oz_11_f000025.wav|en|True|2.613|ljspeech|tts_models/en/ljspeech/tacotron2-DCA|tacotron2-DCA|Eureka yawned and stretched herself.|-
./fake/en/tts_models_en_ljspeech_tacotron2-DCA/jane_eyre_32_f000087.wav|en_UK/by_book/female/elizabeth_klett/jane_eyre/wavs/jane_eyre_32_f000087.wav|en|True|5.608|ljspeech|tts_models/en/ljspeech/tacotron2-DCA|tacotron2-DCA|The sketch of Rosamond's portrait pleased him highly: he said I must make a finished picture of it.|-
./fake/en/tts_models_en_ljspeech_tacotron2-DCA/dorothy_and_wizard_oz_10_f000060.wav|en_US/by_book/female/judy_bieber/dorothy_and_wizard_oz/wavs/dorothy_and_wizard_oz_10_f000060.wav|en|True|4.158|ljspeech|tts_models/en/ljspeech/tacotron2-DCA|tacotron2-DCA|Why did you leave the surface of the earth? enquired the Wizard.|-
./fake/en/tts_models_en_ljspeech_tacotron2-DCA/pink_fairy_book_38_f000164.wav|en_US/by_book/male/elliot_miller/pink_fairy_book/wavs/pink_fairy_book_38_f000164.wav|en|True|9.416|ljspeech|tts_models/en/ljspeech/tacotron2-DCA|tacotron2-DCA|As he turned a corner the little hare cut off both his ears, so that they should not know him, and pretended to be working at a grindstone which lay there.|-
./fake/en/tts_models_en_ljspeech_tacotron2-DCA/midnight_passenger_06_f000067.wav|en_US/by_book/female/mary_ann/midnight_passenger/wavs/midnight_passenger_06_f000067.wav|en|True|4.785|ljspeech|tts_models/en/ljspeech/tacotron2-DCA|tacotron2-DCA|That's all! Swear that you'll keep my secrets or I'll kill you now.|-
./fake/en/tts_models_en_ljspeech_tacotron2-DCA/northandsouth_35_f000135.wav|en_US/by_book/female/mary_ann/northandsouth/wavs/northandsouth_35_f000135.wav|en|True|11.286|ljspeech|tts_models/en/ljspeech/tacotron2-DCA|tacotron2-DCA|She kissed her father and glided down stairs, with a rapidity of motion of which no one would have thought her capable, who had seen her the minute before. She put aside Dixon.|-
./fake/en/tts_models_en_ljspeech_tacotron2-DCA/northandsouth_38_f000076.wav|en_US/by_book/female/mary_ann/northandsouth/wavs/northandsouth_38_f000076.wav|en|True|7.698|ljspeech|tts_models/en/ljspeech/tacotron2-DCA|tacotron2-DCA|I can imagine that the one may have weighty reasons, which may and ought to make her overlook any seeming Impropriety in her conduct.|-
./fake/en/tts_models_en_ljspeech_tacotron2-DCA/jane_eyre_04_f000095.wav|en_UK/by_book/female/elizabeth_klett/jane_eyre/wavs/jane_eyre_04_f000095.wav|en|True|10.009|ljspeech|tts_models/en/ljspeech/tacotron2-DCA|tacotron2-DCA|Troublesome, careless child! and what are you doing now? You look quite red, as if you had been about some mischief: what were you opening the window for?|-
./fake/en/tts_models_en_ljspeech_tacotron2-DCA/the_sea_fairies_10_f000102.wav|en_US/by_book/female/judy_bieber/the_sea_fairies/wavs/the_sea_fairies_10_f000102.wav|en|True|5.794|ljspeech|tts_models/en/ljspeech/tacotron2-DCA|tacotron2-DCA|Perhaps you'll dare insult me again in the presence of visitors, you old mud-wallower!|-
./fake/en/tts_models_en_ljspeech_tacotron2-DCA/jane_eyre_24_f000256.wav|en_UK/by_book/female/elizabeth_klett/jane_eyre/wavs/jane_eyre_24_f000256.wav|en|True|11.204|ljspeech|tts_models/en/ljspeech/tacotron2-DCA|tacotron2-DCA|And somewhat relieved by this idea which I failed not to execute that day, I ventured once more to meet my master's and lover's eye, which most pertinaciously sought mine,|-
./fake/en/tts_models_en_ljspeech_tacotron2-DCA/northandsouth_28_f000222.wav|en_US/by_book/female/mary_ann/northandsouth/wavs/northandsouth_28_f000222.wav|en|True|8.929|ljspeech|tts_models/en/ljspeech/tacotron2-DCA|tacotron2-DCA|I may ha laughed at those who did, to brave it out like-but I have looked round at after, to see if He heard me, if so be there was a He;|-
./fake/en/tts_models_en_ljspeech_tacotron2-DCA/jane_eyre_09_f000100.wav|en_UK/by_book/female/elizabeth_klett/jane_eyre/wavs/jane_eyre_09_f000100.wav|en|True|11.297|ljspeech|tts_models/en/ljspeech/tacotron2-DCA|tacotron2-DCA|It opened clear on my comprehension that Helen Burns was numbering her last days in this world, and that she was going to be taken to the region of spirits, if such region there were.|-
./fake/en/tts_models_en_ljspeech_tacotron2-DCA/pink_fairy_book_38_f000049.wav|en_US/by_book/male/elliot_miller/pink_fairy_book/wavs/pink_fairy_book_38_f000049.wav|en|True|6.224|ljspeech|tts_models/en/ljspeech/tacotron2-DCA|tacotron2-DCA|because of their enemies the dogs, which swarmed over all the roads. So they returned home.|-
./fake/en/tts_models_en_ljspeech_tacotron2-DCA/skyisland_20_baum_64kb_f000064.wav|en_US/by_book/female/judy_bieber/sky_island/wavs/skyisland_20_baum_64kb_f000064.wav|en|True|12.110|ljspeech|tts_models/en/ljspeech/tacotron2-DCA|tacotron2-DCA|Not being able to settle the question, they finally locked him up in a vacant room across the hall and told him he must stay there until he had decided to marry one of the Princesses and could make a choice among them.|-
./fake/en/tts_models_en_ljspeech_tacotron2-DCA/emerald_city_of_oz_11_f000059.wav|en_US/by_book/female/judy_bieber/emerald_city_of_oz/wavs/emerald_city_of_oz_11_f000059.wav|en|True|5.608|ljspeech|tts_models/en/ljspeech/tacotron2-DCA|tacotron2-DCA|Outside the entrance to this rock heap the guide gave a low wail that sounded like Lee-ow-ah!|-
./fake/en/tts_models_en_ljspeech_tacotron2-DCA/wives_and_daughters_05_f000178.wav|en_UK/by_book/female/elizabeth_klett/wives_and_daughters/wavs/wives_and_daughters_05_f000178.wav|en|True|6.793|ljspeech|tts_models/en/ljspeech/tacotron2-DCA|tacotron2-DCA|and he was delighted to think of his sick wife's having such an agreeable companion in her hours of loneliness.|-
./fake/en/tts_models_en_ljspeech_tacotron2-DCA/rinkitink_baum_10_64kb_f000058.wav|en_US/by_book/female/judy_bieber/rinkitink_in_oz/wavs/rinkitink_baum_10_64kb_f000058.wav|en|True|5.237|ljspeech|tts_models/en/ljspeech/tacotron2-DCA|tacotron2-DCA|And they held a wild carnival of rejoicing, both in the King's palace and in the city,|-
./fake/en/tts_models_en_ljspeech_tacotron2-DCA/midnight_passenger_01_f000017.wav|en_US/by_book/female/mary_ann/midnight_passenger/wavs/midnight_passenger_01_f000017.wav|en|True|6.653|ljspeech|tts_models/en/ljspeech/tacotron2-DCA|tacotron2-DCA|It was the short day of the week's business, and the usual route for making his bank deposit lay before him.|-
./fake/en/tts_models_en_ljspeech_tacotron2-DCA/wives_and_daughters_32_f000152.wav|en_UK/by_book/female/elizabeth_klett/wives_and_daughters/wavs/wives_and_daughters_32_f000152.wav|en|True|4.947|ljspeech|tts_models/en/ljspeech/tacotron2-DCA|tacotron2-DCA|After Lady Harriet was fairly gone! I understand, mamma.|-
./fake/en/tts_models_en_ljspeech_tacotron2-DCA/pink_fairy_book_07_f000002.wav|en_US/by_book/male/elliot_miller/pink_fairy_book/wavs/pink_fairy_book_07_f000002.wav|en|True|2.915|ljspeech|tts_models/en/ljspeech/tacotron2-DCA|tacotron2-DCA|Translated from the German of Hans Andersen.|-
./fake/en/tts_models_en_ljspeech_tacotron2-DCA/jane_eyre_05_f000048.wav|en_UK/by_book/female/elizabeth_klett/jane_eyre/wavs/jane_eyre_05_f000048.wav|en|True|5.330|ljspeech|tts_models/en/ljspeech/tacotron2-DCA|tacotron2-DCA|the coach-door was open, and a person like a servant was standing at it:|-
./fake/en/tts_models_en_ljspeech_tacotron2-DCA/the_sea_fairies_04_f000091.wav|en_US/by_book/female/judy_bieber/the_sea_fairies/wavs/the_sea_fairies_04_f000091.wav|en|True|3.519|ljspeech|tts_models/en/ljspeech/tacotron2-DCA|tacotron2-DCA|I'd no idee you mermaids were like this, at all!|-
./fake/en/tts_models_en_ljspeech_tacotron2-DCA/silent_bullet_12_f000082.wav|en_US/by_book/male/elliot_miller/silent_bullet/wavs/silent_bullet_12_f000082.wav|en|True|12.215|ljspeech|tts_models/en/ljspeech/tacotron2-DCA|tacotron2-DCA|When she had gone, I looked hopelessly at Kennedy. How could we find a missing man in a city of four million people, find him without the aid of the police - perhaps before the police could themselves find him?|-
./fake/en/tts_models_en_ljspeech_tacotron2-DCA/northandsouth_19_f000182.wav|en_US/by_book/female/mary_ann/northandsouth/wavs/northandsouth_19_f000182.wav|en|True|12.088|ljspeech|tts_models/en/ljspeech/tacotron2-DCA|tacotron2-DCA|I ha thought till my brains ached,-Beli me, John, I have. An I say again, theres no help for us but having faith i the Union. Theyll win the day, see if they dunnot!|-
./fake/en/tts_models_en_ljspeech_tacotron2-DCA/pink_fairy_book_39_f000001.wav|en_US/by_book/male/elliot_miller/pink_fairy_book/wavs/pink_fairy_book_39_f000001.wav|en|True|2.102|ljspeech|tts_models/en/ljspeech/tacotron2-DCA|tacotron2-DCA|The Sparrow with the Slit Tongue.|-
./fake/en/tts_models_en_ljspeech_tacotron2-DCA/wives_and_daughters_52_f000208.wav|en_UK/by_book/female/elizabeth_klett/wives_and_daughters/wavs/wives_and_daughters_52_f000208.wav|en|True|6.537|ljspeech|tts_models/en/ljspeech/tacotron2-DCA|tacotron2-DCA|She had not heard of Molly's arrival, and had no idea that she was returned until she saw her sitting there.|-
./fake/en/tts_models_en_ljspeech_tacotron2-DCA/northandsouth_48_f000006.wav|en_US/by_book/female/mary_ann/northandsouth/wavs/northandsouth_48_f000006.wav|en|True|1.034|ljspeech|tts_models/en/ljspeech/tacotron2-DCA|tacotron2-DCA|ANON.|-
./fake/en/tts_models_en_ljspeech_tacotron2-DCA/northandsouth_46_f000025.wav|en_US/by_book/female/mary_ann/northandsouth/wavs/northandsouth_46_f000025.wav|en|True|11.228|ljspeech|tts_models/en/ljspeech/tacotron2-DCA|tacotron2-DCA|The hot air danced over the golden stillness of the land, farm after farm was left behind, each reminding Margaret of German Idyls-of Herman and Dorothea-of Evangeline.|-
./fake/en/tts_models_en_ljspeech_tacotron2-DCA/jane_eyre_21_f000245.wav|en_UK/by_book/female/elizabeth_klett/jane_eyre/wavs/jane_eyre_21_f000245.wav|en|True|10.717|ljspeech|tts_models/en/ljspeech/tacotron2-DCA|tacotron2-DCA|The well-known face was there: stern, relentless as ever - there was that peculiar eye which nothing could melt, and the somewhat raised, imperious, despotic eyebrow.|-
./fake/en/tts_models_en_ljspeech_tacotron2-DCA/jane_eyre_20_f000163.wav|en_UK/by_book/female/elizabeth_klett/jane_eyre/wavs/jane_eyre_20_f000163.wav|en|True|8.279|ljspeech|tts_models/en/ljspeech/tacotron2-DCA|tacotron2-DCA|Besides, you might have waited till to-morrow, and had me with you: it was mere folly to attempt the interview to-night, and alone.|-
./fake/en/tts_models_en_ljspeech_tacotron2-DCA/wives_and_daughters_38_f000191.wav|en_UK/by_book/female/elizabeth_klett/wives_and_daughters/wavs/wives_and_daughters_38_f000191.wav|en|True|9.881|ljspeech|tts_models/en/ljspeech/tacotron2-DCA|tacotron2-DCA|It's very clear that she has neither got the dress nor the money necessary for this London visit, and that she doesn't want any more inquiries to be made on the subject.|-
./fake/en/tts_models_en_ljspeech_tacotron2-DCA/piratesofersatz_09_leinster_64kb_f000088.wav|en_US/by_book/male/elliot_miller/pirates_of_ersatz/wavs/piratesofersatz_09_leinster_64kb_f000088.wav|en|True|8.070|ljspeech|tts_models/en/ljspeech/tacotron2-DCA|tacotron2-DCA|The balance left in the lawyer's hands would not be nearly enough to cover a certain deficit which in justice he felt himself bound to make up.|-
./fake/en/tts_models_en_ljspeech_tacotron2-DCA/emerald_city_of_oz_11_f000015.wav|en_US/by_book/female/judy_bieber/emerald_city_of_oz/wavs/emerald_city_of_oz_11_f000015.wav|en|True|6.862|ljspeech|tts_models/en/ljspeech/tacotron2-DCA|tacotron2-DCA|And there was no doubt at all that if he could enlist the services of the Phanfasms, their tremendous power,|-
./fake/en/tts_models_en_ljspeech_tacotron2-DCA/emerald_city_of_oz_07_f000114.wav|en_US/by_book/female/judy_bieber/emerald_city_of_oz/wavs/emerald_city_of_oz_07_f000114.wav|en|True|1.940|ljspeech|tts_models/en/ljspeech/tacotron2-DCA|tacotron2-DCA|End of chapter seven.|-
./fake/en/tts_models_en_ljspeech_tacotron2-DCA/the_master_key_07_f000044.wav|en_US/by_book/female/judy_bieber/the_master_key/wavs/the_master_key_07_f000044.wav|en|True|7.489|ljspeech|tts_models/en/ljspeech/tacotron2-DCA|tacotron2-DCA|Why did you not take your marvels to New York or Chicago; or, if you wished to cross the ocean, to Paris or Vienna?|-
./fake/en/tts_models_en_ljspeech_tacotron2-DCA/northandsouth_25_f000143.wav|en_US/by_book/female/mary_ann/northandsouth/wavs/northandsouth_25_f000143.wav|en|True|9.115|ljspeech|tts_models/en/ljspeech/tacotron2-DCA|tacotron2-DCA|Margaret sat down by her mothers sofa on a little stool, and softly took hold of her hand, caressing it and kissing it, as if to comfort.|-
./fake/en/tts_models_en_ljspeech_tacotron2-DCA/the_sea_fairies_20_f000131.wav|en_US/by_book/female/judy_bieber/the_sea_fairies/wavs/the_sea_fairies_20_f000131.wav|en|True|10.531|ljspeech|tts_models/en/ljspeech/tacotron2-DCA|tacotron2-DCA|Dr. Shark said I ought to put a mustard poultice on my stomach, so I uncoiled myself and summoned my servants, and they began putting on the mustard plaster.|-
./fake/en/tts_models_en_ljspeech_tacotron2-DCA/midnight_passenger_03_f000012.wav|en_US/by_book/female/mary_ann/midnight_passenger/wavs/midnight_passenger_03_f000012.wav|en|True|9.429|ljspeech|tts_models/en/ljspeech/tacotron2-DCA|tacotron2-DCA|When all is over, when Ferris is his son-in-law, I will have Senator Durham connected with this matter. The young couple will set up in royal style.|-
./fake/en/tts_models_en_ljspeech_tacotron2-DCA/northandsouth_51_f000097.wav|en_US/by_book/female/mary_ann/northandsouth/wavs/northandsouth_51_f000097.wav|en|True|7.141|ljspeech|tts_models/en/ljspeech/tacotron2-DCA|tacotron2-DCA|so as not to give mister Thornton the mortification of acknowledging his want of success and consequent change of position.|-
./fake/en/tts_models_en_ljspeech_tacotron2-DCA/jane_eyre_37_f000389.wav|en_UK/by_book/female/elizabeth_klett/jane_eyre/wavs/jane_eyre_37_f000389.wav|en|True|6.584|ljspeech|tts_models/en/ljspeech/tacotron2-DCA|tacotron2-DCA|Hitherto I have hated to be helped - to be led: henceforth, I feel I shall hate it no more.|-
./fake/en/tts_models_en_ljspeech_tacotron2-DCA/wives_and_daughters_18_f000115.wav|en_UK/by_book/female/elizabeth_klett/wives_and_daughters/wavs/wives_and_daughters_18_f000115.wav|en|True|3.890|ljspeech|tts_models/en/ljspeech/tacotron2-DCA|tacotron2-DCA|Perhaps, sir, you will take some dinner with Mister Osborne.|-
./fake/en/tts_models_en_ljspeech_tacotron2-DCA/jane_eyre_35_f000040.wav|en_UK/by_book/female/elizabeth_klett/jane_eyre/wavs/jane_eyre_35_f000040.wav|en|True|9.834|ljspeech|tts_models/en/ljspeech/tacotron2-DCA|tacotron2-DCA|Had I attended to the suggestions of pride and ire, I should immediately have left him; but something worked within me more strongly than those feelings could.|-
./fake/en/tts_models_en_ljspeech_tacotron2-DCA/silent_bullet_13_f000275.wav|en_US/by_book/male/elliot_miller/silent_bullet/wavs/silent_bullet_13_f000275.wav|en|True|9.313|ljspeech|tts_models/en/ljspeech/tacotron2-DCA|tacotron2-DCA|Banging and ripping and tearing, the outer door was slowly forced. As it crashed in, the quick gongs of several police patrols sounded.|-
./fake/en/tts_models_en_ljspeech_tacotron2-DCA/ozma_of_oz_05_f000094.wav|en_US/by_book/female/judy_bieber/ozma_of_oz/wavs/ozma_of_oz_05_f000094.wav|en|True|11.413|ljspeech|tts_models/en/ljspeech/tacotron2-DCA|tacotron2-DCA|Be kind e-nough to fol-low me, he said, and I will lead you a-way from here to the town of Ev-na, where you will be more com-for-ta-ble, and al-so I will pro-tect you from the Wheel-ers.|-
./fake/en/tts_models_en_ljspeech_tacotron2-DCA/wives_and_daughters_50_f000195.wav|en_UK/by_book/female/elizabeth_klett/wives_and_daughters/wavs/wives_and_daughters_50_f000195.wav|en|True|11.113|ljspeech|tts_models/en/ljspeech/tacotron2-DCA|tacotron2-DCA|I daresay I shall, said Cynthia, quietly. I sometimes think I'm the kind of person of which old maids are made! She spoke seriously, and a little sadly.|-
./fake/en/tts_models_en_ljspeech_tacotron2-DCA/piratesofersatz_05_leinster_64kb_f000174.wav|en_US/by_book/male/elliot_miller/pirates_of_ersatz/wavs/piratesofersatz_05_leinster_64kb_f000174.wav|en|True|4.494|ljspeech|tts_models/en/ljspeech/tacotron2-DCA|tacotron2-DCA|It loomed hugely overhead when the double file of shaggy horses trotted under its lower arches and across the grass-grown space within it.|-
./fake/en/tts_models_en_ljspeech_tacotron2-DCA/wives_and_daughters_22_f000048.wav|en_UK/by_book/female/elizabeth_klett/wives_and_daughters/wavs/wives_and_daughters_22_f000048.wav|en|True|6.816|ljspeech|tts_models/en/ljspeech/tacotron2-DCA|tacotron2-DCA|But, after all, these cares and disappointments did not touch the root of his deep resentment against Osborne.|-
./fake/en/tts_models_en_ljspeech_tacotron2-DCA/wives_and_daughters_01_f000172.wav|en_UK/by_book/female/elizabeth_klett/wives_and_daughters/wavs/wives_and_daughters_01_f000172.wav|en|True|4.726|ljspeech|tts_models/en/ljspeech/tacotron2-DCA|tacotron2-DCA|he esteemed his old servant Betty's as the more correct, because the more simple.|-
./fake/en/tts_models_en_ljspeech_tacotron2-DCA/emerald_city_of_oz_11_f000028.wav|en_US/by_book/female/judy_bieber/emerald_city_of_oz/wavs/emerald_city_of_oz_11_f000028.wav|en|True|4.308|ljspeech|tts_models/en/ljspeech/tacotron2-DCA|tacotron2-DCA|Neither, snapped the alligator, clicking its cruel jaws together.|-
./fake/en/tts_models_en_ljspeech_tacotron2-DCA/wives_and_daughters_02_f000055.wav|en_UK/by_book/female/elizabeth_klett/wives_and_daughters/wavs/wives_and_daughters_02_f000055.wav|en|True|10.102|ljspeech|tts_models/en/ljspeech/tacotron2-DCA|tacotron2-DCA|Poor little woman! She has lost herself; she belongs to some of the people from Hollingford, I have no doubt, said the oldest-looking of the two ladies;|-
./fake/en/tts_models_en_ljspeech_tacotron2-DCA/northandsouth_50_f000059.wav|en_US/by_book/female/mary_ann/northandsouth/wavs/northandsouth_50_f000059.wav|en|True|3.356|ljspeech|tts_models/en/ljspeech/tacotron2-DCA|tacotron2-DCA|and bear with each other more patiently and kindly.|-
./fake/en/tts_models_en_ljspeech_tacotron2-DCA/wives_and_daughters_22_f000092.wav|en_UK/by_book/female/elizabeth_klett/wives_and_daughters/wavs/wives_and_daughters_22_f000092.wav|en|True|7.930|ljspeech|tts_models/en/ljspeech/tacotron2-DCA|tacotron2-DCA|Then, of course, they must not visit at houses to whose sons the Squire could not or would not return a like hospitality.|-
./fake/en/tts_models_en_ljspeech_tacotron2-DCA/jane_eyre_11_f000299.wav|en_UK/by_book/female/elizabeth_klett/jane_eyre/wavs/jane_eyre_11_f000299.wav|en|True|4.076|ljspeech|tts_models/en/ljspeech/tacotron2-DCA|tacotron2-DCA|On to the leads; will you come and see the view from thence?|-
./fake/en/tts_models_en_ljspeech_tacotron2-DCA/rinkitink_baum_08_64kb_f000039.wav|en_US/by_book/female/judy_bieber/rinkitink_in_oz/wavs/rinkitink_baum_08_64kb_f000039.wav|en|True|12.110|ljspeech|tts_models/en/ljspeech/tacotron2-DCA|tacotron2-DCA|Well, as he told it, it ran like this: When Tom walked out, the sky to spy, A naughty gnat flew in his eye; But Tom knew not it was a gnat He thought, at first, it was a cat.|-
./fake/en/tts_models_en_ljspeech_tacotron2-DCA/poisoned_pen_03_f000188.wav|en_US/by_book/male/elliot_miller/poisoned_pen/wavs/poisoned_pen_03_f000188.wav|en|True|4.344|ljspeech|tts_models/en/ljspeech/tacotron2-DCA|tacotron2-DCA|First of all, we must remove it. That is easily done.|-
./fake/en/tts_models_en_ljspeech_tacotron2-DCA/midnight_passenger_11_f000089.wav|en_US/by_book/female/mary_ann/midnight_passenger/wavs/midnight_passenger_11_f000089.wav|en|True|7.837|ljspeech|tts_models/en/ljspeech/tacotron2-DCA|tacotron2-DCA|And so, stealthily eying each other, the fugitive and his fascinating dupe neared the sandy dunes of the German Baltic land.|-
./fake/en/tts_models_en_ljspeech_tacotron2-DCA/jane_eyre_36_f000188.wav|en_UK/by_book/female/elizabeth_klett/jane_eyre/wavs/jane_eyre_36_f000188.wav|en|True|1.197|ljspeech|tts_models/en/ljspeech/tacotron2-DCA|tacotron2-DCA|He shuddered.|-
./fake/en/tts_models_en_ljspeech_tacotron2-DCA/northandsouth_43_f000127.wav|en_US/by_book/female/mary_ann/northandsouth/wavs/northandsouth_43_f000127.wav|en|True|9.940|ljspeech|tts_models/en/ljspeech/tacotron2-DCA|tacotron2-DCA|At this instant mister Thornton entered the room; he had only just returned from Oxford. His mourning suit spoke of the reason that had called him there.|-
./fake/en/tts_models_en_ljspeech_tacotron2-DCA/wives_and_daughters_18_f000163.wav|en_UK/by_book/female/elizabeth_klett/wives_and_daughters/wavs/wives_and_daughters_18_f000163.wav|en|True|8.488|ljspeech|tts_models/en/ljspeech/tacotron2-DCA|tacotron2-DCA|but he appeared to be unwilling to show her any of the deeper feelings of his heart, and almost ashamed of his exhibition of emotion the night before.|-
./fake/en/tts_models_en_ljspeech_tacotron2-DCA/the_sea_fairies_07_f000122.wav|en_US/by_book/female/judy_bieber/the_sea_fairies/wavs/the_sea_fairies_07_f000122.wav|en|True|3.356|ljspeech|tts_models/en/ljspeech/tacotron2-DCA|tacotron2-DCA|and decided they had seen enough of the crab circus.|-
./fake/en/tts_models_en_ljspeech_tacotron2-DCA/pink_fairy_book_38_f000072.wav|en_US/by_book/male/elliot_miller/pink_fairy_book/wavs/pink_fairy_book_38_f000072.wav|en|True|12.110|ljspeech|tts_models/en/ljspeech/tacotron2-DCA|tacotron2-DCA|The rabbit, frightened out of his wits, tried to deny the fact, exclaiming, Oh, no, indeed I never did; but Big Lion would not listen, and commanded them to cane him with a birch rod.|-
./fake/en/tts_models_en_ljspeech_tacotron2-DCA/the_sea_fairies_13_f000176.wav|en_US/by_book/female/judy_bieber/the_sea_fairies/wavs/the_sea_fairies_13_f000176.wav|en|True|7.930|ljspeech|tts_models/en/ljspeech/tacotron2-DCA|tacotron2-DCA|I am mostly in attendance upon my master, but whenever I am at liberty I will look after your comfort myself.|-
./fake/en/tts_models_en_ljspeech_tacotron2-DCA/poisoned_pen_11_f000033.wav|en_US/by_book/male/elliot_miller/poisoned_pen/wavs/poisoned_pen_11_f000033.wav|en|True|3.681|ljspeech|tts_models/en/ljspeech/tacotron2-DCA|tacotron2-DCA|please let me come to see you once before it is too late.|-
./fake/en/tts_models_en_ljspeech_tacotron2-DCA/pink_fairy_book_18_f000053.wav|en_US/by_book/male/elliot_miller/pink_fairy_book/wavs/pink_fairy_book_18_f000053.wav|en|True|6.607|ljspeech|tts_models/en/ljspeech/tacotron2-DCA|tacotron2-DCA|After he had recovered from this his wife asked him one day to go and buy candles, as they had none.|-
./fake/en/tts_models_en_ljspeech_tacotron2-DCA/skyisland_08_baum_64kb_f000047.wav|en_US/by_book/female/judy_bieber/sky_island/wavs/skyisland_08_baum_64kb_f000047.wav|en|True|9.741|ljspeech|tts_models/en/ljspeech/tacotron2-DCA|tacotron2-DCA|Perhaps if Ghip-Ghisizzle, who was their favorite, had not been present, they would have mobbed our friends with vicious ill-will and might have seriously injured them.|-
./fake/en/tts_models_en_ljspeech_tacotron2-DCA/wives_and_daughters_50_f000093.wav|en_UK/by_book/female/elizabeth_klett/wives_and_daughters/wavs/wives_and_daughters_50_f000093.wav|en|True|10.624|ljspeech|tts_models/en/ljspeech/tacotron2-DCA|tacotron2-DCA|and servants did not ape tradespeople, nor tradespeople professional men, and so on, - and what must the foolish woman do but begin to justify her own dress,|-
./fake/en/tts_models_en_ljspeech_tacotron2-DCA/wives_and_daughters_39_f000201.wav|en_UK/by_book/female/elizabeth_klett/wives_and_daughters/wavs/wives_and_daughters_39_f000201.wav|en|True|7.675|ljspeech|tts_models/en/ljspeech/tacotron2-DCA|tacotron2-DCA|He was in a state of health which made him despondent about many things, though, least of all, about what was most in danger.|-
./fake/en/tts_models_en_ljspeech_tacotron2-DCA/midnight_passenger_03_f000223.wav|en_US/by_book/female/mary_ann/midnight_passenger/wavs/midnight_passenger_03_f000223.wav|en|True|6.885|ljspeech|tts_models/en/ljspeech/tacotron2-DCA|tacotron2-DCA|By the freemasonry of the degenerates, Magdal's was a known haven of refuge to all the weaklings of Manhattan.|-
./fake/en/tts_models_en_ljspeech_tacotron2-DCA/emerald_city_of_oz_07_f000010.wav|en_US/by_book/female/judy_bieber/emerald_city_of_oz/wavs/emerald_city_of_oz_07_f000010.wav|en|True|5.435|ljspeech|tts_models/en/ljspeech/tacotron2-DCA|tacotron2-DCA|No, said Dorothy. You've got to live here, 'cause Ozma says so.|-
./fake/en/tts_models_en_ljspeech_tacotron2-DCA/wives_and_daughters_44_f000192.wav|en_UK/by_book/female/elizabeth_klett/wives_and_daughters/wavs/wives_and_daughters_44_f000192.wav|en|True|7.327|ljspeech|tts_models/en/ljspeech/tacotron2-DCA|tacotron2-DCA|You carry your thoughts in your face - I have read them there these two days - you've been thinking, How Cynthia must have deceived me;|-
./fake/en/tts_models_en_ljspeech_tacotron2-DCA/jane_eyre_27_f000475.wav|en_UK/by_book/female/elizabeth_klett/jane_eyre/wavs/jane_eyre_27_f000475.wav|en|True|8.070|ljspeech|tts_models/en/ljspeech/tacotron2-DCA|tacotron2-DCA|They have a worth - so I have always believed; and if I cannot believe it now, it is because I am insane - quite insane:|-
./fake/en/tts_models_en_ljspeech_tacotron2-DCA/piratesofersatz_10_leinster_64kb_f000068.wav|en_US/by_book/male/elliot_miller/pirates_of_ersatz/wavs/piratesofersatz_10_leinster_64kb_f000068.wav|en|True|8.337|ljspeech|tts_models/en/ljspeech/tacotron2-DCA|tacotron2-DCA|With the machines I've brought, we'll make the tools to make the repairs. Picture-tape machines have reels that show exactly how to do it.|-
./fake/en/tts_models_en_ljspeech_tacotron2-DCA/poisoned_pen_11_f000363.wav|en_US/by_book/male/elliot_miller/poisoned_pen/wavs/poisoned_pen_11_f000363.wav|en|True|9.347|ljspeech|tts_models/en/ljspeech/tacotron2-DCA|tacotron2-DCA|There is no warning sense of discomfort, but from six to eighteen hours after exposure to them the victim experiences violent pains in the eyes and headache.|-
./fake/en/tts_models_en_ljspeech_tacotron2-DCA/the_sea_fairies_06_f000095.wav|en_US/by_book/female/judy_bieber/the_sea_fairies/wavs/the_sea_fairies_06_f000095.wav|en|True|4.192|ljspeech|tts_models/en/ljspeech/tacotron2-DCA|tacotron2-DCA|They seem to like the songs themselves, remarked Captain Bill.|-
./fake/en/tts_models_en_ljspeech_tacotron2-DCA/pink_fairy_book_14_f000051.wav|en_US/by_book/male/elliot_miller/pink_fairy_book/wavs/pink_fairy_book_14_f000051.wav|en|True|9.847|ljspeech|tts_models/en/ljspeech/tacotron2-DCA|tacotron2-DCA|Then he looked to see how the others did it and did the same, but at hte first stroke he smashed the flail in pieces. There were several flails hanging there,|-
./fake/en/tts_models_en_ljspeech_tacotron2-DCA/wives_and_daughters_37_f000169.wav|en_UK/by_book/female/elizabeth_klett/wives_and_daughters/wavs/wives_and_daughters_37_f000169.wav|en|True|11.646|ljspeech|tts_models/en/ljspeech/tacotron2-DCA|tacotron2-DCA|But I am glad he loves me, and I like to make him happy, and I think him the best and most agreeable man I know, always excepting your father when he isn't angry with me.|-
./fake/en/tts_models_en_ljspeech_tacotron2-DCA/emerald_city_of_oz_07_f000075.wav|en_US/by_book/female/judy_bieber/emerald_city_of_oz/wavs/emerald_city_of_oz_07_f000075.wav|en|True|11.158|ljspeech|tts_models/en/ljspeech/tacotron2-DCA|tacotron2-DCA|but Uncle Henry and Aunt Em had not seen the palace grounds and gardens yet and were eager to get better acquainted with the marvelous and delightful land in which they were to live.|-
./fake/en/tts_models_en_ljspeech_tacotron2-DCA/the_sea_fairies_01_f000073.wav|en_US/by_book/female/judy_bieber/the_sea_fairies/wavs/the_sea_fairies_01_f000073.wav|en|True|7.628|ljspeech|tts_models/en/ljspeech/tacotron2-DCA|tacotron2-DCA|A nice man was Captain Bill, and Trot knew he always liked to explain everything so she could fully understand it.|-
./fake/en/tts_models_en_ljspeech_tacotron2-DCA/hunters_space_10_f000062.wav|en_US/by_book/male/elliot_miller/hunters_space/wavs/hunters_space_10_f000062.wav|en|True|11.890|ljspeech|tts_models/en/ljspeech/tacotron2-DCA|tacotron2-DCA|Then, with perfect calm, Grim Hagen had sat down, wiping his lips with a lacy napkin. Pardon me, gentlemen, but they have so much to learn in so short a time.|-
./fake/en/tts_models_en_ljspeech_tacotron2-DCA/wives_and_daughters_54_f000023.wav|en_UK/by_book/female/elizabeth_klett/wives_and_daughters/wavs/wives_and_daughters_54_f000023.wav|en|True|7.037|ljspeech|tts_models/en/ljspeech/tacotron2-DCA|tacotron2-DCA|Her eyes were open and tearless, fixed on the wall. Mister Gibson spoke to her, but she did not answer;|-
./fake/en/tts_models_en_ljspeech_tacotron2-DCA/skyisland_06_baum_64kb_f000081.wav|en_US/by_book/female/judy_bieber/sky_island/wavs/skyisland_06_baum_64kb_f000081.wav|en|True|6.839|ljspeech|tts_models/en/ljspeech/tacotron2-DCA|tacotron2-DCA|and the soldiers promptly obeyed and dragged Button-Bright away to the end of the palace where the servants lived.|-
./fake/en/tts_models_en_ljspeech_tacotron2-DCA/pink_fairy_book_40_f000193.wav|en_US/by_book/male/elliot_miller/pink_fairy_book/wavs/pink_fairy_book_40_f000193.wav|en|True|10.299|ljspeech|tts_models/en/ljspeech/tacotron2-DCA|tacotron2-DCA|They rode back all the way they had come till they reached the place where they had found the eagle caught in the snare; then the horse bade Ciccu to call three times on the king of the birds,|-
./fake/en/tts_models_en_ljspeech_tacotron2-DCA/jane_eyre_36_f000150.wav|en_UK/by_book/female/elizabeth_klett/jane_eyre/wavs/jane_eyre_36_f000150.wav|en|True|5.446|ljspeech|tts_models/en/ljspeech/tacotron2-DCA|tacotron2-DCA|I never saw her myself; but I've heard Leah, the house-maid, tell of her.|-
./fake/en/tts_models_en_ljspeech_tacotron2-DCA/jane_eyre_04_f000106.wav|en_UK/by_book/female/elizabeth_klett/jane_eyre/wavs/jane_eyre_04_f000106.wav|en|True|9.638|ljspeech|tts_models/en/ljspeech/tacotron2-DCA|tacotron2-DCA|Who could want me? I asked inwardly, as with both hands I turned the stiff door-handle, which, for a second or two, resisted my efforts.|-
./fake/en/tts_models_en_ljspeech_tacotron2-DCA/wives_and_daughters_06_f000113.wav|en_UK/by_book/female/elizabeth_klett/wives_and_daughters/wavs/wives_and_daughters_06_f000113.wav|en|True|12.854|ljspeech|tts_models/en/ljspeech/tacotron2-DCA|tacotron2-DCA|I am afraid they expect me to be very smart, she kept thinking to herself. If they do, they'll be disappointed; that's all. But I wish my plaid silk gown had been ready.|-
./fake/en/tts_models_en_ljspeech_tacotron2-DCA/skyisland_10_baum_64kb_f000088.wav|en_US/by_book/female/judy_bieber/sky_island/wavs/skyisland_10_baum_64kb_f000088.wav|en|True|9.207|ljspeech|tts_models/en/ljspeech/tacotron2-DCA|tacotron2-DCA|At once he decided this must be the key to the Treasure Chamber, but in order to make sure he searched in every other pocket without finding another key.|-
./fake/en/tts_models_en_ljspeech_tacotron2-DCA/piratesofersatz_03_leinster_64kb_f000238.wav|en_US/by_book/male/elliot_miller/pirates_of_ersatz/wavs/piratesofersatz_03_leinster_64kb_f000238.wav|en|True|6.864|ljspeech|tts_models/en/ljspeech/tacotron2-DCA|tacotron2-DCA|Come! yelled Thal despairingly. This way! Quick!|-
./fake/en/tts_models_en_ljspeech_tacotron2-DCA/wives_and_daughters_52_f000084.wav|en_UK/by_book/female/elizabeth_klett/wives_and_daughters/wavs/wives_and_daughters_52_f000084.wav|en|True|9.591|ljspeech|tts_models/en/ljspeech/tacotron2-DCA|tacotron2-DCA|Better so! whispered Mister Gibson to Molly. When he's a little calmer, don't be afraid; tell him all you know, exactly as it happened.|-
./fake/en/tts_models_en_ljspeech_tacotron2-DCA/emerald_city_of_oz_22_f000087.wav|en_US/by_book/female/judy_bieber/emerald_city_of_oz/wavs/emerald_city_of_oz_22_f000087.wav|en|True|4.354|ljspeech|tts_models/en/ljspeech/tacotron2-DCA|tacotron2-DCA|Perhaps some of 'em do write books, asserted the little Wizard.|-
./fake/en/tts_models_en_ljspeech_tacotron2-DCA/pink_fairy_book_32_f000027.wav|en_US/by_book/male/elliot_miller/pink_fairy_book/wavs/pink_fairy_book_32_f000027.wav|en|True|8.604|ljspeech|tts_models/en/ljspeech/tacotron2-DCA|tacotron2-DCA|When they had ridden onwards for some time they reached a kings palace, and inquired there whether they could be taken into service.|-
./fake/en/tts_models_en_ljspeech_tacotron2-DCA/ozma_of_oz_13_f000025.wav|en_US/by_book/female/judy_bieber/ozma_of_oz/wavs/ozma_of_oz_13_f000025.wav|en|True|8.372|ljspeech|tts_models/en/ljspeech/tacotron2-DCA|tacotron2-DCA|Thus, one after another, all of the twenty-six officers filed into the palace and made their guesses and became ornaments.|-
./fake/en/tts_models_en_ljspeech_tacotron2-DCA/jane_eyre_22_f000040.wav|en_UK/by_book/female/elizabeth_klett/jane_eyre/wavs/jane_eyre_22_f000040.wav|en|True|2.915|ljspeech|tts_models/en/ljspeech/tacotron2-DCA|tacotron2-DCA|the silent church, the solemn service.|-
./fake/en/tts_models_en_ljspeech_tacotron2-DCA/the_sea_fairies_07_f000061.wav|en_US/by_book/female/judy_bieber/the_sea_fairies/wavs/the_sea_fairies_07_f000061.wav|en|True|7.071|ljspeech|tts_models/en/ljspeech/tacotron2-DCA|tacotron2-DCA|Here live the fiddler crabs, said Merla, but we must have taken them by surprise, it is so quiet.|-
./fake/en/tts_models_en_ljspeech_tacotron2-DCA/dorothy_and_wizard_oz_15_f000056.wav|en_US/by_book/female/judy_bieber/dorothy_and_wizard_oz/wavs/dorothy_and_wizard_oz_15_f000056.wav|en|True|12.958|ljspeech|tts_models/en/ljspeech/tacotron2-DCA|tacotron2-DCA|One day my balloon ran away with me and brought me across the deserts to this beautiful country. When the people saw me come from the sky they naturally thought me some superior creature, and bowed down before me.|-
./fake/en/tts_models_en_ljspeech_tacotron2-DCA/poisoned_pen_09_f000260.wav|en_US/by_book/male/elliot_miller/poisoned_pen/wavs/poisoned_pen_09_f000260.wav|en|True|3.728|ljspeech|tts_models/en/ljspeech/tacotron2-DCA|tacotron2-DCA|but I suspect he simply lifted them from vacant rooms.|-
./fake/en/tts_models_en_ljspeech_tacotron2-DCA/wives_and_daughters_45_f000148.wav|en_UK/by_book/female/elizabeth_klett/wives_and_daughters/wavs/wives_and_daughters_45_f000148.wav|en|True|8.698|ljspeech|tts_models/en/ljspeech/tacotron2-DCA|tacotron2-DCA|Yes, I did. I suppose I may help myself to a biscuit and a glass of wine? No, don't ring for more.|-
./fake/en/tts_models_en_ljspeech_tacotron2-DCA/wives_and_daughters_60_f000329.wav|en_UK/by_book/female/elizabeth_klett/wives_and_daughters/wavs/wives_and_daughters_60_f000329.wav|en|True|2.613|ljspeech|tts_models/en/ljspeech/tacotron2-DCA|tacotron2-DCA|and not with those which rot without it.|-
./fake/en/tts_models_en_ljspeech_tacotron2-DCA/wives_and_daughters_26_f000197.wav|en_UK/by_book/female/elizabeth_klett/wives_and_daughters/wavs/wives_and_daughters_26_f000197.wav|en|True|5.376|ljspeech|tts_models/en/ljspeech/tacotron2-DCA|tacotron2-DCA|Why! she wouldn't let us be extravagant - not even in the matter of colds.|-
./fake/en/tts_models_en_ljspeech_tacotron2-DCA/poisoned_pen_05_f000175.wav|en_US/by_book/male/elliot_miller/poisoned_pen/wavs/poisoned_pen_05_f000175.wav|en|True|6.224|ljspeech|tts_models/en/ljspeech/tacotron2-DCA|tacotron2-DCA|Closer it came. Press forward as we might, we could never expect to beat that dog.|-
./fake/en/tts_models_en_ljspeech_tacotron2-DCA/northandsouth_11_f000001.wav|en_US/by_book/female/mary_ann/northandsouth/wavs/northandsouth_11_f000001.wav|en|True|2.288|ljspeech|tts_models/en/ljspeech/tacotron2-DCA|tacotron2-DCA|CHAPTER XI-FIRST IMPRESSIONS|-
./fake/en/tts_models_en_ljspeech_tacotron2-DCA/jane_eyre_11_f000019.wav|en_UK/by_book/female/elizabeth_klett/jane_eyre/wavs/jane_eyre_11_f000019.wav|en|True|3.983|ljspeech|tts_models/en/ljspeech/tacotron2-DCA|tacotron2-DCA|uncertain whether the port to which it is bound can be reached,|-
./fake/en/tts_models_en_ljspeech_tacotron2-DCA/midnight_passenger_02_f000084.wav|en_US/by_book/female/mary_ann/midnight_passenger/wavs/midnight_passenger_02_f000084.wav|en|True|5.817|ljspeech|tts_models/en/ljspeech/tacotron2-DCA|tacotron2-DCA|I had it made to get at his cigars, proudly boasted the unabashed lad.|-
./fake/en/tts_models_en_ljspeech_tacotron2-DCA/wives_and_daughters_28_f000021.wav|en_UK/by_book/female/elizabeth_klett/wives_and_daughters/wavs/wives_and_daughters_28_f000021.wav|en|True|6.026|ljspeech|tts_models/en/ljspeech/tacotron2-DCA|tacotron2-DCA|He only sent one nosegay, and that was for Cynthia, said Molly, looking up from her work.|-
./fake/en/tts_models_en_ljspeech_tacotron2-DCA/jane_eyre_21_f000208.wav|en_UK/by_book/female/elizabeth_klett/jane_eyre/wavs/jane_eyre_21_f000208.wav|en|True|4.029|ljspeech|tts_models/en/ljspeech/tacotron2-DCA|tacotron2-DCA|and now lingering on the plain trimming of my cottage bonnet.|-
./fake/en/tts_models_en_ljspeech_tacotron2-DCA/rinkitink_baum_06_64kb_f000123.wav|en_US/by_book/female/judy_bieber/rinkitink_in_oz/wavs/rinkitink_baum_06_64kb_f000123.wav|en|True|5.724|ljspeech|tts_models/en/ljspeech/tacotron2-DCA|tacotron2-DCA|The bear was highly pleased with its own voice, but the baby was nearly frightened to death.|-
./fake/en/tts_models_en_ljspeech_tacotron2-DCA/wives_and_daughters_07_f000098.wav|en_UK/by_book/female/elizabeth_klett/wives_and_daughters/wavs/wives_and_daughters_07_f000098.wav|en|True|5.028|ljspeech|tts_models/en/ljspeech/tacotron2-DCA|tacotron2-DCA|By the cloud in the Squire's eyes, Missis Hamley read his mind.|-
./fake/en/tts_models_en_ljspeech_tacotron2-DCA/northandsouth_32_f000088.wav|en_US/by_book/female/mary_ann/northandsouth/wavs/northandsouth_32_f000088.wav|en|True|7.316|ljspeech|tts_models/en/ljspeech/tacotron2-DCA|tacotron2-DCA|I dont know. He came in not five minutes ago, with some long story or other about a fall hed had, swearing awfully;|-
./fake/en/tts_models_en_ljspeech_tacotron2-DCA/wives_and_daughters_01_f000111.wav|en_UK/by_book/female/elizabeth_klett/wives_and_daughters/wavs/wives_and_daughters_01_f000111.wav|en|True|10.206|ljspeech|tts_models/en/ljspeech/tacotron2-DCA|tacotron2-DCA|He rode into the stable-yard about twelve o'clock, a little before luncheon-time, and yet after the worry of opening the post-bag and discussing its contents was over.|-
./fake/en/tts_models_en_ljspeech_tacotron2-DCA/wives_and_daughters_36_f000075.wav|en_UK/by_book/female/elizabeth_klett/wives_and_daughters/wavs/wives_and_daughters_36_f000075.wav|en|True|5.864|ljspeech|tts_models/en/ljspeech/tacotron2-DCA|tacotron2-DCA|Cynthia's indifference as to whether the invitation was accepted or not had displeased Mister Gibson.|-
./fake/en/tts_models_en_ljspeech_tacotron2-DCA/wives_and_daughters_44_f000137.wav|en_UK/by_book/female/elizabeth_klett/wives_and_daughters/wavs/wives_and_daughters_44_f000137.wav|en|True|9.220|ljspeech|tts_models/en/ljspeech/tacotron2-DCA|tacotron2-DCA|Molly was miserably angry with herself for her mismanagement of the affair. She had hoped to succeed: she had only made matters worse.|-
./fake/en/tts_models_en_ljspeech_tacotron2-DCA/the_master_key_10_f000001.wav|en_US/by_book/female/judy_bieber/the_master_key/wavs/the_master_key_10_f000001.wav|en|True|1.406|ljspeech|tts_models/en/ljspeech/tacotron2-DCA|tacotron2-DCA|Chapter ten.|-
./fake/en/tts_models_en_ljspeech_tacotron2-DCA/dorothy_and_wizard_oz_17_f000089.wav|en_US/by_book/female/judy_bieber/dorothy_and_wizard_oz/wavs/dorothy_and_wizard_oz_17_f000089.wav|en|True|10.717|ljspeech|tts_models/en/ljspeech/tacotron2-DCA|tacotron2-DCA|There was more applause at this, and then Ozma had the jewelled saddle replaced upon the Sawhorse and herself rode the victor back to the city at the head of the grand procession.|-
./fake/en/tts_models_en_ljspeech_tacotron2-DCA/poisoned_pen_05_f000060.wav|en_US/by_book/male/elliot_miller/poisoned_pen/wavs/poisoned_pen_05_f000060.wav|en|True|7.118|ljspeech|tts_models/en/ljspeech/tacotron2-DCA|tacotron2-DCA|a noted counterfeiter, who, they understood, had sailed for South Africa but had never arrived there.|-
./fake/en/tts_models_en_ljspeech_tacotron2-DCA/wives_and_daughters_33_f000107.wav|en_UK/by_book/female/elizabeth_klett/wives_and_daughters/wavs/wives_and_daughters_33_f000107.wav|en|True|11.763|ljspeech|tts_models/en/ljspeech/tacotron2-DCA|tacotron2-DCA|He can fight for himself, you see, and she's an uncommon nice girl. My poor wife was so fond of her, answered the Squire. It's Osborne and the estate I'm thinking of!|-
./fake/en/tts_models_en_ljspeech_tacotron2-DCA/wives_and_daughters_25_f000081.wav|en_UK/by_book/female/elizabeth_klett/wives_and_daughters/wavs/wives_and_daughters_25_f000081.wav|en|True|6.885|ljspeech|tts_models/en/ljspeech/tacotron2-DCA|tacotron2-DCA|which presupposes that she was cognizant of the fact of there being a doctor at Hollingford, and that he had a wife,|-
./fake/en/tts_models_en_ljspeech_tacotron2-DCA/ozma_of_oz_15_f000032.wav|en_US/by_book/female/judy_bieber/ozma_of_oz/wavs/ozma_of_oz_15_f000032.wav|en|True|7.373|ljspeech|tts_models/en/ljspeech/tacotron2-DCA|tacotron2-DCA|Don't take the egg unless the King will allow me to enter the palace and guess as the others have done, said Billina.|-
./fake/en/tts_models_en_ljspeech_tacotron2-DCA/dorothy_and_wizard_oz_17_f000044.wav|en_US/by_book/female/judy_bieber/dorothy_and_wizard_oz/wavs/dorothy_and_wizard_oz_17_f000044.wav|en|True|3.217|ljspeech|tts_models/en/ljspeech/tacotron2-DCA|tacotron2-DCA|sapphires and diamonds set around the rim of it.|-
./fake/en/tts_models_en_ljspeech_tacotron2-DCA/pink_fairy_book_21_f000016.wav|en_US/by_book/male/elliot_miller/pink_fairy_book/wavs/pink_fairy_book_21_f000016.wav|en|True|8.221|ljspeech|tts_models/en/ljspeech/tacotron2-DCA|tacotron2-DCA|So poor Catherine was left alone in the world without a penny or a creature to help her. But she was a brave girl and full of spirit,|-
./fake/en/tts_models_en_ljspeech_tacotron2-DCA/jane_eyre_01_f000086.wav|en_UK/by_book/female/elizabeth_klett/jane_eyre/wavs/jane_eyre_01_f000086.wav|en|True|12.110|ljspeech|tts_models/en/ljspeech/tacotron2-DCA|tacotron2-DCA|but when I saw him lift and poise the book and stand in act to hurl it, I instinctively started aside with a cry of alarm: not soon enough, however;|-
./fake/en/tts_models_en_ljspeech_tacotron2-DCA/pink_fairy_book_39_f000020.wav|en_US/by_book/male/elliot_miller/pink_fairy_book/wavs/pink_fairy_book_39_f000020.wav|en|True|11.031|ljspeech|tts_models/en/ljspeech/tacotron2-DCA|tacotron2-DCA|By this time the woman was more furious than ever. If she had dared, she would have killed the sparrow then and there, but as it was she only ventured to slit its tongue.|-
./fake/en/tts_models_en_ljspeech_tacotron2-DCA/the_sea_fairies_06_f000078.wav|en_US/by_book/female/judy_bieber/the_sea_fairies/wavs/the_sea_fairies_06_f000078.wav|en|True|8.836|ljspeech|tts_models/en/ljspeech/tacotron2-DCA|tacotron2-DCA|The creatures are not so delicate as they appear, and live for a long timeunless they get too near the surface and the waves wash them ashore.|-
./fake/en/tts_models_en_ljspeech_tacotron2-DCA/wives_and_daughters_25_f000048.wav|en_UK/by_book/female/elizabeth_klett/wives_and_daughters/wavs/wives_and_daughters_25_f000048.wav|en|True|6.584|ljspeech|tts_models/en/ljspeech/tacotron2-DCA|tacotron2-DCA|and had a not uncommon wish to talk to her ladyship without the corrective presence of any member of her own family.|-
./fake/en/tts_models_en_ljspeech_tacotron2-DCA/poisoned_pen_12_f000276.wav|en_US/by_book/male/elliot_miller/poisoned_pen/wavs/poisoned_pen_12_f000276.wav|en|True|10.116|ljspeech|tts_models/en/ljspeech/tacotron2-DCA|tacotron2-DCA|Just think it over, urged Kennedy. They won't ask you right away. Don't do anything rash. Suspend judgment. You won't regret it.|-
./fake/en/tts_models_en_ljspeech_tacotron2-DCA/wives_and_daughters_30_f000161.wav|en_UK/by_book/female/elizabeth_klett/wives_and_daughters/wavs/wives_and_daughters_30_f000161.wav|en|True|6.909|ljspeech|tts_models/en/ljspeech/tacotron2-DCA|tacotron2-DCA|I hadn't got money to pay em, but I had three barren cows fattened, and gave every scrap of meat to the men,|-
./fake/en/tts_models_en_ljspeech_tacotron2-DCA/silent_bullet_05_f000202.wav|en_US/by_book/male/elliot_miller/silent_bullet/wavs/silent_bullet_05_f000202.wav|en|True|9.556|ljspeech|tts_models/en/ljspeech/tacotron2-DCA|tacotron2-DCA|The imagination of the most sensational writer of fiction might well be thrilled with the mysteries of this fatal tube and its power to work fearful deeds.|-
./fake/en/tts_models_en_ljspeech_tacotron2-DCA/northandsouth_28_f000158.wav|en_US/by_book/female/mary_ann/northandsouth/wavs/northandsouth_28_f000158.wav|en|True|9.800|ljspeech|tts_models/en/ljspeech/tacotron2-DCA|tacotron2-DCA|But Ill see about her being safe off, as soon as we know when he comes, God bless him! So take your tea, maam, in comfort, and trust to me.|-
./fake/en/tts_models_en_ljspeech_tacotron2-DCA/northandsouth_30_f000152.wav|en_US/by_book/female/mary_ann/northandsouth/wavs/northandsouth_30_f000152.wav|en|True|6.560|ljspeech|tts_models/en/ljspeech/tacotron2-DCA|tacotron2-DCA|The more wants Frederick had, the better she was pleased; and he understood all this by instinct.|-
./fake/en/tts_models_en_ljspeech_tacotron2-DCA/poisoned_pen_06_f000088.wav|en_US/by_book/male/elliot_miller/poisoned_pen/wavs/poisoned_pen_06_f000088.wav|en|True|4.471|ljspeech|tts_models/en/ljspeech/tacotron2-DCA|tacotron2-DCA|I should like very much to go down into the tunnel, said Kennedy simply.|-
./fake/en/tts_models_en_ljspeech_tacotron2-DCA/pink_fairy_book_41_f000020.wav|en_US/by_book/male/elliot_miller/pink_fairy_book/wavs/pink_fairy_book_41_f000020.wav|en|True|8.836|ljspeech|tts_models/en/ljspeech/tacotron2-DCA|tacotron2-DCA|You need not be so rude, said Don Giovanni; I am not a beggar, and if I chose I could force you and your wife to leave your house.|-
./fake/en/tts_models_en_ljspeech_tacotron2-DCA/midnight_passenger_09_f000273.wav|en_US/by_book/female/mary_ann/midnight_passenger/wavs/midnight_passenger_09_f000273.wav|en|True|3.263|ljspeech|tts_models/en/ljspeech/tacotron2-DCA|tacotron2-DCA|Another case of the model young man gone wrong.|-
./fake/en/tts_models_en_ljspeech_tacotron2-DCA/pink_fairy_book_12_f000166.wav|en_US/by_book/male/elliot_miller/pink_fairy_book/wavs/pink_fairy_book_12_f000166.wav|en|True|10.241|ljspeech|tts_models/en/ljspeech/tacotron2-DCA|tacotron2-DCA|I must talk it over with my tame sweetheart. She may be able to advise us, for I must tell you that a little girl like you could never get permission to enter it.|-
./fake/en/tts_models_en_ljspeech_tacotron2-DCA/silent_bullet_12_f000230.wav|en_US/by_book/male/elliot_miller/silent_bullet/wavs/silent_bullet_12_f000230.wav|en|True|12.819|ljspeech|tts_models/en/ljspeech/tacotron2-DCA|tacotron2-DCA|Not exactly; that would be a little too risky, she replied. I believe they have a loft above the office, hired in someone elses name and not connected with the place down-stairs at all.|-
./fake/en/tts_models_en_ljspeech_tacotron2-DCA/wives_and_daughters_04_f000228.wav|en_UK/by_book/female/elizabeth_klett/wives_and_daughters/wavs/wives_and_daughters_04_f000228.wav|en|True|10.461|ljspeech|tts_models/en/ljspeech/tacotron2-DCA|tacotron2-DCA|Mister Gibson used to tell him that his motto would always be kill or cure, and to this Mister Coxe once made answer that he thought it was the best motto a doctor could have;|-
./fake/en/tts_models_en_ljspeech_tacotron2-DCA/silent_bullet_10_f000198.wav|en_US/by_book/male/elliot_miller/silent_bullet/wavs/silent_bullet_10_f000198.wav|en|True|14.457|ljspeech|tts_models/en/ljspeech/tacotron2-DCA|tacotron2-DCA|I looked. Like the other two which we had seen, it also was a wreck. The insulation was burned off the wires, the wires were fused together, and the storage-battery looked as if it had been burned out.|-
./fake/en/tts_models_en_ljspeech_tacotron2-DCA/the_master_key_06_f000007.wav|en_US/by_book/female/judy_bieber/the_master_key/wavs/the_master_key_06_f000007.wav|en|True|7.094|ljspeech|tts_models/en/ljspeech/tacotron2-DCA|tacotron2-DCA|But they were awed by the wonders they had seen and were still inclined to believe him a god, so he was not molested.|-
./fake/en/tts_models_en_ljspeech_tacotron2-DCA/the_master_key_03_f000031.wav|en_US/by_book/female/judy_bieber/the_master_key/wavs/the_master_key_03_f000031.wav|en|True|12.110|ljspeech|tts_models/en/ljspeech/tacotron2-DCA|tacotron2-DCA|That requires some thought, returned the Demon, and paused for several moments, while Rob feasted his eyes upon the gorgeous rays of color that flashed and vibrated in every direction and surrounded the figure of his visitor with an intense glow that resembled a halo.|-
./fake/en/tts_models_en_ljspeech_tacotron2-DCA/piratesofersatz_01_leinster_64kb_f000006.wav|en_US/by_book/male/elliot_miller/pirates_of_ersatz/wavs/piratesofersatz_01_leinster_64kb_f000006.wav|en|True|14.712|ljspeech|tts_models/en/ljspeech/tacotron2-DCA|tacotron2-DCA|Presently he arrived at its home world. But his ambition was to reach Walden, so he set about getting there. It took a long time because he had to earn ship-passage from one solar system to another, but he held to his idea.|-
./fake/en/tts_models_en_ljspeech_tacotron2-DCA/poisoned_pen_01_f000241.wav|en_US/by_book/male/elliot_miller/poisoned_pen/wavs/poisoned_pen_01_f000241.wav|en|True|6.978|ljspeech|tts_models/en/ljspeech/tacotron2-DCA|tacotron2-DCA|Before God, he cried dramatically, I am as innocent as you are of this crime, Professor Kennedy.|-
./fake/en/tts_models_en_ljspeech_tacotron2-DCA/pink_fairy_book_25_f000062.wav|en_US/by_book/male/elliot_miller/pink_fairy_book/wavs/pink_fairy_book_25_f000062.wav|en|True|11.740|ljspeech|tts_models/en/ljspeech/tacotron2-DCA|tacotron2-DCA|For a long time the youth walked on. By evening he was miles away. He felt hungry again, and, having still some provisions left, thought he had better make ready his supper.|-
./fake/en/tts_models_en_ljspeech_tacotron2-DCA/northandsouth_15_f000101.wav|en_US/by_book/female/mary_ann/northandsouth/wavs/northandsouth_15_f000101.wav|en|True|10.381|ljspeech|tts_models/en/ljspeech/tacotron2-DCA|tacotron2-DCA|Who spoke to you of him? asked  Missis Thornton, a little mollified, yet jealous lest any one elses words should not have done him full justice.|-
./fake/en/tts_models_en_ljspeech_tacotron2-DCA/piratesofersatz_08_leinster_64kb_f000016.wav|en_US/by_book/male/elliot_miller/pirates_of_ersatz/wavs/piratesofersatz_08_leinster_64kb_f000016.wav|en|True|10.984|ljspeech|tts_models/en/ljspeech/tacotron2-DCA|tacotron2-DCA|The seven Darthians were still numbed by their kidnaping and the situation in which they found themselves. They looked with dull eyes at the mountainous object they approached.|-
./fake/en/tts_models_en_ljspeech_tacotron2-DCA/wives_and_daughters_18_f000045.wav|en_UK/by_book/female/elizabeth_klett/wives_and_daughters/wavs/wives_and_daughters_18_f000045.wav|en|True|7.212|ljspeech|tts_models/en/ljspeech/tacotron2-DCA|tacotron2-DCA|No; I like it. But will you tell me something more about your brother? She really hungers for news of him.|-
./fake/en/tts_models_en_ljspeech_tacotron2-DCA/wives_and_daughters_58_f000094.wav|en_UK/by_book/female/elizabeth_klett/wives_and_daughters/wavs/wives_and_daughters_58_f000094.wav|en|True|8.895|ljspeech|tts_models/en/ljspeech/tacotron2-DCA|tacotron2-DCA|There was no opportunity for renewed confidences that afternoon. Molly went a quiet decorous drive as fourth with two dowagers and one spinster;|-
./fake/en/tts_models_en_ljspeech_tacotron2-DCA/pink_fairy_book_31_f000014.wav|en_US/by_book/male/elliot_miller/pink_fairy_book/wavs/pink_fairy_book_31_f000014.wav|en|True|10.218|ljspeech|tts_models/en/ljspeech/tacotron2-DCA|tacotron2-DCA|Next morning the troll said to him, To-day the animals are not to be fed; they dont get the like of that every day. You shall have leave to play about for a little,|-
./fake/en/tts_models_en_ljspeech_tacotron2-DCA/jane_eyre_04_f000027.wav|en_UK/by_book/female/elizabeth_klett/jane_eyre/wavs/jane_eyre_04_f000027.wav|en|True|10.659|ljspeech|tts_models/en/ljspeech/tacotron2-DCA|tacotron2-DCA|What? said Missis Reed under her breath: her usually cold composed grey eye became troubled with a look like fear; she took her hand from my arm,|-
./fake/en/tts_models_en_ljspeech_tacotron2-DCA/wives_and_daughters_39_f000251.wav|en_UK/by_book/female/elizabeth_klett/wives_and_daughters/wavs/wives_and_daughters_39_f000251.wav|en|True|5.957|ljspeech|tts_models/en/ljspeech/tacotron2-DCA|tacotron2-DCA|You can tell him of my anxiety; and it will be only sharing your bed for a couple of nights.|-
./fake/en/tts_models_en_ljspeech_tacotron2-DCA/northandsouth_32_f000096.wav|en_US/by_book/female/mary_ann/northandsouth/wavs/northandsouth_32_f000096.wav|en|True|6.862|ljspeech|tts_models/en/ljspeech/tacotron2-DCA|tacotron2-DCA|into whose face she durst not look till they were in motion, and then she saw that it was not Leonards.|-
./fake/en/tts_models_en_ljspeech_tacotron2-DCA/piratesofersatz_08_leinster_64kb_f000064.wav|en_US/by_book/male/elliot_miller/pirates_of_ersatz/wavs/piratesofersatz_08_leinster_64kb_f000064.wav|en|True|11.427|ljspeech|tts_models/en/ljspeech/tacotron2-DCA|tacotron2-DCA|But what? asked Thal miserably. Here we are high above our native worldOh, no! said Hoddan. You couldn't even pick out its sun, from where we are now!|-
./fake/en/tts_models_en_ljspeech_tacotron2-DCA/wives_and_daughters_21_f000034.wav|en_UK/by_book/female/elizabeth_klett/wives_and_daughters/wavs/wives_and_daughters_21_f000034.wav|en|True|3.379|ljspeech|tts_models/en/ljspeech/tacotron2-DCA|tacotron2-DCA|He admired her beauty, and seemed to feel her charm;|-
./fake/en/tts_models_en_ljspeech_tacotron2-DCA/jane_eyre_18_f000121.wav|en_UK/by_book/female/elizabeth_klett/jane_eyre/wavs/jane_eyre_18_f000121.wav|en|True|4.772|ljspeech|tts_models/en/ljspeech/tacotron2-DCA|tacotron2-DCA|or, better still, without weapons a silent conquest might have been won.|-
./fake/en/tts_models_en_ljspeech_tacotron2-DCA/the_master_key_16_f000036.wav|en_US/by_book/female/judy_bieber/the_master_key/wavs/the_master_key_16_f000036.wav|en|True|3.658|ljspeech|tts_models/en/ljspeech/tacotron2-DCA|tacotron2-DCA|Eat these, he said, offering one of each to the sailors.|-
./fake/en/tts_models_en_ljspeech_tacotron2-DCA/jane_eyre_32_f000200.wav|en_UK/by_book/female/elizabeth_klett/jane_eyre/wavs/jane_eyre_32_f000200.wav|en|True|8.152|ljspeech|tts_models/en/ljspeech/tacotron2-DCA|tacotron2-DCA|Again the surprised expression crossed his face. He had not imagined that a woman would dare to speak so to a man.|-
./fake/en/tts_models_en_ljspeech_tacotron2-DCA/piratesofersatz_10_leinster_64kb_f000116.wav|en_US/by_book/male/elliot_miller/pirates_of_ersatz/wavs/piratesofersatz_10_leinster_64kb_f000116.wav|en|True|3.647|ljspeech|tts_models/en/ljspeech/tacotron2-DCA|tacotron2-DCA|Hoddan nodded exhaustedly. This was right.|-
./fake/en/tts_models_en_ljspeech_tacotron2-DCA/poisoned_pen_03_f000117.wav|en_US/by_book/male/elliot_miller/poisoned_pen/wavs/poisoned_pen_03_f000117.wav|en|True|9.649|ljspeech|tts_models/en/ljspeech/tacotron2-DCA|tacotron2-DCA|As I stood by the table to fill my pipe for a last smoke, I saw that he was carefully regarding the letter he had picked up, turning it over and over,|-
./fake/en/tts_models_en_ljspeech_tacotron2-DCA/the_sea_fairies_13_f000049.wav|en_US/by_book/female/judy_bieber/the_sea_fairies/wavs/the_sea_fairies_13_f000049.wav|en|True|3.449|ljspeech|tts_models/en/ljspeech/tacotron2-DCA|tacotron2-DCA|But here in my own domain my power is supreme.|-
./fake/en/tts_models_en_ljspeech_tacotron2-DCA/the_sea_fairies_04_f000146.wav|en_US/by_book/female/judy_bieber/the_sea_fairies/wavs/the_sea_fairies_04_f000146.wav|en|True|3.728|ljspeech|tts_models/en/ljspeech/tacotron2-DCA|tacotron2-DCA|Ain't I likely to get stiffened up with all this dampness?|-
./fake/en/tts_models_en_ljspeech_tacotron2-DCA/wives_and_daughters_47_f000183.wav|en_UK/by_book/female/elizabeth_klett/wives_and_daughters/wavs/wives_and_daughters_47_f000183.wav|en|True|11.531|ljspeech|tts_models/en/ljspeech/tacotron2-DCA|tacotron2-DCA|Don't hurry yourself, - take your time. I daresay it's not so bad as you fancy; but we'll see about it. There's a great deal of help in the world, much as we abuse it.|-
./fake/en/tts_models_en_ljspeech_tacotron2-DCA/northandsouth_01_f000178.wav|en_US/by_book/female/mary_ann/northandsouth/wavs/northandsouth_01_f000178.wav|en|True|8.616|ljspeech|tts_models/en/ljspeech/tacotron2-DCA|tacotron2-DCA|Oh no! said she, laughing. Papas living is very small; and even if we were near such things, I doubt if I should go to them.|-
./fake/en/tts_models_en_ljspeech_tacotron2-DCA/silent_bullet_05_f000009.wav|en_US/by_book/male/elliot_miller/silent_bullet/wavs/silent_bullet_05_f000009.wav|en|True|11.635|ljspeech|tts_models/en/ljspeech/tacotron2-DCA|tacotron2-DCA|a skin disease of cancerous nature, and that she has also been rendered a nervous wreck through the effects of the rays. Simultaneously with filing the suit she left home and entered a private hospital.|-
./fake/en/tts_models_en_ljspeech_tacotron2-DCA/midnight_passenger_09_f000008.wav|en_US/by_book/female/mary_ann/midnight_passenger/wavs/midnight_passenger_09_f000008.wav|en|True|6.119|ljspeech|tts_models/en/ljspeech/tacotron2-DCA|tacotron2-DCA|And this Tuesday afternoon Braun proposed to devote to a careful examination of his rich plunder.|-
./fake/en/tts_models_en_ljspeech_tacotron2-DCA/the_sea_fairies_05_f000010.wav|en_US/by_book/female/judy_bieber/the_sea_fairies/wavs/the_sea_fairies_05_f000010.wav|en|True|4.981|ljspeech|tts_models/en/ljspeech/tacotron2-DCA|tacotron2-DCA|Old Anko is a very agreeable fellow, as you will soon discover.|-
./fake/en/tts_models_en_ljspeech_tacotron2-DCA/poisoned_pen_02_f000298.wav|en_US/by_book/male/elliot_miller/poisoned_pen/wavs/poisoned_pen_02_f000298.wav|en|True|7.489|ljspeech|tts_models/en/ljspeech/tacotron2-DCA|tacotron2-DCA|This is a wireless telephone you perhaps have seen announced recently -twenty good for several hundred feet - through walls and everything.|-
./fake/en/tts_models_en_ljspeech_tacotron2-DCA/midnight_passenger_12_f000198.wav|en_US/by_book/female/mary_ann/midnight_passenger/wavs/midnight_passenger_12_f000198.wav|en|True|9.045|ljspeech|tts_models/en/ljspeech/tacotron2-DCA|tacotron2-DCA|And so, the prudent wretch merely adhered to his plain story that he had sold the late Mister Clayton an artist proof of the famous Danube view.|-
./fake/en/tts_models_en_ljspeech_tacotron2-DCA/ozma_of_oz_06_f000090.wav|en_US/by_book/female/judy_bieber/ozma_of_oz/wavs/ozma_of_oz_06_f000090.wav|en|True|4.692|ljspeech|tts_models/en/ljspeech/tacotron2-DCA|tacotron2-DCA|Remain here, she said. What names shall I give the Princess?|-
./fake/en/tts_models_en_ljspeech_tacotron2-DCA/rinkitink_baum_06_64kb_f000088.wav|en_US/by_book/female/judy_bieber/rinkitink_in_oz/wavs/rinkitink_baum_06_64kb_f000088.wav|en|True|10.159|ljspeech|tts_models/en/ljspeech/tacotron2-DCA|tacotron2-DCA|It may be a relief for a short time, said Bilbil, but you are going to the land of your enemies, who will probably stick your fat body full of spears and arrows.|-
./fake/en/tts_models_en_ljspeech_tacotron2-DCA/midnight_passenger_14_f000071.wav|en_US/by_book/female/mary_ann/midnight_passenger/wavs/midnight_passenger_14_f000071.wav|en|True|5.562|ljspeech|tts_models/en/ljspeech/tacotron2-DCA|tacotron2-DCA|But no one of the gaping throng following the fremden guessed at the errand of this motley throng.|-
./fake/en/tts_models_en_ljspeech_tacotron2-DCA/the_sea_fairies_17_f000135.wav|en_US/by_book/female/judy_bieber/the_sea_fairies/wavs/the_sea_fairies_17_f000135.wav|en|True|9.718|ljspeech|tts_models/en/ljspeech/tacotron2-DCA|tacotron2-DCA|Captain Bill added a piece of cord, an iron thimble, some fishhooks, four buttons and a safety pin, but still the goldsmith would not be tempted.|-
./fake/en/tts_models_en_ljspeech_tacotron2-DCA/piratesofersatz_11_leinster_64kb_f000070.wav|en_US/by_book/male/elliot_miller/pirates_of_ersatz/wavs/piratesofersatz_11_leinster_64kb_f000070.wav|en|True|8.964|ljspeech|tts_models/en/ljspeech/tacotron2-DCA|tacotron2-DCA|Instead of pulling a ship to ground, in the setup he'd made, the new fields pulled the ground toward the ship. When he reversed the adjustment,|-
./fake/en/tts_models_en_ljspeech_tacotron2-DCA/ozma_of_oz_15_f000015.wav|en_US/by_book/female/judy_bieber/ozma_of_oz/wavs/ozma_of_oz_15_f000015.wav|en|True|9.986|ljspeech|tts_models/en/ljspeech/tacotron2-DCA|tacotron2-DCA|What do you mean by making a noise like that? shouted the King, angrily, as the yellow hen came from under the throne and strutted proudly about the room.|-
./fake/en/tts_models_en_ljspeech_tacotron2-DCA/the_sea_fairies_06_f000056.wav|en_US/by_book/female/judy_bieber/the_sea_fairies/wavs/the_sea_fairies_06_f000056.wav|en|True|4.354|ljspeech|tts_models/en/ljspeech/tacotron2-DCA|tacotron2-DCA|A pipe has to be lighted, and a match wouldn't burn, he replied.|-
./fake/en/tts_models_en_ljspeech_tacotron2-DCA/northandsouth_20_f000193.wav|en_US/by_book/female/mary_ann/northandsouth/wavs/northandsouth_20_f000193.wav|en|True|8.882|ljspeech|tts_models/en/ljspeech/tacotron2-DCA|tacotron2-DCA|and, like all people who try and take other peoples ought for the rule of their feelings, she was inclined to blush for any singularity of action.|-
./fake/en/tts_models_en_ljspeech_tacotron2-DCA/jane_eyre_27_f000016.wav|en_UK/by_book/female/elizabeth_klett/jane_eyre/wavs/jane_eyre_27_f000016.wav|en|True|8.511|ljspeech|tts_models/en/ljspeech/tacotron2-DCA|tacotron2-DCA|I rose up suddenly, terror-struck at the solitude which so ruthless a judge haunted, - at the silence which so awful a voice filled.|-
./fake/en/tts_models_en_ljspeech_tacotron2-DCA/jane_eyre_03_f000064.wav|en_UK/by_book/female/elizabeth_klett/jane_eyre/wavs/jane_eyre_03_f000064.wav|en|True|2.265|ljspeech|tts_models/en/ljspeech/tacotron2-DCA|tacotron2-DCA|and the population more scant;|-
./fake/en/tts_models_en_ljspeech_tacotron2-DCA/wives_and_daughters_11_f000144.wav|en_UK/by_book/female/elizabeth_klett/wives_and_daughters/wavs/wives_and_daughters_11_f000144.wav|en|True|9.904|ljspeech|tts_models/en/ljspeech/tacotron2-DCA|tacotron2-DCA|But I like the dark-haired foreign kind of beauty best - just now, touching Molly's hair, and looking at her with an expression of sentimental remembrance.|-
./fake/en/tts_models_en_ljspeech_tacotron2-DCA/midnight_passenger_11_f000049.wav|en_US/by_book/female/mary_ann/midnight_passenger/wavs/midnight_passenger_11_f000049.wav|en|True|9.336|ljspeech|tts_models/en/ljspeech/tacotron2-DCA|tacotron2-DCA|While the audience eyed each other, the three police officials present cried in accord: Good; double the reward. NOW YOU'RE ON THE RIGHT TRACK.|-
./fake/en/tts_models_en_ljspeech_tacotron2-DCA/silent_bullet_06_f000013.wav|en_US/by_book/male/elliot_miller/silent_bullet/wavs/silent_bullet_06_f000013.wav|en|True|6.851|ljspeech|tts_models/en/ljspeech/tacotron2-DCA|tacotron2-DCA|Thank you, Doctor. Depend on me to keep them so, I replied, shaking his proffered hand.|-
./fake/en/tts_models_en_ljspeech_tacotron2-DCA/northandsouth_28_f000023.wav|en_US/by_book/female/mary_ann/northandsouth/wavs/northandsouth_28_f000023.wav|en|True|5.492|ljspeech|tts_models/en/ljspeech/tacotron2-DCA|tacotron2-DCA|There had been a pause of an instant on the steep crooked stair, when she first saw him;|-
./fake/en/tts_models_en_ljspeech_tacotron2-DCA/northandsouth_46_f000314.wav|en_US/by_book/female/mary_ann/northandsouth/wavs/northandsouth_46_f000314.wav|en|True|7.582|ljspeech|tts_models/en/ljspeech/tacotron2-DCA|tacotron2-DCA|it is that he may learn how I was tempted, and how I fell into the snare; why I told that falsehood, in short.|-
./fake/en/tts_models_en_ljspeech_tacotron2-DCA/silent_bullet_10_f000189.wav|en_US/by_book/male/elliot_miller/silent_bullet/wavs/silent_bullet_10_f000189.wav|en|True|9.022|ljspeech|tts_models/en/ljspeech/tacotron2-DCA|tacotron2-DCA|Somehow Norton had regained partial control of his machine, but it was still swooping down at a tremendous pace toward the level centre of the field.|-
./fake/en/tts_models_en_ljspeech_tacotron2-DCA/wives_and_daughters_53_f000148.wav|en_UK/by_book/female/elizabeth_klett/wives_and_daughters/wavs/wives_and_daughters_53_f000148.wav|en|True|9.023|ljspeech|tts_models/en/ljspeech/tacotron2-DCA|tacotron2-DCA|I can't see her - I can't see her, said the Squire, shrinking away into a corner. You will go, Molly, won't you? You'll go.|-
./fake/en/tts_models_en_ljspeech_tacotron2-DCA/jane_eyre_20_f000108.wav|en_UK/by_book/female/elizabeth_klett/jane_eyre/wavs/jane_eyre_20_f000108.wav|en|True|7.512|ljspeech|tts_models/en/ljspeech/tacotron2-DCA|tacotron2-DCA|the shadows darken on the wrought, antique tapestry round me, and grow black under the hangings of the vast old bed,|-
./fake/en/tts_models_en_ljspeech_tacotron2-DCA/pink_fairy_book_14_f000034.wav|en_US/by_book/male/elliot_miller/pink_fairy_book/wavs/pink_fairy_book_14_f000034.wav|en|True|7.559|ljspeech|tts_models/en/ljspeech/tacotron2-DCA|tacotron2-DCA|Hans first arrived at a large estate, and it so happened that the squire himself was standing outside the farmyard.|-
./fake/en/tts_models_en_ljspeech_tacotron2-DCA/pink_fairy_book_31_f000032.wav|en_US/by_book/male/elliot_miller/pink_fairy_book/wavs/pink_fairy_book_31_f000032.wav|en|True|9.509|ljspeech|tts_models/en/ljspeech/tacotron2-DCA|tacotron2-DCA|This, however, he also got used to, when he saw that they could never hit him, and in this way he flew about all that year, until the troll called him home again,|-
./fake/en/tts_models_en_ljspeech_tacotron2-DCA/jane_eyre_37_f000180.wav|en_UK/by_book/female/elizabeth_klett/jane_eyre/wavs/jane_eyre_37_f000180.wav|en|True|10.311|ljspeech|tts_models/en/ljspeech/tacotron2-DCA|tacotron2-DCA|Who can tell what a dark, dreary, hopeless life I have dragged on for months past? Doing nothing, expecting nothing; merging night in day;|-
./fake/en/tts_models_en_ljspeech_tacotron2-DCA/the_sea_fairies_02_f000001.wav|en_US/by_book/female/judy_bieber/the_sea_fairies/wavs/the_sea_fairies_02_f000001.wav|en|True|1.986|ljspeech|tts_models/en/ljspeech/tacotron2-DCA|tacotron2-DCA|CHAPTER two THE MERMAIDS.|-
./fake/en/tts_models_en_ljspeech_tacotron2-DCA/jane_eyre_05_f000038.wav|en_UK/by_book/female/elizabeth_klett/jane_eyre/wavs/jane_eyre_05_f000038.wav|en|True|11.344|ljspeech|tts_models/en/ljspeech/tacotron2-DCA|tacotron2-DCA|We passed through several towns, and in one, a very large one, the coach stopped; the horses were taken out, and the passengers alighted to dine.|-
./fake/en/tts_models_en_ljspeech_tacotron2-DCA/northandsouth_36_f000041.wav|en_US/by_book/female/mary_ann/northandsouth/wavs/northandsouth_36_f000041.wav|en|True|8.616|ljspeech|tts_models/en/ljspeech/tacotron2-DCA|tacotron2-DCA|You are quite right. I have some independent property, but my intention in settling in Milton was to become a private tutor.|-
./fake/en/tts_models_en_ljspeech_tacotron2-DCA/wives_and_daughters_31_f000103.wav|en_UK/by_book/female/elizabeth_klett/wives_and_daughters/wavs/wives_and_daughters_31_f000103.wav|en|True|6.769|ljspeech|tts_models/en/ljspeech/tacotron2-DCA|tacotron2-DCA|a rock of strength, under whose very shadow there is rest, as Missis Hamley had once spoken of him.|-
./fake/en/tts_models_en_ljspeech_tacotron2-DCA/rinkitink_baum_15_64kb_f000017.wav|en_US/by_book/female/judy_bieber/rinkitink_in_oz/wavs/rinkitink_baum_15_64kb_f000017.wav|en|True|4.656|ljspeech|tts_models/en/ljspeech/tacotron2-DCA|tacotron2-DCA|We must take the boy's parents away from here as quickly as possible.|-
./fake/en/tts_models_en_ljspeech_tacotron2-DCA/silent_bullet_07_f000287.wav|en_US/by_book/male/elliot_miller/silent_bullet/wavs/silent_bullet_07_f000287.wav|en|True|3.170|ljspeech|tts_models/en/ljspeech/tacotron2-DCA|tacotron2-DCA|No man ever insults the honour of Poissan.|-
./fake/en/tts_models_en_ljspeech_tacotron2-DCA/northandsouth_46_f000033.wav|en_US/by_book/female/mary_ann/northandsouth/wavs/northandsouth_46_f000033.wav|en|True|3.402|ljspeech|tts_models/en/ljspeech/tacotron2-DCA|tacotron2-DCA|Nature felt no change, and was ever young.|-
./fake/en/tts_models_en_ljspeech_tacotron2-DCA/jane_eyre_29_f000167.wav|en_UK/by_book/female/elizabeth_klett/jane_eyre/wavs/jane_eyre_29_f000167.wav|en|True|8.580|ljspeech|tts_models/en/ljspeech/tacotron2-DCA|tacotron2-DCA|Mister Rivers now closed his book, approached the table, and, as he took a seat, fixed his blue pictorial-looking eyes full on me.|-
./fake/en/tts_models_en_ljspeech_tacotron2-DCA/the_sea_fairies_09_f000019.wav|en_US/by_book/female/judy_bieber/the_sea_fairies/wavs/the_sea_fairies_09_f000019.wav|en|True|6.885|ljspeech|tts_models/en/ljspeech/tacotron2-DCA|tacotron2-DCA|A long, brown arm stretched across their way in front and another just behind them, but that did not worry her.|-
./fake/en/tts_models_en_ljspeech_tacotron2-DCA/wives_and_daughters_41_f000001.wav|en_UK/by_book/female/elizabeth_klett/wives_and_daughters/wavs/wives_and_daughters_41_f000001.wav|en|True|9.162|ljspeech|tts_models/en/ljspeech/tacotron2-DCA|tacotron2-DCA|Chapter forty-one of Wives and daughters. This librivox recording is in the public domain. Recording by Elisabeth Klett.|-
./fake/en/tts_models_en_ljspeech_tacotron2-DCA/wives_and_daughters_22_f000049.wav|en_UK/by_book/female/elizabeth_klett/wives_and_daughters/wavs/wives_and_daughters_22_f000049.wav|en|True|4.006|ljspeech|tts_models/en/ljspeech/tacotron2-DCA|tacotron2-DCA|There is nothing like wounded affection for giving poignancy to anger.|-
./fake/en/tts_models_en_ljspeech_tacotron2-DCA/northandsouth_28_f000294.wav|en_US/by_book/female/mary_ann/northandsouth/wavs/northandsouth_28_f000294.wav|en|True|6.619|ljspeech|tts_models/en/ljspeech/tacotron2-DCA|tacotron2-DCA|I thought hed had more pluck. I thought hed ha carried his point, and had his revenge in an open way;|-
./fake/en/tts_models_en_ljspeech_tacotron2-DCA/emerald_city_of_oz_01_f000018.wav|en_US/by_book/female/judy_bieber/emerald_city_of_oz/wavs/emerald_city_of_oz_01_f000018.wav|en|True|5.515|ljspeech|tts_models/en/ljspeech/tacotron2-DCA|tacotron2-DCA|In came the Chief Steward, trying not to show the Nome King how frightened he was.|-
./fake/en/tts_models_en_ljspeech_tacotron2-DCA/wives_and_daughters_19_f000228.wav|en_UK/by_book/female/elizabeth_klett/wives_and_daughters/wavs/wives_and_daughters_19_f000228.wav|en|True|8.500|ljspeech|tts_models/en/ljspeech/tacotron2-DCA|tacotron2-DCA|I'm not good, and I told you so. Somehow, I cannot forgive her for her neglect of me as a child, when I would have clung to her.|-
./fake/en/tts_models_en_ljspeech_tacotron2-DCA/northandsouth_31_f000093.wav|en_US/by_book/female/mary_ann/northandsouth/wavs/northandsouth_31_f000093.wav|en|True|8.268|ljspeech|tts_models/en/ljspeech/tacotron2-DCA|tacotron2-DCA|A worse sailor was never on board ship-nor a much worse man either. I declare, Margaret-you know the circumstances of the whole affair?|-
./fake/en/tts_models_en_ljspeech_tacotron2-DCA/hunters_space_11_f000086.wav|en_US/by_book/male/elliot_miller/hunters_space/wavs/hunters_space_11_f000086.wav|en|True|4.297|ljspeech|tts_models/en/ljspeech/tacotron2-DCA|tacotron2-DCA|But he touched her hand and it was warm. He knelt beside her.|-
./fake/en/tts_models_en_ljspeech_tacotron2-DCA/wives_and_daughters_47_f000142.wav|en_UK/by_book/female/elizabeth_klett/wives_and_daughters/wavs/wives_and_daughters_47_f000142.wav|en|True|6.978|ljspeech|tts_models/en/ljspeech/tacotron2-DCA|tacotron2-DCA|If I go to Missis Dawes, and she repeats them to me, I shall slap her face or box her ears I'm afraid,|-
./fake/en/tts_models_en_ljspeech_tacotron2-DCA/wives_and_daughters_12_f000145.wav|en_UK/by_book/female/elizabeth_klett/wives_and_daughters/wavs/wives_and_daughters_12_f000145.wav|en|True|11.484|ljspeech|tts_models/en/ljspeech/tacotron2-DCA|tacotron2-DCA|Did you ever know a widower marry again for such trifles as those? It's always from a sense of duty of one kind or another - isn't it, Mister Gibson? They want a housekeeper;|-
./fake/en/tts_models_en_ljspeech_tacotron2-DCA/midnight_passenger_09_f000080.wav|en_US/by_book/female/mary_ann/midnight_passenger/wavs/midnight_passenger_09_f000080.wav|en|True|6.700|ljspeech|tts_models/en/ljspeech/tacotron2-DCA|tacotron2-DCA|There's been a robbery of a quarter of a million of our company's funds, Wade, sharply cried Ferris.|-
./fake/en/tts_models_en_ljspeech_tacotron2-DCA/jane_eyre_08_f000029.wav|en_UK/by_book/female/elizabeth_klett/jane_eyre/wavs/jane_eyre_08_f000029.wav|en|True|11.519|ljspeech|tts_models/en/ljspeech/tacotron2-DCA|tacotron2-DCA|Well, Helen? said I, putting my hand into hers: she chafed my fingers gently to warm them, and went on - If all the world hated you, and believed you wicked,|-
./fake/en/tts_models_en_ljspeech_tacotron2-DCA/wives_and_daughters_02_f000205.wav|en_UK/by_book/female/elizabeth_klett/wives_and_daughters/wavs/wives_and_daughters_02_f000205.wav|en|True|4.912|ljspeech|tts_models/en/ljspeech/tacotron2-DCA|tacotron2-DCA|Once or twice she wondered where her father was, and whether he was missing her;|-
./fake/en/tts_models_en_ljspeech_tacotron2-DCA/midnight_passenger_09_f000139.wav|en_US/by_book/female/mary_ann/midnight_passenger/wavs/midnight_passenger_09_f000139.wav|en|True|4.251|ljspeech|tts_models/en/ljspeech/tacotron2-DCA|tacotron2-DCA|No news of friend here. Have sent dispatch as agreed.|-
./fake/en/tts_models_en_ljspeech_tacotron2-DCA/northandsouth_40_f000125.wav|en_US/by_book/female/mary_ann/northandsouth/wavs/northandsouth_40_f000125.wav|en|True|10.334|ljspeech|tts_models/en/ljspeech/tacotron2-DCA|tacotron2-DCA|And then to speak to Margaret as he had done! She did not get up and leave the room, as she had done in former days, when his abruptness or his temper had annoyed her.|-
./fake/en/tts_models_en_ljspeech_tacotron2-DCA/northandsouth_52_f000041.wav|en_US/by_book/female/mary_ann/northandsouth/wavs/northandsouth_52_f000041.wav|en|True|8.998|ljspeech|tts_models/en/ljspeech/tacotron2-DCA|tacotron2-DCA|eighteen thousand and fifty-seven pounds, lying just at this moment unused in the bank, and bringing me in only two and a half per cent.|-
./fake/en/tts_models_en_ljspeech_tacotron2-DCA/the_master_key_09_f000011.wav|en_US/by_book/female/judy_bieber/the_master_key/wavs/the_master_key_09_f000011.wav|en|True|7.257|ljspeech|tts_models/en/ljspeech/tacotron2-DCA|tacotron2-DCA|and he became so preoccupied at the dinner table that his father and mother cast many anxious looks in his direction.|-
./fake/en/tts_models_en_ljspeech_tacotron2-DCA/emerald_city_of_oz_02_f000027.wav|en_US/by_book/female/judy_bieber/emerald_city_of_oz/wavs/emerald_city_of_oz_02_f000027.wav|en|True|12.110|ljspeech|tts_models/en/ljspeech/tacotron2-DCA|tacotron2-DCA|So he told his wife, Aunt Em, of his trouble, and she first cried a little and then said that they must be brave and do the best they could, and go away somewhere and try to earn an honest living.|-
./fake/en/tts_models_en_ljspeech_tacotron2-DCA/northandsouth_15_f000203.wav|en_US/by_book/female/mary_ann/northandsouth/wavs/northandsouth_15_f000203.wav|en|True|6.015|ljspeech|tts_models/en/ljspeech/tacotron2-DCA|tacotron2-DCA|No! said she, with sudden meekness. I know I do not care enough about schools.|-
./fake/en/tts_models_en_ljspeech_tacotron2-DCA/silent_bullet_04_f000191.wav|en_US/by_book/male/elliot_miller/silent_bullet/wavs/silent_bullet_04_f000191.wav|en|True|10.799|ljspeech|tts_models/en/ljspeech/tacotron2-DCA|tacotron2-DCA|Perhaps she had better be detained, for I dont want her to get away. Oh, and say, OConnor, do you want to finish this case up like the crack of a whip to-night?|-
./fake/en/tts_models_en_ljspeech_tacotron2-DCA/midnight_passenger_10_f000276.wav|en_US/by_book/female/mary_ann/midnight_passenger/wavs/midnight_passenger_10_f000276.wav|en|True|6.119|ljspeech|tts_models/en/ljspeech/tacotron2-DCA|tacotron2-DCA|The great sighing of the mountain pines seemed to blazen the secret of a great man's cowardly crime.|-
./fake/en/tts_models_en_ljspeech_tacotron2-DCA/poisoned_pen_06_f000271.wav|en_US/by_book/male/elliot_miller/poisoned_pen/wavs/poisoned_pen_06_f000271.wav|en|True|4.889|ljspeech|tts_models/en/ljspeech/tacotron2-DCA|tacotron2-DCA|Walter, said Craig to me quietly, go out in the outer office.|-
./fake/en/tts_models_en_ljspeech_tacotron2-DCA/pink_fairy_book_40_f000059.wav|en_US/by_book/male/elliot_miller/pink_fairy_book/wavs/pink_fairy_book_40_f000059.wav|en|True|8.580|ljspeech|tts_models/en/ljspeech/tacotron2-DCA|tacotron2-DCA|Now the princess was as beautiful as the sun, and when Ciccu looked upon her his heart went out to her, and he longed to have her to wife.|-
./fake/en/tts_models_en_ljspeech_tacotron2-DCA/wives_and_daughters_01_f000093.wav|en_UK/by_book/female/elizabeth_klett/wives_and_daughters/wavs/wives_and_daughters_01_f000093.wav|en|True|9.545|ljspeech|tts_models/en/ljspeech/tacotron2-DCA|tacotron2-DCA|it's a promise between us, is it not? And off the earl trotted, attracted by the sight of the farmer's eldest son on the other side of the yard.|-
./fake/en/tts_models_en_ljspeech_tacotron2-DCA/dorothy_and_wizard_oz_06_f000049.wav|en_US/by_book/female/judy_bieber/dorothy_and_wizard_oz/wavs/dorothy_and_wizard_oz_06_f000049.wav|en|True|7.512|ljspeech|tts_models/en/ljspeech/tacotron2-DCA|tacotron2-DCA|but your animals must be driven into the Black Pit in the mountain, for my subjects cannot bear to have them around.|-
./fake/en/tts_models_en_ljspeech_tacotron2-DCA/wives_and_daughters_12_f000107.wav|en_UK/by_book/female/elizabeth_klett/wives_and_daughters/wavs/wives_and_daughters_12_f000107.wav|en|True|11.101|ljspeech|tts_models/en/ljspeech/tacotron2-DCA|tacotron2-DCA|Oh! I only named it because, with such very young men, it's generally see-saw between appetite and love, and I thought the third helping a very good sign.|-
./fake/en/tts_models_en_ljspeech_tacotron2-DCA/midnight_passenger_09_f000016.wav|en_US/by_book/female/mary_ann/midnight_passenger/wavs/midnight_passenger_09_f000016.wav|en|True|6.955|ljspeech|tts_models/en/ljspeech/tacotron2-DCA|tacotron2-DCA|There was, moreover, a few dollars in change in the purse, which was tossed away to follow the other tell-tale objects,|-
./fake/en/tts_models_en_ljspeech_tacotron2-DCA/wives_and_daughters_03_f000106.wav|en_UK/by_book/female/elizabeth_klett/wives_and_daughters/wavs/wives_and_daughters_03_f000106.wav|en|True|11.785|ljspeech|tts_models/en/ljspeech/tacotron2-DCA|tacotron2-DCA|it's rather a diluting of mother-wit, to my fancy; but, however, we must yield to the prejudices of society, Miss Eyre, and so you may teach the child to read.|-
./fake/en/tts_models_en_ljspeech_tacotron2-DCA/silent_bullet_05_f000049.wav|en_US/by_book/male/elliot_miller/silent_bullet/wavs/silent_bullet_05_f000049.wav|en|True|9.788|ljspeech|tts_models/en/ljspeech/tacotron2-DCA|tacotron2-DCA|or fluoresce, and objects held between the X-ray tube and the fluoroscope cast shadows according to the density of the parts which the X-rays penetrate.|-
./fake/en/tts_models_en_ljspeech_tacotron2-DCA/wives_and_daughters_54_f000088.wav|en_UK/by_book/female/elizabeth_klett/wives_and_daughters/wavs/wives_and_daughters_54_f000088.wav|en|True|8.488|ljspeech|tts_models/en/ljspeech/tacotron2-DCA|tacotron2-DCA|but one day after Missis Osborne Hamley had taken the turn, as the nurses called it, when she was lying weak as a new-born baby,|-
./fake/en/tts_models_en_ljspeech_tacotron2-DCA/pink_fairy_book_38_f000054.wav|en_US/by_book/male/elliot_miller/pink_fairy_book/wavs/pink_fairy_book_38_f000054.wav|en|True|10.079|ljspeech|tts_models/en/ljspeech/tacotron2-DCA|tacotron2-DCA|Her husband watched her for a moment, and then said, Be sure you eat it all yourself. Do not give a scrap to any of the children, but eat every morsel up.|-
./fake/en/tts_models_en_ljspeech_tacotron2-DCA/jane_eyre_03_f000040.wav|en_UK/by_book/female/elizabeth_klett/jane_eyre/wavs/jane_eyre_03_f000040.wav|en|True|9.927|ljspeech|tts_models/en/ljspeech/tacotron2-DCA|tacotron2-DCA|No severe or prolonged bodily illness followed this incident of the red- room; it only gave my nerves a shock of which I feel the reverberation to this day.|-
./fake/en/tts_models_en_ljspeech_tacotron2-DCA/pink_fairy_book_10_f000168.wav|en_US/by_book/male/elliot_miller/pink_fairy_book/wavs/pink_fairy_book_10_f000168.wav|en|True|4.703|ljspeech|tts_models/en/ljspeech/tacotron2-DCA|tacotron2-DCA|When it was silent, the light of day began to break in through the windows.|-
./fake/en/tts_models_en_ljspeech_tacotron2-DCA/midnight_passenger_08_f000196.wav|en_US/by_book/female/mary_ann/midnight_passenger/wavs/midnight_passenger_08_f000196.wav|en|True|8.477|ljspeech|tts_models/en/ljspeech/tacotron2-DCA|tacotron2-DCA|For he had slyly gone to Mister Randall Clayton's apartments. The old janitor of the apartment-house met him with an anxious face.|-
./fake/en/tts_models_en_ljspeech_tacotron2-DCA/pink_fairy_book_24_f000013.wav|en_US/by_book/male/elliot_miller/pink_fairy_book/wavs/pink_fairy_book_24_f000013.wav|en|True|10.995|ljspeech|tts_models/en/ljspeech/tacotron2-DCA|tacotron2-DCA|So every day she had to take the asses to the woods to feed, until one morning, exactly a year after she had found the lion, she heard a groan which sounded quite human.|-
./fake/en/tts_models_en_ljspeech_tacotron2-DCA/jane_eyre_12_f000033.wav|en_UK/by_book/female/elizabeth_klett/jane_eyre/wavs/jane_eyre_12_f000033.wav|en|True|8.859|ljspeech|tts_models/en/ljspeech/tacotron2-DCA|tacotron2-DCA|It is in vain to say human beings ought to be satisfied with tranquillity: they must have action; and they will make it if they cannot find it.|-
./fake/en/tts_models_en_ljspeech_tacotron2-DCA/wives_and_daughters_40_f000027.wav|en_UK/by_book/female/elizabeth_klett/wives_and_daughters/wavs/wives_and_daughters_40_f000027.wav|en|True|12.517|ljspeech|tts_models/en/ljspeech/tacotron2-DCA|tacotron2-DCA|Yes, I suppose it is. At the same time, Molly, I'm afraid he'll expect me to be always as good as he fancies me now, and I shall have to walk on tiptoe all the rest of my life.|-
./fake/en/tts_models_en_ljspeech_tacotron2-DCA/jane_eyre_24_f000317.wav|en_UK/by_book/female/elizabeth_klett/jane_eyre/wavs/jane_eyre_24_f000317.wav|en|True|5.399|ljspeech|tts_models/en/ljspeech/tacotron2-DCA|tacotron2-DCA|I dreamed it would be nameless bliss, As I loved, loved to be;|-
./fake/en/tts_models_en_ljspeech_tacotron2-DCA/the_master_key_12_f000019.wav|en_US/by_book/female/judy_bieber/the_master_key/wavs/the_master_key_12_f000019.wav|en|True|3.147|ljspeech|tts_models/en/ljspeech/tacotron2-DCA|tacotron2-DCA|That's all right, said the boy, calmly.|-
./fake/en/tts_models_en_ljspeech_tacotron2-DCA/rinkitink_baum_18_64kb_f000081.wav|en_US/by_book/female/judy_bieber/rinkitink_in_oz/wavs/rinkitink_baum_18_64kb_f000081.wav|en|True|5.376|ljspeech|tts_models/en/ljspeech/tacotron2-DCA|tacotron2-DCA|and I know that you cannot coax me to do so, for I have given my promise to King Gos.|-
./fake/en/tts_models_en_ljspeech_tacotron2-DCA/wives_and_daughters_36_f000105.wav|en_UK/by_book/female/elizabeth_klett/wives_and_daughters/wavs/wives_and_daughters_36_f000105.wav|en|True|6.235|ljspeech|tts_models/en/ljspeech/tacotron2-DCA|tacotron2-DCA|and what would not have to be said and done if anything fresh were to come out between Osborne and Molly?|-
./fake/en/tts_models_en_ljspeech_tacotron2-DCA/skyisland_19_baum_64kb_f000025.wav|en_US/by_book/female/judy_bieber/sky_island/wavs/skyisland_19_baum_64kb_f000025.wav|en|True|8.395|ljspeech|tts_models/en/ljspeech/tacotron2-DCA|tacotron2-DCA|flowing pink trousers, and accompanied by Trot and Button-Bright and Rosalie the Witch, all bundled up in their pink raincoats.|-
./fake/en/tts_models_en_ljspeech_tacotron2-DCA/jane_eyre_37_f000176.wav|en_UK/by_book/female/elizabeth_klett/jane_eyre/wavs/jane_eyre_37_f000176.wav|en|True|5.933|ljspeech|tts_models/en/ljspeech/tacotron2-DCA|tacotron2-DCA|Yet how, on this dark and doleful evening, could you so suddenly rise on my lone hearth?|-
./fake/en/tts_models_en_ljspeech_tacotron2-DCA/the_master_key_02_f000014.wav|en_US/by_book/female/judy_bieber/the_master_key/wavs/the_master_key_02_f000014.wav|en|True|3.844|ljspeech|tts_models/en/ljspeech/tacotron2-DCA|tacotron2-DCA|I-I didn't know I touched the Master Key, faltered the boy.|-
./fake/en/tts_models_en_ljspeech_tacotron2-DCA/jane_eyre_27_f000542.wav|en_UK/by_book/female/elizabeth_klett/jane_eyre/wavs/jane_eyre_27_f000542.wav|en|True|5.376|ljspeech|tts_models/en/ljspeech/tacotron2-DCA|tacotron2-DCA|That kind master, who could not sleep now, was waiting with impatience for day.|-
./fake/en/tts_models_en_ljspeech_tacotron2-DCA/midnight_passenger_10_f000128.wav|en_US/by_book/female/mary_ann/midnight_passenger/wavs/midnight_passenger_10_f000128.wav|en|True|3.937|ljspeech|tts_models/en/ljspeech/tacotron2-DCA|tacotron2-DCA|Just read those lines from a now helpless and orphaned girl.|-
./fake/en/tts_models_en_ljspeech_tacotron2-DCA/jane_eyre_31_f000045.wav|en_UK/by_book/female/elizabeth_klett/jane_eyre/wavs/jane_eyre_31_f000045.wav|en|True|6.305|ljspeech|tts_models/en/ljspeech/tacotron2-DCA|tacotron2-DCA|perhaps, be dragging him from the path of right, too far to leave hope of ultimate restoration thither.|-
./fake/en/tts_models_en_ljspeech_tacotron2-DCA/wives_and_daughters_27_f000022.wav|en_UK/by_book/female/elizabeth_klett/wives_and_daughters/wavs/wives_and_daughters_27_f000022.wav|en|True|4.563|ljspeech|tts_models/en/ljspeech/tacotron2-DCA|tacotron2-DCA|One of these occurred very soon after the night of the Hollingford charity-ball.|-
./fake/en/tts_models_en_ljspeech_tacotron2-DCA/silent_bullet_08_f000268.wav|en_US/by_book/male/elliot_miller/silent_bullet/wavs/silent_bullet_08_f000268.wav|en|True|11.356|ljspeech|tts_models/en/ljspeech/tacotron2-DCA|tacotron2-DCA|How much was administered to the victims, Doctor Nott, I cannot say, but it must have been a good deal more than I took. Six centigrams, which I recovered from these small samples,|-
./fake/en/tts_models_en_ljspeech_tacotron2-DCA/ozma_of_oz_12_f000002.wav|en_US/by_book/female/judy_bieber/ozma_of_oz/wavs/ozma_of_oz_12_f000002.wav|en|True|7.166|ljspeech|tts_models/en/ljspeech/tacotron2-DCA|tacotron2-DCA|Ozma of Oz by L Frank Baum. Chapter twelve. The Eleven Guesses.|-
./fake/en/tts_models_en_ljspeech_tacotron2-DCA/jane_eyre_22_f000088.wav|en_UK/by_book/female/elizabeth_klett/jane_eyre/wavs/jane_eyre_22_f000088.wav|en|True|3.379|ljspeech|tts_models/en/ljspeech/tacotron2-DCA|tacotron2-DCA|What the deuce have you done with yourself this last month?|-
./fake/en/tts_models_en_ljspeech_tacotron2-DCA/the_master_key_06_f000040.wav|en_US/by_book/female/judy_bieber/the_master_key/wavs/the_master_key_06_f000040.wav|en|True|3.913|ljspeech|tts_models/en/ljspeech/tacotron2-DCA|tacotron2-DCA|However, I suppose I ought to be glad the machine works at all.|-
./fake/en/tts_models_en_ljspeech_tacotron2-DCA/dorothy_and_wizard_oz_19_f000009.wav|en_US/by_book/female/judy_bieber/dorothy_and_wizard_oz/wavs/dorothy_and_wizard_oz_19_f000009.wav|en|True|3.797|ljspeech|tts_models/en/ljspeech/tacotron2-DCA|tacotron2-DCA|Your Royal Highness and Fellow Citizens, he began;|-
./fake/en/tts_models_en_ljspeech_tacotron2-DCA/pink_fairy_book_33_f000067.wav|en_US/by_book/male/elliot_miller/pink_fairy_book/wavs/pink_fairy_book_33_f000067.wav|en|True|4.610|ljspeech|tts_models/en/ljspeech/tacotron2-DCA|tacotron2-DCA|Souci felt this to be true, and was sorry for the old woman.|-
./fake/en/tts_models_en_ljspeech_tacotron2-DCA/wives_and_daughters_45_f000172.wav|en_UK/by_book/female/elizabeth_klett/wives_and_daughters/wavs/wives_and_daughters_45_f000172.wav|en|True|8.059|ljspeech|tts_models/en/ljspeech/tacotron2-DCA|tacotron2-DCA|I can't help understanding you, said Molly. You think yourself very ill; but isn't it that you are tired just now?|-
./fake/en/tts_models_en_ljspeech_tacotron2-DCA/wives_and_daughters_17_f000184.wav|en_UK/by_book/female/elizabeth_klett/wives_and_daughters/wavs/wives_and_daughters_17_f000184.wav|en|True|12.262|ljspeech|tts_models/en/ljspeech/tacotron2-DCA|tacotron2-DCA|And then he suddenly left the room. While Molly sat there still, very sad in her sympathy with all, he put his head in again: Go to her, my dear; I cannot - not just yet.|-
./fake/en/tts_models_en_ljspeech_tacotron2-DCA/wives_and_daughters_10_f000212.wav|en_UK/by_book/female/elizabeth_klett/wives_and_daughters/wavs/wives_and_daughters_10_f000212.wav|en|True|7.814|ljspeech|tts_models/en/ljspeech/tacotron2-DCA|tacotron2-DCA|His steps led him in the direction of the ash-tree seat, much less screened from observation on this side than on the terrace.|-
./fake/en/tts_models_en_ljspeech_tacotron2-DCA/pink_fairy_book_13_f000053.wav|en_US/by_book/male/elliot_miller/pink_fairy_book/wavs/pink_fairy_book_13_f000053.wav|en|True|3.867|ljspeech|tts_models/en/ljspeech/tacotron2-DCA|tacotron2-DCA|To-night, they all said, to-night it will be lighted!|-
./fake/en/tts_models_en_ljspeech_tacotron2-DCA/jane_eyre_23_f000054.wav|en_UK/by_book/female/elizabeth_klett/jane_eyre/wavs/jane_eyre_23_f000054.wav|en|True|1.545|ljspeech|tts_models/en/ljspeech/tacotron2-DCA|tacotron2-DCA|Yes, sir.|-
./fake/en/tts_models_en_ljspeech_tacotron2-DCA/northandsouth_28_f000236.wav|en_US/by_book/female/mary_ann/northandsouth/wavs/northandsouth_28_f000236.wav|en|True|7.409|ljspeech|tts_models/en/ljspeech/tacotron2-DCA|tacotron2-DCA|So they questioned and listened. The workmens calculations were based like too many of the masters on false premises.|-
./fake/en/tts_models_en_ljspeech_tacotron2-DCA/poisoned_pen_04_f000137.wav|en_US/by_book/male/elliot_miller/poisoned_pen/wavs/poisoned_pen_04_f000137.wav|en|True|2.102|ljspeech|tts_models/en/ljspeech/tacotron2-DCA|tacotron2-DCA|He banged the door shut again.|-
./fake/en/tts_models_en_ljspeech_tacotron2-DCA/wives_and_daughters_12_f000171.wav|en_UK/by_book/female/elizabeth_klett/wives_and_daughters/wavs/wives_and_daughters_12_f000171.wav|en|True|4.749|ljspeech|tts_models/en/ljspeech/tacotron2-DCA|tacotron2-DCA|Something must be done to the house to make it all ready for the future Missis Gibson.|-
./fake/en/tts_models_en_ljspeech_tacotron2-DCA/pink_fairy_book_40_f000127.wav|en_US/by_book/male/elliot_miller/pink_fairy_book/wavs/pink_fairy_book_40_f000127.wav|en|True|8.209|ljspeech|tts_models/en/ljspeech/tacotron2-DCA|tacotron2-DCA|The other two brothers heard that Ciccu had become quite an important person, and they grew envious, and thought how they could put him to shame.|-
./fake/en/tts_models_en_ljspeech_tacotron2-DCA/wives_and_daughters_38_f000165.wav|en_UK/by_book/female/elizabeth_klett/wives_and_daughters/wavs/wives_and_daughters_38_f000165.wav|en|True|7.048|ljspeech|tts_models/en/ljspeech/tacotron2-DCA|tacotron2-DCA|Well, but you can buy a new one; and I'm sure it is high time you should get yourself another silk gown.|-
./fake/en/tts_models_en_ljspeech_tacotron2-DCA/northandsouth_47_f000050.wav|en_US/by_book/female/mary_ann/northandsouth/wavs/northandsouth_47_f000050.wav|en|True|6.782|ljspeech|tts_models/en/ljspeech/tacotron2-DCA|tacotron2-DCA|That was all. Edith hoped Margaret did not want to leave them, that she was so anxious about all this.|-
./fake/en/tts_models_en_ljspeech_tacotron2-DCA/northandsouth_41_f000080.wav|en_US/by_book/female/mary_ann/northandsouth/wavs/northandsouth_41_f000080.wav|en|True|5.260|ljspeech|tts_models/en/ljspeech/tacotron2-DCA|tacotron2-DCA|what, Martha hardly knew, for it had happened when she was quite a little child;|-
./fake/en/tts_models_en_ljspeech_tacotron2-DCA/midnight_passenger_02_f000115.wav|en_US/by_book/female/mary_ann/midnight_passenger/wavs/midnight_passenger_02_f000115.wav|en|True|9.858|ljspeech|tts_models/en/ljspeech/tacotron2-DCA|tacotron2-DCA|Men had seen him go over for years invariably on this ferry, his burly figure was always seen on the Fulton Ferry daily at half-past eight each morning,|-
./fake/en/tts_models_en_ljspeech_tacotron2-DCA/silent_bullet_11_f000199.wav|en_US/by_book/male/elliot_miller/silent_bullet/wavs/silent_bullet_11_f000199.wav|en|True|9.649|ljspeech|tts_models/en/ljspeech/tacotron2-DCA|tacotron2-DCA|Then he attached a couple of wires to it and led them across the ceiling toward the window, concealing them carefully by sticking them in the shadow of a beam.|-
./fake/en/tts_models_en_ljspeech_tacotron2-DCA/northandsouth_28_f000263.wav|en_US/by_book/female/mary_ann/northandsouth/wavs/northandsouth_28_f000263.wav|en|True|7.884|ljspeech|tts_models/en/ljspeech/tacotron2-DCA|tacotron2-DCA|I were not i the best state, Ill own, for taking in what Hampers friend had to say-I were so vexed at the way it were put to me;|-
./fake/en/tts_models_en_ljspeech_tacotron2-DCA/northandsouth_33_f000035.wav|en_US/by_book/female/mary_ann/northandsouth/wavs/northandsouth_33_f000035.wav|en|True|4.958|ljspeech|tts_models/en/ljspeech/tacotron2-DCA|tacotron2-DCA|their carriage should attend the funeral, if it would not be disagreeable to the family.|-
./fake/en/tts_models_en_ljspeech_tacotron2-DCA/wives_and_daughters_59_f000017.wav|en_UK/by_book/female/elizabeth_klett/wives_and_daughters/wavs/wives_and_daughters_59_f000017.wav|en|True|6.723|ljspeech|tts_models/en/ljspeech/tacotron2-DCA|tacotron2-DCA|Molly felt as if she could never speak to any one of the idea to which Missis Goodenough's words had given rise;|-
./fake/en/tts_models_en_ljspeech_tacotron2-DCA/jane_eyre_18_f000307.wav|en_UK/by_book/female/elizabeth_klett/jane_eyre/wavs/jane_eyre_18_f000307.wav|en|True|10.786|ljspeech|tts_models/en/ljspeech/tacotron2-DCA|tacotron2-DCA|If you please, miss, the gipsy declares that there is another young single lady in the room who has not been to her yet, and she swears she will not go till she has seen all.|-
./fake/en/tts_models_en_ljspeech_tacotron2-DCA/wives_and_daughters_06_f000241.wav|en_UK/by_book/female/elizabeth_klett/wives_and_daughters/wavs/wives_and_daughters_06_f000241.wav|en|True|6.387|ljspeech|tts_models/en/ljspeech/tacotron2-DCA|tacotron2-DCA|Oh: he only smiled and said nothing. You shouldn't take up words so seriously, my dear.|-
./fake/en/tts_models_en_ljspeech_tacotron2-DCA/the_master_key_11_f000035.wav|en_US/by_book/female/judy_bieber/the_master_key/wavs/the_master_key_11_f000035.wav|en|True|7.628|ljspeech|tts_models/en/ljspeech/tacotron2-DCA|tacotron2-DCA|The scientist glared at him with evident disappointment, and Rob continued: These are not all the wonders I can exhibit.|-
./fake/en/tts_models_en_ljspeech_tacotron2-DCA/silent_bullet_10_f000139.wav|en_US/by_book/male/elliot_miller/silent_bullet/wavs/silent_bullet_10_f000139.wav|en|True|9.602|ljspeech|tts_models/en/ljspeech/tacotron2-DCA|tacotron2-DCA|When I did, I saw that he had deliberately turned his back on the aviation field, and was anxiously, scanning the country back of us.|-
./fake/en/tts_models_en_ljspeech_tacotron2-DCA/dorothy_and_wizard_oz_04_f000048.wav|en_US/by_book/female/judy_bieber/dorothy_and_wizard_oz/wavs/dorothy_and_wizard_oz_04_f000048.wav|en|True|10.474|ljspeech|tts_models/en/ljspeech/tacotron2-DCA|tacotron2-DCA|Our people do not acquire their real life until they leave their bushes, said the Prince. You will notice they are all attached to the plants by the soles of their feet,|-
./fake/en/tts_models_en_ljspeech_tacotron2-DCA/wives_and_daughters_40_f000136.wav|en_UK/by_book/female/elizabeth_klett/wives_and_daughters/wavs/wives_and_daughters_40_f000136.wav|en|True|6.828|ljspeech|tts_models/en/ljspeech/tacotron2-DCA|tacotron2-DCA|Gracious goodness me! exclaimed Miss Phoebe, receiving it at once as gospel. How do you know?|-
./fake/en/tts_models_en_ljspeech_tacotron2-DCA/silent_bullet_07_f000214.wav|en_US/by_book/male/elliot_miller/silent_bullet/wavs/silent_bullet_07_f000214.wav|en|True|6.828|ljspeech|tts_models/en/ljspeech/tacotron2-DCA|tacotron2-DCA|Yes, but Lemoine was a fakir of the first water; said Andrews. Do you think this man is, too?|-
./fake/en/tts_models_en_ljspeech_tacotron2-DCA/dorothy_and_wizard_oz_03_f000001.wav|en_US/by_book/female/judy_bieber/dorothy_and_wizard_oz/wavs/dorothy_and_wizard_oz_03_f000001.wav|en|True|10.486|ljspeech|tts_models/en/ljspeech/tacotron2-DCA|tacotron2-DCA|This is there librivox recording. All librivox recordings are in the public domain. For more information or to volunteer please visit librivox dot org.|-
./fake/en/tts_models_en_ljspeech_tacotron2-DCA/wives_and_daughters_08_f000218.wav|en_UK/by_book/female/elizabeth_klett/wives_and_daughters/wavs/wives_and_daughters_08_f000218.wav|en|True|9.184|ljspeech|tts_models/en/ljspeech/tacotron2-DCA|tacotron2-DCA|that's not it - Mister Preston is most kind in sending me fruit and flowers from the Manor-house, according to dear Lord Cumnor's kind injunction.|-
./fake/en/tts_models_en_ljspeech_tacotron2-DCA/jane_eyre_05_f000073.wav|en_UK/by_book/female/elizabeth_klett/jane_eyre/wavs/jane_eyre_05_f000073.wav|en|True|7.350|ljspeech|tts_models/en/ljspeech/tacotron2-DCA|tacotron2-DCA|till, emerging from the total and somewhat dreary silence pervading that portion of the house we had traversed,|-
./fake/en/tts_models_en_ljspeech_tacotron2-DCA/the_sea_fairies_08_f000001.wav|en_US/by_book/female/judy_bieber/the_sea_fairies/wavs/the_sea_fairies_08_f000001.wav|en|True|2.497|ljspeech|tts_models/en/ljspeech/tacotron2-DCA|tacotron2-DCA|CHAPTER eight A BANQUET UNDER WATER.|-
./fake/en/tts_models_en_ljspeech_tacotron2-DCA/silent_bullet_12_f000168.wav|en_US/by_book/male/elliot_miller/silent_bullet/wavs/silent_bullet_12_f000168.wav|en|True|10.822|ljspeech|tts_models/en/ljspeech/tacotron2-DCA|tacotron2-DCA|At last I did open my eyes to gaze at the gasjets of the chandelier as they flickered. They seemed to send out waves, expanding and contracting, waves of colour.|-
./fake/en/tts_models_en_ljspeech_tacotron2-DCA/wives_and_daughters_30_f000168.wav|en_UK/by_book/female/elizabeth_klett/wives_and_daughters/wavs/wives_and_daughters_30_f000168.wav|en|True|5.492|ljspeech|tts_models/en/ljspeech/tacotron2-DCA|tacotron2-DCA|He was lashing himself again into an impotent rage, painful to a son to witness;|-
./fake/en/tts_models_en_ljspeech_tacotron2-DCA/wives_and_daughters_47_f000192.wav|en_UK/by_book/female/elizabeth_klett/wives_and_daughters/wavs/wives_and_daughters_47_f000192.wav|en|True|3.333|ljspeech|tts_models/en/ljspeech/tacotron2-DCA|tacotron2-DCA|I'm not going to believe it, so don't be afraid!|-
./fake/en/tts_models_en_ljspeech_tacotron2-DCA/northandsouth_03_f000056.wav|en_US/by_book/female/mary_ann/northandsouth/wavs/northandsouth_03_f000056.wav|en|True|12.540|ljspeech|tts_models/en/ljspeech/tacotron2-DCA|tacotron2-DCA|Now, please, just stop here for a minute or two, said Margaret. These are the cottages that haunted me so during the rainy fortnight, reproaching me for not having sketched them.|-
./fake/en/tts_models_en_ljspeech_tacotron2-DCA/northandsouth_36_f000058.wav|en_US/by_book/female/mary_ann/northandsouth/wavs/northandsouth_36_f000058.wav|en|True|4.517|ljspeech|tts_models/en/ljspeech/tacotron2-DCA|tacotron2-DCA|But Ill neer forswear mysel for a the work the king could gie me.|-
./fake/en/tts_models_en_ljspeech_tacotron2-DCA/dorothy_and_wizard_oz_02_f000134.wav|en_US/by_book/female/judy_bieber/dorothy_and_wizard_oz/wavs/dorothy_and_wizard_oz_02_f000134.wav|en|True|8.941|ljspeech|tts_models/en/ljspeech/tacotron2-DCA|tacotron2-DCA|Pretty soon a man joined the group who wore a glistening star in the dark hair just over his forehead. He seemed to be a person of authority,|-
./fake/en/tts_models_en_ljspeech_tacotron2-DCA/rinkitink_baum_04_64kb_f000058.wav|en_US/by_book/female/judy_bieber/rinkitink_in_oz/wavs/rinkitink_baum_04_64kb_f000058.wav|en|True|3.774|ljspeech|tts_models/en/ljspeech/tacotron2-DCA|tacotron2-DCA|Then let him stay there, suggested the goat.|-
./fake/en/tts_models_en_ljspeech_tacotron2-DCA/wives_and_daughters_12_f000018.wav|en_UK/by_book/female/elizabeth_klett/wives_and_daughters/wavs/wives_and_daughters_12_f000018.wav|en|True|6.955|ljspeech|tts_models/en/ljspeech/tacotron2-DCA|tacotron2-DCA|All at once the recollection of how Clare had come upon the passage in Lord Cumnor's letter flashed on his lady,|-
./fake/en/tts_models_en_ljspeech_tacotron2-DCA/ozma_of_oz_20_f000028.wav|en_US/by_book/female/judy_bieber/ozma_of_oz/wavs/ozma_of_oz_20_f000028.wav|en|True|11.019|ljspeech|tts_models/en/ljspeech/tacotron2-DCA|tacotron2-DCA|Then the party moved on again, and after crossing a broad river on a ferry and passing many fine farm houses that were dome shaped and painted a pretty green color,|-
./fake/en/tts_models_en_ljspeech_tacotron2-DCA/silent_bullet_11_f000237.wav|en_US/by_book/male/elliot_miller/silent_bullet/wavs/silent_bullet_11_f000237.wav|en|True|12.110|ljspeech|tts_models/en/ljspeech/tacotron2-DCA|tacotron2-DCA|Now I dont mind telling you in strict confidence, continued the lieutenant, that its my theory that old Cesare has seen Paoli here, knew he was wanted for that murder of the old music master,|-
./fake/en/tts_models_en_ljspeech_tacotron2-DCA/northandsouth_31_f000067.wav|en_US/by_book/female/mary_ann/northandsouth/wavs/northandsouth_31_f000067.wav|en|True|6.259|ljspeech|tts_models/en/ljspeech/tacotron2-DCA|tacotron2-DCA|and I couldnt see that he minded what I said in the least, while I was mad with all his speeches.|-
./fake/en/tts_models_en_ljspeech_tacotron2-DCA/poisoned_pen_05_f000224.wav|en_US/by_book/male/elliot_miller/poisoned_pen/wavs/poisoned_pen_05_f000224.wav|en|True|4.447|ljspeech|tts_models/en/ljspeech/tacotron2-DCA|tacotron2-DCA|cried Kennedy, leaping to his feet, all energy again.|-
./fake/en/tts_models_en_ljspeech_tacotron2-DCA/wives_and_daughters_52_f000216.wav|en_UK/by_book/female/elizabeth_klett/wives_and_daughters/wavs/wives_and_daughters_52_f000216.wav|en|True|11.624|ljspeech|tts_models/en/ljspeech/tacotron2-DCA|tacotron2-DCA|Only think! If he had paid either of you any particular attention, and you had fallen in love with him! Why, he might have broken your heart, or Molly's either.|-
./fake/en/tts_models_en_ljspeech_tacotron2-DCA/emerald_city_of_oz_25_f000015.wav|en_US/by_book/female/judy_bieber/emerald_city_of_oz/wavs/emerald_city_of_oz_25_f000015.wav|en|True|9.522|ljspeech|tts_models/en/ljspeech/tacotron2-DCA|tacotron2-DCA|Poor Ozma! whispered Dorothy, with tears in her sweet eyes. It's dreadful to think of all her lovely fairy country being destroyed.|-
./fake/en/tts_models_en_ljspeech_tacotron2-DCA/wives_and_daughters_11_f000001.wav|en_UK/by_book/female/elizabeth_klett/wives_and_daughters/wavs/wives_and_daughters_11_f000001.wav|en|True|8.698|ljspeech|tts_models/en/ljspeech/tacotron2-DCA|tacotron2-DCA|Chapter eleven of Wives and daughters. This librivox recording is in the public domain. Recording by Elisabeth Klett.|-
./fake/en/tts_models_en_ljspeech_tacotron2-DCA/silent_bullet_08_f000099.wav|en_US/by_book/male/elliot_miller/silent_bullet/wavs/silent_bullet_08_f000099.wav|en|True|9.858|ljspeech|tts_models/en/ljspeech/tacotron2-DCA|tacotron2-DCA|No sooner had Laura Vanderdyke learned of this intimacy of her husband, continued Whitney, than she quietly hired private detectives to shadow him,|-
./fake/en/tts_models_en_ljspeech_tacotron2-DCA/jane_eyre_19_f000195.wav|en_UK/by_book/female/elizabeth_klett/jane_eyre/wavs/jane_eyre_19_f000195.wav|en|True|4.111|ljspeech|tts_models/en/ljspeech/tacotron2-DCA|tacotron2-DCA|Can I help you, sir? - I'd give my life to serve you.|-
./fake/en/tts_models_en_ljspeech_tacotron2-DCA/skyisland_05_baum_64kb_f000019.wav|en_US/by_book/female/judy_bieber/sky_island/wavs/skyisland_05_baum_64kb_f000019.wav|en|True|8.488|ljspeech|tts_models/en/ljspeech/tacotron2-DCA|tacotron2-DCA|But the angry inhabitants of this blue place would not permit them to look around them in peace, for as soon as captain Bill rolled off his toes,|-
./fake/en/tts_models_en_ljspeech_tacotron2-DCA/northandsouth_23_f000056.wav|en_US/by_book/female/mary_ann/northandsouth/wavs/northandsouth_23_f000056.wav|en|True|10.485|ljspeech|tts_models/en/ljspeech/tacotron2-DCA|tacotron2-DCA|Everything seemed dim and vague beyond-behind-besides the touch of her arms round his neck-the soft clinging which made the dark colour come and go in his cheek as he thought of it.|-
./fake/en/tts_models_en_ljspeech_tacotron2-DCA/wives_and_daughters_22_f000066.wav|en_UK/by_book/female/elizabeth_klett/wives_and_daughters/wavs/wives_and_daughters_22_f000066.wav|en|True|3.356|ljspeech|tts_models/en/ljspeech/tacotron2-DCA|tacotron2-DCA|But now that Osborne had barely obtained his degree;|-
./fake/en/tts_models_en_ljspeech_tacotron2-DCA/piratesofersatz_11_leinster_64kb_f000023.wav|en_US/by_book/male/elliot_miller/pirates_of_ersatz/wavs/piratesofersatz_11_leinster_64kb_f000023.wav|en|True|8.245|ljspeech|tts_models/en/ljspeech/tacotron2-DCA|tacotron2-DCA|Thal wept. Hoddan astonishedly regarded his whiskery countenance, contorted with grief and dampened with tears.|-
./fake/en/tts_models_en_ljspeech_tacotron2-DCA/poisoned_pen_08_f000173.wav|en_US/by_book/male/elliot_miller/poisoned_pen/wavs/poisoned_pen_08_f000173.wav|en|True|11.390|ljspeech|tts_models/en/ljspeech/tacotron2-DCA|tacotron2-DCA|I went directly to the Lorraine and began frankly by telling them that I represented the By-Products Company in New York and was authorised to investigate the bad check which they had received.|-
./fake/en/tts_models_en_ljspeech_tacotron2-DCA/northandsouth_08_f000038.wav|en_US/by_book/female/mary_ann/northandsouth/wavs/northandsouth_08_f000038.wav|en|True|9.416|ljspeech|tts_models/en/ljspeech/tacotron2-DCA|tacotron2-DCA|all out-of-doors, pleasure-seeking and glad, Ediths life seemed like the deep vault of blue sky above her, free-utterly free from fleck or cloud.|-
./fake/en/tts_models_en_ljspeech_tacotron2-DCA/midnight_passenger_15_f000024.wav|en_US/by_book/female/mary_ann/midnight_passenger/wavs/midnight_passenger_15_f000024.wav|en|True|10.949|ljspeech|tts_models/en/ljspeech/tacotron2-DCA|tacotron2-DCA|A mock auction allured the crowd, where the drugstore had long gathered the degenerates, and a gaudy Bargain Bazar flourished where once Lilienthal's inviting smile had wooed the unwary.|-
./fake/en/tts_models_en_ljspeech_tacotron2-DCA/jane_eyre_17_f000408.wav|en_UK/by_book/female/elizabeth_klett/jane_eyre/wavs/jane_eyre_17_f000408.wav|en|True|7.350|ljspeech|tts_models/en/ljspeech/tacotron2-DCA|tacotron2-DCA|Miss Ingram ought to be clement, for she has it in her power to inflict a chastisement beyond mortal endurance.|-
./fake/en/tts_models_en_ljspeech_tacotron2-DCA/wives_and_daughters_12_f000071.wav|en_UK/by_book/female/elizabeth_klett/wives_and_daughters/wavs/wives_and_daughters_12_f000071.wav|en|True|8.186|ljspeech|tts_models/en/ljspeech/tacotron2-DCA|tacotron2-DCA|when she had taken above an hour to arrange her hair in some new mode carefully studied from Missis Bradley's fashion-book - after all,|-
./fake/en/tts_models_en_ljspeech_tacotron2-DCA/emerald_city_of_oz_22_f000006.wav|en_US/by_book/female/judy_bieber/emerald_city_of_oz/wavs/emerald_city_of_oz_22_f000006.wav|en|True|5.260|ljspeech|tts_models/en/ljspeech/tacotron2-DCA|tacotron2-DCA|You've played hookey the whole day, added the Shaggy Man, reproachfully.|-
./fake/en/tts_models_en_ljspeech_tacotron2-DCA/midnight_passenger_10_f000093.wav|en_US/by_book/female/mary_ann/midnight_passenger/wavs/midnight_passenger_10_f000093.wav|en|True|5.353|ljspeech|tts_models/en/ljspeech/tacotron2-DCA|tacotron2-DCA|The golden crown of the millionaire seemed to have descended upon his brows at last.|-
./fake/en/tts_models_en_ljspeech_tacotron2-DCA/pink_fairy_book_32_f000071.wav|en_US/by_book/male/elliot_miller/pink_fairy_book/wavs/pink_fairy_book_32_f000071.wav|en|True|3.960|ljspeech|tts_models/en/ljspeech/tacotron2-DCA|tacotron2-DCA|Ah, you dont know that, said Esben; Ive helped you before.|-
./fake/en/tts_models_en_ljspeech_tacotron2-DCA/skyisland_24_baum_64kb_f000053.wav|en_US/by_book/female/judy_bieber/sky_island/wavs/skyisland_24_baum_64kb_f000053.wav|en|True|9.927|ljspeech|tts_models/en/ljspeech/tacotron2-DCA|tacotron2-DCA|Meanwhile, Trot, being invisible to all, was roaming around the room, and behind a bench she found a small end of rope, which she picked up.|-
./fake/en/tts_models_en_ljspeech_tacotron2-DCA/wives_and_daughters_15_f000010.wav|en_UK/by_book/female/elizabeth_klett/wives_and_daughters/wavs/wives_and_daughters_15_f000010.wav|en|True|9.416|ljspeech|tts_models/en/ljspeech/tacotron2-DCA|tacotron2-DCA|but her veil was so securely and becomingly fastened down, that it was some time before Missis Gibson could get her lips clear to greet her new daughter.|-
./fake/en/tts_models_en_ljspeech_tacotron2-DCA/skyisland_05_baum_64kb_f000097.wav|en_US/by_book/female/judy_bieber/sky_island/wavs/skyisland_05_baum_64kb_f000097.wav|en|True|4.401|ljspeech|tts_models/en/ljspeech/tacotron2-DCA|tacotron2-DCA|and the other end to his swing seat, which lay on the ground before them.|-
./fake/en/tts_models_en_ljspeech_tacotron2-DCA/midnight_passenger_03_f000099.wav|en_US/by_book/female/mary_ann/midnight_passenger/wavs/midnight_passenger_03_f000099.wav|en|True|3.495|ljspeech|tts_models/en/ljspeech/tacotron2-DCA|tacotron2-DCA|But his beating heart told him already that she was not there.|-
./fake/en/tts_models_en_ljspeech_tacotron2-DCA/pink_fairy_book_36_f000091.wav|en_US/by_book/male/elliot_miller/pink_fairy_book/wavs/pink_fairy_book_36_f000091.wav|en|True|2.311|ljspeech|tts_models/en/ljspeech/tacotron2-DCA|tacotron2-DCA|as her own mother used to do.|-
./fake/en/tts_models_en_ljspeech_tacotron2-DCA/the_master_key_03_f000046.wav|en_US/by_book/female/judy_bieber/the_master_key/wavs/the_master_key_03_f000046.wav|en|True|5.887|ljspeech|tts_models/en/ljspeech/tacotron2-DCA|tacotron2-DCA|To defend himself he uses heavy and dangerous guns, with which to destroy his enemies.|-
./fake/en/tts_models_en_ljspeech_tacotron2-DCA/northandsouth_04_f000016.wav|en_US/by_book/female/mary_ann/northandsouth/wavs/northandsouth_04_f000016.wav|en|True|8.186|ljspeech|tts_models/en/ljspeech/tacotron2-DCA|tacotron2-DCA|while he, not many minutes after he had met with a rejection of what ought to have been the deepest, holiest proposal of his life,|-
./fake/en/tts_models_en_ljspeech_tacotron2-DCA/dorothy_and_wizard_oz_05_f000039.wav|en_US/by_book/female/judy_bieber/dorothy_and_wizard_oz/wavs/dorothy_and_wizard_oz_05_f000039.wav|en|True|8.500|ljspeech|tts_models/en/ljspeech/tacotron2-DCA|tacotron2-DCA|No, answered the little man, you are quite right. In the strict sense of the word I am not a Wizard, but only a humbug.|-
./fake/en/tts_models_en_ljspeech_tacotron2-DCA/wives_and_daughters_45_f000115.wav|en_UK/by_book/female/elizabeth_klett/wives_and_daughters/wavs/wives_and_daughters_45_f000115.wav|en|True|9.057|ljspeech|tts_models/en/ljspeech/tacotron2-DCA|tacotron2-DCA|But there is something between Cynthia and Roger; they are more to each other than I am to Osborne, for instance. What am I to call it?|-
./fake/en/tts_models_en_ljspeech_tacotron2-DCA/wives_and_daughters_31_f000062.wav|en_UK/by_book/female/elizabeth_klett/wives_and_daughters/wavs/wives_and_daughters_31_f000062.wav|en|True|7.768|ljspeech|tts_models/en/ljspeech/tacotron2-DCA|tacotron2-DCA|Parties were made in his honour, just as if he had been a bride, Miss Phoebe Browning said; and to all of them he went.|-
./fake/en/tts_models_en_ljspeech_tacotron2-DCA/poisoned_pen_01_f000251.wav|en_US/by_book/male/elliot_miller/poisoned_pen/wavs/poisoned_pen_01_f000251.wav|en|True|7.571|ljspeech|tts_models/en/ljspeech/tacotron2-DCA|tacotron2-DCA|I determined to see Vera, tell her all, and find out whether it was she who wanted this statement. I saw her.|-
./fake/en/tts_models_en_ljspeech_tacotron2-DCA/piratesofersatz_03_leinster_64kb_f000131.wav|en_US/by_book/male/elliot_miller/pirates_of_ersatz/wavs/piratesofersatz_03_leinster_64kb_f000131.wav|en|True|10.254|ljspeech|tts_models/en/ljspeech/tacotron2-DCA|tacotron2-DCA|He was the only passenger. He had barely reached a firm footing when objects followed him. His own ship bag - a gift from the ambassador - and then parcels,|-
./fake/en/tts_models_en_ljspeech_tacotron2-DCA/silent_bullet_06_f000023.wav|en_US/by_book/male/elliot_miller/silent_bullet/wavs/silent_bullet_06_f000023.wav|en|True|6.503|ljspeech|tts_models/en/ljspeech/tacotron2-DCA|tacotron2-DCA|Have you any facts in your possession which have not been given to the public yet? asked Craig.|-
./fake/en/tts_models_en_ljspeech_tacotron2-DCA/northandsouth_08_f000179.wav|en_US/by_book/female/mary_ann/northandsouth/wavs/northandsouth_08_f000179.wav|en|True|6.444|ljspeech|tts_models/en/ljspeech/tacotron2-DCA|tacotron2-DCA|We put up at nine Frances Street, second turn to the left at after yove past the Goulden Dragon.|-
./fake/en/tts_models_en_ljspeech_tacotron2-DCA/piratesofersatz_04_leinster_64kb_f000274.wav|en_US/by_book/male/elliot_miller/pirates_of_ersatz/wavs/piratesofersatz_04_leinster_64kb_f000274.wav|en|True|9.138|ljspeech|tts_models/en/ljspeech/tacotron2-DCA|tacotron2-DCA|Tell them they're not to shoot at anybody more than five yards off and not coming at them, and if any man stops to plunder I'll kill him personally!|-
./fake/en/tts_models_en_ljspeech_tacotron2-DCA/midnight_passenger_06_f000189.wav|en_US/by_book/female/mary_ann/midnight_passenger/wavs/midnight_passenger_06_f000189.wav|en|True|7.803|ljspeech|tts_models/en/ljspeech/tacotron2-DCA|tacotron2-DCA|You know he is a very heavy stockholder in the Cramp Shipbuilding Company. I will not be back for several days.|-
./fake/en/tts_models_en_ljspeech_tacotron2-DCA/wives_and_daughters_04_f000042.wav|en_UK/by_book/female/elizabeth_klett/wives_and_daughters/wavs/wives_and_daughters_04_f000042.wav|en|True|6.026|ljspeech|tts_models/en/ljspeech/tacotron2-DCA|tacotron2-DCA|Miss Brownings thought that it was because he had such an elegant figure, and such a distinguished manner;|-
./fake/en/tts_models_en_ljspeech_tacotron2-DCA/silent_bullet_13_f000286.wav|en_US/by_book/male/elliot_miller/silent_bullet/wavs/silent_bullet_13_f000286.wav|en|True|4.819|ljspeech|tts_models/en/ljspeech/tacotron2-DCA|tacotron2-DCA|Almost as he said it, the steel beneath the blowpipe became incandescent.|-
./fake/en/tts_models_en_ljspeech_tacotron2-DCA/poisoned_pen_12_f000397.wav|en_US/by_book/male/elliot_miller/poisoned_pen/wavs/poisoned_pen_12_f000397.wav|en|True|4.471|ljspeech|tts_models/en/ljspeech/tacotron2-DCA|tacotron2-DCA|or all together with cheers as the returns swung in another direction.|-
./fake/en/tts_models_en_ljspeech_tacotron2-DCA/northandsouth_47_f000051.wav|en_US/by_book/female/mary_ann/northandsouth/wavs/northandsouth_47_f000051.wav|en|True|8.766|ljspeech|tts_models/en/ljspeech/tacotron2-DCA|tacotron2-DCA|And then, having nothing else particular to do, she cried, and said that she knew she cared much more for Margaret than Margaret did for her.|-
./fake/en/tts_models_en_ljspeech_tacotron2-DCA/wives_and_daughters_57_f000092.wav|en_UK/by_book/female/elizabeth_klett/wives_and_daughters/wavs/wives_and_daughters_57_f000092.wav|en|True|6.119|ljspeech|tts_models/en/ljspeech/tacotron2-DCA|tacotron2-DCA|But, you see, it is a great mortification to a girl of her age to lose her first visit to London.|-
./fake/en/tts_models_en_ljspeech_tacotron2-DCA/ozma_of_oz_10_f000041.wav|en_US/by_book/female/judy_bieber/ozma_of_oz/wavs/ozma_of_oz_10_f000041.wav|en|True|12.110|ljspeech|tts_models/en/ljspeech/tacotron2-DCA|tacotron2-DCA|The form was that of a gigantic man built out of plates of cast iron, and it stood with one foot on either side of the narrow road and swung over its right shoulder an immense iron mallet,|-
./fake/en/tts_models_en_ljspeech_tacotron2-DCA/northandsouth_42_f000155.wav|en_US/by_book/female/mary_ann/northandsouth/wavs/northandsouth_42_f000155.wav|en|True|7.907|ljspeech|tts_models/en/ljspeech/tacotron2-DCA|tacotron2-DCA|Hes a lawyer, and they were in pretty constant correspondence with him; and I remember mister Hale told me he thought he would come down.|-
./fake/en/tts_models_en_ljspeech_tacotron2-DCA/the_sea_fairies_09_f000071.wav|en_US/by_book/female/judy_bieber/the_sea_fairies/wavs/the_sea_fairies_09_f000071.wav|en|True|8.789|ljspeech|tts_models/en/ljspeech/tacotron2-DCA|tacotron2-DCA|But the octopi are not very bad, said the Princess, and we get along with them much better than we do with their cousins, the sea devils.|-
./fake/en/tts_models_en_ljspeech_tacotron2-DCA/the_sea_fairies_16_f000024.wav|en_US/by_book/female/judy_bieber/the_sea_fairies/wavs/the_sea_fairies_16_f000024.wav|en|True|2.567|ljspeech|tts_models/en/ljspeech/tacotron2-DCA|tacotron2-DCA|Yes indeed, was the reply.|-
./fake/en/tts_models_en_ljspeech_tacotron2-DCA/northandsouth_42_f000009.wav|en_US/by_book/female/mary_ann/northandsouth/wavs/northandsouth_42_f000009.wav|en|True|10.172|ljspeech|tts_models/en/ljspeech/tacotron2-DCA|tacotron2-DCA|The shock had been great. Margaret fell into a state of prostration, which did not show itself in sobs and tears, or even find the relief of words.|-
./fake/en/tts_models_en_ljspeech_tacotron2-DCA/emerald_city_of_oz_09_f000067.wav|en_US/by_book/female/judy_bieber/emerald_city_of_oz/wavs/emerald_city_of_oz_09_f000067.wav|en|True|2.009|ljspeech|tts_models/en/ljspeech/tacotron2-DCA|tacotron2-DCA|I see, said Uncle Henry.|-
./fake/en/tts_models_en_ljspeech_tacotron2-DCA/midnight_passenger_02_f000002.wav|en_US/by_book/female/mary_ann/midnight_passenger/wavs/midnight_passenger_02_f000002.wav|en|True|11.019|ljspeech|tts_models/en/ljspeech/tacotron2-DCA|tacotron2-DCA|While Randall Clayton was lingering moodily over a lonely dinner at the Grand Union, his office boy was dallying with a cigarette on the front platform of a Fourth Avenue car.|-
./fake/en/tts_models_en_ljspeech_tacotron2-DCA/midnight_passenger_04_f000097.wav|en_US/by_book/female/mary_ann/midnight_passenger/wavs/midnight_passenger_04_f000097.wav|en|True|3.797|ljspeech|tts_models/en/ljspeech/tacotron2-DCA|tacotron2-DCA|He will surely make her a good husband of the plutocratic code.|-
./fake/en/tts_models_en_ljspeech_tacotron2-DCA/northandsouth_04_f000002.wav|en_US/by_book/female/mary_ann/northandsouth/wavs/northandsouth_04_f000002.wav|en|True|2.567|ljspeech|tts_models/en/ljspeech/tacotron2-DCA|tacotron2-DCA|Cast me upon some naked shore,|-
./fake/en/tts_models_en_ljspeech_tacotron2-DCA/wives_and_daughters_60_f000169.wav|en_UK/by_book/female/elizabeth_klett/wives_and_daughters/wavs/wives_and_daughters_60_f000169.wav|en|True|6.560|ljspeech|tts_models/en/ljspeech/tacotron2-DCA|tacotron2-DCA|When you come back it will be time enough to inquire how far your father would approve of such an engagement.|-
./fake/en/tts_models_en_ljspeech_tacotron2-DCA/northandsouth_40_f000151.wav|en_US/by_book/female/mary_ann/northandsouth/wavs/northandsouth_40_f000151.wav|en|True|6.676|ljspeech|tts_models/en/ljspeech/tacotron2-DCA|tacotron2-DCA|Hale! did it ever strike you that Thornton and your daughter have what the French call a tendresse for each other?|-
./fake/en/tts_models_en_ljspeech_tacotron2-DCA/northandsouth_20_f000183.wav|en_US/by_book/female/mary_ann/northandsouth/wavs/northandsouth_20_f000183.wav|en|True|3.786|ljspeech|tts_models/en/ljspeech/tacotron2-DCA|tacotron2-DCA|A Milton lady? asked he, as the name was given.|-
./fake/en/tts_models_en_ljspeech_tacotron2-DCA/piratesofersatz_02_leinster_64kb_f000256.wav|en_US/by_book/male/elliot_miller/pirates_of_ersatz/wavs/piratesofersatz_02_leinster_64kb_f000256.wav|en|True|10.149|ljspeech|tts_models/en/ljspeech/tacotron2-DCA|tacotron2-DCA|Yes. He'd achieve splendid things, he'd grow rich, he'd come back and marry that delightful girl, Nedda, and end as a great man.|-
./fake/en/tts_models_en_ljspeech_tacotron2-DCA/wives_and_daughters_49_f000081.wav|en_UK/by_book/female/elizabeth_klett/wives_and_daughters/wavs/wives_and_daughters_49_f000081.wav|en|True|4.796|ljspeech|tts_models/en/ljspeech/tacotron2-DCA|tacotron2-DCA|What is all this I hear about my little friend Molly Gibson and Mister Preston?|-
./fake/en/tts_models_en_ljspeech_tacotron2-DCA/the_master_key_13_f000025.wav|en_US/by_book/female/judy_bieber/the_master_key/wavs/the_master_key_13_f000025.wav|en|True|5.446|ljspeech|tts_models/en/ljspeech/tacotron2-DCA|tacotron2-DCA|It's a desert, all right, was his comment; perhaps old Sahara herself.|-
./fake/en/tts_models_en_ljspeech_tacotron2-DCA/skyisland_23_baum_64kb_f000016.wav|en_US/by_book/female/judy_bieber/sky_island/wavs/skyisland_23_baum_64kb_f000016.wav|en|True|7.837|ljspeech|tts_models/en/ljspeech/tacotron2-DCA|tacotron2-DCA|Trot threw pillows at them, so that presently all six were indulging in a free-for-all battle and snarling like tigers.|-
./fake/en/tts_models_en_ljspeech_tacotron2-DCA/jane_eyre_37_f000308.wav|en_UK/by_book/female/elizabeth_klett/jane_eyre/wavs/jane_eyre_37_f000308.wav|en|True|1.731|ljspeech|tts_models/en/ljspeech/tacotron2-DCA|tacotron2-DCA|Did he teach you nothing?|-
./fake/en/tts_models_en_ljspeech_tacotron2-DCA/the_sea_fairies_19_f000053.wav|en_US/by_book/female/judy_bieber/the_sea_fairies/wavs/the_sea_fairies_19_f000053.wav|en|True|6.537|ljspeech|tts_models/en/ljspeech/tacotron2-DCA|tacotron2-DCA|Zog had been taken by surprise, and his great fear of Anko destroyed all of his magic power.|-
./fake/en/tts_models_en_ljspeech_tacotron2-DCA/jane_eyre_31_f000006.wav|en_UK/by_book/female/elizabeth_klett/jane_eyre/wavs/jane_eyre_31_f000006.wav|en|True|2.172|ljspeech|tts_models/en/ljspeech/tacotron2-DCA|tacotron2-DCA|and a set of tea-things in delf.|-
./fake/en/tts_models_en_ljspeech_tacotron2-DCA/dorothy_and_wizard_oz_10_f000024.wav|en_US/by_book/female/judy_bieber/dorothy_and_wizard_oz/wavs/dorothy_and_wizard_oz_10_f000024.wav|en|True|8.534|ljspeech|tts_models/en/ljspeech/tacotron2-DCA|tacotron2-DCA|Just above them, and almost on a level with their platform, were banks of rolling clouds which constantly shifted position and changed color.|-
./fake/en/tts_models_en_ljspeech_tacotron2-DCA/poisoned_pen_11_f000408.wav|en_US/by_book/male/elliot_miller/poisoned_pen/wavs/poisoned_pen_11_f000408.wav|en|True|8.952|ljspeech|tts_models/en/ljspeech/tacotron2-DCA|tacotron2-DCA|You perhaps are not acquainted with the fact, but the markings of the veins in the back of the hand are peculiar to each individual - as infallible,|-
./fake/en/tts_models_en_ljspeech_tacotron2-DCA/jane_eyre_34_f000337.wav|en_UK/by_book/female/elizabeth_klett/jane_eyre/wavs/jane_eyre_34_f000337.wav|en|True|7.605|ljspeech|tts_models/en/ljspeech/tacotron2-DCA|tacotron2-DCA|As a conductress of Indian schools, and a helper amongst Indian women, your assistance will be to me invaluable.|-
./fake/en/tts_models_en_ljspeech_tacotron2-DCA/hunters_space_02_f000085.wav|en_US/by_book/male/elliot_miller/hunters_space/wavs/hunters_space_02_f000085.wav|en|True|9.173|ljspeech|tts_models/en/ljspeech/tacotron2-DCA|tacotron2-DCA|Doctor Jack Odin was never able to get all of his medical training out of his mind. Examining the skeleton he found that both legs had been broken.|-
./fake/en/tts_models_en_ljspeech_tacotron2-DCA/jane_eyre_35_f000086.wav|en_UK/by_book/female/elizabeth_klett/jane_eyre/wavs/jane_eyre_35_f000086.wav|en|True|2.543|ljspeech|tts_models/en/ljspeech/tacotron2-DCA|tacotron2-DCA|I should not live long in that climate.|-
./fake/en/tts_models_en_ljspeech_tacotron2-DCA/hunters_space_11_f000095.wav|en_US/by_book/male/elliot_miller/hunters_space/wavs/hunters_space_11_f000095.wav|en|True|2.683|ljspeech|tts_models/en/ljspeech/tacotron2-DCA|tacotron2-DCA|I dreamed the strangest dreams.|-
./fake/en/tts_models_en_ljspeech_tacotron2-DCA/jane_eyre_06_f000084.wav|en_UK/by_book/female/elizabeth_klett/jane_eyre/wavs/jane_eyre_06_f000084.wav|en|True|10.752|ljspeech|tts_models/en/ljspeech/tacotron2-DCA|tacotron2-DCA|Still I felt that Helen Burns considered things by a light invisible to my eyes. I suspected she might be right and I wrong; but I would not ponder the matter deeply;|-
./fake/en/tts_models_en_ljspeech_tacotron2-DCA/jane_eyre_29_f000129.wav|en_UK/by_book/female/elizabeth_klett/jane_eyre/wavs/jane_eyre_29_f000129.wav|en|True|3.774|ljspeech|tts_models/en/ljspeech/tacotron2-DCA|tacotron2-DCA|Diana took my hand: she shook her head at me.|-
./fake/en/tts_models_en_ljspeech_tacotron2-DCA/wives_and_daughters_47_f000103.wav|en_UK/by_book/female/elizabeth_klett/wives_and_daughters/wavs/wives_and_daughters_47_f000103.wav|en|True|5.910|ljspeech|tts_models/en/ljspeech/tacotron2-DCA|tacotron2-DCA|Oh no, sister! said Miss Phoebe, moving to a seat close to her sister's on the sofa.|-
./fake/en/tts_models_en_ljspeech_tacotron2-DCA/poisoned_pen_09_f000350.wav|en_US/by_book/male/elliot_miller/poisoned_pen/wavs/poisoned_pen_09_f000350.wav|en|True|2.009|ljspeech|tts_models/en/ljspeech/tacotron2-DCA|tacotron2-DCA|Kennedy! he exclaimed.|-
./fake/en/tts_models_en_ljspeech_tacotron2-DCA/dorothy_and_wizard_oz_19_f000023.wav|en_US/by_book/female/judy_bieber/dorothy_and_wizard_oz/wavs/dorothy_and_wizard_oz_19_f000023.wav|en|True|11.193|ljspeech|tts_models/en/ljspeech/tacotron2-DCA|tacotron2-DCA|Very true, returned the Woggle-Bug, bowing. I say I see the criminal, in my mind's eye, creeping stealthily into the room of our Ozma and secreting herself,|-
./fake/en/tts_models_en_ljspeech_tacotron2-DCA/emerald_city_of_oz_09_f000080.wav|en_US/by_book/female/judy_bieber/emerald_city_of_oz/wavs/emerald_city_of_oz_09_f000080.wav|en|True|13.308|ljspeech|tts_models/en/ljspeech/tacotron2-DCA|tacotron2-DCA|Oh, yes; of course. They get all those, and more, returned the Professor. But such things occupy little of their time. Please follow me and I will show you how my scholars are usually occupied.|-
./fake/en/tts_models_en_ljspeech_tacotron2-DCA/northandsouth_42_f000100.wav|en_US/by_book/female/mary_ann/northandsouth/wavs/northandsouth_42_f000100.wav|en|True|7.489|ljspeech|tts_models/en/ljspeech/tacotron2-DCA|tacotron2-DCA|the days, the hours, when a walk of two miles, every step of which was pleasant, as it brought him nearer and nearer to her,|-
./fake/en/tts_models_en_ljspeech_tacotron2-DCA/rinkitink_baum_06_64kb_f000035.wav|en_US/by_book/female/judy_bieber/rinkitink_in_oz/wavs/rinkitink_baum_06_64kb_f000035.wav|en|True|8.348|ljspeech|tts_models/en/ljspeech/tacotron2-DCA|tacotron2-DCA|As for your determination to do what I admit I can't do, Inga, I fear you forget that you are only a boy, and rather small at that.|-
./fake/en/tts_models_en_ljspeech_tacotron2-DCA/wives_and_daughters_11_f000016.wav|en_UK/by_book/female/elizabeth_klett/wives_and_daughters/wavs/wives_and_daughters_11_f000016.wav|en|True|8.557|ljspeech|tts_models/en/ljspeech/tacotron2-DCA|tacotron2-DCA|at telling the parents of her pupils that she did not intend to resume school, and that they must find another place of education for their daughters,|-
./fake/en/tts_models_en_ljspeech_tacotron2-DCA/jane_eyre_18_f000012.wav|en_UK/by_book/female/elizabeth_klett/jane_eyre/wavs/jane_eyre_18_f000012.wav|en|True|9.602|ljspeech|tts_models/en/ljspeech/tacotron2-DCA|tacotron2-DCA|The servants were called in, the dining-room tables wheeled away, the lights otherwise disposed, the chairs placed in a semicircle opposite the arch.|-
./fake/en/tts_models_en_ljspeech_tacotron2-DCA/jane_eyre_05_f000193.wav|en_UK/by_book/female/elizabeth_klett/jane_eyre/wavs/jane_eyre_05_f000193.wav|en|True|8.766|ljspeech|tts_models/en/ljspeech/tacotron2-DCA|tacotron2-DCA|I read these words over and over again: I felt that an explanation belonged to them, and was unable fully to penetrate their import.|-
./fake/en/tts_models_en_ljspeech_tacotron2-DCA/northandsouth_43_f000039.wav|en_US/by_book/female/mary_ann/northandsouth/wavs/northandsouth_43_f000039.wav|en|True|7.211|ljspeech|tts_models/en/ljspeech/tacotron2-DCA|tacotron2-DCA|and his whole heart is set and bent upon this one thing, and Margaret Hale is not the girl to say him nay.|-
./fake/en/tts_models_en_ljspeech_tacotron2-DCA/wives_and_daughters_21_f000247.wav|en_UK/by_book/female/elizabeth_klett/wives_and_daughters/wavs/wives_and_daughters_21_f000247.wav|en|True|6.991|ljspeech|tts_models/en/ljspeech/tacotron2-DCA|tacotron2-DCA|So she could leave him, and go in. But just as she was close to the garden door, Roger came out.|-
./fake/en/tts_models_en_ljspeech_tacotron2-DCA/jane_eyre_18_f000044.wav|en_UK/by_book/female/elizabeth_klett/jane_eyre/wavs/jane_eyre_18_f000044.wav|en|True|6.155|ljspeech|tts_models/en/ljspeech/tacotron2-DCA|tacotron2-DCA|Presently advanced into view Miss Ingram. She, too, was attired in oriental fashion:|-
./fake/en/tts_models_en_ljspeech_tacotron2-DCA/the_master_key_20_f000034.wav|en_US/by_book/female/judy_bieber/the_master_key/wavs/the_master_key_20_f000034.wav|en|True|3.170|ljspeech|tts_models/en/ljspeech/tacotron2-DCA|tacotron2-DCA|The Demon started, and gave him an odd look.|-
./fake/en/tts_models_en_ljspeech_tacotron2-DCA/northandsouth_44_f000196.wav|en_US/by_book/female/mary_ann/northandsouth/wavs/northandsouth_44_f000196.wav|en|True|8.720|ljspeech|tts_models/en/ljspeech/tacotron2-DCA|tacotron2-DCA|To be sure, there is something fine in a man of mister Hales age leaving his home of twenty years, and giving up all settled habits,|-
./fake/en/tts_models_en_ljspeech_tacotron2-DCA/northandsouth_14_f000070.wav|en_US/by_book/female/mary_ann/northandsouth/wavs/northandsouth_14_f000070.wav|en|True|11.472|ljspeech|tts_models/en/ljspeech/tacotron2-DCA|tacotron2-DCA|He came at last, his arms hanging loose down, his head sunk, and walking heavily along, as if every step was a labour and a trouble. Margaret, I see him now.|-
./fake/en/tts_models_en_ljspeech_tacotron2-DCA/northandsouth_05_f000166.wav|en_US/by_book/female/mary_ann/northandsouth/wavs/northandsouth_05_f000166.wav|en|True|10.090|ljspeech|tts_models/en/ljspeech/tacotron2-DCA|tacotron2-DCA|Dixon, she said, in the low tone she always used when much excited, which had a sound in it as of some distant turmoil, or threatening storm breaking far away.|-
./fake/en/tts_models_en_ljspeech_tacotron2-DCA/jane_eyre_07_f000102.wav|en_UK/by_book/female/elizabeth_klett/jane_eyre/wavs/jane_eyre_07_f000102.wav|en|True|8.580|ljspeech|tts_models/en/ljspeech/tacotron2-DCA|tacotron2-DCA|Why, in defiance of every precept and principle of this house, does she conform to the world so openly - here in an evangelical,|-
./fake/en/tts_models_en_ljspeech_tacotron2-DCA/dorothy_and_wizard_oz_05_f000073.wav|en_US/by_book/female/judy_bieber/dorothy_and_wizard_oz/wavs/dorothy_and_wizard_oz_05_f000073.wav|en|True|10.717|ljspeech|tts_models/en/ljspeech/tacotron2-DCA|tacotron2-DCA|so the little man drew in the string and, sure enough, the fish came with it and was landed safely on the shore, where it began to flop around in great excitement.|-
./fake/en/tts_models_en_ljspeech_tacotron2-DCA/wives_and_daughters_19_f000131.wav|en_UK/by_book/female/elizabeth_klett/wives_and_daughters/wavs/wives_and_daughters_19_f000131.wav|en|True|8.291|ljspeech|tts_models/en/ljspeech/tacotron2-DCA|tacotron2-DCA|Mister Gibson had come in very late, and was having a solitary dinner in the dining-room. Molly was sitting near him to keep him company.|-
./fake/en/tts_models_en_ljspeech_tacotron2-DCA/skyisland_24_baum_64kb_f000028.wav|en_US/by_book/female/judy_bieber/sky_island/wavs/skyisland_24_baum_64kb_f000028.wav|en|True|5.515|ljspeech|tts_models/en/ljspeech/tacotron2-DCA|tacotron2-DCA|Therefore, her Majesty paid no attention to anyone and no one paid any attention to her.|-
./fake/en/tts_models_en_ljspeech_tacotron2-DCA/ozma_of_oz_11_f000045.wav|en_US/by_book/female/judy_bieber/ozma_of_oz/wavs/ozma_of_oz_11_f000045.wav|en|True|10.927|ljspeech|tts_models/en/ljspeech/tacotron2-DCA|tacotron2-DCA|I'm not afraid to plead with him, said Dorothy. I'm only a little girl from Kansas, and we've got more dignity at home than we know what to do with. I'LL call the Nome King.|-
./fake/en/tts_models_en_ljspeech_tacotron2-DCA/the_sea_fairies_12_f000021.wav|en_US/by_book/female/judy_bieber/the_sea_fairies/wavs/the_sea_fairies_12_f000021.wav|en|True|5.887|ljspeech|tts_models/en/ljspeech/tacotron2-DCA|tacotron2-DCA|I do not know, for we have never before met to measure our strength, answered Aquareine.|-
./fake/en/tts_models_en_ljspeech_tacotron2-DCA/skyisland_04_baum_64kb_f000015.wav|en_US/by_book/female/judy_bieber/sky_island/wavs/skyisland_04_baum_64kb_f000015.wav|en|True|9.336|ljspeech|tts_models/en/ljspeech/tacotron2-DCA|tacotron2-DCA|P'raps 'Sky Island' isn't the name of that island at all. Why, we know very well it ain't the name of it, yelled captain Bill from below.|-
./fake/en/tts_models_en_ljspeech_tacotron2-DCA/midnight_passenger_13_f000279.wav|en_US/by_book/female/mary_ann/midnight_passenger/wavs/midnight_passenger_13_f000279.wav|en|True|9.104|ljspeech|tts_models/en/ljspeech/tacotron2-DCA|tacotron2-DCA|Emil Einstein, watching the boat going ashore, felt a choking throb in his throat. That fellow McNerney's a smart devil, he said.|-
./fake/en/tts_models_en_ljspeech_tacotron2-DCA/jane_eyre_37_f000339.wav|en_UK/by_book/female/elizabeth_klett/jane_eyre/wavs/jane_eyre_37_f000339.wav|en|True|6.039|ljspeech|tts_models/en/ljspeech/tacotron2-DCA|tacotron2-DCA|He is not my husband, nor ever will be. He does not love me: I do not love him.|-
./fake/en/tts_models_en_ljspeech_tacotron2-DCA/silent_bullet_10_f000335.wav|en_US/by_book/male/elliot_miller/silent_bullet/wavs/silent_bullet_10_f000335.wav|en|True|9.232|ljspeech|tts_models/en/ljspeech/tacotron2-DCA|tacotron2-DCA|Pouff! exclaimed Norton, turning suddenly on his heel. What a fool I am! The law will take care of such scoundrels as you.|-
./fake/en/tts_models_en_ljspeech_tacotron2-DCA/northandsouth_33_f000045.wav|en_US/by_book/female/mary_ann/northandsouth/wavs/northandsouth_33_f000045.wav|en|True|5.562|ljspeech|tts_models/en/ljspeech/tacotron2-DCA|tacotron2-DCA|She passed so bad a night that she was ill prepared for the additional anxiety caused by a letter received from Frederick.|-
./fake/en/tts_models_en_ljspeech_tacotron2-DCA/ozma_of_oz_08_f000016.wav|en_US/by_book/female/judy_bieber/ozma_of_oz/wavs/ozma_of_oz_08_f000016.wav|en|True|7.850|ljspeech|tts_models/en/ljspeech/tacotron2-DCA|tacotron2-DCA|I am also glad to see you, Dorothy, said the Lion. We've had some fine adventures together, haven't we?|-
./fake/en/tts_models_en_ljspeech_tacotron2-DCA/jane_eyre_07_f000039.wav|en_UK/by_book/female/elizabeth_klett/jane_eyre/wavs/jane_eyre_07_f000039.wav|en|True|6.885|ljspeech|tts_models/en/ljspeech/tacotron2-DCA|tacotron2-DCA|would fall down, if not out of the third loft, yet off the fourth form, and be taken up half dead.|-
./fake/en/tts_models_en_ljspeech_tacotron2-DCA/silent_bullet_13_f000244.wav|en_US/by_book/male/elliot_miller/silent_bullet/wavs/silent_bullet_13_f000244.wav|en|True|10.067|ljspeech|tts_models/en/ljspeech/tacotron2-DCA|tacotron2-DCA|Another group was gathered about the hazard board, deriving evident excitement, though I am sure none could have given an intelligent account of the chances they were taking.|-
./fake/en/tts_models_en_ljspeech_tacotron2-DCA/midnight_passenger_11_f000084.wav|en_US/by_book/female/mary_ann/midnight_passenger/wavs/midnight_passenger_11_f000084.wav|en|True|8.882|ljspeech|tts_models/en/ljspeech/tacotron2-DCA|tacotron2-DCA|Gazing out on the leaden surges of the ocean, she could see the face of her manly lover, the one man who had believed in her underlying womanhood.|-
./fake/en/tts_models_en_ljspeech_tacotron2-DCA/jane_eyre_26_f000228.wav|en_UK/by_book/female/elizabeth_klett/jane_eyre/wavs/jane_eyre_26_f000228.wav|en|True|7.002|ljspeech|tts_models/en/ljspeech/tacotron2-DCA|tacotron2-DCA|I sank in deep mire: I felt no standing; I came into deep waters; the floods overflowed me.|-
./fake/en/tts_models_en_ljspeech_tacotron2-DCA/emerald_city_of_oz_25_f000050.wav|en_US/by_book/female/judy_bieber/emerald_city_of_oz/wavs/emerald_city_of_oz_25_f000050.wav|en|True|6.259|ljspeech|tts_models/en/ljspeech/tacotron2-DCA|tacotron2-DCA|Some of the chairs were made in the shape of big crows and upholstered with cushions of corn-colored silk.|-
./fake/en/tts_models_en_ljspeech_tacotron2-DCA/jane_eyre_36_f000084.wav|en_UK/by_book/female/elizabeth_klett/jane_eyre/wavs/jane_eyre_36_f000084.wav|en|True|5.133|ljspeech|tts_models/en/ljspeech/tacotron2-DCA|tacotron2-DCA|What affectation of diffidence was this at first? they might have demanded;|-
./fake/en/tts_models_en_ljspeech_tacotron2-DCA/northandsouth_22_f000018.wav|en_US/by_book/female/mary_ann/northandsouth/wavs/northandsouth_22_f000018.wav|en|True|8.245|ljspeech|tts_models/en/ljspeech/tacotron2-DCA|tacotron2-DCA|And mamma is seeing about their food, and John is speaking to them, for some of the women are crying to go back. Ah! heres mamma!|-
./fake/en/tts_models_en_ljspeech_tacotron2-DCA/jane_eyre_17_f000265.wav|en_UK/by_book/female/elizabeth_klett/jane_eyre/wavs/jane_eyre_17_f000265.wav|en|True|8.163|ljspeech|tts_models/en/ljspeech/tacotron2-DCA|tacotron2-DCA|his hair is quite white, his eyebrows and whiskers still dark, which gives him something of the appearance of a pere noble de theatre.|-
./fake/en/tts_models_en_ljspeech_tacotron2-DCA/northandsouth_22_f000232.wav|en_US/by_book/female/mary_ann/northandsouth/wavs/northandsouth_22_f000232.wav|en|True|8.302|ljspeech|tts_models/en/ljspeech/tacotron2-DCA|tacotron2-DCA|No answer; no sign of recognition; but a faint pink colour returned to her lips, although the rest of her face was ashen pale.|-
./fake/en/tts_models_en_ljspeech_tacotron2-DCA/northandsouth_19_f000138.wav|en_US/by_book/female/mary_ann/northandsouth/wavs/northandsouth_19_f000138.wav|en|True|5.306|ljspeech|tts_models/en/ljspeech/tacotron2-DCA|tacotron2-DCA|who envied the power of the wild bird, that can feed her young with her very hearts blood.|-
./fake/en/tts_models_en_ljspeech_tacotron2-DCA/dorothy_and_wizard_oz_12_f000072.wav|en_US/by_book/female/judy_bieber/dorothy_and_wizard_oz/wavs/dorothy_and_wizard_oz_12_f000072.wav|en|True|8.779|ljspeech|tts_models/en/ljspeech/tacotron2-DCA|tacotron2-DCA|Just now they are all going to bed, and what do you think? they unhook the hinges of their wings and put them in a corner until they wake up again.|-
./fake/en/tts_models_en_ljspeech_tacotron2-DCA/hunters_space_08_f000097.wav|en_US/by_book/male/elliot_miller/hunters_space/wavs/hunters_space_08_f000097.wav|en|True|3.054|ljspeech|tts_models/en/ljspeech/tacotron2-DCA|tacotron2-DCA|Odin stood by to help with the screens.|-
./fake/en/tts_models_en_ljspeech_tacotron2-DCA/wives_and_daughters_27_f000105.wav|en_UK/by_book/female/elizabeth_klett/wives_and_daughters/wavs/wives_and_daughters_27_f000105.wav|en|True|16.511|ljspeech|tts_models/en/ljspeech/tacotron2-DCA|tacotron2-DCA|partly because it would be so good for the children to learn French from a native of Alsace!.|-
./fake/en/tts_models_en_ljspeech_tacotron2-DCA/silent_bullet_04_f000221.wav|en_US/by_book/male/elliot_miller/silent_bullet/wavs/silent_bullet_04_f000221.wav|en|True|10.822|ljspeech|tts_models/en/ljspeech/tacotron2-DCA|tacotron2-DCA|The owner of the fingers from which these prints were made is in this room. It was from typhoid germs on these fingers that the fever was introduced into the drinking water at Bisbee Hall.|-
./fake/en/tts_models_en_ljspeech_tacotron2-DCA/jane_eyre_27_f000229.wav|en_UK/by_book/female/elizabeth_klett/jane_eyre/wavs/jane_eyre_27_f000229.wav|en|True|8.743|ljspeech|tts_models/en/ljspeech/tacotron2-DCA|tacotron2-DCA|Pity, Jane, from some people is a noxious and insulting sort of tribute, which one is justified in hurling back in the teeth of those who offer it;|-
./fake/en/tts_models_en_ljspeech_tacotron2-DCA/the_sea_fairies_04_f000121.wav|en_US/by_book/female/judy_bieber/the_sea_fairies/wavs/the_sea_fairies_04_f000121.wav|en|True|6.467|ljspeech|tts_models/en/ljspeech/tacotron2-DCA|tacotron2-DCA|After a moment the scene faded away, when the queen asked with another smile, Are you satisfied?|-
./fake/en/tts_models_en_ljspeech_tacotron2-DCA/northandsouth_40_f000112.wav|en_US/by_book/female/mary_ann/northandsouth/wavs/northandsouth_40_f000112.wav|en|True|5.167|ljspeech|tts_models/en/ljspeech/tacotron2-DCA|tacotron2-DCA|Edith says she finds the printed calicoes in Corfu better and cheaper than in London.|-
./fake/en/tts_models_en_ljspeech_tacotron2-DCA/jane_eyre_27_f000352.wav|en_UK/by_book/female/elizabeth_klett/jane_eyre/wavs/jane_eyre_27_f000352.wav|en|True|4.958|ljspeech|tts_models/en/ljspeech/tacotron2-DCA|tacotron2-DCA|On a frosty winter afternoon, I rode in sight of Thornfield Hall.|-
./fake/en/tts_models_en_ljspeech_tacotron2-DCA/ozma_of_oz_11_f000012.wav|en_US/by_book/female/judy_bieber/ozma_of_oz/wavs/ozma_of_oz_11_f000012.wav|en|True|2.997|ljspeech|tts_models/en/ljspeech/tacotron2-DCA|tacotron2-DCA|Who was that laughing? asked Ozma.|-
./fake/en/tts_models_en_ljspeech_tacotron2-DCA/the_master_key_03_f000066.wav|en_US/by_book/female/judy_bieber/the_master_key/wavs/the_master_key_03_f000066.wav|en|True|4.958|ljspeech|tts_models/en/ljspeech/tacotron2-DCA|tacotron2-DCA|Tell me, what holds you to the Earth, and makes a stone fall to the ground?|-
./fake/en/tts_models_en_ljspeech_tacotron2-DCA/silent_bullet_05_f000058.wav|en_US/by_book/male/elliot_miller/silent_bullet/wavs/silent_bullet_05_f000058.wav|en|True|3.472|ljspeech|tts_models/en/ljspeech/tacotron2-DCA|tacotron2-DCA|while the patient is only under them once in a while.|-
./fake/en/tts_models_en_ljspeech_tacotron2-DCA/ozma_of_oz_17_f000015.wav|en_US/by_book/female/judy_bieber/ozma_of_oz/wavs/ozma_of_oz_17_f000015.wav|en|True|6.676|ljspeech|tts_models/en/ljspeech/tacotron2-DCA|tacotron2-DCA|Then, as he found that all his enchantments were likely to be dispelled and his victims every one set free,|-
./fake/en/tts_models_en_ljspeech_tacotron2-DCA/silent_bullet_02_f000060.wav|en_US/by_book/male/elliot_miller/silent_bullet/wavs/silent_bullet_02_f000060.wav|en|True|2.474|ljspeech|tts_models/en/ljspeech/tacotron2-DCA|tacotron2-DCA|It didnt strike his collar or hair?|-
./fake/en/tts_models_en_ljspeech_tacotron2-DCA/pink_fairy_book_41_f000030.wav|en_US/by_book/male/elliot_miller/pink_fairy_book/wavs/pink_fairy_book_41_f000030.wav|en|True|3.751|ljspeech|tts_models/en/ljspeech/tacotron2-DCA|tacotron2-DCA|and went away with his wife to look for some place to live in.|-
./fake/en/tts_models_en_ljspeech_tacotron2-DCA/the_master_key_17_f000027.wav|en_US/by_book/female/judy_bieber/the_master_key/wavs/the_master_key_17_f000027.wav|en|True|5.655|ljspeech|tts_models/en/ljspeech/tacotron2-DCA|tacotron2-DCA|Laugh all you want to, said the sailor, sullenly; it's true-ev'ry word of it!|-
./fake/en/tts_models_en_ljspeech_tacotron2-DCA/jane_eyre_14_f000226.wav|en_UK/by_book/female/elizabeth_klett/jane_eyre/wavs/jane_eyre_14_f000226.wav|en|True|3.124|ljspeech|tts_models/en/ljspeech/tacotron2-DCA|tacotron2-DCA|You are afraid - your self-love dreads a blunder.|-
./fake/en/tts_models_en_ljspeech_tacotron2-DCA/jane_eyre_31_f000164.wav|en_UK/by_book/female/elizabeth_klett/jane_eyre/wavs/jane_eyre_31_f000164.wav|en|True|2.056|ljspeech|tts_models/en/ljspeech/tacotron2-DCA|tacotron2-DCA|End of chapter thirty-one.|-
./fake/en/tts_models_en_ljspeech_tacotron2-DCA/wives_and_daughters_49_f000163.wav|en_UK/by_book/female/elizabeth_klett/wives_and_daughters/wavs/wives_and_daughters_49_f000163.wav|en|True|10.786|ljspeech|tts_models/en/ljspeech/tacotron2-DCA|tacotron2-DCA|drawing unjustifiable inferences from the facts of that intercourse with Mister Preston, the nature of which he has just conferred such a real obligation on me by explaining.|-
./fake/en/tts_models_en_ljspeech_tacotron2-DCA/the_master_key_06_f000069.wav|en_US/by_book/female/judy_bieber/the_master_key/wavs/the_master_key_06_f000069.wav|en|True|7.559|ljspeech|tts_models/en/ljspeech/tacotron2-DCA|tacotron2-DCA|There being no one to look after the sails, the vessel was in grave danger of capsizing or breaking her masts.|-
./fake/en/tts_models_en_ljspeech_tacotron2-DCA/the_master_key_02_f000043.wav|en_US/by_book/female/judy_bieber/the_master_key/wavs/the_master_key_02_f000043.wav|en|True|7.837|ljspeech|tts_models/en/ljspeech/tacotron2-DCA|tacotron2-DCA|Why, he's discovered a powerful light, the Demon gave an amused chuckle, and he's in communication with the people in Mars.|-
./fake/en/tts_models_en_ljspeech_tacotron2-DCA/emerald_city_of_oz_02_f000052.wav|en_US/by_book/female/judy_bieber/emerald_city_of_oz/wavs/emerald_city_of_oz_02_f000052.wav|en|True|9.916|ljspeech|tts_models/en/ljspeech/tacotron2-DCA|tacotron2-DCA|I'm not so sure about that, remarked Uncle Henry, shaking his gray head doubtfully. These things all seem real to Dorothy, I know;|-
./fake/en/tts_models_en_ljspeech_tacotron2-DCA/rinkitink_baum_14_64kb_f000123.wav|en_US/by_book/female/judy_bieber/rinkitink_in_oz/wavs/rinkitink_baum_14_64kb_f000123.wav|en|True|10.995|ljspeech|tts_models/en/ljspeech/tacotron2-DCA|tacotron2-DCA|They readily agreed to obey him, and, arming themselves with iron bars and pick axes which they brought from the mines, the slaves began their march to the city.|-
./fake/en/tts_models_en_ljspeech_tacotron2-DCA/pink_fairy_book_19_f000070.wav|en_US/by_book/male/elliot_miller/pink_fairy_book/wavs/pink_fairy_book_19_f000070.wav|en|True|4.135|ljspeech|tts_models/en/ljspeech/tacotron2-DCA|tacotron2-DCA|Did you really? Then this evening I will try for myself.|-
./fake/en/tts_models_en_ljspeech_tacotron2-DCA/pink_fairy_book_40_f000172.wav|en_US/by_book/male/elliot_miller/pink_fairy_book/wavs/pink_fairy_book_40_f000172.wav|en|True|5.585|ljspeech|tts_models/en/ljspeech/tacotron2-DCA|tacotron2-DCA|Get down, and give the poor things some honey, said the horse, and Ciccu dismounted.|-
./fake/en/tts_models_en_ljspeech_tacotron2-DCA/jane_eyre_30_f000032.wav|en_UK/by_book/female/elizabeth_klett/jane_eyre/wavs/jane_eyre_30_f000032.wav|en|True|8.720|ljspeech|tts_models/en/ljspeech/tacotron2-DCA|tacotron2-DCA|to rest my head on her knee, and listen alternately to her and Mary, while they sounded thoroughly the topic on which I had but touched.|-
./fake/en/tts_models_en_ljspeech_tacotron2-DCA/wives_and_daughters_56_f000025.wav|en_UK/by_book/female/elizabeth_klett/wives_and_daughters/wavs/wives_and_daughters_56_f000025.wav|en|True|3.193|ljspeech|tts_models/en/ljspeech/tacotron2-DCA|tacotron2-DCA|Offered! yes, I suppose he has.|-
./fake/en/tts_models_en_ljspeech_tacotron2-DCA/the_sea_fairies_05_f000116.wav|en_US/by_book/female/judy_bieber/the_sea_fairies/wavs/the_sea_fairies_05_f000116.wav|en|True|3.077|ljspeech|tts_models/en/ljspeech/tacotron2-DCA|tacotron2-DCA|We must ask him about that when we see him.|-
./fake/en/tts_models_en_ljspeech_tacotron2-DCA/jane_eyre_21_f000278.wav|en_UK/by_book/female/elizabeth_klett/jane_eyre/wavs/jane_eyre_21_f000278.wav|en|True|6.839|ljspeech|tts_models/en/ljspeech/tacotron2-DCA|tacotron2-DCA|It would wail in its cradle all night long - not screaming heartily like any other child, but whimpering and moaning.|-
./fake/en/tts_models_en_ljspeech_tacotron2-DCA/northandsouth_41_f000046.wav|en_US/by_book/female/mary_ann/northandsouth/wavs/northandsouth_41_f000046.wav|en|True|7.443|ljspeech|tts_models/en/ljspeech/tacotron2-DCA|tacotron2-DCA|Her father had occasionally experienced a difficulty in breathing this spring, which had for the time distressed him exceedingly.|-
./fake/en/tts_models_en_ljspeech_tacotron2-DCA/midnight_passenger_13_f000132.wav|en_US/by_book/female/mary_ann/midnight_passenger/wavs/midnight_passenger_13_f000132.wav|en|True|5.760|ljspeech|tts_models/en/ljspeech/tacotron2-DCA|tacotron2-DCA|When it rapidly dashed away, McNerney grimly said, All right! Go ahead!|-
./fake/en/tts_models_en_ljspeech_tacotron2-DCA/pink_fairy_book_34_f000086.wav|en_US/by_book/male/elliot_miller/pink_fairy_book/wavs/pink_fairy_book_34_f000086.wav|en|True|2.009|ljspeech|tts_models/en/ljspeech/tacotron2-DCA|tacotron2-DCA|She is with the noble king.|-
./fake/en/tts_models_en_ljspeech_tacotron2-DCA/the_master_key_14_f000055.wav|en_US/by_book/female/judy_bieber/the_master_key/wavs/the_master_key_14_f000055.wav|en|True|6.142|ljspeech|tts_models/en/ljspeech/tacotron2-DCA|tacotron2-DCA|Drawing the jewel from his finger he made offer, by signs, that he would exchange it for the tube.|-
./fake/en/tts_models_en_ljspeech_tacotron2-DCA/jane_eyre_21_f000346.wav|en_UK/by_book/female/elizabeth_klett/jane_eyre/wavs/jane_eyre_21_f000346.wav|en|True|8.813|ljspeech|tts_models/en/ljspeech/tacotron2-DCA|tacotron2-DCA|She told me one evening, when more disposed to be communicative than usual, that John's conduct, and the threatened ruin of the family,|-
./fake/en/tts_models_en_ljspeech_tacotron2-DCA/jane_eyre_17_f000090.wav|en_UK/by_book/female/elizabeth_klett/jane_eyre/wavs/jane_eyre_17_f000090.wav|en|True|4.019|ljspeech|tts_models/en/ljspeech/tacotron2-DCA|tacotron2-DCA|She went to the window. Here he is! said she.|-
./fake/en/tts_models_en_ljspeech_tacotron2-DCA/emerald_city_of_oz_08_f000028.wav|en_US/by_book/female/judy_bieber/emerald_city_of_oz/wavs/emerald_city_of_oz_08_f000028.wav|en|True|10.497|ljspeech|tts_models/en/ljspeech/tacotron2-DCA|tacotron2-DCA|Once the Nome King enslaved the Royal Family of Ev another goody-goody lot that we detest, said the General. But Ozma interfered, although it was none of her business,|-
./fake/en/tts_models_en_ljspeech_tacotron2-DCA/northandsouth_41_f000059.wav|en_US/by_book/female/mary_ann/northandsouth/wavs/northandsouth_41_f000059.wav|en|True|5.933|ljspeech|tts_models/en/ljspeech/tacotron2-DCA|tacotron2-DCA|Now, once for all she would consider them, and appoint to each of them its right work in her life.|-
./fake/en/tts_models_en_ljspeech_tacotron2-DCA/the_master_key_14_f000062.wav|en_US/by_book/female/judy_bieber/the_master_key/wavs/the_master_key_14_f000062.wav|en|True|7.861|ljspeech|tts_models/en/ljspeech/tacotron2-DCA|tacotron2-DCA|Rob's first thought was to search the pockets of his captive, and to his delight he found and recovered his box of food tablets.|-
./fake/en/tts_models_en_ljspeech_tacotron2-DCA/silent_bullet_04_f000050.wav|en_US/by_book/male/elliot_miller/silent_bullet/wavs/silent_bullet_04_f000050.wav|en|True|3.890|ljspeech|tts_models/en/ljspeech/tacotron2-DCA|tacotron2-DCA|and together we opened his apartment at the Louis Quinze.|-
./fake/en/tts_models_en_ljspeech_tacotron2-DCA/emerald_city_of_oz_06_f000047.wav|en_US/by_book/female/judy_bieber/emerald_city_of_oz/wavs/emerald_city_of_oz_06_f000047.wav|en|True|12.378|ljspeech|tts_models/en/ljspeech/tacotron2-DCA|tacotron2-DCA|So he called a meeting of all the Whimsies and told them of the offer made by the Nomes. The creatures were delighted with the bargain, and at once agreed to fight for the Nome King and help him to conquer Oz.|-
./fake/en/tts_models_en_ljspeech_tacotron2-DCA/wives_and_daughters_29_f000039.wav|en_UK/by_book/female/elizabeth_klett/wives_and_daughters/wavs/wives_and_daughters_29_f000039.wav|en|True|9.718|ljspeech|tts_models/en/ljspeech/tacotron2-DCA|tacotron2-DCA|In spite of all that Missis Gibson had said about Roger's visits being ill-timed and intrusive, she began to feel as if they had been a very pleasant variety,|-
./fake/en/tts_models_en_ljspeech_tacotron2-DCA/the_master_key_20_f000076.wav|en_US/by_book/female/judy_bieber/the_master_key/wavs/the_master_key_20_f000076.wav|en|True|5.887|ljspeech|tts_models/en/ljspeech/tacotron2-DCA|tacotron2-DCA|It is useless for you to describe it, because I'll have nothing more to do with you or your inventions.|-
./fake/en/tts_models_en_ljspeech_tacotron2-DCA/emerald_city_of_oz_02_f000067.wav|en_US/by_book/female/judy_bieber/emerald_city_of_oz/wavs/emerald_city_of_oz_02_f000067.wav|en|True|4.958|ljspeech|tts_models/en/ljspeech/tacotron2-DCA|tacotron2-DCA|Then she made the secret signal that had been agreed upon between her and Ozma.|-
./fake/en/tts_models_en_ljspeech_tacotron2-DCA/silent_bullet_08_f000178.wav|en_US/by_book/male/elliot_miller/silent_bullet/wavs/silent_bullet_08_f000178.wav|en|True|4.447|ljspeech|tts_models/en/ljspeech/tacotron2-DCA|tacotron2-DCA|Dont let them think you connect them with the case, however, cautioned Craig.|-
./fake/en/tts_models_en_ljspeech_tacotron2-DCA/pink_fairy_book_38_f000160.wav|en_US/by_book/male/elliot_miller/pink_fairy_book/wavs/pink_fairy_book_38_f000160.wav|en|True|11.785|ljspeech|tts_models/en/ljspeech/tacotron2-DCA|tacotron2-DCA|That night the two hyaenas told all the rest, saying, Do you know that we have allowed ourselves to be trampled on by a wretched creature with nothing of the lion about him but his skin?|-
./fake/en/tts_models_en_ljspeech_tacotron2-DCA/jane_eyre_05_f000008.wav|en_UK/by_book/female/elizabeth_klett/jane_eyre/wavs/jane_eyre_05_f000008.wav|en|True|13.585|ljspeech|tts_models/en/ljspeech/tacotron2-DCA|tacotron2-DCA|m. Bessie was the only person yet risen; she had lit a fire in the nursery, where she now proceeded to make my breakfast.|-
./fake/en/tts_models_en_ljspeech_tacotron2-DCA/piratesofersatz_07_leinster_64kb_f000069.wav|en_US/by_book/male/elliot_miller/pirates_of_ersatz/wavs/piratesofersatz_07_leinster_64kb_f000069.wav|en|True|8.837|ljspeech|tts_models/en/ljspeech/tacotron2-DCA|tacotron2-DCA|After a little they laughed at us. In a little more they outnumbered us! Then they ruled that the laws of our Synod should not govern them.|-
./fake/en/tts_models_en_ljspeech_tacotron2-DCA/silent_bullet_05_f000132.wav|en_US/by_book/male/elliot_miller/silent_bullet/wavs/silent_bullet_05_f000132.wav|en|True|12.110|ljspeech|tts_models/en/ljspeech/tacotron2-DCA|tacotron2-DCA|The editor then waged even more confidential, for if I am anything at all, I am a good listener, and I have found that often by sitting tight and listening I can get more than if I were a too-eager questioner.|-
./fake/en/tts_models_en_ljspeech_tacotron2-DCA/emerald_city_of_oz_14_f000034.wav|en_US/by_book/female/judy_bieber/emerald_city_of_oz/wavs/emerald_city_of_oz_14_f000034.wav|en|True|11.565|ljspeech|tts_models/en/ljspeech/tacotron2-DCA|tacotron2-DCA|So the wooden animal trotted on again and the meadow grass was so soft under the wheels that it made easy riding. But Dorothy was a little uneasy at losing the path,|-
./fake/en/tts_models_en_ljspeech_tacotron2-DCA/wives_and_daughters_41_f000030.wav|en_UK/by_book/female/elizabeth_klett/wives_and_daughters/wavs/wives_and_daughters_41_f000030.wav|en|True|8.802|ljspeech|tts_models/en/ljspeech/tacotron2-DCA|tacotron2-DCA|Molly let her work fall, and sighed. It will be a year the day after to-morrow since he came here to propose our going to Hurst Wood,|-
./fake/en/tts_models_en_ljspeech_tacotron2-DCA/wives_and_daughters_18_f000091.wav|en_UK/by_book/female/elizabeth_klett/wives_and_daughters/wavs/wives_and_daughters_18_f000091.wav|en|True|7.071|ljspeech|tts_models/en/ljspeech/tacotron2-DCA|tacotron2-DCA|So Molly hung about the house, trying to do all she could out of the sick-room, for the comfort of those in it.|-
./fake/en/tts_models_en_ljspeech_tacotron2-DCA/jane_eyre_20_f000016.wav|en_UK/by_book/female/elizabeth_klett/jane_eyre/wavs/jane_eyre_20_f000016.wav|en|True|10.090|ljspeech|tts_models/en/ljspeech/tacotron2-DCA|tacotron2-DCA|And overhead - yes, in the room just above my chamber-ceiling - I now heard a struggle: a deadly one it seemed from the noise; and a half-smothered voice shouted - Help!|-
./fake/en/tts_models_en_ljspeech_tacotron2-DCA/midnight_passenger_03_f000073.wav|en_US/by_book/female/mary_ann/midnight_passenger/wavs/midnight_passenger_03_f000073.wav|en|True|10.113|ljspeech|tts_models/en/ljspeech/tacotron2-DCA|tacotron2-DCA|Not one in one hundred of his patrons knew the secret of that room with its cosy divans and a private entrance to the stairway of an adjoining fashionable photograph gallery.|-
./fake/en/tts_models_en_ljspeech_tacotron2-DCA/wives_and_daughters_54_f000011.wav|en_UK/by_book/female/elizabeth_klett/wives_and_daughters/wavs/wives_and_daughters_54_f000011.wav|en|True|4.483|ljspeech|tts_models/en/ljspeech/tacotron2-DCA|tacotron2-DCA|The Squire said, Yes! She's felt it a terrible shock.|-
./fake/en/tts_models_en_ljspeech_tacotron2-DCA/jane_eyre_06_f000124.wav|en_UK/by_book/female/elizabeth_klett/jane_eyre/wavs/jane_eyre_06_f000124.wav|en|True|6.816|ljspeech|tts_models/en/ljspeech/tacotron2-DCA|tacotron2-DCA|Heathens and savage tribes hold that doctrine, but Christians and civilised nations disown it.|-
./fake/en/tts_models_en_ljspeech_tacotron2-DCA/wives_and_daughters_39_f000034.wav|en_UK/by_book/female/elizabeth_klett/wives_and_daughters/wavs/wives_and_daughters_39_f000034.wav|en|True|8.464|ljspeech|tts_models/en/ljspeech/tacotron2-DCA|tacotron2-DCA|Un quart d'heure avant sa mort Il etait en vie, sang she, in so gay a manner that she puzzled Molly, as she often did,|-
./fake/en/tts_models_en_ljspeech_tacotron2-DCA/poisoned_pen_10_f000270.wav|en_US/by_book/male/elliot_miller/poisoned_pen/wavs/poisoned_pen_10_f000270.wav|en|True|5.283|ljspeech|tts_models/en/ljspeech/tacotron2-DCA|tacotron2-DCA|The men who had come into the compartment looked about as if expecting to see some one.|-
./fake/en/tts_models_en_ljspeech_tacotron2-DCA/rinkitink_baum_05_64kb_f000094.wav|en_US/by_book/female/judy_bieber/rinkitink_in_oz/wavs/rinkitink_baum_05_64kb_f000094.wav|en|True|12.285|ljspeech|tts_models/en/ljspeech/tacotron2-DCA|tacotron2-DCA|Don't pay any more attention to Rinkitink, for he is no wiser than the man who wrote that brainless scroll. Just get the rope, and we'll fasten Rinkitink to one end of it for a weight and I'll help you pull.|-
./fake/en/tts_models_en_ljspeech_tacotron2-DCA/wives_and_daughters_11_f000244.wav|en_UK/by_book/female/elizabeth_klett/wives_and_daughters/wavs/wives_and_daughters_11_f000244.wav|en|True|5.933|ljspeech|tts_models/en/ljspeech/tacotron2-DCA|tacotron2-DCA|She had been sent from home for some reason, kept a secret from her, but told to this strange woman.|-
./fake/en/tts_models_en_ljspeech_tacotron2-DCA/poisoned_pen_03_f000272.wav|en_US/by_book/male/elliot_miller/poisoned_pen/wavs/poisoned_pen_03_f000272.wav|en|True|8.488|ljspeech|tts_models/en/ljspeech/tacotron2-DCA|tacotron2-DCA|The least jar, such as opening a door, which would tip the bomb ever so little out of the horizontal, was all that was necessary to explode it.|-
./fake/en/tts_models_en_ljspeech_tacotron2-DCA/northandsouth_10_f000148.wav|en_US/by_book/female/mary_ann/northandsouth/wavs/northandsouth_10_f000148.wav|en|True|8.743|ljspeech|tts_models/en/ljspeech/tacotron2-DCA|tacotron2-DCA|-indeed, never to think twice about them,-I believe that this suffering, which Miss Hale says is impressed on the countenances of the people of Milton,|-
./fake/en/tts_models_en_ljspeech_tacotron2-DCA/emerald_city_of_oz_15_f000099.wav|en_US/by_book/female/judy_bieber/emerald_city_of_oz/wavs/emerald_city_of_oz_15_f000099.wav|en|True|2.195|ljspeech|tts_models/en/ljspeech/tacotron2-DCA|tacotron2-DCA|Dorothy grew sober at this.|-
./fake/en/tts_models_en_ljspeech_tacotron2-DCA/northandsouth_20_f000095.wav|en_US/by_book/female/mary_ann/northandsouth/wavs/northandsouth_20_f000095.wav|en|True|10.879|ljspeech|tts_models/en/ljspeech/tacotron2-DCA|tacotron2-DCA|for she saw, in an instant, the weight of care and anxiety which he could not shake off, although his guests received from him a greeting that appeared both cheerful and cordial.|-
./fake/en/tts_models_en_ljspeech_tacotron2-DCA/poisoned_pen_10_f000109.wav|en_US/by_book/male/elliot_miller/poisoned_pen/wavs/poisoned_pen_10_f000109.wav|en|True|8.232|ljspeech|tts_models/en/ljspeech/tacotron2-DCA|tacotron2-DCA|I suppose you know that women, particularly a certain brand of society women, are the worst and most persistent offenders.|-
./fake/en/tts_models_en_ljspeech_tacotron2-DCA/pink_fairy_book_08_f000063.wav|en_US/by_book/male/elliot_miller/pink_fairy_book/wavs/pink_fairy_book_08_f000063.wav|en|True|10.949|ljspeech|tts_models/en/ljspeech/tacotron2-DCA|tacotron2-DCA|The whole day the Snow-man looked through the window; towards dusk the room grew still more inviting; the stove gave out a mild light, not at all like the moon or even the sun;|-
./fake/en/tts_models_en_ljspeech_tacotron2-DCA/jane_eyre_07_f000038.wav|en_UK/by_book/female/elizabeth_klett/jane_eyre/wavs/jane_eyre_07_f000038.wav|en|True|9.533|ljspeech|tts_models/en/ljspeech/tacotron2-DCA|tacotron2-DCA|A frequent interlude of these performances was the enactment of the part of Eutychus by some half-dozen of little girls, who, overpowered with sleep,|-
./fake/en/tts_models_en_ljspeech_tacotron2-DCA/northandsouth_35_f000221.wav|en_US/by_book/female/mary_ann/northandsouth/wavs/northandsouth_35_f000221.wav|en|True|9.325|ljspeech|tts_models/en/ljspeech/tacotron2-DCA|tacotron2-DCA|Im sure-heres my cab. P.S.-What an escape that was! Take care you dont breathe of my having been-not even to the Shaws.|-
./fake/en/tts_models_en_ljspeech_tacotron2-DCA/northandsouth_13_f000121.wav|en_US/by_book/female/mary_ann/northandsouth/wavs/northandsouth_13_f000121.wav|en|True|8.488|ljspeech|tts_models/en/ljspeech/tacotron2-DCA|tacotron2-DCA|She looks quite pale and white when she is ill; and now she has a bright healthy colour in her cheeks, just as she used to have when I first knew her.|-
./fake/en/tts_models_en_ljspeech_tacotron2-DCA/northandsouth_11_f000046.wav|en_US/by_book/female/mary_ann/northandsouth/wavs/northandsouth_11_f000046.wav|en|True|6.584|ljspeech|tts_models/en/ljspeech/tacotron2-DCA|tacotron2-DCA|Papa, I do think mister Thornton a very remarkable man; but personally I dont like him at all.|-
./fake/en/tts_models_en_ljspeech_tacotron2-DCA/northandsouth_40_f000195.wav|en_US/by_book/female/mary_ann/northandsouth/wavs/northandsouth_40_f000195.wav|en|True|9.997|ljspeech|tts_models/en/ljspeech/tacotron2-DCA|tacotron2-DCA|And I reckon hes taken aback by me pretty much as I am by him; for he sits and listens and stares, as if I were some strange beast newly caught in some of the zones.|-
./fake/en/tts_models_en_ljspeech_tacotron2-DCA/northandsouth_46_f000211.wav|en_US/by_book/female/mary_ann/northandsouth/wavs/northandsouth_46_f000211.wav|en|True|8.070|ljspeech|tts_models/en/ljspeech/tacotron2-DCA|tacotron2-DCA|Households were changed by absence, or death, or marriage, or the natural mutations brought by days and months and years,|-
./fake/en/tts_models_en_ljspeech_tacotron2-DCA/wives_and_daughters_59_f000121.wav|en_UK/by_book/female/elizabeth_klett/wives_and_daughters/wavs/wives_and_daughters_59_f000121.wav|en|True|5.910|ljspeech|tts_models/en/ljspeech/tacotron2-DCA|tacotron2-DCA|I asked your Miss Cynthia out here - and her mother and all - my bark is worse than my bite.|-
./fake/en/tts_models_en_ljspeech_tacotron2-DCA/jane_eyre_17_f000111.wav|en_UK/by_book/female/elizabeth_klett/jane_eyre/wavs/jane_eyre_17_f000111.wav|en|True|2.520|ljspeech|tts_models/en/ljspeech/tacotron2-DCA|tacotron2-DCA|Don't you feel hungry, Adele?|-
./fake/en/tts_models_en_ljspeech_tacotron2-DCA/hunters_space_05_f000078.wav|en_US/by_book/male/elliot_miller/hunters_space/wavs/hunters_space_05_f000078.wav|en|True|8.789|ljspeech|tts_models/en/ljspeech/tacotron2-DCA|tacotron2-DCA|A Stradivarius was warping apart, and a Gutenberg was swollen to twice its size, its moldy pages curling away from the parent-book.|-
./fake/en/tts_models_en_ljspeech_tacotron2-DCA/silent_bullet_07_f000145.wav|en_US/by_book/male/elliot_miller/silent_bullet/wavs/silent_bullet_07_f000145.wav|en|True|8.523|ljspeech|tts_models/en/ljspeech/tacotron2-DCA|tacotron2-DCA|There was a very marked congestion, and I made as my working diagnosis pneumonia. It was a case for quick and heroic action.|-
./fake/en/tts_models_en_ljspeech_tacotron2-DCA/pink_fairy_book_33_f000037.wav|en_US/by_book/male/elliot_miller/pink_fairy_book/wavs/pink_fairy_book_33_f000037.wav|en|True|4.447|ljspeech|tts_models/en/ljspeech/tacotron2-DCA|tacotron2-DCA|sometimes to the left, till at last she vanished out of sight.|-
./fake/en/tts_models_en_ljspeech_tacotron2-DCA/pink_fairy_book_20_f000022.wav|en_US/by_book/male/elliot_miller/pink_fairy_book/wavs/pink_fairy_book_20_f000022.wav|en|True|10.822|ljspeech|tts_models/en/ljspeech/tacotron2-DCA|tacotron2-DCA|The servant returned a third time to the little house and knocked at the door. In reply to his knock the lattice window was pushed open, and a voice inquired what it was he wanted.|-
./fake/en/tts_models_en_ljspeech_tacotron2-DCA/northandsouth_01_f000146.wav|en_US/by_book/female/mary_ann/northandsouth/wavs/northandsouth_01_f000146.wav|en|True|8.023|ljspeech|tts_models/en/ljspeech/tacotron2-DCA|tacotron2-DCA|and I should like to walk to church through the shade of trees; and not to have so many bridesmaids, and to have no wedding-breakfast.|-
./fake/en/tts_models_en_ljspeech_tacotron2-DCA/wives_and_daughters_42_f000101.wav|en_UK/by_book/female/elizabeth_klett/wives_and_daughters/wavs/wives_and_daughters_42_f000101.wav|en|True|5.933|ljspeech|tts_models/en/ljspeech/tacotron2-DCA|tacotron2-DCA|we had better let her know the whole truth - that you are engaged to marry me as soon as you are twenty;|-
./fake/en/tts_models_en_ljspeech_tacotron2-DCA/jane_eyre_38_f000037.wav|en_UK/by_book/female/elizabeth_klett/jane_eyre/wavs/jane_eyre_38_f000037.wav|en|True|4.656|ljspeech|tts_models/en/ljspeech/tacotron2-DCA|tacotron2-DCA|I took care she should never want for anything that could contribute to her comfort:|-
./fake/en/tts_models_en_ljspeech_tacotron2-DCA/rinkitink_baum_16_64kb_f000010.wav|en_US/by_book/female/judy_bieber/rinkitink_in_oz/wavs/rinkitink_baum_16_64kb_f000010.wav|en|True|10.056|ljspeech|tts_models/en/ljspeech/tacotron2-DCA|tacotron2-DCA|Now that the King and Queen of Regos and Coregos have run away, he said, there is no one to rule these islands. So it is my duty to appoint a new ruler,|-
./fake/en/tts_models_en_ljspeech_tacotron2-DCA/ozma_of_oz_06_f000034.wav|en_US/by_book/female/judy_bieber/ozma_of_oz/wavs/ozma_of_oz_06_f000034.wav|en|True|4.958|ljspeech|tts_models/en/ljspeech/tacotron2-DCA|tacotron2-DCA|The Wheeler burst into a flood of tears, to Dorothy's great surprise.|-
./fake/en/tts_models_en_ljspeech_tacotron2-DCA/jane_eyre_37_f000089.wav|en_UK/by_book/female/elizabeth_klett/jane_eyre/wavs/jane_eyre_37_f000089.wav|en|True|5.167|ljspeech|tts_models/en/ljspeech/tacotron2-DCA|tacotron2-DCA|He groped; I arrested his wandering hand, and prisoned it in both mine.|-
./fake/en/tts_models_en_ljspeech_tacotron2-DCA/emerald_city_of_oz_19_f000076.wav|en_US/by_book/female/judy_bieber/emerald_city_of_oz/wavs/emerald_city_of_oz_19_f000076.wav|en|True|12.308|ljspeech|tts_models/en/ljspeech/tacotron2-DCA|tacotron2-DCA|Dorothy now found herself in a city so strange and beautiful that she gave a gasp of surprise. The high marble wall extended all around the place and shut out all the rest of the world.|-
./fake/en/tts_models_en_ljspeech_tacotron2-DCA/northandsouth_22_f000054.wav|en_US/by_book/female/mary_ann/northandsouth/wavs/northandsouth_22_f000054.wav|en|True|6.839|ljspeech|tts_models/en/ljspeech/tacotron2-DCA|tacotron2-DCA|bidding them run all risks, and escape down there, if they heard any attack made on the mill-doors.|-
./fake/en/tts_models_en_ljspeech_tacotron2-DCA/piratesofersatz_08_leinster_64kb_f000080.wav|en_US/by_book/male/elliot_miller/pirates_of_ersatz/wavs/piratesofersatz_08_leinster_64kb_f000080.wav|en|True|2.311|ljspeech|tts_models/en/ljspeech/tacotron2-DCA|tacotron2-DCA|and the coils might be hopeless.|-
./fake/en/tts_models_en_ljspeech_tacotron2-DCA/wives_and_daughters_40_f000131.wav|en_UK/by_book/female/elizabeth_klett/wives_and_daughters/wavs/wives_and_daughters_40_f000131.wav|en|True|4.099|ljspeech|tts_models/en/ljspeech/tacotron2-DCA|tacotron2-DCA|She bent down and kissed Miss Browning's grave and passive face.|-
./fake/en/tts_models_en_ljspeech_tacotron2-DCA/the_master_key_14_f000134.wav|en_US/by_book/female/judy_bieber/the_master_key/wavs/the_master_key_14_f000134.wav|en|True|10.461|ljspeech|tts_models/en/ljspeech/tacotron2-DCA|tacotron2-DCA|Without more ado, he turned the indicator of the traveling machine and mounted into the air, leaving the Turk sitting upon the rocks and staring after him in comical bewilderment.|-
./fake/en/tts_models_en_ljspeech_tacotron2-DCA/wives_and_daughters_60_f000046.wav|en_UK/by_book/female/elizabeth_klett/wives_and_daughters/wavs/wives_and_daughters_60_f000046.wav|en|True|6.526|ljspeech|tts_models/en/ljspeech/tacotron2-DCA|tacotron2-DCA|what inconstant creatures men are! He will be falling in love with some grandee next, mark my words!|-
./fake/en/tts_models_en_ljspeech_tacotron2-DCA/northandsouth_16_f000036.wav|en_US/by_book/female/mary_ann/northandsouth/wavs/northandsouth_16_f000036.wav|en|True|7.583|ljspeech|tts_models/en/ljspeech/tacotron2-DCA|tacotron2-DCA|He ceased speaking. He waited for that look to go off,-for her gasping breath to come. Then she said:-|-
./fake/en/tts_models_en_ljspeech_tacotron2-DCA/poisoned_pen_03_f000265.wav|en_US/by_book/male/elliot_miller/poisoned_pen/wavs/poisoned_pen_03_f000265.wav|en|True|10.740|ljspeech|tts_models/en/ljspeech/tacotron2-DCA|tacotron2-DCA|I examined the walls of doctor Kharkoff's house, and fortunately was able to pick out a few small fragments of the contents of the bomb which had been thrown out before the flame ignited them.|-
./fake/en/tts_models_en_ljspeech_tacotron2-DCA/ozma_of_oz_11_f000059.wav|en_US/by_book/female/judy_bieber/ozma_of_oz/wavs/ozma_of_oz_11_f000059.wav|en|True|3.844|ljspeech|tts_models/en/ljspeech/tacotron2-DCA|tacotron2-DCA|jewel-studded belt that encircled his fat little body.|-
./fake/en/tts_models_en_ljspeech_tacotron2-DCA/jane_eyre_13_f000017.wav|en_UK/by_book/female/elizabeth_klett/jane_eyre/wavs/jane_eyre_13_f000017.wav|en|True|8.836|ljspeech|tts_models/en/ljspeech/tacotron2-DCA|tacotron2-DCA|Et cela doit signifier, said she, qu'il y aura la dedans un cadeau pour moi, et peut-etre pour vous aussi, mademoiselle.|-
./fake/en/tts_models_en_ljspeech_tacotron2-DCA/wives_and_daughters_10_f000095.wav|en_UK/by_book/female/elizabeth_klett/wives_and_daughters/wavs/wives_and_daughters_10_f000095.wav|en|True|8.709|ljspeech|tts_models/en/ljspeech/tacotron2-DCA|tacotron2-DCA|there's a great deal to be talked over before every marriage, and you two are certainly old enough to be above affectation. Go away with you.|-
./fake/en/tts_models_en_ljspeech_tacotron2-DCA/silent_bullet_06_f000335.wav|en_US/by_book/male/elliot_miller/silent_bullet/wavs/silent_bullet_06_f000335.wav|en|True|11.670|ljspeech|tts_models/en/ljspeech/tacotron2-DCA|tacotron2-DCA|Here is mister Jamesons - his is not a bit like the ghosts. Nor is mister Vandams. Least of all are doctor Hansons and Inspector OConnors, for they are heavy men.|-
./fake/en/tts_models_en_ljspeech_tacotron2-DCA/northandsouth_46_f000292.wav|en_US/by_book/female/mary_ann/northandsouth/wavs/northandsouth_46_f000292.wav|en|True|4.354|ljspeech|tts_models/en/ljspeech/tacotron2-DCA|tacotron2-DCA|Oh! simply he has annoyed me by not joining in my praises of you.|-
./fake/en/tts_models_en_ljspeech_tacotron2-DCA/skyisland_08_baum_64kb_f000066.wav|en_US/by_book/female/judy_bieber/sky_island/wavs/skyisland_08_baum_64kb_f000066.wav|en|True|5.260|ljspeech|tts_models/en/ljspeech/tacotron2-DCA|tacotron2-DCA|who sneered at them and mocked them but dared not interfere with their progress.|-
./fake/en/tts_models_en_ljspeech_tacotron2-DCA/wives_and_daughters_51_f000028.wav|en_UK/by_book/female/elizabeth_klett/wives_and_daughters/wavs/wives_and_daughters_51_f000028.wav|en|True|7.943|ljspeech|tts_models/en/ljspeech/tacotron2-DCA|tacotron2-DCA|I cannot tell. All I know is, - and I know it clearly, and will act upon it inflexibly - that And here she stopped short.|-
./fake/en/tts_models_en_ljspeech_tacotron2-DCA/the_master_key_04_f000013.wav|en_US/by_book/female/judy_bieber/the_master_key/wavs/the_master_key_04_f000013.wav|en|True|7.628|ljspeech|tts_models/en/ljspeech/tacotron2-DCA|tacotron2-DCA|So he put his treasures into his pocket, locked his workshop and went downstairs to his room to prepare for dinner.|-
./fake/en/tts_models_en_ljspeech_tacotron2-DCA/jane_eyre_21_f000129.wav|en_UK/by_book/female/elizabeth_klett/jane_eyre/wavs/jane_eyre_21_f000129.wav|en|True|0.941|ljspeech|tts_models/en/ljspeech/tacotron2-DCA|tacotron2-DCA|Sir?|-
./fake/en/tts_models_en_ljspeech_tacotron2-DCA/emerald_city_of_oz_06_f000021.wav|en_US/by_book/female/judy_bieber/emerald_city_of_oz/wavs/emerald_city_of_oz_06_f000021.wav|en|True|7.768|ljspeech|tts_models/en/ljspeech/tacotron2-DCA|tacotron2-DCA|and these big, burly creatures looked so whimsical and absurd in their queer masks that they were called Whimsies.|-
./fake/en/tts_models_en_ljspeech_tacotron2-DCA/northandsouth_36_f000191.wav|en_US/by_book/female/mary_ann/northandsouth/wavs/northandsouth_36_f000191.wav|en|True|7.536|ljspeech|tts_models/en/ljspeech/tacotron2-DCA|tacotron2-DCA|I bidthem begone, and each take a child withthem, and to mind that they were orphans, and their mother a widow.|-
./fake/en/tts_models_en_ljspeech_tacotron2-DCA/skyisland_03_baum_64kb_f000014.wav|en_US/by_book/female/judy_bieber/sky_island/wavs/skyisland_03_baum_64kb_f000014.wav|en|True|11.831|ljspeech|tts_models/en/ljspeech/tacotron2-DCA|tacotron2-DCA|The sailor placed the board upon the ground while they sat in their places, Button-Bright at the right of Trot, and then the boy hooked the rope loop to the handle of the umbrella, which he spread wide open.|-
./fake/en/tts_models_en_ljspeech_tacotron2-DCA/jane_eyre_37_f000169.wav|en_UK/by_book/female/elizabeth_klett/jane_eyre/wavs/jane_eyre_37_f000169.wav|en|True|7.954|ljspeech|tts_models/en/ljspeech/tacotron2-DCA|tacotron2-DCA|Blind as he was, smiles played over his face, joy dawned on his forehead: his lineaments softened and warmed.|-
./fake/en/tts_models_en_ljspeech_tacotron2-DCA/silent_bullet_10_f000039.wav|en_US/by_book/male/elliot_miller/silent_bullet/wavs/silent_bullet_10_f000039.wav|en|True|5.830|ljspeech|tts_models/en/ljspeech/tacotron2-DCA|tacotron2-DCA|Im not afraid to go anywhere I send my men. Ill die before Ill admit Im beaten.|-
./fake/en/tts_models_en_ljspeech_tacotron2-DCA/emerald_city_of_oz_23_f000033.wav|en_US/by_book/female/judy_bieber/emerald_city_of_oz/wavs/emerald_city_of_oz_23_f000033.wav|en|True|4.981|ljspeech|tts_models/en/ljspeech/tacotron2-DCA|tacotron2-DCA|Oh, boo-hoo-hoo! sobbed the woman, giving way to a fresh burst of grief.|-
./fake/en/tts_models_en_ljspeech_tacotron2-DCA/jane_eyre_25_f000073.wav|en_UK/by_book/female/elizabeth_klett/jane_eyre/wavs/jane_eyre_25_f000073.wav|en|True|4.703|ljspeech|tts_models/en/ljspeech/tacotron2-DCA|tacotron2-DCA|I obeyed: joy made me agile: I sprang up before him.|-
./fake/en/tts_models_en_ljspeech_tacotron2-DCA/wives_and_daughters_29_f000265.wav|en_UK/by_book/female/elizabeth_klett/wives_and_daughters/wavs/wives_and_daughters_29_f000265.wav|en|True|7.652|ljspeech|tts_models/en/ljspeech/tacotron2-DCA|tacotron2-DCA|He shut his eyes, and chose to believe that she was now desirous of making up for her little burst of temper on his previous visit.|-
./fake/en/tts_models_en_ljspeech_tacotron2-DCA/wives_and_daughters_58_f000127.wav|en_UK/by_book/female/elizabeth_klett/wives_and_daughters/wavs/wives_and_daughters_58_f000127.wav|en|True|7.745|ljspeech|tts_models/en/ljspeech/tacotron2-DCA|tacotron2-DCA|Lord Hollingford remembered his sister's words as he heard Roger say to Molly as he was leaving the Towers on the following day,|-
./fake/en/tts_models_en_ljspeech_tacotron2-DCA/northandsouth_31_f000040.wav|en_US/by_book/female/mary_ann/northandsouth/wavs/northandsouth_31_f000040.wav|en|True|8.906|ljspeech|tts_models/en/ljspeech/tacotron2-DCA|tacotron2-DCA|Hes been all this day with poor missus; and when Ive listened at the door, Ive heard him talking to her, and talking to her, as if she was alive.|-
./fake/en/tts_models_en_ljspeech_tacotron2-DCA/wives_and_daughters_56_f000012.wav|en_UK/by_book/female/elizabeth_klett/wives_and_daughters/wavs/wives_and_daughters_56_f000012.wav|en|True|9.011|ljspeech|tts_models/en/ljspeech/tacotron2-DCA|tacotron2-DCA|Cynthia hardly spoke, and did not touch her food. Mister Gibson went about his daily business, and Cynthia and her mother were left alone.|-
./fake/en/tts_models_en_ljspeech_tacotron2-DCA/jane_eyre_37_f000187.wav|en_UK/by_book/female/elizabeth_klett/jane_eyre/wavs/jane_eyre_37_f000187.wav|en|True|9.440|ljspeech|tts_models/en/ljspeech/tacotron2-DCA|tacotron2-DCA|Where is the use of doing me good in any way, beneficent spirit, when, at some fatal moment, you will again desert me - passing like a shadow,|-
./fake/en/tts_models_en_ljspeech_tacotron2-DCA/pink_fairy_book_31_f000134.wav|en_US/by_book/male/elliot_miller/pink_fairy_book/wavs/pink_fairy_book_31_f000134.wav|en|True|9.950|ljspeech|tts_models/en/ljspeech/tacotron2-DCA|tacotron2-DCA|The youth and his sweetheart entered the castle, which was now theirs, and held their wedding; and all the kings roundabout, who had been in the trolls debt,|-
./fake/en/tts_models_en_ljspeech_tacotron2-DCA/the_sea_fairies_07_f000034.wav|en_US/by_book/female/judy_bieber/the_sea_fairies/wavs/the_sea_fairies_07_f000034.wav|en|True|3.426|ljspeech|tts_models/en/ljspeech/tacotron2-DCA|tacotron2-DCA|I've eaten you, and you always make me thirsty.|-
./fake/en/tts_models_en_ljspeech_tacotron2-DCA/wives_and_daughters_60_f000280.wav|en_UK/by_book/female/elizabeth_klett/wives_and_daughters/wavs/wives_and_daughters_60_f000280.wav|en|True|6.375|ljspeech|tts_models/en/ljspeech/tacotron2-DCA|tacotron2-DCA|now it is another sort of column - one of those sad white pillars which stand broken in the churchyard.|-
./fake/en/tts_models_en_ljspeech_tacotron2-DCA/midnight_passenger_08_f000048.wav|en_US/by_book/female/mary_ann/midnight_passenger/wavs/midnight_passenger_08_f000048.wav|en|True|2.520|ljspeech|tts_models/en/ljspeech/tacotron2-DCA|tacotron2-DCA|could hear the sound of hammering below.|-
./fake/en/tts_models_en_ljspeech_tacotron2-DCA/jane_eyre_37_f000211.wav|en_UK/by_book/female/elizabeth_klett/jane_eyre/wavs/jane_eyre_37_f000211.wav|en|True|12.913|ljspeech|tts_models/en/ljspeech/tacotron2-DCA|tacotron2-DCA|Then: Which room did you put her into? Was it dry? Is she up? Go and ask if she wants anything; and when she will come down.|-
./fake/en/tts_models_en_ljspeech_tacotron2-DCA/wives_and_daughters_22_f000063.wav|en_UK/by_book/female/elizabeth_klett/wives_and_daughters/wavs/wives_and_daughters_22_f000063.wav|en|True|9.974|ljspeech|tts_models/en/ljspeech/tacotron2-DCA|tacotron2-DCA|Osborne, on the contrary, was what is commonly called fine; delicate almost to effeminacy in dress and in manner; careful in small observances.|-
./fake/en/tts_models_en_ljspeech_tacotron2-DCA/the_sea_fairies_01_f000101.wav|en_US/by_book/female/judy_bieber/the_sea_fairies/wavs/the_sea_fairies_01_f000101.wav|en|True|6.166|ljspeech|tts_models/en/ljspeech/tacotron2-DCA|tacotron2-DCA|If they're beautiful, and laughing, and sweet, there candt be much harm in them, I'm sure.|-
./fake/en/tts_models_en_ljspeech_tacotron2-DCA/poisoned_pen_01_f000124.wav|en_US/by_book/male/elliot_miller/poisoned_pen/wavs/poisoned_pen_01_f000124.wav|en|True|3.844|ljspeech|tts_models/en/ljspeech/tacotron2-DCA|tacotron2-DCA|was the nerve he displayed, whether guilty or innocent.|-
./fake/en/tts_models_en_ljspeech_tacotron2-DCA/wives_and_daughters_32_f000194.wav|en_UK/by_book/female/elizabeth_klett/wives_and_daughters/wavs/wives_and_daughters_32_f000194.wav|en|True|5.632|ljspeech|tts_models/en/ljspeech/tacotron2-DCA|tacotron2-DCA|I really think I'm unhappy at having told a story, as children express it.|-
./fake/en/tts_models_en_ljspeech_tacotron2-DCA/northandsouth_04_f000138.wav|en_US/by_book/female/mary_ann/northandsouth/wavs/northandsouth_04_f000138.wav|en|True|13.110|ljspeech|tts_models/en/ljspeech/tacotron2-DCA|tacotron2-DCA|She could not speak, all at once. Her father said, You dislike it very much, dont you, Margaret? Then she conquered herself, and said, with a bright strong look on her face:|-
./fake/en/tts_models_en_ljspeech_tacotron2-DCA/wives_and_daughters_48_f000123.wav|en_UK/by_book/female/elizabeth_klett/wives_and_daughters/wavs/wives_and_daughters_48_f000123.wav|en|True|8.255|ljspeech|tts_models/en/ljspeech/tacotron2-DCA|tacotron2-DCA|Mister Preston did not accept the invitations to Hollingford tea-drinkings with the same eager gratitude as he had done a year before:|-
./fake/en/tts_models_en_ljspeech_tacotron2-DCA/wives_and_daughters_18_f000245.wav|en_UK/by_book/female/elizabeth_klett/wives_and_daughters/wavs/wives_and_daughters_18_f000245.wav|en|True|7.512|ljspeech|tts_models/en/ljspeech/tacotron2-DCA|tacotron2-DCA|To-day he principally addressed himself to Molly; entering into rather long narrations of late discoveries in natural history,|-
./fake/en/tts_models_en_ljspeech_tacotron2-DCA/jane_eyre_24_f000285.wav|en_UK/by_book/female/elizabeth_klett/jane_eyre/wavs/jane_eyre_24_f000285.wav|en|True|8.802|ljspeech|tts_models/en/ljspeech/tacotron2-DCA|tacotron2-DCA|I never have dined with you, sir: and I see no reason why I should now: till - Till what? You delight in half-phrases.|-
./fake/en/tts_models_en_ljspeech_tacotron2-DCA/the_sea_fairies_08_f000040.wav|en_US/by_book/female/judy_bieber/the_sea_fairies/wavs/the_sea_fairies_08_f000040.wav|en|True|3.611|ljspeech|tts_models/en/ljspeech/tacotron2-DCA|tacotron2-DCA|True enough, Trot, declared the sailor man.|-
./fake/en/tts_models_en_ljspeech_tacotron2-DCA/the_master_key_08_f000019.wav|en_US/by_book/female/judy_bieber/the_master_key/wavs/the_master_key_08_f000019.wav|en|True|12.110|ljspeech|tts_models/en/ljspeech/tacotron2-DCA|tacotron2-DCA|Now, continued the Demon, more gravely, we approach the subject of an electrical device so truly marvelous that even I am awed when I contemplate the accuracy and perfection of the natural laws which guide it and permit it to exercise its functions.|-
./fake/en/tts_models_en_ljspeech_tacotron2-DCA/jane_eyre_06_f000107.wav|en_UK/by_book/female/elizabeth_klett/jane_eyre/wavs/jane_eyre_06_f000107.wav|en|True|7.443|ljspeech|tts_models/en/ljspeech/tacotron2-DCA|tacotron2-DCA|and I thought what a pity it was that, with his integrity and conscientiousness, he could see no farther than the prerogatives of the crown.|-
./fake/en/tts_models_en_ljspeech_tacotron2-DCA/skyisland_13_baum_64kb_f000005.wav|en_US/by_book/female/judy_bieber/sky_island/wavs/skyisland_13_baum_64kb_f000005.wav|en|True|8.952|ljspeech|tts_models/en/ljspeech/tacotron2-DCA|tacotron2-DCA|Many shades of color were there, of course, grading from a faint blush rose to deep pink verging on red, but no other color was visible.|-
./fake/en/tts_models_en_ljspeech_tacotron2-DCA/piratesofersatz_12_leinster_64kb_f000021.wav|en_US/by_book/male/elliot_miller/pirates_of_ersatz/wavs/piratesofersatz_12_leinster_64kb_f000021.wav|en|True|10.508|ljspeech|tts_models/en/ljspeech/tacotron2-DCA|tacotron2-DCA|Suddenly their stocks went up - or rather, what people were willing to pay for them went up, because Hoddan had forbidden the sale of any stock after the pirate fleet appeared.|-
./fake/en/tts_models_en_ljspeech_tacotron2-DCA/the_sea_fairies_14_f000022.wav|en_US/by_book/female/judy_bieber/the_sea_fairies/wavs/the_sea_fairies_14_f000022.wav|en|True|4.215|ljspeech|tts_models/en/ljspeech/tacotron2-DCA|tacotron2-DCA|That's why I don't take much comfort in our fine surroundin's, Trot.|-
./fake/en/tts_models_en_ljspeech_tacotron2-DCA/northandsouth_38_f000064.wav|en_US/by_book/female/mary_ann/northandsouth/wavs/northandsouth_38_f000064.wav|en|True|5.737|ljspeech|tts_models/en/ljspeech/tacotron2-DCA|tacotron2-DCA|I dont see what we have to do with that. Miss Hale is at liberty to please herself.|-
./fake/en/tts_models_en_ljspeech_tacotron2-DCA/jane_eyre_26_f000220.wav|en_UK/by_book/female/elizabeth_klett/jane_eyre/wavs/jane_eyre_26_f000220.wav|en|True|4.145|ljspeech|tts_models/en/ljspeech/tacotron2-DCA|tacotron2-DCA|to rise I had no will, to flee I had no strength.|-
./fake/en/tts_models_en_ljspeech_tacotron2-DCA/wives_and_daughters_14_f000237.wav|en_UK/by_book/female/elizabeth_klett/wives_and_daughters/wavs/wives_and_daughters_14_f000237.wav|en|True|2.125|ljspeech|tts_models/en/ljspeech/tacotron2-DCA|tacotron2-DCA|When is your father coming back?|-
./fake/en/tts_models_en_ljspeech_tacotron2-DCA/northandsouth_41_f000058.wav|en_US/by_book/female/mary_ann/northandsouth/wavs/northandsouth_41_f000058.wav|en|True|6.816|ljspeech|tts_models/en/ljspeech/tacotron2-DCA|tacotron2-DCA|All these weeks she had been conscious of their existence in a dull kind of way, though they were hidden out of sight.|-
