path|original_file|language|is_original_language|duration|training_data|model_name|architecture|transcript|reference_speaker|speaker_similarity
./fake/en/Llasa-8B/the_sea_fairies_20_f000145.wav|en_US/by_book/female/judy_bieber/the_sea_fairies/wavs/the_sea_fairies_20_f000145.wav|en|True|3.64|['multi-dataset']|Llasa-8B|Llasa|By the law of the ocean, you must obey me in everything.|en_US/by_book/female/judy_bieber/the_master_key/wavs/the_master_key_04_f000092.wav|0.3658
./fake/en/Llasa-8B/northandsouth_38_f000087.wav|en_US/by_book/female/mary_ann/northandsouth/wavs/northandsouth_38_f000087.wav|en|True|7.7|['multi-dataset']|Llasa-8B|Llasa|I know that something is wrong; some dread, must be a terrible torture to her.|en_US/by_book/female/judy_bieber/sky_island/wavs/skyisland_12_baum_64kb_f000071.wav|0.2034
./fake/en/Llasa-8B/jane_eyre_04_f000078.wav|en_UK/by_book/female/elizabeth_klett/jane_eyre/wavs/jane_eyre_04_f000078.wav|en|True|8.78|['multi-dataset']|Llasa-8B|Llasa|Having spread the quilt and folded my night-dress, I went to the window-seat to put in order some picture-books and doll's house furniture scattered there;|en_US/by_book/female/judy_bieber/the_sea_fairies/wavs/the_sea_fairies_17_f000091.wav|0.2107
./fake/en/Llasa-8B/poisoned_pen_02_f000207.wav|en_US/by_book/male/elliot_miller/poisoned_pen/wavs/poisoned_pen_02_f000207.wav|en|True|14.4|['multi-dataset']|Llasa-8B|Llasa|I saw Delarue after the performance last night, went on Kennedy inexorably. I was not seen, but I saw, and he was with - She was pacing the room now in unsuppressed excitement.|en_US/by_book/male/elliot_miller/silent_bullet/wavs/silent_bullet_10_f000253.wav|0.6004
./fake/en/Llasa-8B/wives_and_daughters_44_f000169.wav|en_UK/by_book/female/elizabeth_klett/wives_and_daughters/wavs/wives_and_daughters_44_f000169.wav|en|True|6.94|['multi-dataset']|Llasa-8B|Llasa|Before she was out of hearing, she heard Mister Sheepshanks say, Sorry to have disturbed your tete-a-tete,|en_UK/by_book/female/elizabeth_klett/jane_eyre/wavs/jane_eyre_15_f000106.wav|0.1969
./fake/en/Llasa-8B/pink_fairy_book_13_f000019.wav|en_US/by_book/male/elliot_miller/pink_fairy_book/wavs/pink_fairy_book_13_f000019.wav|en|True|8.74|['multi-dataset']|Llasa-8B|Llasa|there were splendid masts on the ships.|en_US/by_book/female/mary_ann/northandsouth/wavs/northandsouth_41_f000119.wav|0.0559
./fake/en/Llasa-8B/piratesofersatz_06_leinster_64kb_f000200.wav|en_US/by_book/male/elliot_miller/pirates_of_ersatz/wavs/piratesofersatz_06_leinster_64kb_f000200.wav|en|True|8.94|['multi-dataset']|Llasa-8B|Llasa|He hoped his orbit was lower than theirs. If it was, he'd overtake them from behind. If he were higher, they'd overtake him.|en_US/by_book/male/elliot_miller/silent_bullet/wavs/silent_bullet_06_f000275.wav|-0.1527
./fake/en/Llasa-8B/emerald_city_of_oz_15_f000038.wav|en_US/by_book/female/judy_bieber/emerald_city_of_oz/wavs/emerald_city_of_oz_15_f000038.wav|en|True|4.32|['multi-dataset']|Llasa-8B|Llasa|What! exclaimed the zebra, in astonishment; do I hear you aright?|en_UK/by_book/female/elizabeth_klett/wives_and_daughters/wavs/wives_and_daughters_29_f000053.wav|0.0064
./fake/en/Llasa-8B/dorothy_and_wizard_oz_08_f000054.wav|en_US/by_book/female/judy_bieber/dorothy_and_wizard_oz/wavs/dorothy_and_wizard_oz_08_f000054.wav|en|True|9.56|['multi-dataset']|Llasa-8B|Llasa|The travellers now resumed their walk toward the cottage, which they presently reached. It was a pretty place, with vines growing thickly over the broad front porch.|en_US/by_book/female/mary_ann/northandsouth/wavs/northandsouth_19_f000087.wav|0.2837
./fake/en/Llasa-8B/jane_eyre_36_f000098.wav|en_UK/by_book/female/elizabeth_klett/jane_eyre/wavs/jane_eyre_36_f000098.wav|en|True|12.8|['multi-dataset']|Llasa-8B|Llasa|No need to listen for doors opening - to fancy steps on the pavement or the gravel-walk! The lawn, the grounds were trodden and waste: the portal yawned void.|en_US/by_book/female/judy_bieber/ozma_of_oz/wavs/ozma_of_oz_18_f000018.wav|0.3201
./fake/en/Llasa-8B/northandsouth_05_f000109.wav|en_US/by_book/female/mary_ann/northandsouth/wavs/northandsouth_05_f000109.wav|en|True|4.88|['multi-dataset']|Llasa-8B|Llasa|It will be such a disgrace to us! Poor dear Sir John!|en_UK/by_book/female/elizabeth_klett/wives_and_daughters/wavs/wives_and_daughters_47_f000086.wav|0.0397
./fake/en/Llasa-8B/poisoned_pen_05_f000078.wav|en_US/by_book/male/elliot_miller/poisoned_pen/wavs/poisoned_pen_05_f000078.wav|en|True|8.66|['multi-dataset']|Llasa-8B|Llasa|But when we produced the London finger-prints which tallied with the New York finger-prints which we had made - believe it or not, but it is a fact,|en_US/by_book/female/judy_bieber/emerald_city_of_oz/wavs/emerald_city_of_oz_11_f000008.wav|0.0536
./fake/en/Llasa-8B/wives_and_daughters_45_f000111.wav|en_UK/by_book/female/elizabeth_klett/wives_and_daughters/wavs/wives_and_daughters_45_f000111.wav|en|True|6.72|['multi-dataset']|Llasa-8B|Llasa|I don't see why you need to call it anything. Indeed, I don't understand what you mean by it.|en_US/by_book/female/judy_bieber/sky_island/wavs/skyisland_23_baum_64kb_f000030.wav|-0.0378
./fake/en/Llasa-8B/piratesofersatz_01_leinster_64kb_f000019.wav|en_US/by_book/male/elliot_miller/pirates_of_ersatz/wavs/piratesofersatz_01_leinster_64kb_f000019.wav|en|True|11.36|['multi-dataset']|Llasa-8B|Llasa|They came back blackened and sometimes more battered still, and sometimes they were accompanied by great hulls whose crews and passengers were mysteriously missing.|en_US/by_book/male/elliot_miller/pink_fairy_book/wavs/pink_fairy_book_36_f000127.wav|0.1350
./fake/en/Llasa-8B/northandsouth_23_f000136.wav|en_US/by_book/female/mary_ann/northandsouth/wavs/northandsouth_23_f000136.wav|en|True|7.62|['multi-dataset']|Llasa-8B|Llasa|She released her strong will from its laborious task. Till morning she might feel ill and weary.|en_US/by_book/female/judy_bieber/rinkitink_in_oz/wavs/rinkitink_baum_09_64kb_f000052.wav|0.1465
./fake/en/Llasa-8B/the_master_key_06_f000005.wav|en_US/by_book/female/judy_bieber/the_master_key/wavs/the_master_key_06_f000005.wav|en|True|6.68|['multi-dataset']|Llasa-8B|Llasa|Having seen the terrible effect of the electric tube they wisely fell back and allowed the boy to pass.|en_US/by_book/female/judy_bieber/the_sea_fairies/wavs/the_sea_fairies_15_f000094.wav|0.0059
./fake/en/Llasa-8B/jane_eyre_11_f000131.wav|en_UK/by_book/female/elizabeth_klett/jane_eyre/wavs/jane_eyre_11_f000131.wav|en|True|13.1|['multi-dataset']|Llasa-8B|Llasa|And why had I these aspirations and these regrets? It would be difficult to say: I could not then distinctly say it to myself; yet I had a reason,|en_US/by_book/male/elliot_miller/poisoned_pen/wavs/poisoned_pen_02_f000301.wav|0.0938
./fake/en/Llasa-8B/silent_bullet_07_f000134.wav|en_US/by_book/male/elliot_miller/silent_bullet/wavs/silent_bullet_07_f000134.wav|en|True|6.48|['multi-dataset']|Llasa-8B|Llasa|Doctor Thornton shot a quick glance at Andrews, as if he would like to know just how much his visitor knew or suspected.|en_US/by_book/female/judy_bieber/rinkitink_in_oz/wavs/rinkitink_baum_06_64kb_f000009.wav|0.0766
./fake/en/Llasa-8B/midnight_passenger_14_f000313.wav|en_US/by_book/female/mary_ann/midnight_passenger/wavs/midnight_passenger_14_f000313.wav|en|True|10.8|['multi-dataset']|Llasa-8B|Llasa|one hundred ninety-five Ringstrasse, Vienna, that her fugitive son, Hugo Landor, had died of fever in a Catholic hospital at San Francisco, under an assumed name.|en_US/by_book/female/mary_ann/northandsouth/wavs/northandsouth_43_f000140.wav|0.1950
./fake/en/Llasa-8B/piratesofersatz_10_leinster_64kb_f000171.wav|en_US/by_book/male/elliot_miller/pirates_of_ersatz/wavs/piratesofersatz_10_leinster_64kb_f000171.wav|en|True|5.44|['multi-dataset']|Llasa-8B|Llasa|You've got to sacrifice yourself for humanity! You'll be treated kindly!|en_UK/by_book/female/elizabeth_klett/wives_and_daughters/wavs/wives_and_daughters_36_f000113.wav|0.1135
./fake/en/Llasa-8B/wives_and_daughters_51_f000062.wav|en_UK/by_book/female/elizabeth_klett/wives_and_daughters/wavs/wives_and_daughters_51_f000062.wav|en|True|9.56|['multi-dataset']|Llasa-8B|Llasa|but, again, she knew that in its entirety of high undoubting esteem, as well as of passionate regard, it would no longer be hers;|en_US/by_book/female/judy_bieber/sky_island/wavs/skyisland_15_baum_64kb_f000032.wav|0.0738
./fake/en/Llasa-8B/rinkitink_baum_14_64kb_f000083.wav|en_US/by_book/female/judy_bieber/rinkitink_in_oz/wavs/rinkitink_baum_14_64kb_f000083.wav|en|True|6.68|['multi-dataset']|Llasa-8B|Llasa|It does, replied one of the guards, but no one is allowed to pass out who once goes in.|en_US/by_book/male/elliot_miller/poisoned_pen/wavs/poisoned_pen_11_f000206.wav|0.1115
./fake/en/Llasa-8B/jane_eyre_07_f000042.wav|en_UK/by_book/female/elizabeth_klett/jane_eyre/wavs/jane_eyre_07_f000042.wav|en|True|3.42|['multi-dataset']|Llasa-8B|Llasa|I have not yet alluded to the visits of Mister Brocklehurst;|en_US/by_book/female/mary_ann/midnight_passenger/wavs/midnight_passenger_02_f000189.wav|0.3349
./fake/en/Llasa-8B/wives_and_daughters_21_f000261.wav|en_UK/by_book/female/elizabeth_klett/wives_and_daughters/wavs/wives_and_daughters_21_f000261.wav|en|True|2.66|['multi-dataset']|Llasa-8B|Llasa|No! certainly not, said Molly, hastily.|en_UK/by_book/female/elizabeth_klett/wives_and_daughters/wavs/wives_and_daughters_35_f000240.wav|0.1530
./fake/en/Llasa-8B/wives_and_daughters_05_f000238.wav|en_UK/by_book/female/elizabeth_klett/wives_and_daughters/wavs/wives_and_daughters_05_f000238.wav|en|True|8.48|['multi-dataset']|Llasa-8B|Llasa|Well, but it seems people consider you as a young woman now, and so I suppose you must run up milliners bills like the rest of your kind.|en_UK/by_book/female/elizabeth_klett/wives_and_daughters/wavs/wives_and_daughters_37_f000259.wav|0.1392
./fake/en/Llasa-8B/jane_eyre_04_f000026.wav|en_UK/by_book/female/elizabeth_klett/jane_eyre/wavs/jane_eyre_04_f000026.wav|en|True|12.96|['multi-dataset']|Llasa-8B|Llasa|I say scarcely voluntary, for it seemed as if my tongue pronounced words without my will consenting to their utterance: something spoke out of me over which I had no control.|en_UK/by_book/female/elizabeth_klett/jane_eyre/wavs/jane_eyre_14_f000256.wav|0.1324
./fake/en/Llasa-8B/pink_fairy_book_40_f000218.wav|en_US/by_book/male/elliot_miller/pink_fairy_book/wavs/pink_fairy_book_40_f000218.wav|en|True|3.38|['multi-dataset']|Llasa-8B|Llasa|you must jump into the oven as Ciccu has done.|en_UK/by_book/female/elizabeth_klett/wives_and_daughters/wavs/wives_and_daughters_05_f000246.wav|-0.0930
./fake/en/Llasa-8B/northandsouth_47_f000053.wav|en_US/by_book/female/mary_ann/northandsouth/wavs/northandsouth_47_f000053.wav|en|True|7.84|['multi-dataset']|Llasa-8B|Llasa|Edith was in the mood to think that any pleasure enjoyed away from her was a tacit affront, or at best a proof of indifference.|en_US/by_book/female/judy_bieber/the_master_key/wavs/the_master_key_02_f000034.wav|0.2021
./fake/en/Llasa-8B/wives_and_daughters_60_f000322.wav|en_UK/by_book/female/elizabeth_klett/wives_and_daughters/wavs/wives_and_daughters_60_f000322.wav|en|True|6.9|['multi-dataset']|Llasa-8B|Llasa|It was so at all times; but lately even the original slight tincture seemed to disappear.|en_UK/by_book/female/elizabeth_klett/jane_eyre/wavs/jane_eyre_17_f000395.wav|0.3110
./fake/en/Llasa-8B/rinkitink_baum_20_64kb_f000028.wav|en_US/by_book/female/judy_bieber/rinkitink_in_oz/wavs/rinkitink_baum_20_64kb_f000028.wav|en|True|6.58|['multi-dataset']|Llasa-8B|Llasa|the carpet straightway began to unroll before them and as they walked on it continued to unroll,|en_US/by_book/female/mary_ann/midnight_passenger/wavs/midnight_passenger_14_f000313.wav|0.2195
./fake/en/Llasa-8B/pink_fairy_book_10_f000097.wav|en_US/by_book/male/elliot_miller/pink_fairy_book/wavs/pink_fairy_book_10_f000097.wav|en|True|10.64|['multi-dataset']|Llasa-8B|Llasa|He wanted to have a report, but Christian would give him none, so he took him straight up to the king, and announced for the first time that here was the sentinel who had stood guard in the church over-night.|en_US/by_book/male/elliot_miller/pink_fairy_book/wavs/pink_fairy_book_12_f000113.wav|0.0485
./fake/en/Llasa-8B/jane_eyre_11_f000176.wav|en_UK/by_book/female/elizabeth_klett/jane_eyre/wavs/jane_eyre_11_f000176.wav|en|True|9.64|['multi-dataset']|Llasa-8B|Llasa|I looked at my pupil, who did not at first appear to notice me: she was quite a child, perhaps seven or eight years old, slightly built, with a pale,|en_US/by_book/female/mary_ann/midnight_passenger/wavs/midnight_passenger_13_f000163.wav|0.3031
./fake/en/Llasa-8B/wives_and_daughters_23_f000174.wav|en_UK/by_book/female/elizabeth_klett/wives_and_daughters/wavs/wives_and_daughters_23_f000174.wav|en|True|10.0|['multi-dataset']|Llasa-8B|Llasa|At last he said, in a low voice, as if scarcely aware he had got a listener, - I used to write to her when she was away in London, and tell her the home news.|en_UK/by_book/female/elizabeth_klett/jane_eyre/wavs/jane_eyre_17_f000048.wav|0.3607
./fake/en/Llasa-8B/jane_eyre_19_f000214.wav|en_UK/by_book/female/elizabeth_klett/jane_eyre/wavs/jane_eyre_19_f000214.wav|en|True|13.18|['multi-dataset']|Llasa-8B|Llasa|He half smiled. But if I were to go to them, and they only looked at me coldly, and whispered sneeringly amongst each other, and then dropped off and left me one by one,|en_UK/by_book/female/elizabeth_klett/jane_eyre/wavs/jane_eyre_28_f000344.wav|0.1746
./fake/en/Llasa-8B/pink_fairy_book_14_f000135.wav|en_US/by_book/male/elliot_miller/pink_fairy_book/wavs/pink_fairy_book_14_f000135.wav|en|True|11.52|['multi-dataset']|Llasa-8B|Llasa|The squire said that he could easily get all that, so Hans got all of these tied up together, hung them over his shoulder on his good staff, and tramped away to Devilmoss Lake.|en_US/by_book/male/elliot_miller/poisoned_pen/wavs/poisoned_pen_03_f000266.wav|0.0702
./fake/en/Llasa-8B/wives_and_daughters_39_f000011.wav|en_UK/by_book/female/elizabeth_klett/wives_and_daughters/wavs/wives_and_daughters_39_f000011.wav|en|True|1.12|['multi-dataset']|Llasa-8B|Llasa|shouldn't you?|en_UK/by_book/female/elizabeth_klett/jane_eyre/wavs/jane_eyre_18_f000268.wav|0.5254
./fake/en/Llasa-8B/emerald_city_of_oz_07_f000058.wav|en_US/by_book/female/judy_bieber/emerald_city_of_oz/wavs/emerald_city_of_oz_07_f000058.wav|en|True|10.5|['multi-dataset']|Llasa-8B|Llasa|Yes, indeed. I've nine Dorothys and two Daniels; and the nine Dorothys have eighty-six sons and daughters and over three hundred grandchildren, said Billina, proudly.|en_UK/by_book/female/elizabeth_klett/jane_eyre/wavs/jane_eyre_26_f000198.wav|0.2014
./fake/en/Llasa-8B/rinkitink_baum_07_64kb_f000004.wav|en_US/by_book/female/judy_bieber/rinkitink_in_oz/wavs/rinkitink_baum_07_64kb_f000004.wav|en|True|6.12|['multi-dataset']|Llasa-8B|Llasa|but farther back from the sea were rugged hills and mountains, so rocky that nothing would grow there.|en_US/by_book/male/elliot_miller/silent_bullet/wavs/silent_bullet_09_f000139.wav|0.0579
./fake/en/Llasa-8B/rinkitink_baum_19_64kb_f000068.wav|en_US/by_book/female/judy_bieber/rinkitink_in_oz/wavs/rinkitink_baum_19_64kb_f000068.wav|en|True|7.02|['multi-dataset']|Llasa-8B|Llasa|and perhaps strength alone would not enable him to escape from danger.|en_UK/by_book/female/elizabeth_klett/wives_and_daughters/wavs/wives_and_daughters_19_f000016.wav|-0.0396
./fake/en/Llasa-8B/jane_eyre_36_f000191.wav|en_UK/by_book/female/elizabeth_klett/jane_eyre/wavs/jane_eyre_36_f000191.wav|en|True|3.6|['multi-dataset']|Llasa-8B|Llasa|Were any other lives lost?|en_US/by_book/female/judy_bieber/sky_island/wavs/skyisland_01_baum_64kb_f000046.wav|0.3217
./fake/en/Llasa-8B/northandsouth_29_f000103.wav|en_US/by_book/female/mary_ann/northandsouth/wavs/northandsouth_29_f000103.wav|en|True|12.44|['multi-dataset']|Llasa-8B|Llasa|that it was not until she had done speaking that she coloured all over with consciousness, more especially as mister Thornton seemed hardly to understand the exact gist or bearing of what she was saying,|en_UK/by_book/female/elizabeth_klett/jane_eyre/wavs/jane_eyre_05_f000072.wav|0.1900
./fake/en/Llasa-8B/wives_and_daughters_42_f000008.wav|en_UK/by_book/female/elizabeth_klett/wives_and_daughters/wavs/wives_and_daughters_42_f000008.wav|en|True|7.7|['multi-dataset']|Llasa-8B|Llasa|Cynthia seemed to keep every one out at mental arms'-length; and particularly avoided any private talks with Molly.|en_UK/by_book/female/elizabeth_klett/wives_and_daughters/wavs/wives_and_daughters_08_f000063.wav|0.1431
./fake/en/Llasa-8B/wives_and_daughters_14_f000245.wav|en_UK/by_book/female/elizabeth_klett/wives_and_daughters/wavs/wives_and_daughters_14_f000245.wav|en|True|7.66|['multi-dataset']|Llasa-8B|Llasa|Sister has gone to bed; she's had a headache - with the excitement, I think; but she says it's new bread.|en_UK/by_book/female/elizabeth_klett/wives_and_daughters/wavs/wives_and_daughters_59_f000022.wav|0.1826
./fake/en/Llasa-8B/jane_eyre_37_f000069.wav|en_UK/by_book/female/elizabeth_klett/jane_eyre/wavs/jane_eyre_37_f000069.wav|en|True|7.98|['multi-dataset']|Llasa-8B|Llasa|and, leaning over it, with his head supported against the high, old-fashioned mantelpiece, appeared the blind tenant of the room.|en_US/by_book/female/judy_bieber/the_sea_fairies/wavs/the_sea_fairies_04_f000040.wav|0.0026
./fake/en/Llasa-8B/skyisland_30_baum_64kb_f000009.wav|en_US/by_book/female/judy_bieber/sky_island/wavs/skyisland_30_baum_64kb_f000009.wav|en|True|3.06|['multi-dataset']|Llasa-8B|Llasa|But here I am, and here I'll stay.|en_US/by_book/male/elliot_miller/poisoned_pen/wavs/poisoned_pen_11_f000260.wav|0.2580
./fake/en/Llasa-8B/ozma_of_oz_18_f000005.wav|en_US/by_book/female/judy_bieber/ozma_of_oz/wavs/ozma_of_oz_18_f000005.wav|en|True|6.4|['multi-dataset']|Llasa-8B|Llasa|where, because she did not know what else to do with it, she fastened it around her own slim waist.|en_US/by_book/female/judy_bieber/the_sea_fairies/wavs/the_sea_fairies_20_f000173.wav|0.0665
./fake/en/Llasa-8B/northandsouth_37_f000083.wav|en_US/by_book/female/mary_ann/northandsouth/wavs/northandsouth_37_f000083.wav|en|True|7.04|['multi-dataset']|Llasa-8B|Llasa|Stay, theres a ring! She sate down instantly, and bent her head attentively over her work.|en_US/by_book/female/judy_bieber/the_sea_fairies/wavs/the_sea_fairies_20_f000021.wav|0.2133
./fake/en/Llasa-8B/wives_and_daughters_38_f000122.wav|en_UK/by_book/female/elizabeth_klett/wives_and_daughters/wavs/wives_and_daughters_38_f000122.wav|en|True|6.0|['multi-dataset']|Llasa-8B|Llasa|Missis Gibson was in a flutter of sentimental delight, which she fancied was family affection,|en_UK/by_book/female/elizabeth_klett/wives_and_daughters/wavs/wives_and_daughters_56_f000056.wav|0.2189
./fake/en/Llasa-8B/northandsouth_03_f000038.wav|en_US/by_book/female/mary_ann/northandsouth/wavs/northandsouth_03_f000038.wav|en|True|6.04|['multi-dataset']|Llasa-8B|Llasa|And your papa is in such low spirits this morning about something-I dont know what.|en_US/by_book/male/elliot_miller/poisoned_pen/wavs/poisoned_pen_06_f000229.wav|0.0857
./fake/en/Llasa-8B/jane_eyre_28_f000062.wav|en_UK/by_book/female/elizabeth_klett/jane_eyre/wavs/jane_eyre_28_f000062.wav|en|True|9.36|['multi-dataset']|Llasa-8B|Llasa|absolved by death from further conflict with fate, had now but to decay quietly, and mingle in peace with the soil of this wilderness.|en_UK/by_book/female/elizabeth_klett/jane_eyre/wavs/jane_eyre_31_f000047.wav|0.0628
./fake/en/Llasa-8B/pink_fairy_book_16_f000127.wav|en_US/by_book/male/elliot_miller/pink_fairy_book/wavs/pink_fairy_book_16_f000127.wav|en|True|18.34|['multi-dataset']|Llasa-8B|Llasa|It was decided to risk doing so, and the horse-shoer was led into the kings chamber, where he had no sooner called the bird by its name than it began to sing and the princess to smile.|en_UK/by_book/female/elizabeth_klett/wives_and_daughters/wavs/wives_and_daughters_39_f000096.wav|0.3285
./fake/en/Llasa-8B/jane_eyre_31_f000047.wav|en_UK/by_book/female/elizabeth_klett/jane_eyre/wavs/jane_eyre_31_f000047.wav|en|True|6.44|['multi-dataset']|Llasa-8B|Llasa|for in that bend of it visible to me there was no building apparent save the church and the parsonage,|en_US/by_book/male/elliot_miller/pink_fairy_book/wavs/pink_fairy_book_12_f000140.wav|-0.0374
./fake/en/Llasa-8B/northandsouth_31_f000043.wav|en_US/by_book/female/mary_ann/northandsouth/wavs/northandsouth_31_f000043.wav|en|True|5.46|['multi-dataset']|Llasa-8B|Llasa|So Ive been and told him, that I dont think its safe for Master Frederick to be here.|en_UK/by_book/female/elizabeth_klett/wives_and_daughters/wavs/wives_and_daughters_16_f000089.wav|0.3767
./fake/en/Llasa-8B/northandsouth_42_f000141.wav|en_US/by_book/female/mary_ann/northandsouth/wavs/northandsouth_42_f000141.wav|en|True|7.76|['multi-dataset']|Llasa-8B|Llasa|Surely I told you about him, when the family first came to Milton-the son who was concerned in that mutiny.|en_US/by_book/female/judy_bieber/sky_island/wavs/skyisland_29_baum_64kb_f000032.wav|0.0179
./fake/en/Llasa-8B/wives_and_daughters_53_f000200.wav|en_UK/by_book/female/elizabeth_klett/wives_and_daughters/wavs/wives_and_daughters_53_f000200.wav|en|True|6.84|['multi-dataset']|Llasa-8B|Llasa|Molly wondered in her heart about this going away, on which the Squire seemed fully resolved.|en_US/by_book/male/elliot_miller/pink_fairy_book/wavs/pink_fairy_book_25_f000061.wav|0.0635
./fake/en/Llasa-8B/midnight_passenger_09_f000072.wav|en_US/by_book/female/mary_ann/midnight_passenger/wavs/midnight_passenger_09_f000072.wav|en|True|9.92|['multi-dataset']|Llasa-8B|Llasa|As the smug dealer bowed, his mind reverted to Mister Wade's handsome employee, Randall Clayton, and then the picture episode, and the entrancing Magyar witch.|en_UK/by_book/female/elizabeth_klett/jane_eyre/wavs/jane_eyre_33_f000097.wav|0.1786
./fake/en/Llasa-8B/emerald_city_of_oz_24_f000075.wav|en_US/by_book/female/judy_bieber/emerald_city_of_oz/wavs/emerald_city_of_oz_24_f000075.wav|en|True|7.98|['multi-dataset']|Llasa-8B|Llasa|She answered that all the inhabitants of Oz, gathered together, were not powerful enough to fight and overcome the evil forces of the Nome King.|en_US/by_book/male/elliot_miller/hunters_space/wavs/hunters_space_02_f000028.wav|0.1517
./fake/en/Llasa-8B/pink_fairy_book_20_f000013.wav|en_US/by_book/male/elliot_miller/pink_fairy_book/wavs/pink_fairy_book_20_f000013.wav|en|True|2.32|['multi-dataset']|Llasa-8B|Llasa|And he made haste back, and told the king.|en_US/by_book/male/elliot_miller/poisoned_pen/wavs/poisoned_pen_03_f000053.wav|0.1804
./fake/en/Llasa-8B/ozma_of_oz_16_f000065.wav|en_US/by_book/female/judy_bieber/ozma_of_oz/wavs/ozma_of_oz_16_f000065.wav|en|True|10.0|['multi-dataset']|Llasa-8B|Llasa|Smith  Tinker made a very good job of you, said Ozma, kindly. I do not think they should be blamed if you are not quite perfect.|en_US/by_book/male/elliot_miller/poisoned_pen/wavs/poisoned_pen_03_f000316.wav|0.2398
./fake/en/Llasa-8B/pink_fairy_book_04_f000011.wav|en_US/by_book/male/elliot_miller/pink_fairy_book/wavs/pink_fairy_book_04_f000011.wav|en|True|4.96|['multi-dataset']|Llasa-8B|Llasa|Not long afterwards she came to a house with lights in the windows.|en_US/by_book/female/judy_bieber/rinkitink_in_oz/wavs/rinkitink_baum_02_64kb_f000059.wav|0.0843
./fake/en/Llasa-8B/jane_eyre_17_f000395.wav|en_UK/by_book/female/elizabeth_klett/jane_eyre/wavs/jane_eyre_17_f000395.wav|en|True|8.7|['multi-dataset']|Llasa-8B|Llasa|As if loveliness were not the special prerogative of woman - her legitimate appanage and heritage!|en_US/by_book/female/mary_ann/northandsouth/wavs/northandsouth_19_f000066.wav|0.0705
./fake/en/Llasa-8B/wives_and_daughters_28_f000077.wav|en_UK/by_book/female/elizabeth_klett/wives_and_daughters/wavs/wives_and_daughters_28_f000077.wav|en|True|7.16|['multi-dataset']|Llasa-8B|Llasa|As it was, Missis Gibson trusted that Cynthia's affections would become engaged before she knew where she was,|en_UK/by_book/female/elizabeth_klett/jane_eyre/wavs/jane_eyre_20_f000081.wav|0.1633
./fake/en/Llasa-8B/northandsouth_46_f000053.wav|en_US/by_book/female/mary_ann/northandsouth/wavs/northandsouth_46_f000053.wav|en|True|3.44|['multi-dataset']|Llasa-8B|Llasa|But never a word of the Vicars being ailing!|en_US/by_book/male/elliot_miller/pirates_of_ersatz/wavs/piratesofersatz_10_leinster_64kb_f000029.wav|0.1878
./fake/en/Llasa-8B/northandsouth_14_f000109.wav|en_US/by_book/female/mary_ann/northandsouth/wavs/northandsouth_14_f000109.wav|en|True|9.6|['multi-dataset']|Llasa-8B|Llasa|Nothing could be said to console her. She took her hand out of Margarets with a little impatient movement, as if she would fain be left alone with the recollection of her son.|en_US/by_book/male/elliot_miller/poisoned_pen/wavs/poisoned_pen_06_f000247.wav|0.1460
./fake/en/Llasa-8B/midnight_passenger_01_f000021.wav|en_US/by_book/female/mary_ann/midnight_passenger/wavs/midnight_passenger_01_f000021.wav|en|True|6.98|['multi-dataset']|Llasa-8B|Llasa|Certain gray-bearded bookkeepers, a couple of brisk correspondents, a stony-faced woman stenographer,|en_US/by_book/male/elliot_miller/pink_fairy_book/wavs/pink_fairy_book_13_f000019.wav|0.1089
./fake/en/Llasa-8B/pink_fairy_book_15_f000023.wav|en_US/by_book/male/elliot_miller/pink_fairy_book/wavs/pink_fairy_book_15_f000023.wav|en|True|5.96|['multi-dataset']|Llasa-8B|Llasa|In another week the man came again to learn what progress Peter had made now.|en_US/by_book/male/elliot_miller/pink_fairy_book/wavs/pink_fairy_book_25_f000050.wav|0.1789
./fake/en/Llasa-8B/the_sea_fairies_17_f000091.wav|en_US/by_book/female/judy_bieber/the_sea_fairies/wavs/the_sea_fairies_17_f000091.wav|en|True|9.5|['multi-dataset']|Llasa-8B|Llasa|In parts of the ocean lie many rocks filled with veins of pure gold and golden nuggets, and we get large supplies from sunken ships as well.|en_UK/by_book/female/elizabeth_klett/jane_eyre/wavs/jane_eyre_04_f000078.wav|0.2079
./fake/en/Llasa-8B/jane_eyre_10_f000204.wav|en_UK/by_book/female/elizabeth_klett/jane_eyre/wavs/jane_eyre_10_f000204.wav|en|True|9.4|['multi-dataset']|Llasa-8B|Llasa|Well, that is beautiful, Miss Jane! It is as fine a picture as any Miss Reed's drawing-master could paint, let alone the young ladies themselves,|en_UK/by_book/female/elizabeth_klett/wives_and_daughters/wavs/wives_and_daughters_22_f000203.wav|0.0498
./fake/en/Llasa-8B/poisoned_pen_01_f000004.wav|en_US/by_book/male/elliot_miller/poisoned_pen/wavs/poisoned_pen_01_f000004.wav|en|True|5.96|['multi-dataset']|Llasa-8B|Llasa|Pack up whatever you can in five minutes. We must take the six o'clock train for Danbridge.|en_US/by_book/female/mary_ann/midnight_passenger/wavs/midnight_passenger_03_f000238.wav|0.1272
./fake/en/Llasa-8B/the_sea_fairies_12_f000039.wav|en_US/by_book/female/judy_bieber/the_sea_fairies/wavs/the_sea_fairies_12_f000039.wav|en|True|11.88|['multi-dataset']|Llasa-8B|Llasa|and she decided the best way out of their difficulties was to bravely face the unknown Zog and rely upon her fairy powers to prevent his doing any mischief to herself or her friends.|en_US/by_book/female/judy_bieber/rinkitink_in_oz/wavs/rinkitink_baum_14_64kb_f000083.wav|0.7021
./fake/en/Llasa-8B/the_sea_fairies_16_f000069.wav|en_US/by_book/female/judy_bieber/the_sea_fairies/wavs/the_sea_fairies_16_f000069.wav|en|True|3.16|['multi-dataset']|Llasa-8B|Llasa|inquired Trot.|en_US/by_book/female/judy_bieber/sky_island/wavs/skyisland_30_baum_64kb_f000019.wav|0.5991
./fake/en/Llasa-8B/wives_and_daughters_59_f000022.wav|en_UK/by_book/female/elizabeth_klett/wives_and_daughters/wavs/wives_and_daughters_59_f000022.wav|en|True|7.26|['multi-dataset']|Llasa-8B|Llasa|The more she bade these fancies begone the more they answered her as Daniel O'Rourke did the man in the moon,|en_US/by_book/female/judy_bieber/sky_island/wavs/skyisland_04_baum_64kb_f000039.wav|0.1286
./fake/en/Llasa-8B/jane_eyre_28_f000293.wav|en_UK/by_book/female/elizabeth_klett/jane_eyre/wavs/jane_eyre_28_f000293.wav|en|True|7.4|['multi-dataset']|Llasa-8B|Llasa|What do you want? she inquired, in a voice of surprise, as she surveyed me by the light of the candle she held.|en_US/by_book/male/elliot_miller/silent_bullet/wavs/silent_bullet_08_f000111.wav|0.0228
./fake/en/Llasa-8B/pink_fairy_book_25_f000041.wav|en_US/by_book/male/elliot_miller/pink_fairy_book/wavs/pink_fairy_book_25_f000041.wav|en|True|14.94|['multi-dataset']|Llasa-8B|Llasa|Alas! sighed the youth, I am very sorrowful. I had six brothers, who went away to find brides for themselves and one for me; but they have never come home,|en_UK/by_book/female/elizabeth_klett/jane_eyre/wavs/jane_eyre_33_f000097.wav|0.0637
./fake/en/Llasa-8B/wives_and_daughters_22_f000069.wav|en_UK/by_book/female/elizabeth_klett/wives_and_daughters/wavs/wives_and_daughters_22_f000069.wav|en|True|6.62|['multi-dataset']|Llasa-8B|Llasa|the poor young man's ways and manners became a subject of irritation to his father.|en_UK/by_book/female/elizabeth_klett/wives_and_daughters/wavs/wives_and_daughters_50_f000207.wav|0.0250
./fake/en/Llasa-8B/wives_and_daughters_08_f000052.wav|en_UK/by_book/female/elizabeth_klett/wives_and_daughters/wavs/wives_and_daughters_08_f000052.wav|en|True|5.4|['multi-dataset']|Llasa-8B|Llasa|and Roger has been telling him, and it has made him so angry.|en_US/by_book/male/elliot_miller/silent_bullet/wavs/silent_bullet_13_f000304.wav|-0.0508
./fake/en/Llasa-8B/dorothy_and_wizard_oz_17_f000076.wav|en_US/by_book/female/judy_bieber/dorothy_and_wizard_oz/wavs/dorothy_and_wizard_oz_17_f000076.wav|en|True|11.66|['multi-dataset']|Llasa-8B|Llasa|so in a fit of unreasonable anger he turned around and made a vicious kick that sent his rival tumbling head over heels upon the ground, and broke off one of its legs and its left ear.|en_UK/by_book/female/elizabeth_klett/wives_and_daughters/wavs/wives_and_daughters_56_f000061.wav|0.1040
./fake/en/Llasa-8B/wives_and_daughters_58_f000219.wav|en_UK/by_book/female/elizabeth_klett/wives_and_daughters/wavs/wives_and_daughters_58_f000219.wav|en|True|8.48|['multi-dataset']|Llasa-8B|Llasa|But now young folks go off to Paris, and think nothing of the cost: and it's well if wilful waste don't make woeful want before they die.|en_UK/by_book/female/elizabeth_klett/jane_eyre/wavs/jane_eyre_30_f000186.wav|0.2707
./fake/en/Llasa-8B/the_sea_fairies_02_f000135.wav|en_US/by_book/female/judy_bieber/the_sea_fairies/wavs/the_sea_fairies_02_f000135.wav|en|True|3.08|['multi-dataset']|Llasa-8B|Llasa|You may choose the color yourself.|en_US/by_book/male/elliot_miller/pink_fairy_book/wavs/pink_fairy_book_14_f000176.wav|0.0983
./fake/en/Llasa-8B/emerald_city_of_oz_22_f000016.wav|en_US/by_book/female/judy_bieber/emerald_city_of_oz/wavs/emerald_city_of_oz_22_f000016.wav|en|True|11.88|['multi-dataset']|Llasa-8B|Llasa|We found the path by accident, and seeing it only led to two places I decided you were at either one or the other of those places. So we made camp and waited for you to return.|en_US/by_book/female/mary_ann/midnight_passenger/wavs/midnight_passenger_05_f000171.wav|0.1543
./fake/en/Llasa-8B/the_sea_fairies_17_f000059.wav|en_US/by_book/female/judy_bieber/the_sea_fairies/wavs/the_sea_fairies_17_f000059.wav|en|True|8.92|['multi-dataset']|Llasa-8B|Llasa|A weapon, ma'am? said Captain Bill, and then he took a jackknife from his coat pocket and opened the big blade, afterward handing it to the queen.|en_US/by_book/male/elliot_miller/pirates_of_ersatz/wavs/piratesofersatz_10_leinster_64kb_f000029.wav|0.2363
./fake/en/Llasa-8B/skyisland_22_baum_64kb_f000014.wav|en_US/by_book/female/judy_bieber/sky_island/wavs/skyisland_22_baum_64kb_f000014.wav|en|True|13.46|['multi-dataset']|Llasa-8B|Llasa|We're sorry for anyone who has to be patched, replied Fredjim in a reflective tone, for although it didn't hurt us as much as we expected, it's a terrible mix-up to be in until we become used to our strange combination.|en_US/by_book/male/elliot_miller/silent_bullet/wavs/silent_bullet_05_f000253.wav|0.2341
./fake/en/Llasa-8B/rinkitink_baum_13_64kb_f000090.wav|en_US/by_book/female/judy_bieber/rinkitink_in_oz/wavs/rinkitink_baum_13_64kb_f000090.wav|en|True|5.64|['multi-dataset']|Llasa-8B|Llasa|although the boy found a silk scarf which he recognized as one that his mother used to wear.|en_UK/by_book/female/elizabeth_klett/wives_and_daughters/wavs/wives_and_daughters_09_f000099.wav|0.2416
./fake/en/Llasa-8B/northandsouth_39_f000038.wav|en_US/by_book/female/mary_ann/northandsouth/wavs/northandsouth_39_f000038.wav|en|True|5.18|['multi-dataset']|Llasa-8B|Llasa|but I will be very calm and very quiet, and say very little.|en_UK/by_book/female/elizabeth_klett/jane_eyre/wavs/jane_eyre_28_f000086.wav|0.0286
./fake/en/Llasa-8B/poisoned_pen_09_f000035.wav|en_US/by_book/male/elliot_miller/poisoned_pen/wavs/poisoned_pen_09_f000035.wav|en|True|3.62|['multi-dataset']|Llasa-8B|Llasa|We stood awestruck for the moment.|en_UK/by_book/female/elizabeth_klett/wives_and_daughters/wavs/wives_and_daughters_51_f000040.wav|0.0344
./fake/en/Llasa-8B/the_sea_fairies_07_f000128.wav|en_US/by_book/female/judy_bieber/the_sea_fairies/wavs/the_sea_fairies_07_f000128.wav|en|True|1.94|['multi-dataset']|Llasa-8B|Llasa|Perhaps so, my dear.|en_UK/by_book/female/elizabeth_klett/jane_eyre/wavs/jane_eyre_34_f000339.wav|-0.0463
./fake/en/Llasa-8B/pink_fairy_book_11_f000001.wav|en_US/by_book/male/elliot_miller/pink_fairy_book/wavs/pink_fairy_book_11_f000001.wav|en|True|2.72|['multi-dataset']|Llasa-8B|Llasa|The Three Brothers.|en_US/by_book/male/elliot_miller/pirates_of_ersatz/wavs/piratesofersatz_07_leinster_64kb_f000104.wav|0.0480
./fake/en/Llasa-8B/wives_and_daughters_23_f000009.wav|en_UK/by_book/female/elizabeth_klett/wives_and_daughters/wavs/wives_and_daughters_23_f000009.wav|en|True|7.62|['multi-dataset']|Llasa-8B|Llasa|But it was uncomfortable enough to a young man of Osborne's age to feel himself continually hampered for want of a five-pound note.|en_UK/by_book/female/elizabeth_klett/wives_and_daughters/wavs/wives_and_daughters_24_f000100.wav|0.1498
./fake/en/Llasa-8B/jane_eyre_19_f000024.wav|en_UK/by_book/female/elizabeth_klett/jane_eyre/wavs/jane_eyre_19_f000024.wav|en|True|3.6|['multi-dataset']|Llasa-8B|Llasa|Why don't you consult my art?|en_UK/by_book/female/elizabeth_klett/wives_and_daughters/wavs/wives_and_daughters_08_f000031.wav|0.0187
./fake/en/Llasa-8B/poisoned_pen_09_f000012.wav|en_US/by_book/male/elliot_miller/poisoned_pen/wavs/poisoned_pen_09_f000012.wav|en|True|3.14|['multi-dataset']|Llasa-8B|Llasa|You're on the Star, I believe?|en_US/by_book/male/elliot_miller/pink_fairy_book/wavs/pink_fairy_book_15_f000023.wav|0.1049
./fake/en/Llasa-8B/wives_and_daughters_17_f000031.wav|en_UK/by_book/female/elizabeth_klett/wives_and_daughters/wavs/wives_and_daughters_17_f000031.wav|en|True|9.28|['multi-dataset']|Llasa-8B|Llasa|, all in an easy flow of talk which was very soothing to Missis Hamley, inasmuch as it gave her something to think about beyond her own immediate sorrows.|en_US/by_book/male/elliot_miller/silent_bullet/wavs/silent_bullet_06_f000275.wav|0.0656
./fake/en/Llasa-8B/jane_eyre_14_f000017.wav|en_UK/by_book/female/elizabeth_klett/jane_eyre/wavs/jane_eyre_14_f000017.wav|en|True|5.32|['multi-dataset']|Llasa-8B|Llasa|for, owing to some mistake, its arrival had hitherto been delayed.|en_US/by_book/female/mary_ann/midnight_passenger/wavs/midnight_passenger_14_f000243.wav|0.1089
./fake/en/Llasa-8B/wives_and_daughters_43_f000128.wav|en_UK/by_book/female/elizabeth_klett/wives_and_daughters/wavs/wives_and_daughters_43_f000128.wav|en|True|7.44|['multi-dataset']|Llasa-8B|Llasa|Ah! you're thinking that I'm not too respectful a daughter - and perhaps not;|en_US/by_book/female/judy_bieber/emerald_city_of_oz/wavs/emerald_city_of_oz_05_f000083.wav|0.0000
./fake/en/Llasa-8B/jane_eyre_09_f000169.wav|en_UK/by_book/female/elizabeth_klett/jane_eyre/wavs/jane_eyre_09_f000169.wav|en|True|3.08|['multi-dataset']|Llasa-8B|Llasa|inscribed with her name, and the word Resurgam.|en_US/by_book/female/judy_bieber/sky_island/wavs/skyisland_24_baum_64kb_f000077.wav|0.1508
./fake/en/Llasa-8B/wives_and_daughters_26_f000136.wav|en_UK/by_book/female/elizabeth_klett/wives_and_daughters/wavs/wives_and_daughters_26_f000136.wav|en|True|3.78|['multi-dataset']|Llasa-8B|Llasa|Missis Gibson was not so fine an observer as to read all this;|en_UK/by_book/female/elizabeth_klett/wives_and_daughters/wavs/wives_and_daughters_54_f000216.wav|0.2500
./fake/en/Llasa-8B/emerald_city_of_oz_18_f000027.wav|en_US/by_book/female/judy_bieber/emerald_city_of_oz/wavs/emerald_city_of_oz_18_f000027.wav|en|True|11.36|['multi-dataset']|Llasa-8B|Llasa|She saw the underground tunnel, reaching far underneath the Deadly Desert which separated the Land of Oz from the mountains beneath which the Nome King had his extensive caverns.|en_UK/by_book/female/elizabeth_klett/jane_eyre/wavs/jane_eyre_34_f000165.wav|0.0384
./fake/en/Llasa-8B/hunters_space_18_f000041.wav|en_US/by_book/male/elliot_miller/hunters_space/wavs/hunters_space_18_f000041.wav|en|True|9.14|['multi-dataset']|Llasa-8B|Llasa|He had seen soldiers like Nea cast-offs from their home-towns gallantly going to their deaths. It was something that he could not understand.|en_US/by_book/male/elliot_miller/pink_fairy_book/wavs/pink_fairy_book_24_f000015.wav|0.5716
./fake/en/Llasa-8B/wives_and_daughters_56_f000056.wav|en_UK/by_book/female/elizabeth_klett/wives_and_daughters/wavs/wives_and_daughters_56_f000056.wav|en|True|6.26|['multi-dataset']|Llasa-8B|Llasa|He was so ready to speak to Cynthia that he hardly knew what to say to any one else.|en_US/by_book/female/judy_bieber/sky_island/wavs/skyisland_26_baum_64kb_f000052.wav|0.0345
./fake/en/Llasa-8B/silent_bullet_11_f000034.wav|en_US/by_book/male/elliot_miller/silent_bullet/wavs/silent_bullet_11_f000034.wav|en|True|15.32|['multi-dataset']|Llasa-8B|Llasa|Do not fear to come. We pledge our word to deal fairly if you deal fairly. This is a last warning. Lest you shall forget we will show one other sign of our power to-morrow. La MANO NERA.|en_UK/by_book/female/elizabeth_klett/jane_eyre/wavs/jane_eyre_02_f000042.wav|0.0336
./fake/en/Llasa-8B/midnight_passenger_08_f000188.wav|en_US/by_book/female/mary_ann/midnight_passenger/wavs/midnight_passenger_08_f000188.wav|en|True|6.9|['multi-dataset']|Llasa-8B|Llasa|If any one asks for me, say I've gone away by myself to room. That I'm going to be married.|en_US/by_book/male/elliot_miller/poisoned_pen/wavs/poisoned_pen_09_f000172.wav|0.2575
./fake/en/Llasa-8B/dorothy_and_wizard_oz_20_f000011.wav|en_US/by_book/female/judy_bieber/dorothy_and_wizard_oz/wavs/dorothy_and_wizard_oz_20_f000011.wav|en|True|7.56|['multi-dataset']|Llasa-8B|Llasa|Really, said the girl, anxiously, I must get back as soon as poss'ble to my own folks.|en_UK/by_book/female/elizabeth_klett/wives_and_daughters/wavs/wives_and_daughters_27_f000081.wav|0.1657
./fake/en/Llasa-8B/jane_eyre_21_f000324.wav|en_UK/by_book/female/elizabeth_klett/jane_eyre/wavs/jane_eyre_21_f000324.wav|en|True|7.7|['multi-dataset']|Llasa-8B|Llasa|and each, in turn, sat for a pencil outline. Then Georgiana produced her album.|en_UK/by_book/female/elizabeth_klett/wives_and_daughters/wavs/wives_and_daughters_21_f000261.wav|0.1906
./fake/en/Llasa-8B/pink_fairy_book_34_f000008.wav|en_US/by_book/male/elliot_miller/pink_fairy_book/wavs/pink_fairy_book_34_f000008.wav|en|True|11.3|['multi-dataset']|Llasa-8B|Llasa|Maiden Bright-eye had also to watch the sheep, but of course it would never do to let her go idle and enjoy herself too much at this work, so she had to pull heather while she was out on the moors with them.|en_US/by_book/female/mary_ann/midnight_passenger/wavs/midnight_passenger_04_f000033.wav|0.0738
./fake/en/Llasa-8B/jane_eyre_15_f000192.wav|en_UK/by_book/female/elizabeth_klett/jane_eyre/wavs/jane_eyre_15_f000192.wav|en|True|11.88|['multi-dataset']|Llasa-8B|Llasa|What is it? and who did it? he asked. I briefly related to him what had transpired: the strange laugh I had heard in the gallery: the step ascending to the third storey;|en_UK/by_book/female/elizabeth_klett/jane_eyre/wavs/jane_eyre_28_f000346.wav|-0.0075
./fake/en/Llasa-8B/jane_eyre_37_f000413.wav|en_UK/by_book/female/elizabeth_klett/jane_eyre/wavs/jane_eyre_37_f000413.wav|en|True|17.16|['multi-dataset']|Llasa-8B|Llasa|I began to experience remorse, repentance; the wish for reconcilement to my Maker. I began sometimes to pray: very brief prayers they were, but very sincere.|en_US/by_book/female/judy_bieber/sky_island/wavs/skyisland_09_baum_64kb_f000046.wav|0.1981
./fake/en/Llasa-8B/silent_bullet_09_f000012.wav|en_US/by_book/male/elliot_miller/silent_bullet/wavs/silent_bullet_09_f000012.wav|en|True|11.24|['multi-dataset']|Llasa-8B|Llasa|Most mysterious. Last night after we retired noticed peculiar odour about house. Didnt pay much attention. This morning found him lying on floor of living-room,|en_US/by_book/male/elliot_miller/silent_bullet/wavs/silent_bullet_13_f000070.wav|0.0331
./fake/en/Llasa-8B/northandsouth_01_f000058.wav|en_US/by_book/female/mary_ann/northandsouth/wavs/northandsouth_01_f000058.wav|en|True|10.98|['multi-dataset']|Llasa-8B|Llasa|when it was over, it is possible she might have had little qualms of ill-concealed regret that Captain Lennox could not have united in his person everything that was desirable.|en_US/by_book/female/mary_ann/northandsouth/wavs/northandsouth_28_f000079.wav|0.1203
./fake/en/Llasa-8B/jane_eyre_03_f000079.wav|en_UK/by_book/female/elizabeth_klett/jane_eyre/wavs/jane_eyre_03_f000079.wav|en|True|6.5|['multi-dataset']|Llasa-8B|Llasa|My feet they are sore, and my limbs they are weary;|en_US/by_book/female/judy_bieber/emerald_city_of_oz/wavs/emerald_city_of_oz_05_f000025.wav|-0.0143
./fake/en/Llasa-8B/piratesofersatz_05_leinster_64kb_f000097.wav|en_US/by_book/male/elliot_miller/pirates_of_ersatz/wavs/piratesofersatz_05_leinster_64kb_f000097.wav|en|True|11.16|['multi-dataset']|Llasa-8B|Llasa|There are a good many unpleasant characters out yonder, said Hoddan, waving his hand at the great outdoors, who've reason to dislike me very much.|en_UK/by_book/female/elizabeth_klett/jane_eyre/wavs/jane_eyre_34_f000165.wav|0.0821
./fake/en/Llasa-8B/pink_fairy_book_14_f000006.wav|en_US/by_book/male/elliot_miller/pink_fairy_book/wavs/pink_fairy_book_14_f000006.wav|en|True|9.38|['multi-dataset']|Llasa-8B|Llasa|It happened one time that he had gone out to fish in good weather, all alone in a little boat, but he did not come home that day, nor the following one,|en_UK/by_book/female/elizabeth_klett/jane_eyre/wavs/jane_eyre_23_f000038.wav|0.1778
./fake/en/Llasa-8B/jane_eyre_26_f000113.wav|en_UK/by_book/female/elizabeth_klett/jane_eyre/wavs/jane_eyre_26_f000113.wav|en|True|8.36|['multi-dataset']|Llasa-8B|Llasa|I am little better than a devil at this moment; and, as my pastor there would tell me, deserve no doubt the sternest judgments of God,|en_US/by_book/male/elliot_miller/pirates_of_ersatz/wavs/piratesofersatz_09_leinster_64kb_f000140.wav|0.1140
./fake/en/Llasa-8B/emerald_city_of_oz_10_f000079.wav|en_US/by_book/female/judy_bieber/emerald_city_of_oz/wavs/emerald_city_of_oz_10_f000079.wav|en|True|8.34|['multi-dataset']|Llasa-8B|Llasa|This house was made of wood, and was remarkably pretty in design. In the Emerald City it would have been considered a tiny dwelling, indeed;|en_US/by_book/female/judy_bieber/the_sea_fairies/wavs/the_sea_fairies_03_f000035.wav|0.5028
./fake/en/Llasa-8B/pink_fairy_book_25_f000050.wav|en_US/by_book/male/elliot_miller/pink_fairy_book/wavs/pink_fairy_book_25_f000050.wav|en|True|13.6|['multi-dataset']|Llasa-8B|Llasa|Next morning, when the old man had gone out, she prepared a supply of provisions for her guest, and sent him off on his travels, wishing him good luck and success.|en_UK/by_book/female/elizabeth_klett/wives_and_daughters/wavs/wives_and_daughters_29_f000053.wav|0.2396
./fake/en/Llasa-8B/midnight_passenger_15_f000133.wav|en_US/by_book/female/mary_ann/midnight_passenger/wavs/midnight_passenger_15_f000133.wav|en|True|2.58|['multi-dataset']|Llasa-8B|Llasa|who pursued them in a gondola.|en_US/by_book/male/elliot_miller/poisoned_pen/wavs/poisoned_pen_08_f000176.wav|0.2162
./fake/en/Llasa-8B/silent_bullet_10_f000016.wav|en_US/by_book/male/elliot_miller/silent_bullet/wavs/silent_bullet_10_f000016.wav|en|True|12.48|['multi-dataset']|Llasa-8B|Llasa|So it is rebreathed, and the result is gradual carbonic-acid-gas poisoning, which produces a kind of narcotic sleep. Then it wasnt the gyroscope in that case?|en_US/by_book/male/elliot_miller/pink_fairy_book/wavs/pink_fairy_book_14_f000147.wav|-0.0299
./fake/en/Llasa-8B/wives_and_daughters_58_f000096.wav|en_UK/by_book/female/elizabeth_klett/wives_and_daughters/wavs/wives_and_daughters_58_f000096.wav|en|True|4.82|['multi-dataset']|Llasa-8B|Llasa|On the Sunday evening, as they all were sitting and loitering on the lawn before dinner,|en_US/by_book/male/elliot_miller/pink_fairy_book/wavs/pink_fairy_book_36_f000127.wav|0.0317
./fake/en/Llasa-8B/wives_and_daughters_27_f000062.wav|en_UK/by_book/female/elizabeth_klett/wives_and_daughters/wavs/wives_and_daughters_27_f000062.wav|en|True|6.48|['multi-dataset']|Llasa-8B|Llasa|leave that to them. They can ask the heir of the Hamleys fast enough when a county election is coming on.|en_US/by_book/female/judy_bieber/the_master_key/wavs/the_master_key_02_f000034.wav|-0.0520
./fake/en/Llasa-8B/northandsouth_42_f000130.wav|en_US/by_book/female/mary_ann/northandsouth/wavs/northandsouth_42_f000130.wav|en|True|7.7|['multi-dataset']|Llasa-8B|Llasa|She must indeed be weak, said  Missis Thornton, with an implied meaning which her son understood well.|en_US/by_book/female/judy_bieber/emerald_city_of_oz/wavs/emerald_city_of_oz_10_f000050.wav|0.0262
./fake/en/Llasa-8B/northandsouth_12_f000057.wav|en_US/by_book/female/mary_ann/northandsouth/wavs/northandsouth_12_f000057.wav|en|True|6.5|['multi-dataset']|Llasa-8B|Llasa|As dinner-giving, and as criticising other peoples dinners, she took satisfaction in it.|en_US/by_book/female/judy_bieber/sky_island/wavs/skyisland_30_baum_64kb_f000009.wav|-0.0043
./fake/en/Llasa-8B/pink_fairy_book_36_f000136.wav|en_US/by_book/male/elliot_miller/pink_fairy_book/wavs/pink_fairy_book_36_f000136.wav|en|True|12.98|['multi-dataset']|Llasa-8B|Llasa|The queen had only one nut left now, but even that she was ready to give up in order to deliver the man. This time she cracked the nut as soon as she came near the place where the spirits appeared,|en_US/by_book/female/mary_ann/midnight_passenger/wavs/midnight_passenger_05_f000025.wav|-0.0858
./fake/en/Llasa-8B/northandsouth_27_f000069.wav|en_US/by_book/female/mary_ann/northandsouth/wavs/northandsouth_27_f000069.wav|en|True|13.46|['multi-dataset']|Llasa-8B|Llasa|Fetch a plate, Margaret-a basket-anything. Margaret stood up by the table, half afraid of moving or making any noise to arouse mister Thornton into a consciousness of her being in the room.|en_US/by_book/male/elliot_miller/pirates_of_ersatz/wavs/piratesofersatz_07_leinster_64kb_f000250.wav|-0.0260
./fake/en/Llasa-8B/poisoned_pen_02_f000281.wav|en_US/by_book/male/elliot_miller/poisoned_pen/wavs/poisoned_pen_02_f000281.wav|en|True|12.0|['multi-dataset']|Llasa-8B|Llasa|Here we were, imprisoned, while Pitts Slim, the man we had come after, whoever he was, was making his escape. Somewhere across the street was O'Connor,|en_US/by_book/male/elliot_miller/poisoned_pen/wavs/poisoned_pen_05_f000078.wav|0.1070
./fake/en/Llasa-8B/jane_eyre_30_f000186.wav|en_UK/by_book/female/elizabeth_klett/jane_eyre/wavs/jane_eyre_30_f000186.wav|en|True|11.3|['multi-dataset']|Llasa-8B|Llasa|Mary perused it in silence, and returned it to her brother. All three looked at each other, and all three smiled - a dreary, pensive smile enough.|en_US/by_book/female/judy_bieber/sky_island/wavs/skyisland_24_baum_64kb_f000044.wav|0.0782
./fake/en/Llasa-8B/northandsouth_35_f000209.wav|en_US/by_book/female/mary_ann/northandsouth/wavs/northandsouth_35_f000209.wav|en|True|7.48|['multi-dataset']|Llasa-8B|Llasa|But she would read the letter and see. It was hasty enough, but perfectly satisfactory.|en_US/by_book/female/judy_bieber/rinkitink_in_oz/wavs/rinkitink_baum_06_64kb_f000105.wav|0.0891
./fake/en/Llasa-8B/wives_and_daughters_19_f000181.wav|en_UK/by_book/female/elizabeth_klett/wives_and_daughters/wavs/wives_and_daughters_19_f000181.wav|en|True|7.7|['multi-dataset']|Llasa-8B|Llasa|It will seem as if nothing had happened! I wonder how the squire and Mister Osborne Hamley will get on together.|en_US/by_book/female/mary_ann/midnight_passenger/wavs/midnight_passenger_08_f000156.wav|-0.0276
./fake/en/Llasa-8B/wives_and_daughters_50_f000199.wav|en_UK/by_book/female/elizabeth_klett/wives_and_daughters/wavs/wives_and_daughters_50_f000199.wav|en|True|6.04|['multi-dataset']|Llasa-8B|Llasa|and that I can't help it, if you did not choose, any more than I could have helped your refusing Mister Henderson;|en_US/by_book/male/elliot_miller/pink_fairy_book/wavs/pink_fairy_book_39_f000045.wav|0.0467
./fake/en/Llasa-8B/wives_and_daughters_27_f000052.wav|en_UK/by_book/female/elizabeth_klett/wives_and_daughters/wavs/wives_and_daughters_27_f000052.wav|en|True|9.14|['multi-dataset']|Llasa-8B|Llasa|The squire could not read it all at once, and was enough put out to decline any assistance in deciphering it. At last he made it out.|en_US/by_book/male/elliot_miller/poisoned_pen/wavs/poisoned_pen_02_f000133.wav|0.1560
./fake/en/Llasa-8B/skyisland_24_baum_64kb_f000051.wav|en_US/by_book/female/judy_bieber/sky_island/wavs/skyisland_24_baum_64kb_f000051.wav|en|True|13.6|['multi-dataset']|Llasa-8B|Llasa|Go and capture the first living creature you see and bring him here to be patched to captain Bill. So the Captain took a file of soldiers and went away very sorrowful,|en_US/by_book/male/elliot_miller/pink_fairy_book/wavs/pink_fairy_book_33_f000103.wav|-0.0966
./fake/en/Llasa-8B/poisoned_pen_12_f000063.wav|en_US/by_book/male/elliot_miller/poisoned_pen/wavs/poisoned_pen_12_f000063.wav|en|True|11.28|['multi-dataset']|Llasa-8B|Llasa|The door had opened and a young lady in a very stunning street dress, with a huge hat and a tantalising veil, stood in it for a moment, hesitated,|en_UK/by_book/female/elizabeth_klett/jane_eyre/wavs/jane_eyre_37_f000138.wav|0.1035
./fake/en/Llasa-8B/wives_and_daughters_45_f000060.wav|en_UK/by_book/female/elizabeth_klett/wives_and_daughters/wavs/wives_and_daughters_45_f000060.wav|en|True|9.0|['multi-dataset']|Llasa-8B|Llasa|Underhand! just simply giving him a letter from me! If I left a note for Miss Browning, should you dislike giving it to her?|en_UK/by_book/female/elizabeth_klett/wives_and_daughters/wavs/wives_and_daughters_58_f000133.wav|0.1942
./fake/en/Llasa-8B/the_sea_fairies_12_f000133.wav|en_US/by_book/female/judy_bieber/the_sea_fairies/wavs/the_sea_fairies_12_f000133.wav|en|True|7.7|['multi-dataset']|Llasa-8B|Llasa|They first swam into a small anteroom which led into a long corridor, at the end of which was another curtained arch.|en_US/by_book/female/judy_bieber/dorothy_and_wizard_oz/wavs/dorothy_and_wizard_oz_17_f000076.wav|0.1032
./fake/en/Llasa-8B/wives_and_daughters_55_f000035.wav|en_UK/by_book/female/elizabeth_klett/wives_and_daughters/wavs/wives_and_daughters_55_f000035.wav|en|True|2.94|['multi-dataset']|Llasa-8B|Llasa|Well! said she, when her father stopped speaking.|en_US/by_book/male/elliot_miller/pirates_of_ersatz/wavs/piratesofersatz_01_leinster_64kb_f000168.wav|0.0533
./fake/en/Llasa-8B/the_sea_fairies_03_f000115.wav|en_US/by_book/female/judy_bieber/the_sea_fairies/wavs/the_sea_fairies_03_f000115.wav|en|True|6.12|['multi-dataset']|Llasa-8B|Llasa|Perhaps King Anko is ten thousand years old, perhaps twenty thousand.|en_US/by_book/female/mary_ann/midnight_passenger/wavs/midnight_passenger_05_f000171.wav|0.0139
./fake/en/Llasa-8B/northandsouth_46_f000162.wav|en_US/by_book/female/mary_ann/northandsouth/wavs/northandsouth_46_f000162.wav|en|True|7.48|['multi-dataset']|Llasa-8B|Llasa|wondering all the time how mister Hale could have borne coming to revisit Helstone, if it had been as the Vicars lady supposed.|en_US/by_book/female/mary_ann/northandsouth/wavs/northandsouth_46_f000245.wav|0.7260
./fake/en/Llasa-8B/northandsouth_25_f000182.wav|en_US/by_book/female/mary_ann/northandsouth/wavs/northandsouth_25_f000182.wav|en|True|11.88|['multi-dataset']|Llasa-8B|Llasa|Ill write here, now,-you shall see me write,-and it shall go by this very post; and if papa thinks fit, he can write again when he comes in,-it is only a days delay.|en_US/by_book/female/judy_bieber/sky_island/wavs/skyisland_20_baum_64kb_f000039.wav|0.1310
./fake/en/Llasa-8B/midnight_passenger_08_f000271.wav|en_US/by_book/female/mary_ann/midnight_passenger/wavs/midnight_passenger_08_f000271.wav|en|True|6.62|['multi-dataset']|Llasa-8B|Llasa|I wanted to lure him over to Brooklyn and let him fool his time away with you from Saturday to Tuesday morning.|en_US/by_book/female/judy_bieber/ozma_of_oz/wavs/ozma_of_oz_14_f000037.wav|-0.0679
./fake/en/Llasa-8B/wives_and_daughters_38_f000077.wav|en_UK/by_book/female/elizabeth_klett/wives_and_daughters/wavs/wives_and_daughters_38_f000077.wav|en|True|7.32|['multi-dataset']|Llasa-8B|Llasa|And there's a great opportunity for cultivation of the mind afforded by intercourse with foreign countries.|en_US/by_book/male/elliot_miller/pirates_of_ersatz/wavs/piratesofersatz_04_leinster_64kb_f000088.wav|0.2458
./fake/en/Llasa-8B/northandsouth_30_f000216.wav|en_US/by_book/female/mary_ann/northandsouth/wavs/northandsouth_30_f000216.wav|en|True|13.34|['multi-dataset']|Llasa-8B|Llasa|Poor little woman! what! is this face all wet with tears? I will hope. I will, in spite of a thousand doctors. Bear up, Margaret, and be brave enough to hope!|en_UK/by_book/female/elizabeth_klett/jane_eyre/wavs/jane_eyre_11_f000010.wav|0.0191
./fake/en/Llasa-8B/wives_and_daughters_45_f000147.wav|en_UK/by_book/female/elizabeth_klett/wives_and_daughters/wavs/wives_and_daughters_45_f000147.wav|en|True|9.36|['multi-dataset']|Llasa-8B|Llasa|I hope you did not want to see him professionally? said Molly, wondering if she was wise in alluding to his health, yet urged to it by her real anxiety.|en_UK/by_book/female/elizabeth_klett/jane_eyre/wavs/jane_eyre_30_f000004.wav|0.0236
./fake/en/Llasa-8B/wives_and_daughters_23_f000177.wav|en_UK/by_book/female/elizabeth_klett/wives_and_daughters/wavs/wives_and_daughters_23_f000177.wav|en|True|2.4|['multi-dataset']|Llasa-8B|Llasa|Roger started up.|en_US/by_book/female/mary_ann/northandsouth/wavs/northandsouth_03_f000102.wav|0.0246
./fake/en/Llasa-8B/emerald_city_of_oz_09_f000028.wav|en_US/by_book/female/judy_bieber/emerald_city_of_oz/wavs/emerald_city_of_oz_09_f000028.wav|en|True|7.7|['multi-dataset']|Llasa-8B|Llasa|The Shaggy Man had shaggy whiskers and hair, but a sweet disposition and a soft, pleasant voice.|en_US/by_book/female/mary_ann/midnight_passenger/wavs/midnight_passenger_11_f000092.wav|0.0411
./fake/en/Llasa-8B/silent_bullet_10_f000293.wav|en_US/by_book/male/elliot_miller/silent_bullet/wavs/silent_bullet_10_f000293.wav|en|True|6.98|['multi-dataset']|Llasa-8B|Llasa|As many of us as could threw ourselves like a human catapult against it. It yielded.|en_UK/by_book/female/elizabeth_klett/jane_eyre/wavs/jane_eyre_05_f000072.wav|0.0075
./fake/en/Llasa-8B/wives_and_daughters_17_f000186.wav|en_UK/by_book/female/elizabeth_klett/wives_and_daughters/wavs/wives_and_daughters_17_f000186.wav|en|True|2.62|['multi-dataset']|Llasa-8B|Llasa|God bless you!|en_UK/by_book/female/elizabeth_klett/wives_and_daughters/wavs/wives_and_daughters_18_f000187.wav|0.0156
./fake/en/Llasa-8B/poisoned_pen_09_f000196.wav|en_US/by_book/male/elliot_miller/poisoned_pen/wavs/poisoned_pen_09_f000196.wav|en|True|7.7|['multi-dataset']|Llasa-8B|Llasa|accompanied by a man who carried in uncanny jars the necessary materials for an investigation following an autopsy.|en_US/by_book/male/elliot_miller/silent_bullet/wavs/silent_bullet_13_f000255.wav|-0.0077
./fake/en/Llasa-8B/jane_eyre_14_f000066.wav|en_UK/by_book/female/elizabeth_klett/jane_eyre/wavs/jane_eyre_14_f000066.wav|en|True|5.6|['multi-dataset']|Llasa-8B|Llasa|that tastes mostly differ; and that beauty is of little consequence, or something of that sort.|en_UK/by_book/female/elizabeth_klett/wives_and_daughters/wavs/wives_and_daughters_47_f000117.wav|0.1836
./fake/en/Llasa-8B/wives_and_daughters_26_f000228.wav|en_UK/by_book/female/elizabeth_klett/wives_and_daughters/wavs/wives_and_daughters_26_f000228.wav|en|True|9.06|['multi-dataset']|Llasa-8B|Llasa|Papa is the only one who is not affected by it. Then turning to Molly Lady Harriet asked, Have you been dancing much, Miss Gibson?|en_UK/by_book/female/elizabeth_klett/jane_eyre/wavs/jane_eyre_32_f000245.wav|0.2320
./fake/en/Llasa-8B/northandsouth_13_f000033.wav|en_US/by_book/female/mary_ann/northandsouth/wavs/northandsouth_13_f000033.wav|en|True|9.36|['multi-dataset']|Llasa-8B|Llasa|She leant back, and shut her eye and crossed her hands over her breast, lying at perfect rest, as if to receive all the ideas Margaret could suggest.|en_UK/by_book/female/elizabeth_klett/wives_and_daughters/wavs/wives_and_daughters_18_f000206.wav|-0.0354
./fake/en/Llasa-8B/midnight_passenger_03_f000154.wav|en_US/by_book/female/mary_ann/midnight_passenger/wavs/midnight_passenger_03_f000154.wav|en|True|6.54|['multi-dataset']|Llasa-8B|Llasa|when Mister Fritz Braun had at last disposed of the morning swarm of privately attended customers at Magdal's Pharmacy.|en_US/by_book/female/judy_bieber/sky_island/wavs/skyisland_17_baum_64kb_f000069.wav|0.0322
./fake/en/Llasa-8B/jane_eyre_24_f000163.wav|en_UK/by_book/female/elizabeth_klett/jane_eyre/wavs/jane_eyre_24_f000163.wav|en|True|4.82|['multi-dataset']|Llasa-8B|Llasa|How it will answer, I cannot tell: I really don't know.|en_US/by_book/female/mary_ann/northandsouth/wavs/northandsouth_47_f000053.wav|-0.0322
./fake/en/Llasa-8B/the_sea_fairies_12_f000072.wav|en_US/by_book/female/judy_bieber/the_sea_fairies/wavs/the_sea_fairies_12_f000072.wav|en|True|3.18|['multi-dataset']|Llasa-8B|Llasa|His hair was yellow and banged across his forehead.|en_US/by_book/female/judy_bieber/the_sea_fairies/wavs/the_sea_fairies_06_f000001.wav|0.3857
./fake/en/Llasa-8B/wives_and_daughters_56_f000042.wav|en_UK/by_book/female/elizabeth_klett/wives_and_daughters/wavs/wives_and_daughters_56_f000042.wav|en|True|13.68|['multi-dataset']|Llasa-8B|Llasa|I want you to be very well and very bright this afternoon: so rest now. And Cynthia left her, and went to her own room, locked the door, and began to think.|en_UK/by_book/female/elizabeth_klett/wives_and_daughters/wavs/wives_and_daughters_53_f000059.wav|0.2848
./fake/en/Llasa-8B/dorothy_and_wizard_oz_12_f000104.wav|en_US/by_book/female/judy_bieber/dorothy_and_wizard_oz/wavs/dorothy_and_wizard_oz_12_f000104.wav|en|True|10.72|['multi-dataset']|Llasa-8B|Llasa|Eureka clung with her claws to the wooden side of the house and let herself down easily. Then together they crept away to enter the low doorway of a neighboring dwelling.|en_US/by_book/male/elliot_miller/poisoned_pen/wavs/poisoned_pen_03_f000316.wav|0.1219
./fake/en/Llasa-8B/dorothy_and_wizard_oz_09_f000113.wav|en_US/by_book/female/judy_bieber/dorothy_and_wizard_oz/wavs/dorothy_and_wizard_oz_09_f000113.wav|en|True|11.58|['multi-dataset']|Llasa-8B|Llasa|After a journey of several hours they came to a point where the river curved, and they found they must cross a mile or so of the Valley before they came to the Pyramid Mountain.|en_US/by_book/female/judy_bieber/emerald_city_of_oz/wavs/emerald_city_of_oz_26_f000035.wav|0.1121
./fake/en/Llasa-8B/wives_and_daughters_09_f000085.wav|en_UK/by_book/female/elizabeth_klett/wives_and_daughters/wavs/wives_and_daughters_09_f000085.wav|en|True|9.6|['multi-dataset']|Llasa-8B|Llasa|His last words to Clare were It's such a comfort to leave my lady to you; only don't you be deluded by her ways.|en_UK/by_book/female/elizabeth_klett/jane_eyre/wavs/jane_eyre_37_f000069.wav|-0.0574
./fake/en/Llasa-8B/wives_and_daughters_02_f000255.wav|en_UK/by_book/female/elizabeth_klett/wives_and_daughters/wavs/wives_and_daughters_02_f000255.wav|en|True|9.28|['multi-dataset']|Llasa-8B|Llasa|so she took Molly's hand, and, on the way, in passing the group at the piano, she said, smiling, in her pretty genteel manner,|en_US/by_book/female/mary_ann/northandsouth/wavs/northandsouth_22_f000241.wav|0.0546
./fake/en/Llasa-8B/silent_bullet_05_f000253.wav|en_US/by_book/male/elliot_miller/silent_bullet/wavs/silent_bullet_05_f000253.wav|en|True|7.2|['multi-dataset']|Llasa-8B|Llasa|or Jameson, he added, including me in a wave of his hand, as if he were already addressing a jury.|en_US/by_book/female/judy_bieber/ozma_of_oz/wavs/ozma_of_oz_07_f000009.wav|0.0388
./fake/en/Llasa-8B/pink_fairy_book_24_f000014.wav|en_US/by_book/male/elliot_miller/pink_fairy_book/wavs/pink_fairy_book_24_f000014.wav|en|True|11.72|['multi-dataset']|Llasa-8B|Llasa|She went straight to the place from which the noise came, and, to her great surprise, beheld the same lion stretched on the ground with a deep wound across his face.|en_UK/by_book/female/elizabeth_klett/wives_and_daughters/wavs/wives_and_daughters_08_f000120.wav|0.3172
./fake/en/Llasa-8B/piratesofersatz_04_leinster_64kb_f000088.wav|en_US/by_book/male/elliot_miller/pirates_of_ersatz/wavs/piratesofersatz_04_leinster_64kb_f000088.wav|en|True|11.04|['multi-dataset']|Llasa-8B|Llasa|I considered it impolite for your neighbors' retainers to march toward me waving large knives and announcing what they intended to do to my inwards with them!|en_US/by_book/female/mary_ann/northandsouth/wavs/northandsouth_23_f000013.wav|0.0364
./fake/en/Llasa-8B/wives_and_daughters_56_f000114.wav|en_UK/by_book/female/elizabeth_klett/wives_and_daughters/wavs/wives_and_daughters_56_f000114.wav|en|True|9.78|['multi-dataset']|Llasa-8B|Llasa|He was handsome, without being conceited; gentlemanly, without being foolishly fine. He talked easily, and never said a silly thing.|en_UK/by_book/female/elizabeth_klett/jane_eyre/wavs/jane_eyre_24_f000050.wav|0.4481
./fake/en/Llasa-8B/jane_eyre_25_f000073.wav|en_UK/by_book/female/elizabeth_klett/jane_eyre/wavs/jane_eyre_25_f000073.wav|en|True|6.12|['multi-dataset']|Llasa-8B|Llasa|I obeyed: joy made me agile: I sprang up before him.|en_UK/by_book/female/elizabeth_klett/wives_and_daughters/wavs/wives_and_daughters_10_f000124.wav|0.0905
./fake/en/Llasa-8B/wives_and_daughters_47_f000024.wav|en_UK/by_book/female/elizabeth_klett/wives_and_daughters/wavs/wives_and_daughters_47_f000024.wav|en|True|4.28|['multi-dataset']|Llasa-8B|Llasa|she knew that Molly would never bring up the past errors and difficulties;|en_US/by_book/female/mary_ann/midnight_passenger/wavs/midnight_passenger_05_f000126.wav|0.1223
./fake/en/Llasa-8B/midnight_passenger_11_f000092.wav|en_US/by_book/female/mary_ann/midnight_passenger/wavs/midnight_passenger_11_f000092.wav|en|True|15.26|['multi-dataset']|Llasa-8B|Llasa|And still, as yet, they slept in peace, for the dark waters of the East River had not given up that ghastly mute witness whirling and diving in the black under eddies around the rock-hewn pyramids of the Brooklyn Bridge.|en_US/by_book/female/judy_bieber/the_sea_fairies/wavs/the_sea_fairies_06_f000135.wav|0.1976
./fake/en/Llasa-8B/jane_eyre_28_f000344.wav|en_UK/by_book/female/elizabeth_klett/jane_eyre/wavs/jane_eyre_28_f000344.wav|en|True|9.42|['multi-dataset']|Llasa-8B|Llasa|Not too much at first - restrain her, said the brother; she has had enough. And he withdrew the cup of milk and the plate of bread.|en_UK/by_book/female/elizabeth_klett/wives_and_daughters/wavs/wives_and_daughters_44_f000016.wav|0.4385
./fake/en/Llasa-8B/wives_and_daughters_30_f000081.wav|en_UK/by_book/female/elizabeth_klett/wives_and_daughters/wavs/wives_and_daughters_30_f000081.wav|en|True|9.42|['multi-dataset']|Llasa-8B|Llasa|his interest to Government was running on all the same, though his works were stopped, and his tiles deteriorating in value.|en_US/by_book/male/elliot_miller/poisoned_pen/wavs/poisoned_pen_09_f000012.wav|0.0501
./fake/en/Llasa-8B/jane_eyre_02_f000042.wav|en_UK/by_book/female/elizabeth_klett/jane_eyre/wavs/jane_eyre_02_f000042.wav|en|True|9.14|['multi-dataset']|Llasa-8B|Llasa|the walls were a soft fawn colour with a blush of pink in it; the wardrobe, the toilet-table, the chairs were of darkly polished old mahogany.|en_US/by_book/male/elliot_miller/pirates_of_ersatz/wavs/piratesofersatz_10_leinster_64kb_f000178.wav|0.1321
./fake/en/Llasa-8B/pink_fairy_book_31_f000108.wav|en_US/by_book/male/elliot_miller/pink_fairy_book/wavs/pink_fairy_book_31_f000108.wav|en|True|10.54|['multi-dataset']|Llasa-8B|Llasa|The troll came rushing out, and was so angry and furious, and abused the king with all his might for bringing such a wretched fool with him,|en_UK/by_book/female/elizabeth_klett/wives_and_daughters/wavs/wives_and_daughters_13_f000003.wav|0.1696
./fake/en/Llasa-8B/northandsouth_06_f000105.wav|en_US/by_book/female/mary_ann/northandsouth/wavs/northandsouth_06_f000105.wav|en|True|2.72|['multi-dataset']|Llasa-8B|Llasa|and dropping, unheeded, on her dress.|en_US/by_book/male/elliot_miller/pirates_of_ersatz/wavs/piratesofersatz_10_leinster_64kb_f000073.wav|0.2640
./fake/en/Llasa-8B/jane_eyre_34_f000266.wav|en_UK/by_book/female/elizabeth_klett/jane_eyre/wavs/jane_eyre_34_f000266.wav|en|True|8.72|['multi-dataset']|Llasa-8B|Llasa|I have always faithfully observed the one, up to the very moment of bursting, sometimes with volcanic vehemence, into the other;|en_UK/by_book/female/elizabeth_klett/wives_and_daughters/wavs/wives_and_daughters_12_f000099.wav|0.1088
./fake/en/Llasa-8B/midnight_passenger_15_f000131.wav|en_US/by_book/female/mary_ann/midnight_passenger/wavs/midnight_passenger_15_f000131.wav|en|True|9.86|['multi-dataset']|Llasa-8B|Llasa|to which the young heiress had dedicated the estate of the unfortunate Ferris, as well as a large sum set aside by herself.|en_US/by_book/female/mary_ann/northandsouth/wavs/northandsouth_10_f000158.wav|0.0779
./fake/en/Llasa-8B/northandsouth_01_f000027.wav|en_US/by_book/female/mary_ann/northandsouth/wavs/northandsouth_01_f000027.wav|en|True|9.2|['multi-dataset']|Llasa-8B|Llasa|and where her bright holidays had always been passed, though for the last ten years her aunt Shaws house had been considered as her home.|en_UK/by_book/female/elizabeth_klett/wives_and_daughters/wavs/wives_and_daughters_22_f000188.wav|-0.0066
./fake/en/Llasa-8B/skyisland_06_baum_64kb_f000080.wav|en_US/by_book/female/judy_bieber/sky_island/wavs/skyisland_06_baum_64kb_f000080.wav|en|True|9.72|['multi-dataset']|Llasa-8B|Llasa|Then the Boolooroo told one of the soldiers to take the boy to the shoeblue den and have him instructed in his duties,|en_US/by_book/female/mary_ann/northandsouth/wavs/northandsouth_23_f000136.wav|-0.0154
./fake/en/Llasa-8B/wives_and_daughters_13_f000181.wav|en_UK/by_book/female/elizabeth_klett/wives_and_daughters/wavs/wives_and_daughters_13_f000181.wav|en|True|11.68|['multi-dataset']|Llasa-8B|Llasa|Not often. But I fancy she likes being here when she does. Perhaps she finds it an agreeable change after the more formal life she leads at the Towers.|en_US/by_book/female/mary_ann/northandsouth/wavs/northandsouth_35_f000096.wav|0.2892
./fake/en/Llasa-8B/skyisland_20_baum_64kb_f000010.wav|en_US/by_book/female/judy_bieber/sky_island/wavs/skyisland_20_baum_64kb_f000010.wav|en|True|9.78|['multi-dataset']|Llasa-8B|Llasa|He did not tell the Boolooroo of this suspicion, because in that case the king would realize he was secure and that his deception could never be proved against him.|en_US/by_book/female/judy_bieber/the_master_key/wavs/the_master_key_10_f000028.wav|0.3125
./fake/en/Llasa-8B/wives_and_daughters_11_f000072.wav|en_UK/by_book/female/elizabeth_klett/wives_and_daughters/wavs/wives_and_daughters_11_f000072.wav|en|True|7.26|['multi-dataset']|Llasa-8B|Llasa|I will think of others. I won't think of myself, she kept repeating all the way to the Towers.|en_US/by_book/female/judy_bieber/sky_island/wavs/skyisland_30_baum_64kb_f000052.wav|0.2826
./fake/en/Llasa-8B/wives_and_daughters_22_f000158.wav|en_UK/by_book/female/elizabeth_klett/wives_and_daughters/wavs/wives_and_daughters_22_f000158.wav|en|True|4.6|['multi-dataset']|Llasa-8B|Llasa|But he thought he did well in sitting still and appearing to take no notice.|en_US/by_book/male/elliot_miller/pirates_of_ersatz/wavs/piratesofersatz_03_leinster_64kb_f000115.wav|-0.0513
./fake/en/Llasa-8B/silent_bullet_05_f000158.wav|en_US/by_book/male/elliot_miller/silent_bullet/wavs/silent_bullet_05_f000158.wav|en|True|10.58|['multi-dataset']|Llasa-8B|Llasa|Some servant tell of your visit and he verry angr-ry. And now what is to become of me - will madame his wife give a recommendation now?|en_UK/by_book/female/elizabeth_klett/jane_eyre/wavs/jane_eyre_28_f000118.wav|-0.0058
./fake/en/Llasa-8B/the_sea_fairies_13_f000157.wav|en_US/by_book/female/judy_bieber/the_sea_fairies/wavs/the_sea_fairies_13_f000157.wav|en|True|3.44|['multi-dataset']|Llasa-8B|Llasa|declared Trot emphatically.|en_US/by_book/female/judy_bieber/rinkitink_in_oz/wavs/rinkitink_baum_06_64kb_f000029.wav|0.2090
./fake/en/Llasa-8B/silent_bullet_06_f000100.wav|en_US/by_book/male/elliot_miller/silent_bullet/wavs/silent_bullet_06_f000100.wav|en|True|6.62|['multi-dataset']|Llasa-8B|Llasa|The old man seemed utterly to have forgotten us. Is that you, John? he asked expectantly.|en_US/by_book/female/mary_ann/midnight_passenger/wavs/midnight_passenger_01_f000021.wav|0.0705
./fake/en/Llasa-8B/silent_bullet_06_f000163.wav|en_US/by_book/male/elliot_miller/silent_bullet/wavs/silent_bullet_06_f000163.wav|en|True|9.62|['multi-dataset']|Llasa-8B|Llasa|Yes, Professor. Here they are. As soon as you telephoned this morning I sent my men out separately to get them. Theres the ink from the druggist,|en_US/by_book/male/elliot_miller/pirates_of_ersatz/wavs/piratesofersatz_06_leinster_64kb_f000138.wav|0.0535
./fake/en/Llasa-8B/dorothy_and_wizard_oz_15_f000027.wav|en_US/by_book/female/judy_bieber/dorothy_and_wizard_oz/wavs/dorothy_and_wizard_oz_15_f000027.wav|en|True|13.52|['multi-dataset']|Llasa-8B|Llasa|This mollified Jim a little, and after some thought the green maiden decided to give the cab-horse a room in the palace, such a big building having many rooms that were seldom in use.|en_UK/by_book/female/elizabeth_klett/wives_and_daughters/wavs/wives_and_daughters_17_f000098.wav|0.1400
./fake/en/Llasa-8B/pink_fairy_book_06_f000032.wav|en_US/by_book/male/elliot_miller/pink_fairy_book/wavs/pink_fairy_book_06_f000032.wav|en|True|14.9|['multi-dataset']|Llasa-8B|Llasa|After everything was done he sat himself down in his lonely cottage and wept bitterly, and the bitterest thought of all was that he would never be able to forget that he had eaten his own wife.|en_US/by_book/female/mary_ann/northandsouth/wavs/northandsouth_18_f000044.wav|-0.0228
./fake/en/Llasa-8B/skyisland_04_baum_64kb_f000039.wav|en_US/by_book/female/judy_bieber/sky_island/wavs/skyisland_04_baum_64kb_f000039.wav|en|True|3.96|['multi-dataset']|Llasa-8B|Llasa|Seems to me we're goin' down, called Trot.|en_US/by_book/male/elliot_miller/poisoned_pen/wavs/poisoned_pen_12_f000331.wav|0.1463
./fake/en/Llasa-8B/poisoned_pen_03_f000072.wav|en_US/by_book/male/elliot_miller/poisoned_pen/wavs/poisoned_pen_03_f000072.wav|en|True|14.54|['multi-dataset']|Llasa-8B|Llasa|See, here is her laboratory. It is the best we - she can afford. Organic chemistry, as you call it in English, interests me too, but of course I am not a trained scientist - I am a novelist.|en_US/by_book/male/elliot_miller/hunters_space/wavs/hunters_space_11_f000078.wav|0.0762
./fake/en/Llasa-8B/midnight_passenger_03_f000047.wav|en_US/by_book/female/mary_ann/midnight_passenger/wavs/midnight_passenger_03_f000047.wav|en|True|7.62|['multi-dataset']|Llasa-8B|Llasa|Thoroughly reassured, Clayton had given Jack Witherspoon his whole history, and the future campaign was laid out in all its details.|en_US/by_book/female/mary_ann/northandsouth/wavs/northandsouth_21_f000045.wav|0.7531
./fake/en/Llasa-8B/jane_eyre_10_f000212.wav|en_UK/by_book/female/elizabeth_klett/jane_eyre/wavs/jane_eyre_10_f000212.wav|en|True|9.14|['multi-dataset']|Llasa-8B|Llasa|Well, you know Missis always said they were poor and quite despicable: and they may be poor; but I believe they are as much gentry as the Reeds are;|en_US/by_book/female/mary_ann/northandsouth/wavs/northandsouth_30_f000216.wav|0.1361
./fake/en/Llasa-8B/dorothy_and_wizard_oz_09_f000116.wav|en_US/by_book/female/judy_bieber/dorothy_and_wizard_oz/wavs/dorothy_and_wizard_oz_09_f000116.wav|en|True|9.72|['multi-dataset']|Llasa-8B|Llasa|All right, answered the horse; I'll do my best. But you must remember I'm old, and my dashing days are past and gone.|en_US/by_book/male/elliot_miller/hunters_space/wavs/hunters_space_16_f000010.wav|0.0759
./fake/en/Llasa-8B/jane_eyre_02_f000116.wav|en_UK/by_book/female/elizabeth_klett/jane_eyre/wavs/jane_eyre_02_f000116.wav|en|True|11.52|['multi-dataset']|Llasa-8B|Llasa|This idea, consolatory in theory, I felt would be terrible if realised: with all my might I endeavoured to stifle it - I endeavoured to be firm.|en_US/by_book/male/elliot_miller/silent_bullet/wavs/silent_bullet_05_f000229.wav|0.1668
./fake/en/Llasa-8B/rinkitink_baum_17_64kb_f000046.wav|en_US/by_book/female/judy_bieber/rinkitink_in_oz/wavs/rinkitink_baum_17_64kb_f000046.wav|en|True|4.32|['multi-dataset']|Llasa-8B|Llasa|and why do you place them in my charge instead of guarding them, yourself?|en_US/by_book/male/elliot_miller/silent_bullet/wavs/silent_bullet_06_f000001.wav|0.0836
./fake/en/Llasa-8B/northandsouth_09_f000034.wav|en_US/by_book/female/mary_ann/northandsouth/wavs/northandsouth_09_f000034.wav|en|True|6.36|['multi-dataset']|Llasa-8B|Llasa|and bringing on one of the bad headaches to which she had lately become liable.|en_US/by_book/female/judy_bieber/ozma_of_oz/wavs/ozma_of_oz_04_f000060.wav|0.1041
./fake/en/Llasa-8B/wives_and_daughters_47_f000218.wav|en_UK/by_book/female/elizabeth_klett/wives_and_daughters/wavs/wives_and_daughters_47_f000218.wav|en|True|10.8|['multi-dataset']|Llasa-8B|Llasa|Then he was silent for a time; his hands in his pockets, his eyes on the ground, as he continued his quarter-deck march.|en_UK/by_book/female/elizabeth_klett/jane_eyre/wavs/jane_eyre_19_f000214.wav|-0.1356
./fake/en/Llasa-8B/northandsouth_51_f000023.wav|en_US/by_book/female/mary_ann/northandsouth/wavs/northandsouth_51_f000023.wav|en|True|3.44|['multi-dataset']|Llasa-8B|Llasa|you know-who is in London about some law business.|en_UK/by_book/female/elizabeth_klett/wives_and_daughters/wavs/wives_and_daughters_23_f000009.wav|0.1029
./fake/en/Llasa-8B/midnight_passenger_06_f000229.wav|en_US/by_book/female/mary_ann/midnight_passenger/wavs/midnight_passenger_06_f000229.wav|en|True|9.86|['multi-dataset']|Llasa-8B|Llasa|I do not know who has poisoned my father's mind, resolutely said the Little Sister, but Randall Clayton has been the brother of my heart, and always will be.|en_UK/by_book/female/elizabeth_klett/jane_eyre/wavs/jane_eyre_02_f000042.wav|0.1084
./fake/en/Llasa-8B/northandsouth_41_f000005.wav|en_US/by_book/female/mary_ann/northandsouth/wavs/northandsouth_41_f000005.wav|en|True|4.6|['multi-dataset']|Llasa-8B|Llasa|Or blinding fire-balls, sleet, or stifling snow,|en_US/by_book/female/judy_bieber/emerald_city_of_oz/wavs/emerald_city_of_oz_09_f000087.wav|0.2028
./fake/en/Llasa-8B/northandsouth_41_f000165.wav|en_US/by_book/female/mary_ann/northandsouth/wavs/northandsouth_41_f000165.wav|en|True|4.62|['multi-dataset']|Llasa-8B|Llasa|A very common fault. What sort of people are the Lennoxes?|en_US/by_book/female/judy_bieber/ozma_of_oz/wavs/ozma_of_oz_02_f000085.wav|0.0796
./fake/en/Llasa-8B/emerald_city_of_oz_20_f000104.wav|en_US/by_book/female/judy_bieber/emerald_city_of_oz/wavs/emerald_city_of_oz_20_f000104.wav|en|True|7.04|['multi-dataset']|Llasa-8B|Llasa|Oh, what a splendid chair! cried Dorothy, clasping her hands admiringly.|en_UK/by_book/female/elizabeth_klett/wives_and_daughters/wavs/wives_and_daughters_23_f000009.wav|0.2030
./fake/en/Llasa-8B/midnight_passenger_04_f000158.wav|en_US/by_book/female/mary_ann/midnight_passenger/wavs/midnight_passenger_04_f000158.wav|en|True|7.56|['multi-dataset']|Llasa-8B|Llasa|There was the ring of truth in her words, and even the accent of fear in her appeal.|en_US/by_book/female/judy_bieber/emerald_city_of_oz/wavs/emerald_city_of_oz_25_f000051.wav|0.0081
./fake/en/Llasa-8B/wives_and_daughters_38_f000117.wav|en_UK/by_book/female/elizabeth_klett/wives_and_daughters/wavs/wives_and_daughters_38_f000117.wav|en|True|7.4|['multi-dataset']|Llasa-8B|Llasa|expressing strongly what he really felt, in a less degree, his wish to make Mister Gibson's acquaintance.|en_US/by_book/male/elliot_miller/pink_fairy_book/wavs/pink_fairy_book_14_f000135.wav|-0.0111
./fake/en/Llasa-8B/wives_and_daughters_20_f000158.wav|en_UK/by_book/female/elizabeth_klett/wives_and_daughters/wavs/wives_and_daughters_20_f000158.wav|en|True|7.98|['multi-dataset']|Llasa-8B|Llasa|Well! there's no harm in it, I'm sure. Did you hear him say that, though he did not like to leave his father alone just at present,|en_US/by_book/female/mary_ann/midnight_passenger/wavs/midnight_passenger_01_f000117.wav|0.7854
./fake/en/Llasa-8B/jane_eyre_22_f000046.wav|en_UK/by_book/female/elizabeth_klett/jane_eyre/wavs/jane_eyre_22_f000046.wav|en|True|6.76|['multi-dataset']|Llasa-8B|Llasa|Mister Rochester had left for London three weeks ago, but he was then expected to return in a fortnight.|en_US/by_book/female/judy_bieber/dorothy_and_wizard_oz/wavs/dorothy_and_wizard_oz_19_f000043.wav|-0.0319
./fake/en/Llasa-8B/northandsouth_25_f000058.wav|en_US/by_book/female/mary_ann/northandsouth/wavs/northandsouth_25_f000058.wav|en|True|10.94|['multi-dataset']|Llasa-8B|Llasa|it will seem far away-but when yo come to words I like-to the comforting texts-itll seem close in my ear, and going through me as it were.|en_US/by_book/female/judy_bieber/rinkitink_in_oz/wavs/rinkitink_baum_06_64kb_f000139.wav|0.0053
./fake/en/Llasa-8B/jane_eyre_29_f000084.wav|en_UK/by_book/female/elizabeth_klett/jane_eyre/wavs/jane_eyre_29_f000084.wav|en|True|2.9|['multi-dataset']|Llasa-8B|Llasa|Their father is dead?|en_US/by_book/male/elliot_miller/pirates_of_ersatz/wavs/piratesofersatz_03_leinster_64kb_f000115.wav|0.0871
./fake/en/Llasa-8B/skyisland_17_baum_64kb_f000069.wav|en_US/by_book/female/judy_bieber/sky_island/wavs/skyisland_17_baum_64kb_f000069.wav|en|True|12.84|['multi-dataset']|Llasa-8B|Llasa|' Do you know this Law? Oh yes, replied Tourmaline. That is why I am the Queen. You will notice my complexion is of a lighter pink than that of any other of my people.|en_US/by_book/female/judy_bieber/rinkitink_in_oz/wavs/rinkitink_baum_21_64kb_f000024.wav|0.1945
./fake/en/Llasa-8B/ozma_of_oz_02_f000085.wav|en_US/by_book/female/judy_bieber/ozma_of_oz/wavs/ozma_of_oz_02_f000085.wav|en|True|7.92|['multi-dataset']|Llasa-8B|Llasa|What is dreadful? asked the hen, lifting her head to gaze with one bright eye at her companion.|en_UK/by_book/female/elizabeth_klett/jane_eyre/wavs/jane_eyre_38_f000052.wav|0.4687
./fake/en/Llasa-8B/piratesofersatz_03_leinster_64kb_f000142.wav|en_US/by_book/male/elliot_miller/pirates_of_ersatz/wavs/piratesofersatz_03_leinster_64kb_f000142.wav|en|True|11.52|['multi-dataset']|Llasa-8B|Llasa|There was a vast humming sound. The ship lifted sedately. It seemed to hover momentarily over the group of duryas and humans in the center of the grid's enclosure.|en_US/by_book/female/judy_bieber/emerald_city_of_oz/wavs/emerald_city_of_oz_11_f000008.wav|0.1529
./fake/en/Llasa-8B/piratesofersatz_04_leinster_64kb_f000104.wav|en_US/by_book/male/elliot_miller/pirates_of_ersatz/wavs/piratesofersatz_04_leinster_64kb_f000104.wav|en|True|5.54|['multi-dataset']|Llasa-8B|Llasa|I was indiscreet to survive? demanded Hoddan bristling.|en_US/by_book/female/mary_ann/northandsouth/wavs/northandsouth_14_f000109.wav|0.0600
./fake/en/Llasa-8B/emerald_city_of_oz_01_f000021.wav|en_US/by_book/female/judy_bieber/emerald_city_of_oz/wavs/emerald_city_of_oz_01_f000021.wav|en|True|3.14|['multi-dataset']|Llasa-8B|Llasa|I'm in great trouble over the loss of my Magic Belt.|en_UK/by_book/female/elizabeth_klett/wives_and_daughters/wavs/wives_and_daughters_10_f000178.wav|-0.0282
./fake/en/Llasa-8B/pink_fairy_book_14_f000082.wav|en_US/by_book/male/elliot_miller/pink_fairy_book/wavs/pink_fairy_book_14_f000082.wav|en|True|9.22|['multi-dataset']|Llasa-8B|Llasa|The others had taken everything that was any good, so that he had a difficulty in scraping together four wheels of different sizes and fixing them to an old cart,|en_UK/by_book/female/elizabeth_klett/wives_and_daughters/wavs/wives_and_daughters_28_f000055.wav|-0.0766
./fake/en/Llasa-8B/piratesofersatz_03_leinster_64kb_f000085.wav|en_US/by_book/male/elliot_miller/pirates_of_ersatz/wavs/piratesofersatz_03_leinster_64kb_f000085.wav|en|True|9.8|['multi-dataset']|Llasa-8B|Llasa|The police were charmed. Even so early in the morning they seemed inclined to burst into song. When the Detention Building gate opened for it,|en_UK/by_book/female/elizabeth_klett/jane_eyre/wavs/jane_eyre_27_f000134.wav|0.2440
./fake/en/Llasa-8B/skyisland_07_baum_64kb_f000006.wav|en_US/by_book/female/judy_bieber/sky_island/wavs/skyisland_07_baum_64kb_f000006.wav|en|True|4.6|['multi-dataset']|Llasa-8B|Llasa|and their looks expressed not only astonishment but dislike.|en_US/by_book/male/elliot_miller/silent_bullet/wavs/silent_bullet_11_f000284.wav|0.1053
./fake/en/Llasa-8B/rinkitink_baum_08_64kb_f000040.wav|en_US/by_book/female/judy_bieber/rinkitink_in_oz/wavs/rinkitink_baum_08_64kb_f000040.wav|en|True|11.3|['multi-dataset']|Llasa-8B|Llasa|And then, it felt so very big, He thought it surely was a pig Till, standing still to hear it grunt, He cried: Why, it's an elephunt!|en_UK/by_book/female/elizabeth_klett/jane_eyre/wavs/jane_eyre_10_f000212.wav|0.2232
./fake/en/Llasa-8B/jane_eyre_19_f000195.wav|en_UK/by_book/female/elizabeth_klett/jane_eyre/wavs/jane_eyre_19_f000195.wav|en|True|3.76|['multi-dataset']|Llasa-8B|Llasa|Can I help you, sir? - I'd give my life to serve you.|en_US/by_book/female/judy_bieber/emerald_city_of_oz/wavs/emerald_city_of_oz_24_f000084.wav|0.2456
./fake/en/Llasa-8B/dorothy_and_wizard_oz_05_f000103.wav|en_US/by_book/female/judy_bieber/dorothy_and_wizard_oz/wavs/dorothy_and_wizard_oz_05_f000103.wav|en|True|5.04|['multi-dataset']|Llasa-8B|Llasa|Why, there seems to be no night at all in this country, Zeb replied.|en_US/by_book/female/judy_bieber/sky_island/wavs/skyisland_17_baum_64kb_f000069.wav|-0.0070
./fake/en/Llasa-8B/northandsouth_42_f000134.wav|en_US/by_book/female/mary_ann/northandsouth/wavs/northandsouth_42_f000134.wav|en|True|4.42|['multi-dataset']|Llasa-8B|Llasa|They have been living abroad. They have some kind of claim upon her.|en_US/by_book/female/judy_bieber/emerald_city_of_oz/wavs/emerald_city_of_oz_24_f000038.wav|0.2611
./fake/en/Llasa-8B/the_sea_fairies_13_f000179.wav|en_US/by_book/female/judy_bieber/the_sea_fairies/wavs/the_sea_fairies_13_f000179.wav|en|True|6.12|['multi-dataset']|Llasa-8B|Llasa|Then Princess Clia parted the curtains that her queen and companions might enter the Rose Chamber.|en_US/by_book/male/elliot_miller/silent_bullet/wavs/silent_bullet_06_f000331.wav|0.1972
./fake/en/Llasa-8B/wives_and_daughters_59_f000187.wav|en_UK/by_book/female/elizabeth_klett/wives_and_daughters/wavs/wives_and_daughters_59_f000187.wav|en|True|11.22|['multi-dataset']|Llasa-8B|Llasa|How could she ever repeat what his father had said that morning, and assure him that she, no more than he,|en_UK/by_book/female/elizabeth_klett/jane_eyre/wavs/jane_eyre_04_f000195.wav|0.3439
./fake/en/Llasa-8B/pink_fairy_book_12_f000140.wav|en_US/by_book/male/elliot_miller/pink_fairy_book/wavs/pink_fairy_book_12_f000140.wav|en|True|6.12|['multi-dataset']|Llasa-8B|Llasa|There was a row stretching from the gate of the town up to the castle.|en_US/by_book/female/judy_bieber/emerald_city_of_oz/wavs/emerald_city_of_oz_19_f000065.wav|0.0664
./fake/en/Llasa-8B/wives_and_daughters_41_f000045.wav|en_UK/by_book/female/elizabeth_klett/wives_and_daughters/wavs/wives_and_daughters_41_f000045.wav|en|True|7.5|['multi-dataset']|Llasa-8B|Llasa|whenever Molly's hair was not done to her liking, or her dress did not become her, or the smell of dinner pervaded the house,|en_UK/by_book/female/elizabeth_klett/wives_and_daughters/wavs/wives_and_daughters_16_f000103.wav|0.2060
./fake/en/Llasa-8B/skyisland_24_baum_64kb_f000076.wav|en_US/by_book/female/judy_bieber/sky_island/wavs/skyisland_24_baum_64kb_f000076.wav|en|True|9.78|['multi-dataset']|Llasa-8B|Llasa|When all was in readiness, the King pulled the cord a second time, and Trot at the same instant pulled upon her rope. The same thing happened as before.|en_US/by_book/female/judy_bieber/dorothy_and_wizard_oz/wavs/dorothy_and_wizard_oz_13_f000025.wav|0.0329
./fake/en/Llasa-8B/skyisland_09_baum_64kb_f000046.wav|en_US/by_book/female/judy_bieber/sky_island/wavs/skyisland_09_baum_64kb_f000046.wav|en|True|5.1|['multi-dataset']|Llasa-8B|Llasa|and both the cat and the dog followed Trot into the third boudoir.|en_US/by_book/female/judy_bieber/sky_island/wavs/skyisland_07_baum_64kb_f000006.wav|0.2265
./fake/en/Llasa-8B/poisoned_pen_05_f000323.wav|en_US/by_book/male/elliot_miller/poisoned_pen/wavs/poisoned_pen_05_f000323.wav|en|True|3.6|['multi-dataset']|Llasa-8B|Llasa|as well as his measurements.|en_US/by_book/male/elliot_miller/silent_bullet/wavs/silent_bullet_06_f000346.wav|0.2383
./fake/en/Llasa-8B/northandsouth_19_f000155.wav|en_US/by_book/female/mary_ann/northandsouth/wavs/northandsouth_19_f000155.wav|en|True|14.54|['multi-dataset']|Llasa-8B|Llasa|Her sister Mary was tying on her bonnet in great clumsy bows, as suited her great clumsy fingers, to go to her fustian-cutting, blubbering out loud the while, and evidently longing to be away from a scene that distressed her.|en_US/by_book/female/judy_bieber/the_sea_fairies/wavs/the_sea_fairies_12_f000133.wav|-0.0693
./fake/en/Llasa-8B/the_sea_fairies_04_f000069.wav|en_US/by_book/female/judy_bieber/the_sea_fairies/wavs/the_sea_fairies_04_f000069.wav|en|True|6.7|['multi-dataset']|Llasa-8B|Llasa|I'd just as soon, replied Trot rather timidly, but she boldly followed the princess,|en_US/by_book/female/judy_bieber/dorothy_and_wizard_oz/wavs/dorothy_and_wizard_oz_15_f000027.wav|0.3381
./fake/en/Llasa-8B/northandsouth_01_f000115.wav|en_US/by_book/female/mary_ann/northandsouth/wavs/northandsouth_01_f000115.wav|en|True|7.28|['multi-dataset']|Llasa-8B|Llasa|Almost immediately, Edith came in from the back drawing-room, winking and blinking her eyes at the stronger light,|en_US/by_book/female/judy_bieber/emerald_city_of_oz/wavs/emerald_city_of_oz_24_f000036.wav|0.1086
./fake/en/Llasa-8B/jane_eyre_05_f000247.wav|en_UK/by_book/female/elizabeth_klett/jane_eyre/wavs/jane_eyre_05_f000247.wav|en|True|1.72|['multi-dataset']|Llasa-8B|Llasa|Are you happy here?|en_US/by_book/male/elliot_miller/poisoned_pen/wavs/poisoned_pen_03_f000177.wav|0.7197
./fake/en/Llasa-8B/northandsouth_31_f000139.wav|en_US/by_book/female/mary_ann/northandsouth/wavs/northandsouth_31_f000139.wav|en|True|13.6|['multi-dataset']|Llasa-8B|Llasa|mister Barbour wont let us call it an engagement. But if you would come, you would find friends everywhere, besides Dolores. Think of it, father. Margaret, be on my side.|en_US/by_book/female/judy_bieber/ozma_of_oz/wavs/ozma_of_oz_18_f000018.wav|0.0387
./fake/en/Llasa-8B/wives_and_daughters_07_f000042.wav|en_UK/by_book/female/elizabeth_klett/wives_and_daughters/wavs/wives_and_daughters_07_f000042.wav|en|True|4.74|['multi-dataset']|Llasa-8B|Llasa|Granted before you name it. Am not I a bold woman?|en_US/by_book/female/mary_ann/midnight_passenger/wavs/midnight_passenger_09_f000099.wav|0.1866
./fake/en/Llasa-8B/skyisland_14_baum_64kb_f000004.wav|en_US/by_book/female/judy_bieber/sky_island/wavs/skyisland_14_baum_64kb_f000004.wav|en|True|7.26|['multi-dataset']|Llasa-8B|Llasa|All were set upon nicely carved pink pedestals.|en_US/by_book/female/mary_ann/northandsouth/wavs/northandsouth_19_f000056.wav|0.2926
./fake/en/Llasa-8B/silent_bullet_10_f000253.wav|en_US/by_book/male/elliot_miller/silent_bullet/wavs/silent_bullet_10_f000253.wav|en|True|7.98|['multi-dataset']|Llasa-8B|Llasa|And Ill be better yet by this afternoon, he added. I can do that stunt with the points of pins then.|en_US/by_book/female/mary_ann/northandsouth/wavs/northandsouth_10_f000117.wav|0.1198
./fake/en/Llasa-8B/northandsouth_25_f000082.wav|en_US/by_book/female/mary_ann/northandsouth/wavs/northandsouth_25_f000082.wav|en|True|7.7|['multi-dataset']|Llasa-8B|Llasa|who must needs go right again the orders of Committee, and ruin the strike, just as bad as if he meant to be a Judas.|en_US/by_book/male/elliot_miller/silent_bullet/wavs/silent_bullet_02_f000279.wav|0.0108
./fake/en/Llasa-8B/silent_bullet_06_f000346.wav|en_US/by_book/male/elliot_miller/silent_bullet/wavs/silent_bullet_06_f000346.wav|en|True|3.52|['multi-dataset']|Llasa-8B|Llasa|Shame on you, she added contemptuously.|en_US/by_book/male/elliot_miller/pink_fairy_book/wavs/pink_fairy_book_32_f000138.wav|0.1981
./fake/en/Llasa-8B/piratesofersatz_07_leinster_64kb_f000104.wav|en_US/by_book/male/elliot_miller/pirates_of_ersatz/wavs/piratesofersatz_07_leinster_64kb_f000104.wav|en|True|13.52|['multi-dataset']|Llasa-8B|Llasa|Hoddan found himself sick with honest fury. The population of one-third of a planet, packed into spaceships for two years and more, would be appropriate subjects for sympathy at the best of times.|en_US/by_book/male/elliot_miller/pirates_of_ersatz/wavs/piratesofersatz_05_leinster_64kb_f000107.wav|0.2538
./fake/en/Llasa-8B/the_master_key_11_f000016.wav|en_US/by_book/female/judy_bieber/the_master_key/wavs/the_master_key_11_f000016.wav|en|True|9.56|['multi-dataset']|Llasa-8B|Llasa|Then he sped away to the southeast and, crossing the channel, passed between Amiens and Rouen and reached Paris before ten o'clock.|en_UK/by_book/female/elizabeth_klett/wives_and_daughters/wavs/wives_and_daughters_05_f000184.wav|-0.0441
./fake/en/Llasa-8B/jane_eyre_27_f000158.wav|en_UK/by_book/female/elizabeth_klett/jane_eyre/wavs/jane_eyre_27_f000158.wav|en|True|6.18|['multi-dataset']|Llasa-8B|Llasa|There you shall live a happy, and guarded, and most innocent life.|en_US/by_book/female/judy_bieber/sky_island/wavs/skyisland_17_baum_64kb_f000029.wav|-0.0144
./fake/en/Llasa-8B/wives_and_daughters_14_f000005.wav|en_UK/by_book/female/elizabeth_klett/wives_and_daughters/wavs/wives_and_daughters_14_f000005.wav|en|True|5.6|['multi-dataset']|Llasa-8B|Llasa|Lady Harriet came as a sort of amateur bridesmaid, to share Molly's duties, as she called it.|en_US/by_book/male/elliot_miller/silent_bullet/wavs/silent_bullet_07_f000112.wav|0.0613
./fake/en/Llasa-8B/rinkitink_baum_24_64kb_f000027.wav|en_US/by_book/female/judy_bieber/rinkitink_in_oz/wavs/rinkitink_baum_24_64kb_f000027.wav|en|True|14.1|['multi-dataset']|Llasa-8B|Llasa|After visiting many islands of the Nonestic Ocean we at last thought of Pingaree, from where come the precious pearls; and now our faithful quest has been rewarded.|en_US/by_book/female/judy_bieber/emerald_city_of_oz/wavs/emerald_city_of_oz_09_f000003.wav|0.0970
./fake/en/Llasa-8B/poisoned_pen_03_f000023.wav|en_US/by_book/male/elliot_miller/poisoned_pen/wavs/poisoned_pen_03_f000023.wav|en|True|7.44|['multi-dataset']|Llasa-8B|Llasa|We can call a taxicab - it will not take long, sir. Consider, there are many lives possibly at stake, he pleaded.|en_US/by_book/female/mary_ann/midnight_passenger/wavs/midnight_passenger_09_f000211.wav|0.0711
./fake/en/Llasa-8B/northandsouth_25_f000030.wav|en_US/by_book/female/mary_ann/northandsouth/wavs/northandsouth_25_f000030.wav|en|True|11.08|['multi-dataset']|Llasa-8B|Llasa|It is there-there, cowering and gibbering, with fixed ghastly eyes, in some corner of the chamber, listening to hear whether we dare to breathe of its presence to any one.|en_US/by_book/female/judy_bieber/dorothy_and_wizard_oz/wavs/dorothy_and_wizard_oz_01_f000007.wav|-0.0551
./fake/en/Llasa-8B/skyisland_22_baum_64kb_f000064.wav|en_US/by_book/female/judy_bieber/sky_island/wavs/skyisland_22_baum_64kb_f000064.wav|en|True|7.7|['multi-dataset']|Llasa-8B|Llasa|Trot, finding the window open, came and looked out, and she saw the Majordomo's tall form hastening along the top of the wall.|en_US/by_book/female/judy_bieber/dorothy_and_wizard_oz/wavs/dorothy_and_wizard_oz_12_f000104.wav|0.1402
./fake/en/Llasa-8B/wives_and_daughters_13_f000003.wav|en_UK/by_book/female/elizabeth_klett/wives_and_daughters/wavs/wives_and_daughters_13_f000003.wav|en|True|7.76|['multi-dataset']|Llasa-8B|Llasa|Time was speeding on; it was now the middle of August, - if anything was to be done to the house, it must be done at once.|en_UK/by_book/female/elizabeth_klett/jane_eyre/wavs/jane_eyre_28_f000346.wav|0.1530
./fake/en/Llasa-8B/jane_eyre_30_f000046.wav|en_UK/by_book/female/elizabeth_klett/jane_eyre/wavs/jane_eyre_30_f000046.wav|en|True|7.04|['multi-dataset']|Llasa-8B|Llasa|what preparation would such sloth be for the future I propose to myself?|en_UK/by_book/female/elizabeth_klett/wives_and_daughters/wavs/wives_and_daughters_07_f000063.wav|-0.0630
./fake/en/Llasa-8B/the_sea_fairies_06_f000118.wav|en_US/by_book/female/judy_bieber/the_sea_fairies/wavs/the_sea_fairies_06_f000118.wav|en|True|6.84|['multi-dataset']|Llasa-8B|Llasa|Mummercubble is never contented or happy for a single minute.|en_UK/by_book/female/elizabeth_klett/jane_eyre/wavs/jane_eyre_27_f000049.wav|0.2500
./fake/en/Llasa-8B/pink_fairy_book_32_f000166.wav|en_US/by_book/male/elliot_miller/pink_fairy_book/wavs/pink_fairy_book_32_f000166.wav|en|True|10.0|['multi-dataset']|Llasa-8B|Llasa|The daughter had enough to do cracking nuts for him, and at the end of fourteen days she had only one tooth left in her mouth; she had broken all the rest with the nuts.|en_US/by_book/male/elliot_miller/silent_bullet/wavs/silent_bullet_09_f000314.wav|-0.0183
./fake/en/Llasa-8B/silent_bullet_11_f000166.wav|en_US/by_book/male/elliot_miller/silent_bullet/wavs/silent_bullet_11_f000166.wav|en|True|2.72|['multi-dataset']|Llasa-8B|Llasa|as he had done at Vincenzos.|en_US/by_book/female/judy_bieber/emerald_city_of_oz/wavs/emerald_city_of_oz_10_f000050.wav|0.0616
./fake/en/Llasa-8B/emerald_city_of_oz_08_f000071.wav|en_US/by_book/female/judy_bieber/emerald_city_of_oz/wavs/emerald_city_of_oz_08_f000071.wav|en|True|11.3|['multi-dataset']|Llasa-8B|Llasa|I'll be certain of success. Then, when Oz is destroyed, perhaps I shall be a greater man than old Roquat, and I can throw him away and be King of the Nomes myself.|en_US/by_book/male/elliot_miller/pink_fairy_book/wavs/pink_fairy_book_31_f000108.wav|-0.0188
./fake/en/Llasa-8B/jane_eyre_29_f000074.wav|en_UK/by_book/female/elizabeth_klett/jane_eyre/wavs/jane_eyre_29_f000074.wav|en|True|2.7|['multi-dataset']|Llasa-8B|Llasa|That village a few miles off?|en_US/by_book/male/elliot_miller/pink_fairy_book/wavs/pink_fairy_book_12_f000023.wav|0.1620
./fake/en/Llasa-8B/midnight_passenger_02_f000055.wav|en_US/by_book/female/mary_ann/midnight_passenger/wavs/midnight_passenger_02_f000055.wav|en|True|12.8|['multi-dataset']|Llasa-8B|Llasa|a woman at whose feet the hungry-eyed aristocrats had knelt to sue, a man-eater, a hard-hearted, velvet-eyed, reckless and defiant devil.|en_UK/by_book/female/elizabeth_klett/wives_and_daughters/wavs/wives_and_daughters_21_f000161.wav|0.1360
./fake/en/Llasa-8B/ozma_of_oz_09_f000043.wav|en_US/by_book/female/judy_bieber/ozma_of_oz/wavs/ozma_of_oz_09_f000043.wav|en|True|7.2|['multi-dataset']|Llasa-8B|Llasa|To be sure, said Billina in a careless tone. She was smoothing down the feathers of her back and not paying much attention.|en_UK/by_book/female/elizabeth_klett/wives_and_daughters/wavs/wives_and_daughters_60_f000363.wav|0.0978
./fake/en/Llasa-8B/wives_and_daughters_35_f000005.wav|en_UK/by_book/female/elizabeth_klett/wives_and_daughters/wavs/wives_and_daughters_35_f000005.wav|en|True|5.18|['multi-dataset']|Llasa-8B|Llasa|and sit with him as he ate his deferred meal when he came in an hour or two later.|en_US/by_book/female/judy_bieber/emerald_city_of_oz/wavs/emerald_city_of_oz_01_f000021.wav|0.0668
./fake/en/Llasa-8B/northandsouth_52_f000035.wav|en_US/by_book/female/mary_ann/northandsouth/wavs/northandsouth_52_f000035.wav|en|True|18.88|['multi-dataset']|Llasa-8B|Llasa|Happy and fortunate in all a man cares for, he does not understand what it is to find oneself no longer young-yet thrown back to the starting-point which requires the hopeful energy of youth-to feel one half of life gone,|en_US/by_book/female/mary_ann/northandsouth/wavs/northandsouth_38_f000023.wav|0.1155
./fake/en/Llasa-8B/pink_fairy_book_38_f000065.wav|en_US/by_book/male/elliot_miller/pink_fairy_book/wavs/pink_fairy_book_38_f000065.wav|en|True|9.86|['multi-dataset']|Llasa-8B|Llasa|Even then, for some time, the lake was very dirty, and the lion, as king of the beasts, commanded that no one should drink till it was quite clear again.|en_UK/by_book/female/elizabeth_klett/wives_and_daughters/wavs/wives_and_daughters_41_f000152.wav|-0.0041
./fake/en/Llasa-8B/ozma_of_oz_18_f000077.wav|en_US/by_book/female/judy_bieber/ozma_of_oz/wavs/ozma_of_oz_18_f000077.wav|en|True|8.62|['multi-dataset']|Llasa-8B|Llasa|The giant paused, with his hammer held motionless in the air, thus allowing the entire party to pass between his cast-iron legs in safety.|en_UK/by_book/female/elizabeth_klett/jane_eyre/wavs/jane_eyre_10_f000204.wav|0.0713
./fake/en/Llasa-8B/midnight_passenger_03_f000257.wav|en_US/by_book/female/mary_ann/midnight_passenger/wavs/midnight_passenger_03_f000257.wav|en|True|9.32|['multi-dataset']|Llasa-8B|Llasa|Braun was never in the pharmacy after six o'clock, and from that evening hour when all well-conducted men and women turn to dinner as the day's culmination,|en_US/by_book/female/judy_bieber/rinkitink_in_oz/wavs/rinkitink_baum_21_64kb_f000014.wav|0.2037
./fake/en/Llasa-8B/wives_and_daughters_24_f000100.wav|en_UK/by_book/female/elizabeth_klett/wives_and_daughters/wavs/wives_and_daughters_24_f000100.wav|en|True|10.28|['multi-dataset']|Llasa-8B|Llasa|Osborne knows it well, and Miss Kirkpatrick has been at school there, you know. It sounds very interesting; shall we go nearer and hear what they are saying?|en_US/by_book/female/judy_bieber/sky_island/wavs/skyisland_17_baum_64kb_f000069.wav|0.0727
./fake/en/Llasa-8B/jane_eyre_09_f000048.wav|en_UK/by_book/female/elizabeth_klett/jane_eyre/wavs/jane_eyre_09_f000048.wav|en|True|12.44|['multi-dataset']|Llasa-8B|Llasa|Mister Brocklehurst and his family never came near Lowood now: household matters were not scrutinised into; the cross housekeeper was gone, driven away by the fear of infection;|en_US/by_book/female/mary_ann/northandsouth/wavs/northandsouth_03_f000141.wav|0.5808
./fake/en/Llasa-8B/jane_eyre_18_f000268.wav|en_UK/by_book/female/elizabeth_klett/jane_eyre/wavs/jane_eyre_18_f000268.wav|en|True|2.88|['multi-dataset']|Llasa-8B|Llasa|and we heard her enter the library.|en_US/by_book/female/judy_bieber/the_sea_fairies/wavs/the_sea_fairies_06_f000071.wav|0.1120
./fake/en/Llasa-8B/jane_eyre_26_f000088.wav|en_UK/by_book/female/elizabeth_klett/jane_eyre/wavs/jane_eyre_26_f000088.wav|en|True|2.26|['multi-dataset']|Llasa-8B|Llasa|How do you know?|en_US/by_book/female/mary_ann/midnight_passenger/wavs/midnight_passenger_05_f000268.wav|0.0236
./fake/en/Llasa-8B/jane_eyre_05_f000200.wav|en_UK/by_book/female/elizabeth_klett/jane_eyre/wavs/jane_eyre_05_f000200.wav|en|True|11.72|['multi-dataset']|Llasa-8B|Llasa|What is it about? I continued. I hardly know where I found the hardihood thus to open a conversation with a stranger;|en_US/by_book/male/elliot_miller/pink_fairy_book/wavs/pink_fairy_book_34_f000008.wav|0.0491
./fake/en/Llasa-8B/silent_bullet_12_f000340.wav|en_US/by_book/male/elliot_miller/silent_bullet/wavs/silent_bullet_12_f000340.wav|en|True|7.04|['multi-dataset']|Llasa-8B|Llasa|Craig had Torreon firmly pinioned from behind by both arms. The policeman quickly interposed.|en_US/by_book/female/judy_bieber/emerald_city_of_oz/wavs/emerald_city_of_oz_19_f000065.wav|-0.0553
./fake/en/Llasa-8B/jane_eyre_34_f000144.wav|en_UK/by_book/female/elizabeth_klett/jane_eyre/wavs/jane_eyre_34_f000144.wav|en|True|8.64|['multi-dataset']|Llasa-8B|Llasa|One morning at breakfast, Diana, after looking a little pensive for some minutes, asked him, If his plans were yet unchanged.|en_UK/by_book/female/elizabeth_klett/wives_and_daughters/wavs/wives_and_daughters_35_f000222.wav|0.0403
./fake/en/Llasa-8B/wives_and_daughters_02_f000102.wav|en_UK/by_book/female/elizabeth_klett/wives_and_daughters/wavs/wives_and_daughters_02_f000102.wav|en|True|10.72|['multi-dataset']|Llasa-8B|Llasa|or ante-room, out of which many doors opened, and in which were deposited the light garden-tools and the bows and arrows of the young ladies of the house.|en_US/by_book/male/elliot_miller/hunters_space/wavs/hunters_space_10_f000016.wav|0.0655
./fake/en/Llasa-8B/wives_and_daughters_58_f000148.wav|en_UK/by_book/female/elizabeth_klett/wives_and_daughters/wavs/wives_and_daughters_58_f000148.wav|en|True|6.18|['multi-dataset']|Llasa-8B|Llasa|The Hamleys are a far older family than the Cumnors, said Molly, flushing up.|en_UK/by_book/female/elizabeth_klett/wives_and_daughters/wavs/wives_and_daughters_27_f000036.wav|0.5248
./fake/en/Llasa-8B/northandsouth_03_f000119.wav|en_US/by_book/female/mary_ann/northandsouth/wavs/northandsouth_03_f000119.wav|en|True|8.92|['multi-dataset']|Llasa-8B|Llasa|Margaret and mister Lennox strolled along the little terrace-walk under the south wall, where the bees still hummed and worked busily in their hives.|en_UK/by_book/female/elizabeth_klett/wives_and_daughters/wavs/wives_and_daughters_22_f000158.wav|0.2620
./fake/en/Llasa-8B/midnight_passenger_07_f000027.wav|en_US/by_book/female/mary_ann/midnight_passenger/wavs/midnight_passenger_07_f000027.wav|en|True|8.94|['multi-dataset']|Llasa-8B|Llasa|He is ours. No one can snatch him from our clutches.|en_UK/by_book/female/elizabeth_klett/wives_and_daughters/wavs/wives_and_daughters_59_f000022.wav|0.2639
./fake/en/Llasa-8B/rinkitink_baum_13_64kb_f000016.wav|en_US/by_book/female/judy_bieber/rinkitink_in_oz/wavs/rinkitink_baum_13_64kb_f000016.wav|en|True|5.22|['multi-dataset']|Llasa-8B|Llasa|Because we lack strength to perform the tasks your overseers demand, answered one of the women.|en_US/by_book/male/elliot_miller/silent_bullet/wavs/silent_bullet_07_f000134.wav|-0.0529
./fake/en/Llasa-8B/emerald_city_of_oz_09_f000003.wav|en_US/by_book/female/judy_bieber/emerald_city_of_oz/wavs/emerald_city_of_oz_09_f000003.wav|en|True|13.5|['multi-dataset']|Llasa-8B|Llasa|It did not take Dorothy long to establish herself in her new home, for she knew the people and the manners and customs of the Emerald City just as well as she knew the old Kansas farm.|en_UK/by_book/female/elizabeth_klett/wives_and_daughters/wavs/wives_and_daughters_28_f000044.wav|0.1030
./fake/en/Llasa-8B/the_sea_fairies_04_f000075.wav|en_US/by_book/female/judy_bieber/the_sea_fairies/wavs/the_sea_fairies_04_f000075.wav|en|True|5.1|['multi-dataset']|Llasa-8B|Llasa|They now entered an apartment so gorgeous that the child fairly gasped with astonishment.|en_US/by_book/male/elliot_miller/pirates_of_ersatz/wavs/piratesofersatz_07_leinster_64kb_f000104.wav|0.1813
./fake/en/Llasa-8B/jane_eyre_29_f000016.wav|en_UK/by_book/female/elizabeth_klett/jane_eyre/wavs/jane_eyre_29_f000016.wav|en|True|4.94|['multi-dataset']|Llasa-8B|Llasa|She is not an uneducated person, I should think, by her manner of speaking;|en_US/by_book/male/elliot_miller/hunters_space/wavs/hunters_space_11_f000020.wav|0.0229
./fake/en/Llasa-8B/silent_bullet_12_f000341.wav|en_US/by_book/male/elliot_miller/silent_bullet/wavs/silent_bullet_12_f000341.wav|en|True|7.5|['multi-dataset']|Llasa-8B|Llasa|Its all right, - officer, exclaimed Craig. Walter, reach into his inside pocket.|en_UK/by_book/female/elizabeth_klett/wives_and_daughters/wavs/wives_and_daughters_29_f000033.wav|0.0117
./fake/en/Llasa-8B/northandsouth_05_f000173.wav|en_US/by_book/female/mary_ann/northandsouth/wavs/northandsouth_05_f000173.wav|en|True|2.78|['multi-dataset']|Llasa-8B|Llasa|I wonder where they get it from?|en_US/by_book/male/elliot_miller/pirates_of_ersatz/wavs/piratesofersatz_05_leinster_64kb_f000107.wav|0.3922
./fake/en/Llasa-8B/skyisland_05_baum_64kb_f000019.wav|en_US/by_book/female/judy_bieber/sky_island/wavs/skyisland_05_baum_64kb_f000019.wav|en|True|8.36|['multi-dataset']|Llasa-8B|Llasa|But the angry inhabitants of this blue place would not permit them to look around them in peace, for as soon as captain Bill rolled off his toes,|en_US/by_book/male/elliot_miller/pink_fairy_book/wavs/pink_fairy_book_12_f000140.wav|-0.0881
./fake/en/Llasa-8B/wives_and_daughters_11_f000257.wav|en_UK/by_book/female/elizabeth_klett/wives_and_daughters/wavs/wives_and_daughters_11_f000257.wav|en|True|6.62|['multi-dataset']|Llasa-8B|Llasa|It was his general plan to repress emotion by not showing the sympathy he felt.|en_US/by_book/male/elliot_miller/hunters_space/wavs/hunters_space_13_f000051.wav|0.1683
./fake/en/Llasa-8B/hunters_space_11_f000109.wav|en_US/by_book/male/elliot_miller/hunters_space/wavs/hunters_space_11_f000109.wav|en|True|9.14|['multi-dataset']|Llasa-8B|Llasa|Or they wanted what I could not give them. It doesn't matter. Let them fight it out. We have the Old Ship with the New Drive.|en_UK/by_book/female/elizabeth_klett/jane_eyre/wavs/jane_eyre_08_f000126.wav|0.1629
./fake/en/Llasa-8B/ozma_of_oz_15_f000046.wav|en_US/by_book/female/judy_bieber/ozma_of_oz/wavs/ozma_of_oz_15_f000046.wav|en|True|10.0|['multi-dataset']|Llasa-8B|Llasa|Do I understand that she will now return to us in safety? enquired the Scarecrow, joyfully wrinkling his painted face into a broad smile.|en_US/by_book/female/judy_bieber/dorothy_and_wizard_oz/wavs/dorothy_and_wizard_oz_15_f000002.wav|0.0921
./fake/en/Llasa-8B/poisoned_pen_10_f000122.wav|en_US/by_book/male/elliot_miller/poisoned_pen/wavs/poisoned_pen_10_f000122.wav|en|True|9.28|['multi-dataset']|Llasa-8B|Llasa|It was a bright clear snappy morning, in contrast with the heat of the day before, when we boarded the revenue tug at the Barge Office.|en_UK/by_book/female/elizabeth_klett/jane_eyre/wavs/jane_eyre_36_f000191.wav|0.0538
./fake/en/Llasa-8B/piratesofersatz_05_leinster_64kb_f000217.wav|en_US/by_book/male/elliot_miller/pirates_of_ersatz/wavs/piratesofersatz_05_leinster_64kb_f000217.wav|en|True|13.32|['multi-dataset']|Llasa-8B|Llasa|Here's your daughter, sir, said Hoddan, and yawned. I hope there won't be any further trouble with Ghek. We took his castle and looted it a little and brought back some extra horses.|en_UK/by_book/female/elizabeth_klett/jane_eyre/wavs/jane_eyre_13_f000008.wav|0.0391
./fake/en/Llasa-8B/midnight_passenger_04_f000020.wav|en_US/by_book/female/mary_ann/midnight_passenger/wavs/midnight_passenger_04_f000020.wav|en|True|9.54|['multi-dataset']|Llasa-8B|Llasa|You will fight for your birthright, and I for the future happiness of darling Francine Delacroix.|en_US/by_book/female/mary_ann/northandsouth/wavs/northandsouth_23_f000103.wav|0.0409
./fake/en/Llasa-8B/rinkitink_baum_06_64kb_f000139.wav|en_US/by_book/female/judy_bieber/rinkitink_in_oz/wavs/rinkitink_baum_06_64kb_f000139.wav|en|True|10.64|['multi-dataset']|Llasa-8B|Llasa|By this time Inga felt perfect confidence in the Magic Pearls. It was the White Pearl that had given him the boat, and the Blue Pearl that had given him strength to row it.|en_UK/by_book/female/elizabeth_klett/jane_eyre/wavs/jane_eyre_04_f000195.wav|0.0197
./fake/en/Llasa-8B/wives_and_daughters_41_f000051.wav|en_UK/by_book/female/elizabeth_klett/wives_and_daughters/wavs/wives_and_daughters_41_f000051.wav|en|True|9.5|['multi-dataset']|Llasa-8B|Llasa|I don't mean to complain of dear papa - but I don't think - but, perhaps I ought not to say it to you.|en_US/by_book/female/mary_ann/midnight_passenger/wavs/midnight_passenger_06_f000036.wav|0.0313
./fake/en/Llasa-8B/wives_and_daughters_53_f000079.wav|en_UK/by_book/female/elizabeth_klett/wives_and_daughters/wavs/wives_and_daughters_53_f000079.wav|en|True|7.12|['multi-dataset']|Llasa-8B|Llasa|But when this second letter was sent off, Molly's heart began to bleed for the poor creature, bereft of her husband,|en_UK/by_book/female/elizabeth_klett/wives_and_daughters/wavs/wives_and_daughters_38_f000117.wav|0.0586
./fake/en/Llasa-8B/wives_and_daughters_55_f000056.wav|en_UK/by_book/female/elizabeth_klett/wives_and_daughters/wavs/wives_and_daughters_55_f000056.wav|en|True|9.36|['multi-dataset']|Llasa-8B|Llasa|Then he is not much affected by Cynthia's breaking off her engagement? Missis Gibson could afford to call it an engagement now.|en_UK/by_book/female/elizabeth_klett/wives_and_daughters/wavs/wives_and_daughters_42_f000008.wav|0.1980
./fake/en/Llasa-8B/emerald_city_of_oz_16_f000088.wav|en_US/by_book/female/judy_bieber/emerald_city_of_oz/wavs/emerald_city_of_oz_16_f000088.wav|en|True|3.44|['multi-dataset']|Llasa-8B|Llasa|That's proper, returned the King.|en_US/by_book/male/elliot_miller/pink_fairy_book/wavs/pink_fairy_book_22_f000040.wav|0.1707
./fake/en/Llasa-8B/silent_bullet_12_f000036.wav|en_US/by_book/male/elliot_miller/silent_bullet/wavs/silent_bullet_12_f000036.wav|en|True|10.86|['multi-dataset']|Llasa-8B|Llasa|The other day we lost an entire shipment of arms - the Secret Service captured them on the way from the warehouse on South Street to the steamer which was to take them to New Orleans.|en_US/by_book/female/judy_bieber/emerald_city_of_oz/wavs/emerald_city_of_oz_01_f000021.wav|-0.1090
./fake/en/Llasa-8B/northandsouth_50_f000010.wav|en_US/by_book/female/mary_ann/northandsouth/wavs/northandsouth_50_f000010.wav|en|True|3.88|['multi-dataset']|Llasa-8B|Llasa|every mans face was set in lines of eagerness or anxiety;|en_US/by_book/female/mary_ann/northandsouth/wavs/northandsouth_41_f000082.wav|0.2231
./fake/en/Llasa-8B/wives_and_daughters_10_f000124.wav|en_UK/by_book/female/elizabeth_klett/wives_and_daughters/wavs/wives_and_daughters_10_f000124.wav|en|True|15.54|['multi-dataset']|Llasa-8B|Llasa|Molly! said he, gently, taking the little brown hand that was hanging down, and holding it in his own. Molly!|en_US/by_book/female/mary_ann/northandsouth/wavs/northandsouth_12_f000103.wav|0.0038
./fake/en/Llasa-8B/silent_bullet_10_f000113.wav|en_US/by_book/male/elliot_miller/silent_bullet/wavs/silent_bullet_10_f000113.wav|en|True|6.04|['multi-dataset']|Llasa-8B|Llasa|Whats the matter? asked Kennedy. Amateurs interfering with you?|en_US/by_book/male/elliot_miller/pink_fairy_book/wavs/pink_fairy_book_34_f000008.wav|0.0236
./fake/en/Llasa-8B/pink_fairy_book_22_f000121.wav|en_US/by_book/male/elliot_miller/pink_fairy_book/wavs/pink_fairy_book_22_f000121.wav|en|True|3.16|['multi-dataset']|Llasa-8B|Llasa|And the kings daughter? said the hermit.|en_UK/by_book/female/elizabeth_klett/wives_and_daughters/wavs/wives_and_daughters_29_f000131.wav|-0.0502
./fake/en/Llasa-8B/pink_fairy_book_36_f000127.wav|en_US/by_book/male/elliot_miller/pink_fairy_book/wavs/pink_fairy_book_36_f000127.wav|en|True|10.0|['multi-dataset']|Llasa-8B|Llasa|When she had ridden for some time the evil spirits came forth and said, Here comes Peters horse and Peters hound; but Peter himself is not with them.|en_US/by_book/female/mary_ann/midnight_passenger/wavs/midnight_passenger_07_f000126.wav|0.2521
./fake/en/Llasa-8B/piratesofersatz_11_leinster_64kb_f000094.wav|en_US/by_book/male/elliot_miller/pirates_of_ersatz/wavs/piratesofersatz_11_leinster_64kb_f000094.wav|en|True|13.38|['multi-dataset']|Llasa-8B|Llasa|. Seems to be only the one pirate ship, which has been located hovering in an unknown manner over Ensfield. We are rushing camera crews to the spot and will try to give on-the-spot as-it-happens coverage of the landing of pirates on Walden,|en_US/by_book/female/mary_ann/northandsouth/wavs/northandsouth_10_f000158.wav|0.1713
./fake/en/Llasa-8B/the_master_key_20_f000123.wav|en_US/by_book/female/judy_bieber/the_master_key/wavs/the_master_key_20_f000123.wav|en|True|2.24|['multi-dataset']|Llasa-8B|Llasa|I have nothing more to say.|en_UK/by_book/female/elizabeth_klett/wives_and_daughters/wavs/wives_and_daughters_14_f000245.wav|-0.1532
./fake/en/Llasa-8B/wives_and_daughters_38_f000135.wav|en_UK/by_book/female/elizabeth_klett/wives_and_daughters/wavs/wives_and_daughters_38_f000135.wav|en|True|8.5|['multi-dataset']|Llasa-8B|Llasa|forgot all her cares and despondencies, remembered no longer her regret at having lost something of Mister Gibson's good opinion,|en_UK/by_book/female/elizabeth_klett/wives_and_daughters/wavs/wives_and_daughters_47_f000218.wav|0.2348
./fake/en/Llasa-8B/northandsouth_23_f000103.wav|en_US/by_book/female/mary_ann/northandsouth/wavs/northandsouth_23_f000103.wav|en|True|7.98|['multi-dataset']|Llasa-8B|Llasa|Even after her mother went to bed, he was not content to be absent from her, but undertook to read her to sleep. Margaret was alone.|en_US/by_book/female/mary_ann/northandsouth/wavs/northandsouth_19_f000187.wav|0.2870
./fake/en/Llasa-8B/emerald_city_of_oz_03_f000050.wav|en_US/by_book/female/judy_bieber/emerald_city_of_oz/wavs/emerald_city_of_oz_03_f000050.wav|en|True|17.94|['multi-dataset']|Llasa-8B|Llasa|This time, Ozma, it isn't I, she replied. But it's worse, I guess, for Uncle Henry and Aunt Em are in a heap of trouble, and there seems no way for them to get out of it anyhow,|en_UK/by_book/female/elizabeth_klett/jane_eyre/wavs/jane_eyre_27_f000076.wav|0.3990
./fake/en/Llasa-8B/rinkitink_baum_18_64kb_f000156.wav|en_US/by_book/female/judy_bieber/rinkitink_in_oz/wavs/rinkitink_baum_18_64kb_f000156.wav|en|True|7.7|['multi-dataset']|Llasa-8B|Llasa|Therefore the Prince resolved to employ other means to combat this foe, who had doubtless been placed there to bar his return.|en_US/by_book/female/mary_ann/midnight_passenger/wavs/midnight_passenger_05_f000049.wav|0.0830
./fake/en/Llasa-8B/northandsouth_33_f000007.wav|en_US/by_book/female/mary_ann/northandsouth/wavs/northandsouth_33_f000007.wav|en|True|6.48|['multi-dataset']|Llasa-8B|Llasa|Home seemed unnaturally quiet after all this terror and noisy commotion.|en_UK/by_book/female/elizabeth_klett/jane_eyre/wavs/jane_eyre_24_f000163.wav|0.0718
./fake/en/Llasa-8B/the_master_key_10_f000066.wav|en_US/by_book/female/judy_bieber/the_master_key/wavs/the_master_key_10_f000066.wav|en|True|6.26|['multi-dataset']|Llasa-8B|Llasa|I'm an American, and thought while I was in London I'd drop in on His Royal Highness and say 'hello' to him.|en_US/by_book/female/judy_bieber/the_master_key/wavs/the_master_key_10_f000163.wav|0.3069
./fake/en/Llasa-8B/wives_and_daughters_45_f000119.wav|en_UK/by_book/female/elizabeth_klett/wives_and_daughters/wavs/wives_and_daughters_45_f000119.wav|en|True|5.7|['multi-dataset']|Llasa-8B|Llasa|For, between ourselves, Molly, I really sometimes think it will come to nothing.|en_UK/by_book/female/elizabeth_klett/wives_and_daughters/wavs/wives_and_daughters_41_f000152.wav|0.0260
./fake/en/Llasa-8B/northandsouth_07_f000118.wav|en_US/by_book/female/mary_ann/northandsouth/wavs/northandsouth_07_f000118.wav|en|True|5.12|['multi-dataset']|Llasa-8B|Llasa|He almost said to himself that he did not like her, before their conversation ended;|en_US/by_book/female/mary_ann/midnight_passenger/wavs/midnight_passenger_15_f000154.wav|0.2430
./fake/en/Llasa-8B/emerald_city_of_oz_28_f000047.wav|en_US/by_book/female/judy_bieber/emerald_city_of_oz/wavs/emerald_city_of_oz_28_f000047.wav|en|True|9.28|['multi-dataset']|Llasa-8B|Llasa|The Nome King's body was round as a ball, and it bobbed up and down in the Water of Oblivion while he spluttered and screamed with fear lest he should drown.|en_US/by_book/female/judy_bieber/sky_island/wavs/skyisland_04_baum_64kb_f000039.wav|0.1752
./fake/en/Llasa-8B/the_master_key_12_f000010.wav|en_US/by_book/female/judy_bieber/the_master_key/wavs/the_master_key_12_f000010.wav|en|True|3.42|['multi-dataset']|Llasa-8B|Llasa|To be at his residence, M'sieur.|en_UK/by_book/female/elizabeth_klett/wives_and_daughters/wavs/wives_and_daughters_01_f000164.wav|0.0028
./fake/en/Llasa-8B/skyisland_15_baum_64kb_f000032.wav|en_US/by_book/female/judy_bieber/sky_island/wavs/skyisland_15_baum_64kb_f000032.wav|en|True|11.58|['multi-dataset']|Llasa-8B|Llasa|He does that! agreed Trot. This is almost worth comin' for, captain. But not quite, said Button-bright sadly. I'd get along without the sunset if only we could go home.|en_US/by_book/male/elliot_miller/pirates_of_ersatz/wavs/piratesofersatz_12_leinster_64kb_f000020.wav|-0.0235
./fake/en/Llasa-8B/piratesofersatz_04_leinster_64kb_f000184.wav|en_US/by_book/male/elliot_miller/pirates_of_ersatz/wavs/piratesofersatz_04_leinster_64kb_f000184.wav|en|True|5.78|['multi-dataset']|Llasa-8B|Llasa|But if he resists plundering or kills anybody else in self-defense, he is hanged!|en_UK/by_book/female/elizabeth_klett/jane_eyre/wavs/jane_eyre_18_f000268.wav|0.1581
./fake/en/Llasa-8B/jane_eyre_33_f000256.wav|en_UK/by_book/female/elizabeth_klett/jane_eyre/wavs/jane_eyre_33_f000256.wav|en|True|11.52|['multi-dataset']|Llasa-8B|Llasa|slaving amongst strangers! I, wealthy - gorged with gold I never earned and do not merit! You, penniless! Famous equality and fraternisation!|en_UK/by_book/female/elizabeth_klett/wives_and_daughters/wavs/wives_and_daughters_35_f000240.wav|0.1018
./fake/en/Llasa-8B/wives_and_daughters_46_f000071.wav|en_UK/by_book/female/elizabeth_klett/wives_and_daughters/wavs/wives_and_daughters_46_f000071.wav|en|True|11.72|['multi-dataset']|Llasa-8B|Llasa|Perhaps, if he had had time for reflection he would not have scrupled to put Molly to open shame, by rejecting what she so eagerly forced upon him.|en_US/by_book/female/mary_ann/midnight_passenger/wavs/midnight_passenger_02_f000055.wav|-0.0113
./fake/en/Llasa-8B/jane_eyre_37_f000162.wav|en_UK/by_book/female/elizabeth_klett/jane_eyre/wavs/jane_eyre_37_f000162.wav|en|True|3.52|['multi-dataset']|Llasa-8B|Llasa|I never take supper.|en_UK/by_book/female/elizabeth_klett/jane_eyre/wavs/jane_eyre_34_f000328.wav|-0.0541
./fake/en/Llasa-8B/northandsouth_19_f000187.wav|en_US/by_book/female/mary_ann/northandsouth/wavs/northandsouth_19_f000187.wav|en|True|7.9|['multi-dataset']|Llasa-8B|Llasa|Bessy lay back without taking any notice of what Margaret said. She did not cry-she only quivered up her breath,|en_US/by_book/female/judy_bieber/the_master_key/wavs/the_master_key_02_f000034.wav|0.1597
./fake/en/Llasa-8B/emerald_city_of_oz_14_f000094.wav|en_US/by_book/female/judy_bieber/emerald_city_of_oz/wavs/emerald_city_of_oz_14_f000094.wav|en|True|5.18|['multi-dataset']|Llasa-8B|Llasa|No one ventured to ask a question as to how these things came there.|en_US/by_book/male/elliot_miller/poisoned_pen/wavs/poisoned_pen_06_f000229.wav|0.1062
./fake/en/Llasa-8B/poisoned_pen_04_f000178.wav|en_US/by_book/male/elliot_miller/poisoned_pen/wavs/poisoned_pen_04_f000178.wav|en|True|11.94|['multi-dataset']|Llasa-8B|Llasa|Now, Walter, said Kennedy, as long as we have gone so far, we'll roll to every fire, just like the regulars. We won't take any chances of missing the firebug at any time of night or day.|en_US/by_book/male/elliot_miller/pink_fairy_book/wavs/pink_fairy_book_16_f000127.wav|0.4815
./fake/en/Llasa-8B/northandsouth_30_f000148.wav|en_US/by_book/female/mary_ann/northandsouth/wavs/northandsouth_30_f000148.wav|en|True|7.04|['multi-dataset']|Llasa-8B|Llasa|She used to kiss me, and then look in my face to be sure I was the right person, and then set to again!|en_US/by_book/female/judy_bieber/emerald_city_of_oz/wavs/emerald_city_of_oz_10_f000108.wav|0.0601
./fake/en/Llasa-8B/wives_and_daughters_39_f000176.wav|en_UK/by_book/female/elizabeth_klett/wives_and_daughters/wavs/wives_and_daughters_39_f000176.wav|en|True|10.94|['multi-dataset']|Llasa-8B|Llasa|For Osborne had taken up his book again, and under pretence of reading, was fuming to himself. He hardly put it away even at his father's request.|en_US/by_book/female/mary_ann/midnight_passenger/wavs/midnight_passenger_09_f000072.wav|-0.0116
./fake/en/Llasa-8B/skyisland_17_baum_64kb_f000077.wav|en_US/by_book/female/judy_bieber/sky_island/wavs/skyisland_17_baum_64kb_f000077.wav|en|True|14.6|['multi-dataset']|Llasa-8B|Llasa|Long live Queen Mayre! called out captain Bill, dancing around on his wooden leg in great delight. Vive la Vive la ah, ah, Trot! Thank you, Polly, said Button-Bright gratefully.|en_US/by_book/female/mary_ann/northandsouth/wavs/northandsouth_15_f000034.wav|0.2414
./fake/en/Llasa-8B/silent_bullet_11_f000253.wav|en_US/by_book/male/elliot_miller/silent_bullet/wavs/silent_bullet_11_f000253.wav|en|True|5.96|['multi-dataset']|Llasa-8B|Llasa|and already had a copy of Il Progresso in which he had hidden the money between the sheets.|en_UK/by_book/female/elizabeth_klett/wives_and_daughters/wavs/wives_and_daughters_17_f000127.wav|0.1826
./fake/en/Llasa-8B/emerald_city_of_oz_17_f000011.wav|en_US/by_book/female/judy_bieber/emerald_city_of_oz/wavs/emerald_city_of_oz_17_f000011.wav|en|True|9.22|['multi-dataset']|Llasa-8B|Llasa|I'm not sure about the civil'zation, dear, replied the little girl; but it looks as if we might get SOMEWHERE, and that's a big relief, anyhow.|en_US/by_book/male/elliot_miller/pirates_of_ersatz/wavs/piratesofersatz_10_leinster_64kb_f000162.wav|-0.0035
./fake/en/Llasa-8B/wives_and_daughters_04_f000203.wav|en_UK/by_book/female/elizabeth_klett/wives_and_daughters/wavs/wives_and_daughters_04_f000203.wav|en|True|5.6|['multi-dataset']|Llasa-8B|Llasa|some day or another, Mister Wynne might start an original thought.|en_UK/by_book/female/elizabeth_klett/wives_and_daughters/wavs/wives_and_daughters_58_f000133.wav|0.1194
./fake/en/Llasa-8B/pink_fairy_book_22_f000040.wav|en_US/by_book/male/elliot_miller/pink_fairy_book/wavs/pink_fairy_book_22_f000040.wav|en|True|5.04|['multi-dataset']|Llasa-8B|Llasa|And the man answered: If you will give me enough to eat and drink I will gladly stay with you.|en_US/by_book/female/judy_bieber/the_sea_fairies/wavs/the_sea_fairies_20_f000019.wav|0.0175
./fake/en/Llasa-8B/ozma_of_oz_02_f000049.wav|en_US/by_book/female/judy_bieber/ozma_of_oz/wavs/ozma_of_oz_02_f000049.wav|en|True|13.16|['multi-dataset']|Llasa-8B|Llasa|Over there a little way, answered the hen, nodding her head in a certain direction. We seem to be drifting toward it, so that before noon we ought to find ourselves upon dry land again.|en_UK/by_book/female/elizabeth_klett/jane_eyre/wavs/jane_eyre_31_f000155.wav|0.0942
./fake/en/Llasa-8B/jane_eyre_04_f000069.wav|en_UK/by_book/female/elizabeth_klett/jane_eyre/wavs/jane_eyre_04_f000069.wav|en|True|8.78|['multi-dataset']|Llasa-8B|Llasa|that functionary having orders from Missis Reed to buy of his young lady all the products of her parterre she wished to sell:|en_UK/by_book/female/elizabeth_klett/wives_and_daughters/wavs/wives_and_daughters_26_f000015.wav|0.0289
./fake/en/Llasa-8B/ozma_of_oz_15_f000051.wav|en_US/by_book/female/judy_bieber/ozma_of_oz/wavs/ozma_of_oz_15_f000051.wav|en|True|7.34|['multi-dataset']|Llasa-8B|Llasa|Guessing right? snapped the King. How could you guess right, where your betters have failed, you stupid fowl?|en_UK/by_book/female/elizabeth_klett/jane_eyre/wavs/jane_eyre_17_f000304.wav|0.2805
./fake/en/Llasa-8B/northandsouth_38_f000142.wav|en_US/by_book/female/mary_ann/northandsouth/wavs/northandsouth_38_f000142.wav|en|True|5.54|['multi-dataset']|Llasa-8B|Llasa|so far from home as the Outwood station, at such a time of the evening, I could hardly believe it.|en_UK/by_book/female/elizabeth_klett/jane_eyre/wavs/jane_eyre_34_f000071.wav|0.3526
./fake/en/Llasa-8B/wives_and_daughters_42_f000136.wav|en_UK/by_book/female/elizabeth_klett/wives_and_daughters/wavs/wives_and_daughters_42_f000136.wav|en|True|6.44|['multi-dataset']|Llasa-8B|Llasa|They were nearly on the common now, close to the protection of the cottages, in very hearing of their inmates;|en_US/by_book/female/mary_ann/northandsouth/wavs/northandsouth_05_f000109.wav|0.1897
./fake/en/Llasa-8B/pink_fairy_book_28_f000038.wav|en_US/by_book/male/elliot_miller/pink_fairy_book/wavs/pink_fairy_book_28_f000038.wav|en|True|11.66|['multi-dataset']|Llasa-8B|Llasa|The king watched her till she was quite out of sight, so as to make sure that she was not spying upon him; then he took the golden lion into his room and lifted some loose boards from the floor.|en_US/by_book/male/elliot_miller/poisoned_pen/wavs/poisoned_pen_04_f000145.wav|0.0235
./fake/en/Llasa-8B/wives_and_daughters_42_f000057.wav|en_UK/by_book/female/elizabeth_klett/wives_and_daughters/wavs/wives_and_daughters_42_f000057.wav|en|True|5.54|['multi-dataset']|Llasa-8B|Llasa|and began to soothe it as it cried afresh, interspersing her lulling with thanks to Molly.|en_US/by_book/female/judy_bieber/the_master_key/wavs/the_master_key_17_f000004.wav|0.2085
./fake/en/Llasa-8B/jane_eyre_33_f000111.wav|en_UK/by_book/female/elizabeth_klett/jane_eyre/wavs/jane_eyre_33_f000111.wav|en|True|8.7|['multi-dataset']|Llasa-8B|Llasa|Stay! I have it here - it is always more satisfactory to see important points written down, fairly committed to black and white.|en_US/by_book/female/judy_bieber/ozma_of_oz/wavs/ozma_of_oz_02_f000085.wav|0.0281
./fake/en/Llasa-8B/jane_eyre_08_f000126.wav|en_UK/by_book/female/elizabeth_klett/jane_eyre/wavs/jane_eyre_08_f000126.wav|en|True|4.66|['multi-dataset']|Llasa-8B|Llasa|Helen she held a little longer than me: she let her go more reluctantly;|en_US/by_book/female/mary_ann/midnight_passenger/wavs/midnight_passenger_09_f000128.wav|0.1393
./fake/en/Llasa-8B/midnight_passenger_04_f000148.wav|en_US/by_book/female/mary_ann/midnight_passenger/wavs/midnight_passenger_04_f000148.wav|en|True|6.3|['multi-dataset']|Llasa-8B|Llasa|My career depends upon my fidelity to those who trust me.|en_US/by_book/male/elliot_miller/hunters_space/wavs/hunters_space_11_f000078.wav|0.1364
./fake/en/Llasa-8B/jane_eyre_34_f000481.wav|en_UK/by_book/female/elizabeth_klett/jane_eyre/wavs/jane_eyre_34_f000481.wav|en|True|7.16|['multi-dataset']|Llasa-8B|Llasa|and when I asked him if he forgave me, he answered that he was not in the habit of cherishing the remembrance of vexation;|en_US/by_book/male/elliot_miller/silent_bullet/wavs/silent_bullet_04_f000222.wav|-0.0427
./fake/en/Llasa-8B/the_master_key_10_f000122.wav|en_US/by_book/female/judy_bieber/the_master_key/wavs/the_master_key_10_f000122.wav|en|True|1.82|['multi-dataset']|Llasa-8B|Llasa|Where can I purchase one?|en_US/by_book/female/mary_ann/northandsouth/wavs/northandsouth_21_f000037.wav|-0.0101
./fake/en/Llasa-8B/hunters_space_14_f000114.wav|en_US/by_book/male/elliot_miller/hunters_space/wavs/hunters_space_14_f000114.wav|en|True|3.8|['multi-dataset']|Llasa-8B|Llasa|We have come to join forces with you.|en_US/by_book/male/elliot_miller/silent_bullet/wavs/silent_bullet_10_f000139.wav|0.1245
./fake/en/Llasa-8B/dorothy_and_wizard_oz_10_f000028.wav|en_US/by_book/female/judy_bieber/dorothy_and_wizard_oz/wavs/dorothy_and_wizard_oz_10_f000028.wav|en|True|5.8|['multi-dataset']|Llasa-8B|Llasa|Of course, replied Dorothy, softly. They are the Cloud Fairies.|en_US/by_book/female/mary_ann/midnight_passenger/wavs/midnight_passenger_12_f000133.wav|0.0611
./fake/en/Llasa-8B/pink_fairy_book_07_f000037.wav|en_US/by_book/male/elliot_miller/pink_fairy_book/wavs/pink_fairy_book_07_f000037.wav|en|True|3.02|['multi-dataset']|Llasa-8B|Llasa|and the little birds used to tell us stories.|en_UK/by_book/female/elizabeth_klett/jane_eyre/wavs/jane_eyre_15_f000055.wav|0.2330
./fake/en/Llasa-8B/jane_eyre_37_f000439.wav|en_UK/by_book/female/elizabeth_klett/jane_eyre/wavs/jane_eyre_37_f000439.wav|en|True|6.12|['multi-dataset']|Llasa-8B|Llasa|The coincidence struck me as too awful and inexplicable to be communicated or discussed.|en_UK/by_book/female/elizabeth_klett/wives_and_daughters/wavs/wives_and_daughters_16_f000089.wav|0.0430
./fake/en/Llasa-8B/piratesofersatz_05_leinster_64kb_f000128.wav|en_US/by_book/male/elliot_miller/pirates_of_ersatz/wavs/piratesofersatz_05_leinster_64kb_f000128.wav|en|True|14.62|['multi-dataset']|Llasa-8B|Llasa|Hoddan's men came trickling back, with armsful of plunder to add to the piles they'd previously gathered. Thal took charge, commanding the exchange of saddles from tired to fresh horses and that the booty be packed on the extra mounts.|en_UK/by_book/female/elizabeth_klett/wives_and_daughters/wavs/wives_and_daughters_38_f000077.wav|-0.0686
./fake/en/Llasa-8B/wives_and_daughters_42_f000153.wav|en_UK/by_book/female/elizabeth_klett/wives_and_daughters/wavs/wives_and_daughters_42_f000153.wav|en|True|6.32|['multi-dataset']|Llasa-8B|Llasa|and the object of his love claimed by another - false to one she must be!|en_UK/by_book/female/elizabeth_klett/jane_eyre/wavs/jane_eyre_28_f000062.wav|0.2236
./fake/en/Llasa-8B/northandsouth_31_f000045.wav|en_US/by_book/female/mary_ann/northandsouth/wavs/northandsouth_31_f000045.wav|en|True|13.88|['multi-dataset']|Llasa-8B|Llasa|Well, it was young Leonards, old Leonards the drapers son, as great a scamp as ever lived-who plagued his father almost to death, and then ran off to sea.|en_US/by_book/female/judy_bieber/rinkitink_in_oz/wavs/rinkitink_baum_17_64kb_f000070.wav|0.0280
./fake/en/Llasa-8B/emerald_city_of_oz_05_f000083.wav|en_US/by_book/female/judy_bieber/emerald_city_of_oz/wavs/emerald_city_of_oz_05_f000083.wav|en|True|2.36|['multi-dataset']|Llasa-8B|Llasa|who will hereafter be subjects of our kingdom.|en_US/by_book/male/elliot_miller/silent_bullet/wavs/silent_bullet_06_f000100.wav|0.1262
./fake/en/Llasa-8B/hunters_space_05_f000114.wav|en_US/by_book/male/elliot_miller/hunters_space/wavs/hunters_space_05_f000114.wav|en|True|7.26|['multi-dataset']|Llasa-8B|Llasa|They were bent over the furnaces and the anvils. The presses and the shapers were pounding away.|en_UK/by_book/female/elizabeth_klett/jane_eyre/wavs/jane_eyre_28_f000372.wav|0.0790
./fake/en/Llasa-8B/northandsouth_41_f000082.wav|en_US/by_book/female/mary_ann/northandsouth/wavs/northandsouth_41_f000082.wav|en|True|7.04|['multi-dataset']|Llasa-8B|Llasa|her father having sunk lower and lower from his original occupation as clerk in a warehouse, and her mother being dead,|en_US/by_book/female/mary_ann/northandsouth/wavs/northandsouth_38_f000156.wav|0.2110
./fake/en/Llasa-8B/jane_eyre_26_f000198.wav|en_UK/by_book/female/elizabeth_klett/jane_eyre/wavs/jane_eyre_26_f000198.wav|en|True|5.38|['multi-dataset']|Llasa-8B|Llasa|a few words had been spoken, a calmly pronounced objection to the marriage made;|en_US/by_book/female/judy_bieber/the_sea_fairies/wavs/the_sea_fairies_06_f000071.wav|0.0924
./fake/en/Llasa-8B/jane_eyre_21_f000437.wav|en_UK/by_book/female/elizabeth_klett/jane_eyre/wavs/jane_eyre_21_f000437.wav|en|True|5.86|['multi-dataset']|Llasa-8B|Llasa|I could not forget my own sensations when you thus started up and poured out the venom of your mind:|en_US/by_book/male/elliot_miller/pirates_of_ersatz/wavs/piratesofersatz_11_leinster_64kb_f000094.wav|0.2084
./fake/en/Llasa-8B/northandsouth_15_f000195.wav|en_US/by_book/female/mary_ann/northandsouth/wavs/northandsouth_15_f000195.wav|en|True|7.34|['multi-dataset']|Llasa-8B|Llasa|I dare say it was that man Higgins who told you all this, said Mrs Hale.|en_UK/by_book/female/elizabeth_klett/wives_and_daughters/wavs/wives_and_daughters_38_f000117.wav|0.1945
./fake/en/Llasa-8B/jane_eyre_11_f000034.wav|en_UK/by_book/female/elizabeth_klett/jane_eyre/wavs/jane_eyre_11_f000034.wav|en|True|6.62|['multi-dataset']|Llasa-8B|Llasa|He fastened the car door, climbed to his own seat outside, and we set off.|en_UK/by_book/female/elizabeth_klett/wives_and_daughters/wavs/wives_and_daughters_24_f000100.wav|0.1805
./fake/en/Llasa-8B/northandsouth_25_f000088.wav|en_US/by_book/female/mary_ann/northandsouth/wavs/northandsouth_25_f000088.wav|en|True|7.7|['multi-dataset']|Llasa-8B|Llasa|but who would neer injure property or life: For, dropping her voice, they do say, that Boucher threw a stone at Thorntons sister, that welly killed her.|en_US/by_book/male/elliot_miller/pirates_of_ersatz/wavs/piratesofersatz_06_leinster_64kb_f000173.wav|0.1630
./fake/en/Llasa-8B/pink_fairy_book_35_f000039.wav|en_US/by_book/male/elliot_miller/pink_fairy_book/wavs/pink_fairy_book_35_f000039.wav|en|True|6.62|['multi-dataset']|Llasa-8B|Llasa|Meanwhile word had gone round the village that the carpenter was dead, and was to be buried next day.|en_UK/by_book/female/elizabeth_klett/jane_eyre/wavs/jane_eyre_12_f000076.wav|0.0232
./fake/en/Llasa-8B/wives_and_daughters_47_f000227.wav|en_UK/by_book/female/elizabeth_klett/wives_and_daughters/wavs/wives_and_daughters_47_f000227.wav|en|True|14.18|['multi-dataset']|Llasa-8B|Llasa|As if the poor girl who has been led away into deceit already would scruple much at going on in falsehood, was Miss Browning's remark on this last speech of Mister Gibson's;|en_UK/by_book/female/elizabeth_klett/wives_and_daughters/wavs/wives_and_daughters_09_f000081.wav|0.2007
./fake/en/Llasa-8B/midnight_passenger_13_f000021.wav|en_US/by_book/female/mary_ann/midnight_passenger/wavs/midnight_passenger_13_f000021.wav|en|True|11.36|['multi-dataset']|Llasa-8B|Llasa|William Atwater's dark, impassioned face was lit with a fiery enthusiasm, as he said, Miss Alice, we have met here to open the first of the seven seals.|en_US/by_book/female/mary_ann/midnight_passenger/wavs/midnight_passenger_08_f000271.wav|0.1449
./fake/en/Llasa-8B/jane_eyre_27_f000076.wav|en_UK/by_book/female/elizabeth_klett/jane_eyre/wavs/jane_eyre_27_f000076.wav|en|True|5.84|['multi-dataset']|Llasa-8B|Llasa|Oh, Adele will go to school - I have settled that already;|en_UK/by_book/female/elizabeth_klett/wives_and_daughters/wavs/wives_and_daughters_14_f000245.wav|-0.0194
./fake/en/Llasa-8B/piratesofersatz_03_leinster_64kb_f000115.wav|en_US/by_book/male/elliot_miller/pirates_of_ersatz/wavs/piratesofersatz_03_leinster_64kb_f000115.wav|en|True|15.98|['multi-dataset']|Llasa-8B|Llasa|Again time passed. In one of the remoter galaxies a super-nova flamed, and on a rocky, barren world a small living thing squirmed experimentally - and to mankind the one event was just as important as the other.|en_US/by_book/female/judy_bieber/the_sea_fairies/wavs/the_sea_fairies_16_f000069.wav|0.0345
./fake/en/Llasa-8B/midnight_passenger_02_f000148.wav|en_US/by_book/female/mary_ann/midnight_passenger/wavs/midnight_passenger_02_f000148.wav|en|True|7.98|['multi-dataset']|Llasa-8B|Llasa|He had revolved several future plans of action in his mind before reaching the vitreous substratum of the generous high-ball.|en_UK/by_book/female/elizabeth_klett/wives_and_daughters/wavs/wives_and_daughters_26_f000034.wav|0.0557
./fake/en/Llasa-8B/wives_and_daughters_46_f000068.wav|en_UK/by_book/female/elizabeth_klett/wives_and_daughters/wavs/wives_and_daughters_46_f000068.wav|en|True|7.4|['multi-dataset']|Llasa-8B|Llasa|At the door of the shop stood Missis Goodenough, arrested in the act of entering, staring, with her round eyes,|en_US/by_book/male/elliot_miller/silent_bullet/wavs/silent_bullet_11_f000034.wav|0.0849
./fake/en/Llasa-8B/wives_and_daughters_42_f000079.wav|en_UK/by_book/female/elizabeth_klett/wives_and_daughters/wavs/wives_and_daughters_42_f000079.wav|en|True|10.5|['multi-dataset']|Llasa-8B|Llasa|Cynthia, said he, suddenly changing his tone to fervid tenderness, pray, pray do not go on so; you can't think how it distresses me!|en_UK/by_book/female/elizabeth_klett/wives_and_daughters/wavs/wives_and_daughters_45_f000176.wav|0.2267
./fake/en/Llasa-8B/pink_fairy_book_37_f000036.wav|en_US/by_book/male/elliot_miller/pink_fairy_book/wavs/pink_fairy_book_37_f000036.wav|en|True|3.8|['multi-dataset']|Llasa-8B|Llasa|Then that is the side I turn to, said the heron.|en_US/by_book/female/mary_ann/midnight_passenger/wavs/midnight_passenger_14_f000161.wav|0.0240
./fake/en/Llasa-8B/poisoned_pen_10_f000284.wav|en_US/by_book/male/elliot_miller/poisoned_pen/wavs/poisoned_pen_10_f000284.wav|en|True|13.18|['multi-dataset']|Llasa-8B|Llasa|with lights extinguished, and had pushed a cautious nose into the slip where our ship lay at the quay. None of your romantic low-lying, rakish craft of the old smuggling yarns was this,|en_US/by_book/female/judy_bieber/emerald_city_of_oz/wavs/emerald_city_of_oz_14_f000094.wav|0.1378
./fake/en/Llasa-8B/midnight_passenger_05_f000171.wav|en_US/by_book/female/mary_ann/midnight_passenger/wavs/midnight_passenger_05_f000171.wav|en|True|6.48|['multi-dataset']|Llasa-8B|Llasa|Any one of our smuggling stewards and agents over there will take care of us on the way over.|en_UK/by_book/female/elizabeth_klett/jane_eyre/wavs/jane_eyre_37_f000439.wav|0.1663
./fake/en/Llasa-8B/hunters_space_10_f000047.wav|en_US/by_book/male/elliot_miller/hunters_space/wavs/hunters_space_10_f000047.wav|en|True|1.64|['multi-dataset']|Llasa-8B|Llasa|A far country.|en_US/by_book/male/elliot_miller/poisoned_pen/wavs/poisoned_pen_03_f000023.wav|0.0900
./fake/en/Llasa-8B/emerald_city_of_oz_16_f000096.wav|en_US/by_book/female/judy_bieber/emerald_city_of_oz/wavs/emerald_city_of_oz_16_f000096.wav|en|True|9.92|['multi-dataset']|Llasa-8B|Llasa|The utensils drew back and allowed them to pass without protest, although Captain Dipp marched the Spoon Brigade in close order after them until they had reached the edge of the clearing.|en_US/by_book/female/judy_bieber/rinkitink_in_oz/wavs/rinkitink_baum_18_64kb_f000024.wav|0.4670
./fake/en/Llasa-8B/northandsouth_12_f000103.wav|en_US/by_book/female/mary_ann/northandsouth/wavs/northandsouth_12_f000103.wav|en|True|6.72|['multi-dataset']|Llasa-8B|Llasa|I merely thought, that as strangers newly come to reside in a town which has risen to eminence in the country,|en_US/by_book/female/mary_ann/midnight_passenger/wavs/midnight_passenger_04_f000148.wav|0.0981
./fake/en/Llasa-8B/silent_bullet_12_f000090.wav|en_US/by_book/male/elliot_miller/silent_bullet/wavs/silent_bullet_12_f000090.wav|en|True|6.32|['multi-dataset']|Llasa-8B|Llasa|He repeated sullenly the details of the disappearance of Guerrero, just as we had already heard them.|en_UK/by_book/female/elizabeth_klett/jane_eyre/wavs/jane_eyre_24_f000006.wav|-0.0838
./fake/en/Llasa-8B/the_sea_fairies_04_f000088.wav|en_US/by_book/female/judy_bieber/the_sea_fairies/wavs/the_sea_fairies_04_f000088.wav|en|True|4.42|['multi-dataset']|Llasa-8B|Llasa|I trust you are pleased with your glimpse of the life beneath the surface of our sea.|en_UK/by_book/female/elizabeth_klett/wives_and_daughters/wavs/wives_and_daughters_28_f000077.wav|0.1648
./fake/en/Llasa-8B/jane_eyre_05_f000056.wav|en_UK/by_book/female/elizabeth_klett/jane_eyre/wavs/jane_eyre_05_f000056.wav|en|True|5.28|['multi-dataset']|Llasa-8B|Llasa|then the servant led me through a passage into a room with a fire, where she left me alone.|en_UK/by_book/female/elizabeth_klett/jane_eyre/wavs/jane_eyre_11_f000099.wav|0.0547
./fake/en/Llasa-8B/poisoned_pen_09_f000172.wav|en_US/by_book/male/elliot_miller/poisoned_pen/wavs/poisoned_pen_09_f000172.wav|en|True|9.64|['multi-dataset']|Llasa-8B|Llasa|I have heard of her, Miss Lovelace replied with forced calmness as he continued to look to her for an answer. Why do you ask?|en_UK/by_book/female/elizabeth_klett/wives_and_daughters/wavs/wives_and_daughters_18_f000206.wav|0.0229
./fake/en/Llasa-8B/wives_and_daughters_10_f000178.wav|en_UK/by_book/female/elizabeth_klett/wives_and_daughters/wavs/wives_and_daughters_10_f000178.wav|en|True|6.66|['multi-dataset']|Llasa-8B|Llasa|She went out through a side-door - it was the way by which the gardeners passed when they took the manure into the garden|en_US/by_book/female/mary_ann/northandsouth/wavs/northandsouth_42_f000134.wav|0.0864
./fake/en/Llasa-8B/midnight_passenger_02_f000044.wav|en_US/by_book/female/mary_ann/midnight_passenger/wavs/midnight_passenger_02_f000044.wav|en|True|9.56|['multi-dataset']|Llasa-8B|Llasa|He had seen the ferocious grin which relaxed Fritz Braun's bearded lips into a cruel grin, as the sly lad made a gesture which indicated tidings of great joy.|en_UK/by_book/female/elizabeth_klett/jane_eyre/wavs/jane_eyre_37_f000036.wav|0.1692
./fake/en/Llasa-8B/pink_fairy_book_23_f000001.wav|en_US/by_book/male/elliot_miller/pink_fairy_book/wavs/pink_fairy_book_23_f000001.wav|en|True|3.06|['multi-dataset']|Llasa-8B|Llasa|The Water of Life.|en_US/by_book/female/judy_bieber/sky_island/wavs/skyisland_04_baum_64kb_f000044.wav|0.1761
./fake/en/Llasa-8B/silent_bullet_08_f000111.wav|en_US/by_book/male/elliot_miller/silent_bullet/wavs/silent_bullet_08_f000111.wav|en|True|7.12|['multi-dataset']|Llasa-8B|Llasa|Kennedy nodded. What sort of fellow personally was Templeton? he asked.|en_UK/by_book/female/elizabeth_klett/wives_and_daughters/wavs/wives_and_daughters_12_f000035.wav|-0.0117
./fake/en/Llasa-8B/poisoned_pen_01_f000154.wav|en_US/by_book/male/elliot_miller/poisoned_pen/wavs/poisoned_pen_01_f000154.wav|en|True|5.76|['multi-dataset']|Llasa-8B|Llasa|Part of the time in my safe, part of the time this afternoon on my desk by the window.|en_US/by_book/male/elliot_miller/pink_fairy_book/wavs/pink_fairy_book_31_f000108.wav|0.1446
./fake/en/Llasa-8B/piratesofersatz_11_leinster_64kb_f000118.wav|en_US/by_book/male/elliot_miller/pirates_of_ersatz/wavs/piratesofersatz_11_leinster_64kb_f000118.wav|en|True|11.44|['multi-dataset']|Llasa-8B|Llasa|It was, as it turned out, simple enough. Looting parties of three pirates each moved skulking about, seeking plunder. Quaking cameramen dared to ask them,|en_US/by_book/female/mary_ann/northandsouth/wavs/northandsouth_37_f000083.wav|0.1049
./fake/en/Llasa-8B/emerald_city_of_oz_16_f000008.wav|en_US/by_book/female/judy_bieber/emerald_city_of_oz/wavs/emerald_city_of_oz_16_f000008.wav|en|True|13.3|['multi-dataset']|Llasa-8B|Llasa|These things were crowded with utensils of all sorts: frying pans, sauce pans, kettles, forks, knives, basting and soup spoons, nutmeg graters,|en_US/by_book/female/judy_bieber/the_sea_fairies/wavs/the_sea_fairies_04_f000075.wav|0.1750
./fake/en/Llasa-8B/northandsouth_40_f000059.wav|en_US/by_book/female/mary_ann/northandsouth/wavs/northandsouth_40_f000059.wav|en|True|9.5|['multi-dataset']|Llasa-8B|Llasa|and we-Margaret, I believe-suggested that it would do him good to associate a little with Milton manufacturers.|en_UK/by_book/female/elizabeth_klett/jane_eyre/wavs/jane_eyre_11_f000248.wav|-0.0573
./fake/en/Llasa-8B/emerald_city_of_oz_05_f000025.wav|en_US/by_book/female/judy_bieber/emerald_city_of_oz/wavs/emerald_city_of_oz_05_f000025.wav|en|True|20.72|['multi-dataset']|Llasa-8B|Llasa|M. Wogglebug, T.E. This wogglebug was a remarkable creature. He had once been a tiny little bug, crawling around in a school-room, but he was discovered and highly magnified so that he could be seen more plainly,|en_UK/by_book/female/elizabeth_klett/wives_and_daughters/wavs/wives_and_daughters_32_f000190.wav|-0.0417
./fake/en/Llasa-8B/dorothy_and_wizard_oz_13_f000025.wav|en_US/by_book/female/judy_bieber/dorothy_and_wizard_oz/wavs/dorothy_and_wizard_oz_13_f000025.wav|en|True|12.68|['multi-dataset']|Llasa-8B|Llasa|Probably the Gargoyles are still busy trying to put out the fire, returned the Wizard. But even if they succeeded in doing that it would be very difficult for them to fly amongst these rocks;|en_US/by_book/male/elliot_miller/hunters_space/wavs/hunters_space_18_f000041.wav|0.1919
./fake/en/Llasa-8B/the_sea_fairies_20_f000114.wav|en_US/by_book/female/judy_bieber/the_sea_fairies/wavs/the_sea_fairies_20_f000114.wav|en|True|3.16|['multi-dataset']|Llasa-8B|Llasa|The ship? asked Trot.|en_US/by_book/male/elliot_miller/pirates_of_ersatz/wavs/piratesofersatz_03_leinster_64kb_f000089.wav|0.1643
./fake/en/Llasa-8B/rinkitink_baum_18_64kb_f000071.wav|en_US/by_book/female/judy_bieber/rinkitink_in_oz/wavs/rinkitink_baum_18_64kb_f000071.wav|en|True|5.6|['multi-dataset']|Llasa-8B|Llasa|until the immense space was packed with them as far as the eye could reach.|en_UK/by_book/female/elizabeth_klett/wives_and_daughters/wavs/wives_and_daughters_47_f000054.wav|-0.0860
./fake/en/Llasa-8B/jane_eyre_24_f000353.wav|en_UK/by_book/female/elizabeth_klett/jane_eyre/wavs/jane_eyre_24_f000353.wav|en|True|11.52|['multi-dataset']|Llasa-8B|Llasa|He fretted, pished, and pshawed. Very good, I thought; you may fume and fidget as you please: but this is the best plan to pursue with you, I am certain.|en_US/by_book/female/mary_ann/midnight_passenger/wavs/midnight_passenger_01_f000021.wav|0.0297
./fake/en/Llasa-8B/pink_fairy_book_03_f000017.wav|en_US/by_book/male/elliot_miller/pink_fairy_book/wavs/pink_fairy_book_03_f000017.wav|en|True|15.26|['multi-dataset']|Llasa-8B|Llasa|She did not use it when she was asleep, and on whatever object in the room he put it that thing began to speak, and spoke out its thoughts and feelings just as well as the lady to whom it belonged.|en_UK/by_book/female/elizabeth_klett/jane_eyre/wavs/jane_eyre_12_f000033.wav|0.1677
./fake/en/Llasa-8B/piratesofersatz_04_leinster_64kb_f000092.wav|en_US/by_book/male/elliot_miller/pirates_of_ersatz/wavs/piratesofersatz_04_leinster_64kb_f000092.wav|en|True|5.92|['multi-dataset']|Llasa-8B|Llasa|Stun-pistols? he demanded sharply. You used stun-pistols on Darth?|en_US/by_book/male/elliot_miller/pink_fairy_book/wavs/pink_fairy_book_33_f000103.wav|0.2829
./fake/en/Llasa-8B/jane_eyre_33_f000097.wav|en_UK/by_book/female/elizabeth_klett/jane_eyre/wavs/jane_eyre_33_f000097.wav|en|True|5.36|['multi-dataset']|Llasa-8B|Llasa|Did no one go to Thornfield Hall, then? Did no one see Mister Rochester?|en_US/by_book/male/elliot_miller/poisoned_pen/wavs/poisoned_pen_11_f000387.wav|0.0516
./fake/en/Llasa-8B/midnight_passenger_13_f000162.wav|en_US/by_book/female/mary_ann/midnight_passenger/wavs/midnight_passenger_13_f000162.wav|en|True|8.78|['multi-dataset']|Llasa-8B|Llasa|I only thought Fritz wanted him to meet the pretty woman, the one they called Irma, and then, while he was there, take his things from him.|en_US/by_book/female/judy_bieber/ozma_of_oz/wavs/ozma_of_oz_04_f000080.wav|0.1235
./fake/en/Llasa-8B/the_sea_fairies_03_f000035.wav|en_US/by_book/female/judy_bieber/the_sea_fairies/wavs/the_sea_fairies_03_f000035.wav|en|True|4.82|['multi-dataset']|Llasa-8B|Llasa|Trot, too, was having queer experiences and enjoying them.|en_UK/by_book/female/elizabeth_klett/jane_eyre/wavs/jane_eyre_36_f000051.wav|0.1588
./fake/en/Llasa-8B/wives_and_daughters_29_f000182.wav|en_UK/by_book/female/elizabeth_klett/wives_and_daughters/wavs/wives_and_daughters_29_f000182.wav|en|True|6.98|['multi-dataset']|Llasa-8B|Llasa|Tired and heated as she was she finished it, and then went upstairs to rest, and change her dress.|en_US/by_book/female/mary_ann/midnight_passenger/wavs/midnight_passenger_12_f000013.wav|0.0750
./fake/en/Llasa-8B/northandsouth_30_f000101.wav|en_US/by_book/female/mary_ann/northandsouth/wavs/northandsouth_30_f000101.wav|en|True|4.52|['multi-dataset']|Llasa-8B|Llasa|Give me your hand. What is this? Oh! your carpet-bag.|en_US/by_book/female/mary_ann/northandsouth/wavs/northandsouth_08_f000094.wav|0.0057
./fake/en/Llasa-8B/wives_and_daughters_33_f000069.wav|en_UK/by_book/female/elizabeth_klett/wives_and_daughters/wavs/wives_and_daughters_33_f000069.wav|en|True|7.7|['multi-dataset']|Llasa-8B|Llasa|I wish I could tell his mother, said the Squire in an under-tone.|en_US/by_book/male/elliot_miller/pink_fairy_book/wavs/pink_fairy_book_38_f000165.wav|0.0585
./fake/en/Llasa-8B/poisoned_pen_02_f000301.wav|en_US/by_book/male/elliot_miller/poisoned_pen/wavs/poisoned_pen_02_f000301.wav|en|True|6.48|['multi-dataset']|Llasa-8B|Llasa|O'Connor, he went on, it is as I told you. It was Pitts Slim.|en_US/by_book/female/mary_ann/northandsouth/wavs/northandsouth_45_f000028.wav|0.0619
./fake/en/Llasa-8B/skyisland_07_baum_64kb_f000035.wav|en_US/by_book/female/judy_bieber/sky_island/wavs/skyisland_07_baum_64kb_f000035.wav|en|True|7.7|['multi-dataset']|Llasa-8B|Llasa|And then he beckoned to captain Bill and led the two slaves to another room where they were alone.|en_UK/by_book/female/elizabeth_klett/jane_eyre/wavs/jane_eyre_20_f000152.wav|0.0134
./fake/en/Llasa-8B/jane_eyre_28_f000118.wav|en_UK/by_book/female/elizabeth_klett/jane_eyre/wavs/jane_eyre_28_f000118.wav|en|True|9.02|['multi-dataset']|Llasa-8B|Llasa|I should have longed rather to deviate to a wood I saw not far off, which appeared in its thick shade to offer inviting shelter;|en_US/by_book/female/mary_ann/midnight_passenger/wavs/midnight_passenger_01_f000021.wav|0.0259
./fake/en/Llasa-8B/piratesofersatz_03_leinster_64kb_f000078.wav|en_US/by_book/male/elliot_miller/pirates_of_ersatz/wavs/piratesofersatz_03_leinster_64kb_f000078.wav|en|True|17.28|['multi-dataset']|Llasa-8B|Llasa|Strangely, it did not head directly for the spaceport. The police carefully explained this to each other in loud voices. Then some of them were afraid the box hadn't heard, so they knocked on it.|en_US/by_book/female/mary_ann/northandsouth/wavs/northandsouth_05_f000173.wav|0.2310
./fake/en/Llasa-8B/emerald_city_of_oz_22_f000072.wav|en_US/by_book/female/judy_bieber/emerald_city_of_oz/wavs/emerald_city_of_oz_22_f000072.wav|en|True|11.3|['multi-dataset']|Llasa-8B|Llasa|But when the strangers criticized them so frankly one of the women, who had no one else to talk to, began an address to them, saying:|en_US/by_book/female/judy_bieber/the_sea_fairies/wavs/the_sea_fairies_02_f000159.wav|0.0996
./fake/en/Llasa-8B/the_master_key_17_f000004.wav|en_US/by_book/female/judy_bieber/the_master_key/wavs/the_master_key_17_f000004.wav|en|True|6.62|['multi-dataset']|Llasa-8B|Llasa|The elder sailor was kneeling in earnest prayer, offering grateful thanks for his escape from suffering and death.|en_UK/by_book/female/elizabeth_klett/wives_and_daughters/wavs/wives_and_daughters_20_f000028.wav|0.1773
./fake/en/Llasa-8B/jane_eyre_34_f000230.wav|en_UK/by_book/female/elizabeth_klett/jane_eyre/wavs/jane_eyre_34_f000230.wav|en|True|7.56|['multi-dataset']|Llasa-8B|Llasa|Perhaps you think I had forgotten Mister Rochester, reader, amidst these changes of place and fortune.|en_UK/by_book/female/elizabeth_klett/jane_eyre/wavs/jane_eyre_24_f000339.wav|0.2113
./fake/en/Llasa-8B/jane_eyre_35_f000058.wav|en_UK/by_book/female/elizabeth_klett/jane_eyre/wavs/jane_eyre_35_f000058.wav|en|True|7.7|['multi-dataset']|Llasa-8B|Llasa|I had finished the business now. While earnestly wishing to erase from his mind the trace of my former offence,|en_UK/by_book/female/elizabeth_klett/jane_eyre/wavs/jane_eyre_34_f000088.wav|0.2169
./fake/en/Llasa-8B/midnight_passenger_03_f000238.wav|en_US/by_book/female/mary_ann/midnight_passenger/wavs/midnight_passenger_03_f000238.wav|en|True|11.22|['multi-dataset']|Llasa-8B|Llasa|And so, peddling the means of murder, filling his yawning pocketbook, Fritz Braun had thrived in solitude until Irma Gluyas sought the refuge of New York City.|en_US/by_book/female/mary_ann/midnight_passenger/wavs/midnight_passenger_12_f000052.wav|0.7243
./fake/en/Llasa-8B/northandsouth_28_f000080.wav|en_US/by_book/female/mary_ann/northandsouth/wavs/northandsouth_28_f000080.wav|en|True|10.8|['multi-dataset']|Llasa-8B|Llasa|And I were sore-hearted, too, which is worse than sore-footed; and if I did see a friend who ossed to treat me, I never knew hoo lay a-dying here.|en_US/by_book/female/judy_bieber/the_master_key/wavs/the_master_key_10_f000028.wav|0.3242
./fake/en/Llasa-8B/poisoned_pen_02_f000180.wav|en_US/by_book/male/elliot_miller/poisoned_pen/wavs/poisoned_pen_02_f000180.wav|en|True|9.0|['multi-dataset']|Llasa-8B|Llasa|She'd hardly trust them in his hands. But she might have been foolish enough for that. Of course it's another possibility that he really got away with them.|en_UK/by_book/female/elizabeth_klett/wives_and_daughters/wavs/wives_and_daughters_29_f000053.wav|0.1995
./fake/en/Llasa-8B/piratesofersatz_08_leinster_64kb_f000015.wav|en_US/by_book/male/elliot_miller/pirates_of_ersatz/wavs/piratesofersatz_08_leinster_64kb_f000015.wav|en|True|9.2|['multi-dataset']|Llasa-8B|Llasa|But this could not be appreciated by Hoddan's involuntary crew. The spaceboat drew up alongside the gigantic hulk which was the leader's.|en_UK/by_book/female/elizabeth_klett/jane_eyre/wavs/jane_eyre_33_f000097.wav|-0.0539
./fake/en/Llasa-8B/skyisland_29_baum_64kb_f000032.wav|en_US/by_book/female/judy_bieber/sky_island/wavs/skyisland_29_baum_64kb_f000032.wav|en|True|6.14|['multi-dataset']|Llasa-8B|Llasa|As Rosalie was greatly loved and respected, the people joyfully accepted her as their Queen,|en_UK/by_book/female/elizabeth_klett/wives_and_daughters/wavs/wives_and_daughters_05_f000097.wav|0.0615
./fake/en/Llasa-8B/wives_and_daughters_56_f000022.wav|en_UK/by_book/female/elizabeth_klett/wives_and_daughters/wavs/wives_and_daughters_56_f000022.wav|en|True|7.7|['multi-dataset']|Llasa-8B|Llasa|No! I suppose I must tell you. I have had a letter this morning from him, and he's coming down by the Umpire to-day.|en_US/by_book/male/elliot_miller/hunters_space/wavs/hunters_space_11_f000122.wav|0.0776
./fake/en/Llasa-8B/skyisland_12_baum_64kb_f000022.wav|en_US/by_book/female/judy_bieber/sky_island/wavs/skyisland_12_baum_64kb_f000022.wav|en|True|18.88|['multi-dataset']|Llasa-8B|Llasa|Look out! cried the parrot sharply; and they all halted to find a monstrous frog obstructing their path. captain Bill thought it was as big as a whale,|en_US/by_book/female/judy_bieber/sky_island/wavs/skyisland_21_baum_64kb_f000098.wav|0.0063
./fake/en/Llasa-8B/silent_bullet_05_f000210.wav|en_US/by_book/male/elliot_miller/silent_bullet/wavs/silent_bullet_05_f000210.wav|en|True|14.46|['multi-dataset']|Llasa-8B|Llasa|I have found out by a cablegram to-day that seven weeks ago an order for one hundred milligrams of radium bromide at thirty-five dollars a milligram from a certain person in America was filled by a corporation dealing in this substance.|en_US/by_book/female/judy_bieber/sky_island/wavs/skyisland_04_baum_64kb_f000039.wav|0.0701
./fake/en/Llasa-8B/silent_bullet_06_f000275.wav|en_US/by_book/male/elliot_miller/silent_bullet/wavs/silent_bullet_06_f000275.wav|en|True|9.64|['multi-dataset']|Llasa-8B|Llasa|The best evidence, however, is yet to come. A second box of six capsules, all intact, was discovered yesterday in the possession of Henry Vandam.|en_US/by_book/female/mary_ann/northandsouth/wavs/northandsouth_05_f000173.wav|0.1745
./fake/en/Llasa-8B/the_master_key_10_f000054.wav|en_US/by_book/female/judy_bieber/the_master_key/wavs/the_master_key_10_f000054.wav|en|True|6.98|['multi-dataset']|Llasa-8B|Llasa|Here, half hidden by the trees, he amused himself by looking at the Record of Events.|en_UK/by_book/female/elizabeth_klett/wives_and_daughters/wavs/wives_and_daughters_41_f000051.wav|0.2120
./fake/en/Llasa-8B/northandsouth_41_f000065.wav|en_US/by_book/female/mary_ann/northandsouth/wavs/northandsouth_41_f000065.wav|en|True|8.8|['multi-dataset']|Llasa-8B|Llasa|In her nervous agitation, she unconsciously opened a book of her fathers that lay upon the table,-the words that caught her eye in it,|en_UK/by_book/female/elizabeth_klett/wives_and_daughters/wavs/wives_and_daughters_19_f000016.wav|0.1738
./fake/en/Llasa-8B/emerald_city_of_oz_21_f000014.wav|en_US/by_book/female/judy_bieber/emerald_city_of_oz/wavs/emerald_city_of_oz_21_f000014.wav|en|True|6.36|['multi-dataset']|Llasa-8B|Llasa|They not only danced together, whirling and gyrating around the room, but they leaped over one another,|en_US/by_book/female/mary_ann/northandsouth/wavs/northandsouth_44_f000017.wav|0.2435
./fake/en/Llasa-8B/dorothy_and_wizard_oz_12_f000107.wav|en_US/by_book/female/judy_bieber/dorothy_and_wizard_oz/wavs/dorothy_and_wizard_oz_12_f000107.wav|en|True|11.58|['multi-dataset']|Llasa-8B|Llasa|Then the line was let down again for Zeb to climb up by. Eureka quickly followed him, and soon they were all standing together upon the platform,|en_US/by_book/female/mary_ann/midnight_passenger/wavs/midnight_passenger_09_f000237.wav|-0.0035
./fake/en/Llasa-8B/jane_eyre_23_f000038.wav|en_UK/by_book/female/elizabeth_klett/jane_eyre/wavs/jane_eyre_23_f000038.wav|en|True|4.72|['multi-dataset']|Llasa-8B|Llasa|without turning - Jane, come and look at this fellow.|en_UK/by_book/female/elizabeth_klett/wives_and_daughters/wavs/wives_and_daughters_10_f000100.wav|0.1449
./fake/en/Llasa-8B/jane_eyre_21_f000468.wav|en_UK/by_book/female/elizabeth_klett/jane_eyre/wavs/jane_eyre_21_f000468.wav|en|True|6.9|['multi-dataset']|Llasa-8B|Llasa|And then a spasm constricted her mouth for an instant: as it passed away she turned and left the room, and so did I.|en_US/by_book/male/elliot_miller/hunters_space/wavs/hunters_space_18_f000041.wav|0.1347
./fake/en/Llasa-8B/northandsouth_38_f000034.wav|en_US/by_book/female/mary_ann/northandsouth/wavs/northandsouth_38_f000034.wav|en|True|5.54|['multi-dataset']|Llasa-8B|Llasa|and did not tend to promote any forbearance on her part even to this beloved son.|en_US/by_book/female/mary_ann/northandsouth/wavs/northandsouth_38_f000034.wav|0.3460
./fake/en/Llasa-8B/pink_fairy_book_22_f000020.wav|en_US/by_book/male/elliot_miller/pink_fairy_book/wavs/pink_fairy_book_22_f000020.wav|en|True|4.74|['multi-dataset']|Llasa-8B|Llasa|Last came the white-bearded man, but he fared no better than the rest.|en_UK/by_book/female/elizabeth_klett/wives_and_daughters/wavs/wives_and_daughters_30_f000060.wav|0.0563
./fake/en/Llasa-8B/silent_bullet_02_f000033.wav|en_US/by_book/male/elliot_miller/silent_bullet/wavs/silent_bullet_02_f000033.wav|en|True|5.54|['multi-dataset']|Llasa-8B|Llasa|Well, Jameson, he said at length, do you think this professor fellow is the goods?|en_US/by_book/female/judy_bieber/rinkitink_in_oz/wavs/rinkitink_baum_18_64kb_f000024.wav|0.3245
./fake/en/Llasa-8B/wives_and_daughters_10_f000238.wav|en_UK/by_book/female/elizabeth_klett/wives_and_daughters/wavs/wives_and_daughters_10_f000238.wav|en|True|7.04|['multi-dataset']|Llasa-8B|Llasa|Her poor wistful eyes were filling with tears as they met his, with a dumb appeal for sympathy.|en_US/by_book/female/mary_ann/midnight_passenger/wavs/midnight_passenger_13_f000021.wav|0.1037
./fake/en/Llasa-8B/the_sea_fairies_04_f000126.wav|en_US/by_book/female/judy_bieber/the_sea_fairies/wavs/the_sea_fairies_04_f000126.wav|en|True|5.96|['multi-dataset']|Llasa-8B|Llasa|Sometimes these scenes are reflected above the water so that mortals also observe them.|en_US/by_book/female/mary_ann/northandsouth/wavs/northandsouth_08_f000192.wav|0.0752
./fake/en/Llasa-8B/jane_eyre_34_f000328.wav|en_UK/by_book/female/elizabeth_klett/jane_eyre/wavs/jane_eyre_34_f000328.wav|en|True|9.04|['multi-dataset']|Llasa-8B|Llasa|In the village school I found you could perform well, punctually, uprightly, labour uncongenial to your habits and inclinations;|en_UK/by_book/female/elizabeth_klett/wives_and_daughters/wavs/wives_and_daughters_56_f000112.wav|0.0184
./fake/en/Llasa-8B/midnight_passenger_08_f000065.wav|en_US/by_book/female/mary_ann/midnight_passenger/wavs/midnight_passenger_08_f000065.wav|en|True|12.88|['multi-dataset']|Llasa-8B|Llasa|Leah is a cunning one, he gleefully said, as he slipped on the well-remembered brown top coat of the pharmacist, and adjusted anew his false beard and goggles.|en_US/by_book/female/judy_bieber/sky_island/wavs/skyisland_24_baum_64kb_f000044.wav|0.0772
./fake/en/Llasa-8B/emerald_city_of_oz_05_f000011.wav|en_US/by_book/female/judy_bieber/emerald_city_of_oz/wavs/emerald_city_of_oz_05_f000011.wav|en|True|2.42|['multi-dataset']|Llasa-8B|Llasa|where she looked after a large family.|en_US/by_book/female/mary_ann/northandsouth/wavs/northandsouth_15_f000017.wav|0.1491
./fake/en/Llasa-8B/the_sea_fairies_04_f000148.wav|en_US/by_book/female/judy_bieber/the_sea_fairies/wavs/the_sea_fairies_04_f000148.wav|en|True|6.68|['multi-dataset']|Llasa-8B|Llasa|There is no such thing as rheumatism in all our dominions.|en_US/by_book/male/elliot_miller/hunters_space/wavs/hunters_space_08_f000069.wav|0.2368
./fake/en/Llasa-8B/ozma_of_oz_07_f000013.wav|en_US/by_book/female/judy_bieber/ozma_of_oz/wavs/ozma_of_oz_07_f000013.wav|en|True|2.66|['multi-dataset']|Llasa-8B|Llasa|and her condition was sad indeed.|en_UK/by_book/female/elizabeth_klett/wives_and_daughters/wavs/wives_and_daughters_35_f000221.wav|0.5894
./fake/en/Llasa-8B/midnight_passenger_04_f000079.wav|en_US/by_book/female/mary_ann/midnight_passenger/wavs/midnight_passenger_04_f000079.wav|en|True|9.58|['multi-dataset']|Llasa-8B|Llasa|The dragging days until the trysting time for the breakfast were filled up with business cares, but Randall Clayton had roamed the streets of New York at night,|en_US/by_book/female/mary_ann/northandsouth/wavs/northandsouth_51_f000043.wav|0.0978
./fake/en/Llasa-8B/wives_and_daughters_22_f000188.wav|en_UK/by_book/female/elizabeth_klett/wives_and_daughters/wavs/wives_and_daughters_22_f000188.wav|en|True|7.36|['multi-dataset']|Llasa-8B|Llasa|Osborne, who was sitting and shading his eyes with his hand, as he had been doing for some time, looked up at the noise,|en_US/by_book/male/elliot_miller/pirates_of_ersatz/wavs/piratesofersatz_06_leinster_64kb_f000014.wav|0.1303
./fake/en/Llasa-8B/wives_and_daughters_48_f000151.wav|en_UK/by_book/female/elizabeth_klett/wives_and_daughters/wavs/wives_and_daughters_48_f000151.wav|en|True|6.18|['multi-dataset']|Llasa-8B|Llasa|I have always been a kind of pet with gentlemen, and poor Mister Kirkpatrick never knew how to make enough of me.|en_US/by_book/female/mary_ann/northandsouth/wavs/northandsouth_23_f000136.wav|-0.0249
./fake/en/Llasa-8B/piratesofersatz_06_leinster_64kb_f000173.wav|en_US/by_book/male/elliot_miller/pirates_of_ersatz/wavs/piratesofersatz_06_leinster_64kb_f000173.wav|en|True|14.42|['multi-dataset']|Llasa-8B|Llasa|He got off his horse. He removed the bag from his saddle. He went into the grateful shadow of the metal hull. He paused and mopped his face and then went to the entrance port.|en_US/by_book/female/judy_bieber/emerald_city_of_oz/wavs/emerald_city_of_oz_16_f000008.wav|-0.0071
./fake/en/Llasa-8B/dorothy_and_wizard_oz_08_f000086.wav|en_US/by_book/female/judy_bieber/dorothy_and_wizard_oz/wavs/dorothy_and_wizard_oz_08_f000086.wav|en|True|2.8|['multi-dataset']|Llasa-8B|Llasa|What is he good for? was the next question.|en_US/by_book/female/mary_ann/northandsouth/wavs/northandsouth_51_f000117.wav|0.1458
./fake/en/Llasa-8B/hunters_space_18_f000050.wav|en_US/by_book/male/elliot_miller/hunters_space/wavs/hunters_space_18_f000050.wav|en|True|13.38|['multi-dataset']|Llasa-8B|Llasa|Eh, Nors-King, he whispered, sitting up straight as Odin steadied him in his arms. It was a long time to wait. And I thought sometimes that I would not make it.|en_US/by_book/female/mary_ann/northandsouth/wavs/northandsouth_15_f000017.wav|0.0709
./fake/en/Llasa-8B/poisoned_pen_12_f000408.wav|en_US/by_book/male/elliot_miller/poisoned_pen/wavs/poisoned_pen_12_f000408.wav|en|True|5.26|['multi-dataset']|Llasa-8B|Llasa|His word? What do you mean? we asked almost together.|en_UK/by_book/female/elizabeth_klett/jane_eyre/wavs/jane_eyre_13_f000074.wav|0.1682
./fake/en/Llasa-8B/pink_fairy_book_23_f000013.wav|en_US/by_book/male/elliot_miller/pink_fairy_book/wavs/pink_fairy_book_23_f000013.wav|en|True|7.76|['multi-dataset']|Llasa-8B|Llasa|And after the church was finished greater numbers of people than ever flocked to see the palace and the church and vast gardens and magnificent halls.|en_US/by_book/male/elliot_miller/poisoned_pen/wavs/poisoned_pen_03_f000266.wav|0.1402
./fake/en/Llasa-8B/pink_fairy_book_12_f000023.wav|en_US/by_book/male/elliot_miller/pink_fairy_book/wavs/pink_fairy_book_12_f000023.wav|en|True|6.12|['multi-dataset']|Llasa-8B|Llasa|Have they also a queen bee? asked the little boy, for he knew that the real bees have one.|en_UK/by_book/female/elizabeth_klett/wives_and_daughters/wavs/wives_and_daughters_17_f000043.wav|0.1575
./fake/en/Llasa-8B/jane_eyre_03_f000108.wav|en_UK/by_book/female/elizabeth_klett/jane_eyre/wavs/jane_eyre_03_f000108.wav|en|True|4.7|['multi-dataset']|Llasa-8B|Llasa|She had a fall, said Bessie, again putting in her word.|en_US/by_book/female/mary_ann/northandsouth/wavs/northandsouth_42_f000007.wav|0.2087
./fake/en/Llasa-8B/northandsouth_21_f000045.wav|en_US/by_book/female/mary_ann/northandsouth/wavs/northandsouth_21_f000045.wav|en|True|11.58|['multi-dataset']|Llasa-8B|Llasa|He looked at her face, and saw an expression upon it of surprise and extremest sorrow, but not the agony of terror that contracted his own unprepared heart.|en_US/by_book/male/elliot_miller/pink_fairy_book/wavs/pink_fairy_book_17_f000030.wav|-0.1147
./fake/en/Llasa-8B/wives_and_daughters_02_f000016.wav|en_UK/by_book/female/elizabeth_klett/wives_and_daughters/wavs/wives_and_daughters_02_f000016.wav|en|True|6.98|['multi-dataset']|Llasa-8B|Llasa|Molly felt herself to be very conspicuously placed in the centre of the carriage, a mark for all the observation of Hollingford.|en_US/by_book/male/elliot_miller/silent_bullet/wavs/silent_bullet_02_f000033.wav|-0.0493
./fake/en/Llasa-8B/hunters_space_10_f000064.wav|en_US/by_book/male/elliot_miller/hunters_space/wavs/hunters_space_10_f000064.wav|en|True|13.1|['multi-dataset']|Llasa-8B|Llasa|That was all. True to his promise, Grim Hagen had given them the run of the city. But there was always one of Hagen's men or some native in uniform to politely assure them that there was little to see down the off streets.|en_US/by_book/male/elliot_miller/silent_bullet/wavs/silent_bullet_13_f000153.wav|0.1648
./fake/en/Llasa-8B/wives_and_daughters_14_f000165.wav|en_UK/by_book/female/elizabeth_klett/wives_and_daughters/wavs/wives_and_daughters_14_f000165.wav|en|True|3.8|['multi-dataset']|Llasa-8B|Llasa|What greedy little vermin! said Miss Browning.|en_US/by_book/female/mary_ann/northandsouth/wavs/northandsouth_38_f000007.wav|0.1875
./fake/en/Llasa-8B/rinkitink_baum_06_64kb_f000009.wav|en_US/by_book/female/judy_bieber/rinkitink_in_oz/wavs/rinkitink_baum_06_64kb_f000009.wav|en|True|7.7|['multi-dataset']|Llasa-8B|Llasa|polished so highly that the surface resembled a mirror and glinted brilliantly in the rays of the sun.|en_US/by_book/female/judy_bieber/the_sea_fairies/wavs/the_sea_fairies_04_f000069.wav|-0.0448
./fake/en/Llasa-8B/pink_fairy_book_19_f000100.wav|en_US/by_book/male/elliot_miller/pink_fairy_book/wavs/pink_fairy_book_19_f000100.wav|en|True|3.8|['multi-dataset']|Llasa-8B|Llasa|So they put the sack down by the roadside, and went into the church.|en_US/by_book/female/judy_bieber/sky_island/wavs/skyisland_22_baum_64kb_f000014.wav|0.1277
./fake/en/Llasa-8B/silent_bullet_07_f000112.wav|en_US/by_book/male/elliot_miller/silent_bullet/wavs/silent_bullet_07_f000112.wav|en|True|3.98|['multi-dataset']|Llasa-8B|Llasa|I dont know anything about it. I thought the deal was off.|en_US/by_book/female/mary_ann/midnight_passenger/wavs/midnight_passenger_13_f000213.wav|0.3028
./fake/en/Llasa-8B/dorothy_and_wizard_oz_09_f000042.wav|en_US/by_book/female/judy_bieber/dorothy_and_wizard_oz/wavs/dorothy_and_wizard_oz_09_f000042.wav|en|True|3.34|['multi-dataset']|Llasa-8B|Llasa|and on top of the Earth again.|en_US/by_book/female/mary_ann/northandsouth/wavs/northandsouth_26_f000080.wav|0.1614
./fake/en/Llasa-8B/jane_eyre_28_f000086.wav|en_UK/by_book/female/elizabeth_klett/jane_eyre/wavs/jane_eyre_28_f000086.wav|en|True|6.32|['multi-dataset']|Llasa-8B|Llasa|Disappointed in the expectation of a customer, she coolly acceded to my request.|en_US/by_book/female/judy_bieber/ozma_of_oz/wavs/ozma_of_oz_07_f000085.wav|0.2706
./fake/en/Llasa-8B/northandsouth_41_f000113.wav|en_US/by_book/female/mary_ann/northandsouth/wavs/northandsouth_41_f000113.wav|en|True|7.18|['multi-dataset']|Llasa-8B|Llasa|When Margaret had duly applauded, Nicholas called for another, and yet another, much to her surprise,|en_UK/by_book/female/elizabeth_klett/wives_and_daughters/wavs/wives_and_daughters_44_f000118.wav|0.2216
./fake/en/Llasa-8B/wives_and_daughters_30_f000013.wav|en_UK/by_book/female/elizabeth_klett/wives_and_daughters/wavs/wives_and_daughters_30_f000013.wav|en|True|11.88|['multi-dataset']|Llasa-8B|Llasa|and look once more into the eyes of the lord and master whom he had served, and whose ancestors his own forbears had served for so many generations.|en_US/by_book/female/judy_bieber/ozma_of_oz/wavs/ozma_of_oz_07_f000062.wav|0.1610
./fake/en/Llasa-8B/piratesofersatz_01_leinster_64kb_f000176.wav|en_US/by_book/male/elliot_miller/pirates_of_ersatz/wavs/piratesofersatz_01_leinster_64kb_f000176.wav|en|True|5.18|['multi-dataset']|Llasa-8B|Llasa|And Hoddan would spend his life in jail for failing to recognize the fact.|en_US/by_book/male/elliot_miller/pirates_of_ersatz/wavs/piratesofersatz_05_leinster_64kb_f000217.wav|0.3949
./fake/en/Llasa-8B/dorothy_and_wizard_oz_04_f000007.wav|en_US/by_book/female/judy_bieber/dorothy_and_wizard_oz/wavs/dorothy_and_wizard_oz_04_f000007.wav|en|True|11.16|['multi-dataset']|Llasa-8B|Llasa|The seat was amply wide enough for the little man and the two children, and when Jim started to leave the hall the kitten jumped upon his back and sat there quite contentedly.|en_UK/by_book/female/elizabeth_klett/wives_and_daughters/wavs/wives_and_daughters_29_f000182.wav|0.0852
./fake/en/Llasa-8B/jane_eyre_22_f000010.wav|en_UK/by_book/female/elizabeth_klett/jane_eyre/wavs/jane_eyre_22_f000010.wav|en|True|3.6|['multi-dataset']|Llasa-8B|Llasa|cousin, we would commence matters on a different footing.|en_UK/by_book/female/elizabeth_klett/wives_and_daughters/wavs/wives_and_daughters_47_f000117.wav|0.0921
./fake/en/Llasa-8B/emerald_city_of_oz_24_f000065.wav|en_US/by_book/female/judy_bieber/emerald_city_of_oz/wavs/emerald_city_of_oz_24_f000065.wav|en|True|9.76|['multi-dataset']|Llasa-8B|Llasa|But you do not understand all of the dreadful plot, continued the Tin Woodman. The Nome King is clever, and he knows his Nomes would run from eggs;|en_US/by_book/male/elliot_miller/pirates_of_ersatz/wavs/piratesofersatz_05_leinster_64kb_f000107.wav|-0.0119
./fake/en/Llasa-8B/jane_eyre_07_f000086.wav|en_UK/by_book/female/elizabeth_klett/jane_eyre/wavs/jane_eyre_07_f000086.wav|en|True|9.2|['multi-dataset']|Llasa-8B|Llasa|to the torments of martyrs; to the exhortations of our blessed Lord Himself, calling upon His disciples to take up their cross and follow Him;|en_US/by_book/female/judy_bieber/emerald_city_of_oz/wavs/emerald_city_of_oz_08_f000009.wav|0.1041
./fake/en/Llasa-8B/silent_bullet_04_f000222.wav|en_US/by_book/male/elliot_miller/silent_bullet/wavs/silent_bullet_04_f000222.wav|en|True|11.66|['multi-dataset']|Llasa-8B|Llasa|Kennedy paused to emphasise the statement, then continued. I am now going to ask doctor Leslie to give us a little talk on a recent discovery in the field of typhoid fever - you understand,|en_US/by_book/female/judy_bieber/rinkitink_in_oz/wavs/rinkitink_baum_21_64kb_f000024.wav|0.0746
./fake/en/Llasa-8B/jane_eyre_11_f000248.wav|en_UK/by_book/female/elizabeth_klett/jane_eyre/wavs/jane_eyre_11_f000248.wav|en|True|8.56|['multi-dataset']|Llasa-8B|Llasa|What a beautiful room! I exclaimed, as I looked round; for I had never before seen any half so imposing.|en_UK/by_book/female/elizabeth_klett/wives_and_daughters/wavs/wives_and_daughters_44_f000118.wav|0.3531
./fake/en/Llasa-8B/ozma_of_oz_07_f000009.wav|en_US/by_book/female/judy_bieber/ozma_of_oz/wavs/ozma_of_oz_07_f000009.wav|en|True|11.88|['multi-dataset']|Llasa-8B|Llasa|Westward the fertile Land of Ev suddenly ended a little way from the palace, and the girl could see miles and miles of sandy desert that stretched further than her eyes could reach.|en_US/by_book/male/elliot_miller/pirates_of_ersatz/wavs/piratesofersatz_03_leinster_64kb_f000085.wav|0.1010
./fake/en/Llasa-8B/northandsouth_19_f000056.wav|en_US/by_book/female/mary_ann/northandsouth/wavs/northandsouth_19_f000056.wav|en|True|5.68|['multi-dataset']|Llasa-8B|Llasa|But dun yo know, I ha dreamt of yo, long afore ever I seed yo.|en_UK/by_book/female/elizabeth_klett/wives_and_daughters/wavs/wives_and_daughters_38_f000122.wav|0.2666
./fake/en/Llasa-8B/poisoned_pen_02_f000133.wav|en_US/by_book/male/elliot_miller/poisoned_pen/wavs/poisoned_pen_02_f000133.wav|en|True|11.72|['multi-dataset']|Llasa-8B|Llasa|A good idea, Walter, agreed Craig, turning into a drug-store which had a telephone booth. I'll just call O'Connor up, and we'll see if he does know anything about it.|en_US/by_book/female/judy_bieber/the_sea_fairies/wavs/the_sea_fairies_04_f000079.wav|-0.0306
./fake/en/Llasa-8B/piratesofersatz_01_leinster_64kb_f000038.wav|en_US/by_book/male/elliot_miller/pirates_of_ersatz/wavs/piratesofersatz_01_leinster_64kb_f000038.wav|en|True|9.72|['multi-dataset']|Llasa-8B|Llasa|It was almost impossible to imagine, but still it was a great relief to find out he was only suspected of a murder he hadn't committed.|en_US/by_book/female/mary_ann/northandsouth/wavs/northandsouth_21_f000037.wav|0.0640
./fake/en/Llasa-8B/wives_and_daughters_08_f000031.wav|en_UK/by_book/female/elizabeth_klett/wives_and_daughters/wavs/wives_and_daughters_08_f000031.wav|en|True|7.76|['multi-dataset']|Llasa-8B|Llasa|losing her sense of whatever meaning the words had ever had, in the repetition which had become mechanical.|en_US/by_book/male/elliot_miller/silent_bullet/wavs/silent_bullet_09_f000032.wav|0.0520
./fake/en/Llasa-8B/pink_fairy_book_10_f000129.wav|en_US/by_book/male/elliot_miller/pink_fairy_book/wavs/pink_fairy_book_10_f000129.wav|en|True|2.88|['multi-dataset']|Llasa-8B|Llasa|and he would not take the post again, he said.|en_US/by_book/male/elliot_miller/pink_fairy_book/wavs/pink_fairy_book_33_f000103.wav|0.2609
./fake/en/Llasa-8B/the_master_key_10_f000049.wav|en_US/by_book/female/judy_bieber/the_master_key/wavs/the_master_key_10_f000049.wav|en|True|9.92|['multi-dataset']|Llasa-8B|Llasa|There were three ladders, and then a winding flight of narrow, rickety stairs to be passed before Rob finally reached a small room in the body of the church.|en_US/by_book/female/judy_bieber/the_sea_fairies/wavs/the_sea_fairies_22_f000011.wav|0.1171
./fake/en/Llasa-8B/skyisland_07_baum_64kb_f000001.wav|en_US/by_book/female/judy_bieber/sky_island/wavs/skyisland_07_baum_64kb_f000001.wav|en|True|11.88|['multi-dataset']|Llasa-8B|Llasa|This is there librivox recording. All librivox recordings are in the public domain. For more information or to volunteer please visit librivox dot org.|en_US/by_book/female/judy_bieber/ozma_of_oz/wavs/ozma_of_oz_02_f000049.wav|0.0110
./fake/en/Llasa-8B/the_master_key_02_f000034.wav|en_US/by_book/female/judy_bieber/the_master_key/wavs/the_master_key_02_f000034.wav|en|True|3.08|['multi-dataset']|Llasa-8B|Llasa|He's invented no end of wonderful electrical things.|en_US/by_book/female/judy_bieber/the_master_key/wavs/the_master_key_20_f000137.wav|0.0442
./fake/en/Llasa-8B/northandsouth_08_f000004.wav|en_US/by_book/female/mary_ann/northandsouth/wavs/northandsouth_08_f000004.wav|en|True|6.9|['multi-dataset']|Llasa-8B|Llasa|It needed the pretty light papering of the rooms to reconcile them to Milton.|en_US/by_book/female/judy_bieber/the_master_key/wavs/the_master_key_10_f000012.wav|0.1470
./fake/en/Llasa-8B/wives_and_daughters_26_f000300.wav|en_UK/by_book/female/elizabeth_klett/wives_and_daughters/wavs/wives_and_daughters_26_f000300.wav|en|True|6.98|['multi-dataset']|Llasa-8B|Llasa|Again she was walking languidly among the dancers, almost as if she took no notice of those around her.|en_US/by_book/female/mary_ann/northandsouth/wavs/northandsouth_08_f000192.wav|0.1359
./fake/en/Llasa-8B/rinkitink_baum_23_64kb_f000014.wav|en_US/by_book/female/judy_bieber/rinkitink_in_oz/wavs/rinkitink_baum_23_64kb_f000014.wav|en|True|9.72|['multi-dataset']|Llasa-8B|Llasa|All the houses of the people had been rebuilt and were prettier than before, with green lawns before them and flower gardens in the back yards.|en_US/by_book/female/mary_ann/northandsouth/wavs/northandsouth_05_f000109.wav|0.1794
./fake/en/Llasa-8B/northandsouth_03_f000141.wav|en_US/by_book/female/mary_ann/northandsouth/wavs/northandsouth_03_f000141.wav|en|True|9.72|['multi-dataset']|Llasa-8B|Llasa|I have been hoping for these three months past to find you regretting London-and London friends, a little-enough to make you listen more kindly for she was quietly,|en_US/by_book/male/elliot_miller/silent_bullet/wavs/silent_bullet_02_f000033.wav|-0.0342
./fake/en/Llasa-8B/piratesofersatz_12_leinster_64kb_f000079.wav|en_US/by_book/male/elliot_miller/pirates_of_ersatz/wavs/piratesofersatz_12_leinster_64kb_f000079.wav|en|True|7.62|['multi-dataset']|Llasa-8B|Llasa|He waved at the massive pile of cut gray stone, with walls twenty feet thick and sixty high.|en_UK/by_book/female/elizabeth_klett/wives_and_daughters/wavs/wives_and_daughters_47_f000107.wav|0.1379
./fake/en/Llasa-8B/wives_and_daughters_41_f000119.wav|en_UK/by_book/female/elizabeth_klett/wives_and_daughters/wavs/wives_and_daughters_41_f000119.wav|en|True|9.0|['multi-dataset']|Llasa-8B|Llasa|Once for all, Molly, said Cynthia, now laying down her work, and speaking with quick authority, do learn to understand that it is,|en_US/by_book/female/mary_ann/northandsouth/wavs/northandsouth_08_f000042.wav|0.0616
./fake/en/Llasa-8B/northandsouth_46_f000197.wav|en_US/by_book/female/mary_ann/northandsouth/wavs/northandsouth_46_f000197.wav|en|True|5.82|['multi-dataset']|Llasa-8B|Llasa|The new window gave a view of the road, and had many advantages, as  Missis Hepworth pointed out.|en_US/by_book/female/mary_ann/northandsouth/wavs/northandsouth_36_f000094.wav|0.0432
./fake/en/Llasa-8B/midnight_passenger_09_f000008.wav|en_US/by_book/female/mary_ann/midnight_passenger/wavs/midnight_passenger_09_f000008.wav|en|True|6.68|['multi-dataset']|Llasa-8B|Llasa|And this Tuesday afternoon Braun proposed to devote to a careful examination of his rich plunder.|en_UK/by_book/female/elizabeth_klett/wives_and_daughters/wavs/wives_and_daughters_56_f000056.wav|-0.0523
./fake/en/Llasa-8B/northandsouth_34_f000070.wav|en_US/by_book/female/mary_ann/northandsouth/wavs/northandsouth_34_f000070.wav|en|True|6.32|['multi-dataset']|Llasa-8B|Llasa|and they believed that he left with the idea of going there.|en_US/by_book/female/judy_bieber/the_sea_fairies/wavs/the_sea_fairies_04_f000040.wav|-0.0286
./fake/en/Llasa-8B/rinkitink_baum_19_64kb_f000054.wav|en_US/by_book/female/judy_bieber/rinkitink_in_oz/wavs/rinkitink_baum_19_64kb_f000054.wav|en|True|9.86|['multi-dataset']|Llasa-8B|Llasa|As it was, not a knife touched them and even Bilbil gave a gruff laugh at the failure of Kaliko's clever magic.|en_UK/by_book/female/elizabeth_klett/wives_and_daughters/wavs/wives_and_daughters_33_f000069.wav|0.0359
./fake/en/Llasa-8B/jane_eyre_14_f000219.wav|en_UK/by_book/female/elizabeth_klett/jane_eyre/wavs/jane_eyre_14_f000219.wav|en|True|8.78|['multi-dataset']|Llasa-8B|Llasa|May it be right then, I said, as I rose, deeming it useless to continue a discourse which was all darkness to me;|en_UK/by_book/female/elizabeth_klett/wives_and_daughters/wavs/wives_and_daughters_08_f000063.wav|-0.0543
./fake/en/Llasa-8B/pink_fairy_book_12_f000090.wav|en_US/by_book/male/elliot_miller/pink_fairy_book/wavs/pink_fairy_book_12_f000090.wav|en|True|5.96|['multi-dataset']|Llasa-8B|Llasa|She then took Gerdas hand and led her into the little house and shut the door.|en_UK/by_book/female/elizabeth_klett/jane_eyre/wavs/jane_eyre_20_f000280.wav|0.1522
./fake/en/Llasa-8B/wives_and_daughters_16_f000103.wav|en_UK/by_book/female/elizabeth_klett/wives_and_daughters/wavs/wives_and_daughters_16_f000103.wav|en|True|6.84|['multi-dataset']|Llasa-8B|Llasa|So there was no real outpouring of confidence, but enough news of the family and gossip of the place she was in,|en_UK/by_book/female/elizabeth_klett/wives_and_daughters/wavs/wives_and_daughters_19_f000164.wav|0.0209
./fake/en/Llasa-8B/the_sea_fairies_04_f000040.wav|en_US/by_book/female/judy_bieber/the_sea_fairies/wavs/the_sea_fairies_04_f000040.wav|en|True|12.8|['multi-dataset']|Llasa-8B|Llasa|As they slowly swam along the avenue, Trot noticed that some of the bushes seemed to have fruits growing upon them, but what these fruits might be neither she nor Captain Bill could guess.|en_US/by_book/female/judy_bieber/emerald_city_of_oz/wavs/emerald_city_of_oz_16_f000008.wav|0.1506
./fake/en/Llasa-8B/northandsouth_05_f000035.wav|en_US/by_book/female/mary_ann/northandsouth/wavs/northandsouth_05_f000035.wav|en|True|5.6|['multi-dataset']|Llasa-8B|Llasa|which seemed to have pressed the youth and buoyancy out of her heart, never to return.|en_US/by_book/female/judy_bieber/the_master_key/wavs/the_master_key_10_f000012.wav|0.3485
./fake/en/Llasa-8B/hunters_space_13_f000051.wav|en_US/by_book/male/elliot_miller/hunters_space/wavs/hunters_space_13_f000051.wav|en|True|10.8|['multi-dataset']|Llasa-8B|Llasa|The lights flickered on and off. For a time they were in darkness. Then the lights came back, but continued their flickering. The screens were dark.|en_US/by_book/male/elliot_miller/silent_bullet/wavs/silent_bullet_12_f000036.wav|0.1875
./fake/en/Llasa-8B/poisoned_pen_03_f000213.wav|en_US/by_book/male/elliot_miller/poisoned_pen/wavs/poisoned_pen_03_f000213.wav|en|True|7.12|['multi-dataset']|Llasa-8B|Llasa|After that I lost all trace of him again. It was nearly noon as I hurried to meet Craig at Kharkoff's.|en_US/by_book/male/elliot_miller/poisoned_pen/wavs/poisoned_pen_12_f000331.wav|0.5301
./fake/en/Llasa-8B/midnight_passenger_03_f000105.wav|en_US/by_book/female/mary_ann/midnight_passenger/wavs/midnight_passenger_03_f000105.wav|en|True|6.12|['multi-dataset']|Llasa-8B|Llasa|Sold, sir; you are but a few moments too late, blandly replied Lilienthal, in his best manner.|en_US/by_book/female/mary_ann/midnight_passenger/wavs/midnight_passenger_06_f000229.wav|0.7727
./fake/en/Llasa-8B/northandsouth_46_f000365.wav|en_US/by_book/female/mary_ann/northandsouth/wavs/northandsouth_46_f000365.wav|en|True|7.84|['multi-dataset']|Llasa-8B|Llasa|Before they left Margaret stole round to the back of the Vicarage garden, and gathered a little straggling piece of honeysuckle.|en_UK/by_book/female/elizabeth_klett/jane_eyre/wavs/jane_eyre_07_f000129.wav|0.1747
./fake/en/Llasa-8B/northandsouth_11_f000132.wav|en_US/by_book/female/mary_ann/northandsouth/wavs/northandsouth_11_f000132.wav|en|True|2.88|['multi-dataset']|Llasa-8B|Llasa|Margaret went away very sad and thoughtful.|en_UK/by_book/female/elizabeth_klett/wives_and_daughters/wavs/wives_and_daughters_05_f000246.wav|-0.0369
./fake/en/Llasa-8B/wives_and_daughters_02_f000107.wav|en_UK/by_book/female/elizabeth_klett/wives_and_daughters/wavs/wives_and_daughters_02_f000107.wav|en|True|7.98|['multi-dataset']|Llasa-8B|Llasa|Molly could not help wishing that her pretty companion would have told Lady Cuxhaven that she herself had helped to finish up the ample luncheon;|en_US/by_book/male/elliot_miller/pirates_of_ersatz/wavs/piratesofersatz_02_leinster_64kb_f000020.wav|0.0155
./fake/en/Llasa-8B/emerald_city_of_oz_14_f000025.wav|en_US/by_book/female/judy_bieber/emerald_city_of_oz/wavs/emerald_city_of_oz_14_f000025.wav|en|True|4.74|['multi-dataset']|Llasa-8B|Llasa|so the Oz people wouldn't any more eat her chickens than they would eat Billina.|en_UK/by_book/female/elizabeth_klett/wives_and_daughters/wavs/wives_and_daughters_56_f000121.wav|0.1606
./fake/en/Llasa-8B/jane_eyre_13_f000008.wav|en_UK/by_book/female/elizabeth_klett/jane_eyre/wavs/jane_eyre_13_f000008.wav|en|True|5.4|['multi-dataset']|Llasa-8B|Llasa|I discerned in the course of the morning that Thornfield Hall was a changed place:|en_US/by_book/female/mary_ann/northandsouth/wavs/northandsouth_24_f000033.wav|0.0272
./fake/en/Llasa-8B/wives_and_daughters_17_f000105.wav|en_UK/by_book/female/elizabeth_klett/wives_and_daughters/wavs/wives_and_daughters_17_f000105.wav|en|True|13.22|['multi-dataset']|Llasa-8B|Llasa|The butler, who was accustomed to argue with his master about every fresh direction as to his work, now nudged Molly at dinner-time to make her eat of some dish which she had just been declining,|en_US/by_book/male/elliot_miller/hunters_space/wavs/hunters_space_10_f000007.wav|0.0728
./fake/en/Llasa-8B/piratesofersatz_03_leinster_64kb_f000196.wav|en_US/by_book/male/elliot_miller/pirates_of_ersatz/wavs/piratesofersatz_03_leinster_64kb_f000196.wav|en|True|15.76|['multi-dataset']|Llasa-8B|Llasa|It's disgraceful, agreed Hoddan grimly. But he, who had been born and raised in a space-pirate community, should not be too critical of others. Let it go. How do I find him?|en_UK/by_book/female/elizabeth_klett/wives_and_daughters/wavs/wives_and_daughters_36_f000113.wav|0.1400
./fake/en/Llasa-8B/wives_and_daughters_10_f000009.wav|en_UK/by_book/female/elizabeth_klett/wives_and_daughters/wavs/wives_and_daughters_10_f000009.wav|en|True|9.2|['multi-dataset']|Llasa-8B|Llasa|Very good, said he, in a low voice, casting a professional eye on the slumbering figure; can I speak to you for a minute or two in the library?|en_US/by_book/female/judy_bieber/sky_island/wavs/skyisland_30_baum_64kb_f000052.wav|0.1774
./fake/en/Llasa-8B/wives_and_daughters_42_f000139.wav|en_UK/by_book/female/elizabeth_klett/wives_and_daughters/wavs/wives_and_daughters_42_f000139.wav|en|True|9.78|['multi-dataset']|Llasa-8B|Llasa|I did not sell myself; I liked you then. But oh, how I do hate you now! cried Cynthia, unable to contain her words.|en_UK/by_book/female/elizabeth_klett/wives_and_daughters/wavs/wives_and_daughters_12_f000146.wav|0.0096
./fake/en/Llasa-8B/poisoned_pen_10_f000281.wav|en_US/by_book/male/elliot_miller/poisoned_pen/wavs/poisoned_pen_10_f000281.wav|en|True|13.88|['multi-dataset']|Llasa-8B|Llasa|Kennedy remained silent, and I did not know what was working in his mind. Together we made out the outline of the freighter at the next wharf and speculated as to the location where we had left Herndon with the huge reflector.|en_US/by_book/male/elliot_miller/silent_bullet/wavs/silent_bullet_05_f000229.wav|0.5057
./fake/en/Llasa-8B/wives_and_daughters_55_f000135.wav|en_UK/by_book/female/elizabeth_klett/wives_and_daughters/wavs/wives_and_daughters_55_f000135.wav|en|True|7.7|['multi-dataset']|Llasa-8B|Llasa|There! said she to herself, as she folded up and directed her letter; that can't disturb her, or make her uncomfortable.|en_US/by_book/female/judy_bieber/dorothy_and_wizard_oz/wavs/dorothy_and_wizard_oz_07_f000039.wav|0.1167
./fake/en/Llasa-8B/wives_and_daughters_56_f000121.wav|en_UK/by_book/female/elizabeth_klett/wives_and_daughters/wavs/wives_and_daughters_56_f000121.wav|en|True|11.3|['multi-dataset']|Llasa-8B|Llasa|Mister Gibson was not with them for long, but while he was there he was evidently studying the unconscious Mister Henderson with his dark penetrating eyes.|en_US/by_book/female/judy_bieber/rinkitink_in_oz/wavs/rinkitink_baum_01_64kb_f000022.wav|0.1431
./fake/en/Llasa-8B/wives_and_daughters_56_f000169.wav|en_UK/by_book/female/elizabeth_klett/wives_and_daughters/wavs/wives_and_daughters_56_f000169.wav|en|True|14.46|['multi-dataset']|Llasa-8B|Llasa|but there was one general and unspoken wish to have the ceremony performed out of the immediate neighbourhood of the two men whom Cynthia had previously - rejected;|en_US/by_book/female/judy_bieber/sky_island/wavs/skyisland_12_baum_64kb_f000071.wav|0.0883
./fake/en/Llasa-8B/northandsouth_23_f000082.wav|en_US/by_book/female/mary_ann/northandsouth/wavs/northandsouth_23_f000082.wav|en|True|4.46|['multi-dataset']|Llasa-8B|Llasa|And what proof more would you have, I wonder, of her caring for you?|en_UK/by_book/female/elizabeth_klett/jane_eyre/wavs/jane_eyre_14_f000219.wav|0.2199
./fake/en/Llasa-8B/the_sea_fairies_22_f000011.wav|en_US/by_book/female/judy_bieber/the_sea_fairies/wavs/the_sea_fairies_22_f000011.wav|en|True|10.62|['multi-dataset']|Llasa-8B|Llasa|Although the queen had lost her fairy wand in Zog's domed chamber, she had still enough magic power to carry them all across the ocean in wonderfully quick time,|en_US/by_book/female/judy_bieber/emerald_city_of_oz/wavs/emerald_city_of_oz_28_f000068.wav|0.7523
./fake/en/Llasa-8B/midnight_passenger_13_f000191.wav|en_US/by_book/female/mary_ann/midnight_passenger/wavs/midnight_passenger_13_f000191.wav|en|True|6.4|['multi-dataset']|Llasa-8B|Llasa|Jim Condon will hold the boy on the doctor's yacht, and you will take your notary and get the boy's full confession.|en_US/by_book/female/mary_ann/northandsouth/wavs/northandsouth_11_f000073.wav|-0.0259
./fake/en/Llasa-8B/piratesofersatz_09_leinster_64kb_f000140.wav|en_US/by_book/male/elliot_miller/pirates_of_ersatz/wavs/piratesofersatz_09_leinster_64kb_f000140.wav|en|True|14.54|['multi-dataset']|Llasa-8B|Llasa|He was just touching atmosphere when it did. The boat's rocket-tanks had been refilled, and he burned fuel recklessly to make a dramatic landing within a hundred yards of the battlements where Fani had once thoughtfully had a coil of rope ready for him.|en_UK/by_book/female/elizabeth_klett/jane_eyre/wavs/jane_eyre_21_f000324.wav|-0.0531
./fake/en/Llasa-8B/wives_and_daughters_30_f000060.wav|en_UK/by_book/female/elizabeth_klett/wives_and_daughters/wavs/wives_and_daughters_30_f000060.wav|en|True|11.0|['multi-dataset']|Llasa-8B|Llasa|Presently he roused himself with a start: I know I flogged him well, I did. But he were after pheasants eggs, and I didn't know he were an orphan. Lord, forgive me!|en_US/by_book/female/mary_ann/northandsouth/wavs/northandsouth_06_f000108.wav|-0.0060
./fake/en/Llasa-8B/hunters_space_02_f000007.wav|en_US/by_book/male/elliot_miller/hunters_space/wavs/hunters_space_02_f000007.wav|en|True|9.28|['multi-dataset']|Llasa-8B|Llasa|listening he heard the faint rattle of their fall, but could not be sure whether they had landed on one of the ledges or had reached bottom.|en_US/by_book/female/judy_bieber/rinkitink_in_oz/wavs/rinkitink_baum_24_64kb_f000027.wav|0.0423
./fake/en/Llasa-8B/northandsouth_37_f000126.wav|en_US/by_book/female/mary_ann/northandsouth/wavs/northandsouth_37_f000126.wav|en|True|13.82|['multi-dataset']|Llasa-8B|Llasa|Now I dunnot know how far off it is, but Ive been thinking if I could getthem down theer, where food is cheap and wages good, and all the folk, rich and poor, master and man, friendly like;|en_US/by_book/male/elliot_miller/pink_fairy_book/wavs/pink_fairy_book_14_f000176.wav|0.1666
./fake/en/Llasa-8B/wives_and_daughters_20_f000058.wav|en_UK/by_book/female/elizabeth_klett/wives_and_daughters/wavs/wives_and_daughters_20_f000058.wav|en|True|8.94|['multi-dataset']|Llasa-8B|Llasa|but one of the lost crewels of worsted had entangled itself in her gown and feet, and before she had freed herself of the encumbrance,|en_UK/by_book/female/elizabeth_klett/wives_and_daughters/wavs/wives_and_daughters_17_f000098.wav|0.1458
./fake/en/Llasa-8B/wives_and_daughters_52_f000065.wav|en_UK/by_book/female/elizabeth_klett/wives_and_daughters/wavs/wives_and_daughters_52_f000065.wav|en|True|6.54|['multi-dataset']|Llasa-8B|Llasa|I'm brought very low, sir. I suppose it's God's doing; but it comes hard upon me.|en_US/by_book/female/judy_bieber/the_sea_fairies/wavs/the_sea_fairies_10_f000121.wav|0.0395
./fake/en/Llasa-8B/wives_and_daughters_12_f000087.wav|en_UK/by_book/female/elizabeth_klett/wives_and_daughters/wavs/wives_and_daughters_12_f000087.wav|en|True|6.84|['multi-dataset']|Llasa-8B|Llasa|who had set down his frequent visits at the Towers to the score of the countess's health.|en_UK/by_book/female/elizabeth_klett/wives_and_daughters/wavs/wives_and_daughters_50_f000057.wav|0.1762
./fake/en/Llasa-8B/dorothy_and_wizard_oz_16_f000050.wav|en_US/by_book/female/judy_bieber/dorothy_and_wizard_oz/wavs/dorothy_and_wizard_oz_16_f000050.wav|en|True|3.78|['multi-dataset']|Llasa-8B|Llasa|The flies never trouble me, said the Saw-Horse.|en_UK/by_book/female/elizabeth_klett/wives_and_daughters/wavs/wives_and_daughters_14_f000005.wav|0.0607
./fake/en/Llasa-8B/northandsouth_29_f000008.wav|en_US/by_book/female/mary_ann/northandsouth/wavs/northandsouth_29_f000008.wav|en|True|3.38|['multi-dataset']|Llasa-8B|Llasa|The next morning brought Margaret a letter from Edith.|en_US/by_book/female/judy_bieber/emerald_city_of_oz/wavs/emerald_city_of_oz_21_f000014.wav|-0.0652
./fake/en/Llasa-8B/the_sea_fairies_21_f000037.wav|en_US/by_book/female/judy_bieber/the_sea_fairies/wavs/the_sea_fairies_21_f000037.wav|en|True|8.84|['multi-dataset']|Llasa-8B|Llasa|We will govern ourselves most happily by having a ruler, or head, selected from among ourselves by popular vote.|en_US/by_book/female/mary_ann/northandsouth/wavs/northandsouth_32_f000037.wav|0.1618
./fake/en/Llasa-8B/ozma_of_oz_07_f000032.wav|en_US/by_book/female/judy_bieber/ozma_of_oz/wavs/ozma_of_oz_07_f000032.wav|en|True|8.32|['multi-dataset']|Llasa-8B|Llasa|but all the twenty-seven were dressed in handsome uniforms of various designs and colors, no two being alike in any respect.|en_US/by_book/male/elliot_miller/silent_bullet/wavs/silent_bullet_10_f000281.wav|0.0687
./fake/en/Llasa-8B/midnight_passenger_03_f000306.wav|en_US/by_book/female/mary_ann/midnight_passenger/wavs/midnight_passenger_03_f000306.wav|en|True|6.62|['multi-dataset']|Llasa-8B|Llasa|She will then be heralded as a wonder of the world. It will pay Grau, and he will also have his revenge!|en_UK/by_book/female/elizabeth_klett/wives_and_daughters/wavs/wives_and_daughters_33_f000094.wav|-0.0179
./fake/en/Llasa-8B/midnight_passenger_09_f000099.wav|en_US/by_book/female/mary_ann/midnight_passenger/wavs/midnight_passenger_09_f000099.wav|en|True|13.2|['multi-dataset']|Llasa-8B|Llasa|born Detroit; slight Western accent. Missing since Saturday noon, July two, with one hundred fifty thousand currency and one hundred thousand endorsed cheques.|en_US/by_book/female/mary_ann/northandsouth/wavs/northandsouth_23_f000013.wav|-0.0330
./fake/en/Llasa-8B/wives_and_daughters_47_f000179.wav|en_UK/by_book/female/elizabeth_klett/wives_and_daughters/wavs/wives_and_daughters_47_f000179.wav|en|True|8.78|['multi-dataset']|Llasa-8B|Llasa|Well! said he, coming in cheerfully, and rubbing his cold hands as he went straight to the fire, and what is the matter with us?|en_US/by_book/female/mary_ann/midnight_passenger/wavs/midnight_passenger_13_f000162.wav|0.0657
./fake/en/Llasa-8B/the_sea_fairies_14_f000030.wav|en_US/by_book/female/judy_bieber/the_sea_fairies/wavs/the_sea_fairies_14_f000030.wav|en|True|5.32|['multi-dataset']|Llasa-8B|Llasa|But the next minute he laughed and said, Why, Trot, it's ME reflected in a mirror.|en_US/by_book/male/elliot_miller/pirates_of_ersatz/wavs/piratesofersatz_06_leinster_64kb_f000173.wav|0.0819
./fake/en/Llasa-8B/rinkitink_baum_13_64kb_f000068.wav|en_US/by_book/female/judy_bieber/rinkitink_in_oz/wavs/rinkitink_baum_13_64kb_f000068.wav|en|True|7.34|['multi-dataset']|Llasa-8B|Llasa|Then he commanded the slave driver to go and get all the children who had been made slaves, and to bring them to their mothers.|en_US/by_book/female/judy_bieber/rinkitink_in_oz/wavs/rinkitink_baum_19_64kb_f000068.wav|0.2618
./fake/en/Llasa-8B/wives_and_daughters_10_f000308.wav|en_UK/by_book/female/elizabeth_klett/wives_and_daughters/wavs/wives_and_daughters_10_f000308.wav|en|True|9.78|['multi-dataset']|Llasa-8B|Llasa|That's so like a man. Why, half the character of the affair lies in the question of who it is that he is going to marry.|en_US/by_book/male/elliot_miller/pink_fairy_book/wavs/pink_fairy_book_08_f000024.wav|0.0357
./fake/en/Llasa-8B/wives_and_daughters_11_f000155.wav|en_UK/by_book/female/elizabeth_klett/wives_and_daughters/wavs/wives_and_daughters_11_f000155.wav|en|True|9.78|['multi-dataset']|Llasa-8B|Llasa|Missis Kirkpatrick led her into Lady Cumnor's presence by the hand, and in presenting her, said, - My dear little daughter, Lady Cumnor!|en_UK/by_book/female/elizabeth_klett/wives_and_daughters/wavs/wives_and_daughters_56_f000169.wav|0.3396
./fake/en/Llasa-8B/silent_bullet_12_f000091.wav|en_US/by_book/male/elliot_miller/silent_bullet/wavs/silent_bullet_12_f000091.wav|en|True|9.88|['multi-dataset']|Llasa-8B|Llasa|And you simply bade him good-bye as you got on a subway train and that is the last you ever saw of him? repeated Kennedy.|en_US/by_book/female/mary_ann/northandsouth/wavs/northandsouth_51_f000117.wav|0.0290
./fake/en/Llasa-8B/jane_eyre_34_f000479.wav|en_UK/by_book/female/elizabeth_klett/jane_eyre/wavs/jane_eyre_34_f000479.wav|en|True|11.38|['multi-dataset']|Llasa-8B|Llasa|What a cold, loose touch, he impressed on my fingers! He was deeply displeased by what had occurred that day; cordiality would not warm, nor tears move him.|en_US/by_book/female/judy_bieber/ozma_of_oz/wavs/ozma_of_oz_04_f000060.wav|0.1355
./fake/en/Llasa-8B/the_sea_fairies_02_f000159.wav|en_US/by_book/female/judy_bieber/the_sea_fairies/wavs/the_sea_fairies_02_f000159.wav|en|True|7.48|['multi-dataset']|Llasa-8B|Llasa|If you don't care to come, Captain Bill, you go home and tell mother I'm visitin' the mermaids.|en_UK/by_book/female/elizabeth_klett/jane_eyre/wavs/jane_eyre_23_f000038.wav|0.0838
./fake/en/Llasa-8B/midnight_passenger_04_f000157.wav|en_US/by_book/female/mary_ann/midnight_passenger/wavs/midnight_passenger_04_f000157.wav|en|True|11.3|['multi-dataset']|Llasa-8B|Llasa|It would mean our eternal parting! For I will not have my plighted honor forfeit. Promise me, if you ever hope to see me again, that you will not follow me!|en_UK/by_book/female/elizabeth_klett/wives_and_daughters/wavs/wives_and_daughters_09_f000091.wav|0.3228
./fake/en/Llasa-8B/wives_and_daughters_12_f000039.wav|en_UK/by_book/female/elizabeth_klett/wives_and_daughters/wavs/wives_and_daughters_12_f000039.wav|en|True|7.48|['multi-dataset']|Llasa-8B|Llasa|only she feared that she must give up her own wishes to have her child near her at such a time, on account of the expense of the double journey.|en_US/by_book/female/mary_ann/midnight_passenger/wavs/midnight_passenger_01_f000115.wav|0.1874
./fake/en/Llasa-8B/northandsouth_34_f000012.wav|en_US/by_book/female/mary_ann/northandsouth/wavs/northandsouth_34_f000012.wav|en|True|5.9|['multi-dataset']|Llasa-8B|Llasa|She was quite in the dark as to his plans, and her father was miserable at all this uncertainty.|en_US/by_book/female/mary_ann/northandsouth/wavs/northandsouth_28_f000230.wav|0.0929
./fake/en/Llasa-8B/silent_bullet_06_f000111.wav|en_US/by_book/male/elliot_miller/silent_bullet/wavs/silent_bullet_06_f000111.wav|en|True|3.88|['multi-dataset']|Llasa-8B|Llasa|Tell her I will do it to-morrow morning. Is there anything else?|en_US/by_book/female/judy_bieber/sky_island/wavs/skyisland_17_baum_64kb_f000040.wav|0.0966
./fake/en/Llasa-8B/wives_and_daughters_39_f000096.wav|en_UK/by_book/female/elizabeth_klett/wives_and_daughters/wavs/wives_and_daughters_39_f000096.wav|en|True|9.78|['multi-dataset']|Llasa-8B|Llasa|and although this attention on her part was melting the heart he tried to harden, he controlled himself into writing her the briefest acknowledgments.|en_UK/by_book/female/elizabeth_klett/jane_eyre/wavs/jane_eyre_32_f000008.wav|0.3763
./fake/en/Llasa-8B/wives_and_daughters_35_f000221.wav|en_UK/by_book/female/elizabeth_klett/wives_and_daughters/wavs/wives_and_daughters_35_f000221.wav|en|True|5.72|['multi-dataset']|Llasa-8B|Llasa|Why, this must have been going on all the time!|en_UK/by_book/female/elizabeth_klett/jane_eyre/wavs/jane_eyre_26_f000088.wav|0.1434
./fake/en/Llasa-8B/wives_and_daughters_41_f000221.wav|en_UK/by_book/female/elizabeth_klett/wives_and_daughters/wavs/wives_and_daughters_41_f000221.wav|en|True|7.34|['multi-dataset']|Llasa-8B|Llasa|Why, Molly has been doing something which has set that impertinent Miss Browning off into lecturing me on trying to do my duty!|en_US/by_book/female/mary_ann/northandsouth/wavs/northandsouth_01_f000058.wav|0.0914
./fake/en/Llasa-8B/piratesofersatz_07_leinster_64kb_f000037.wav|en_US/by_book/male/elliot_miller/pirates_of_ersatz/wavs/piratesofersatz_07_leinster_64kb_f000037.wav|en|True|8.56|['multi-dataset']|Llasa-8B|Llasa|You come from the planet below us? Darth? Why is your ship so small? The smallest of ours is greater.|en_UK/by_book/female/elizabeth_klett/wives_and_daughters/wavs/wives_and_daughters_09_f000099.wav|0.0193
./fake/en/Llasa-8B/the_master_key_18_f000081.wav|en_US/by_book/female/judy_bieber/the_master_key/wavs/the_master_key_18_f000081.wav|en|True|13.82|['multi-dataset']|Llasa-8B|Llasa|Then he fled away into the east, even yet shuddering with the horror of his recent escape from death and filled with disgust at the knowledge that there were people who held human life so lightly that they were willing to destroy it to further their own selfish ends.|en_UK/by_book/female/elizabeth_klett/wives_and_daughters/wavs/wives_and_daughters_26_f000034.wav|0.0593
./fake/en/Llasa-8B/skyisland_26_baum_64kb_f000052.wav|en_US/by_book/female/judy_bieber/sky_island/wavs/skyisland_26_baum_64kb_f000052.wav|en|True|9.5|['multi-dataset']|Llasa-8B|Llasa|The people don't like 'em a bit, so they'll be outcasts and wanderers, and that will make 'em sorry they were so wicked and cruel when they were powerful.|en_UK/by_book/female/elizabeth_klett/wives_and_daughters/wavs/wives_and_daughters_43_f000077.wav|-0.0457
./fake/en/Llasa-8B/ozma_of_oz_14_f000037.wav|en_US/by_book/female/judy_bieber/ozma_of_oz/wavs/ozma_of_oz_14_f000037.wav|en|True|8.26|['multi-dataset']|Llasa-8B|Llasa|When the rest of your friends are transformed you can return to the upper world, and go about your business.|en_US/by_book/female/mary_ann/northandsouth/wavs/northandsouth_25_f000182.wav|0.0842
./fake/en/Llasa-8B/wives_and_daughters_19_f000164.wav|en_UK/by_book/female/elizabeth_klett/wives_and_daughters/wavs/wives_and_daughters_19_f000164.wav|en|True|7.92|['multi-dataset']|Llasa-8B|Llasa|But then you lived with your mother when she began school at Ashcombe. Mister Preston told me that, when I stayed that day at the Manor-house.|en_US/by_book/female/mary_ann/midnight_passenger/wavs/midnight_passenger_03_f000102.wav|0.5298
./fake/en/Llasa-8B/jane_eyre_10_f000042.wav|en_UK/by_book/female/elizabeth_klett/jane_eyre/wavs/jane_eyre_10_f000042.wav|en|True|9.56|['multi-dataset']|Llasa-8B|Llasa|or rather that she had taken with her the serene atmosphere I had been breathing in her vicinity - and that now I was left in my natural element,|en_US/by_book/female/mary_ann/midnight_passenger/wavs/midnight_passenger_12_f000052.wav|0.1734
./fake/en/Llasa-8B/silent_bullet_13_f000255.wav|en_US/by_book/male/elliot_miller/silent_bullet/wavs/silent_bullet_13_f000255.wav|en|True|7.7|['multi-dataset']|Llasa-8B|Llasa|I intend to, and the haggard young face turned again to the table and forgot us.|en_UK/by_book/female/elizabeth_klett/wives_and_daughters/wavs/wives_and_daughters_12_f000135.wav|0.1118
./fake/en/Llasa-8B/northandsouth_32_f000065.wav|en_US/by_book/female/mary_ann/northandsouth/wavs/northandsouth_32_f000065.wav|en|True|11.22|['multi-dataset']|Llasa-8B|Llasa|A man in the dress of a railway porter started forward; a bad-looking man, who seemed to have drunk himself into a state of brutality, although his senses were in perfect order.|en_UK/by_book/female/elizabeth_klett/wives_and_daughters/wavs/wives_and_daughters_10_f000100.wav|0.1309
./fake/en/Llasa-8B/pink_fairy_book_19_f000068.wav|en_US/by_book/male/elliot_miller/pink_fairy_book/wavs/pink_fairy_book_19_f000068.wav|en|True|2.44|['multi-dataset']|Llasa-8B|Llasa|Well, how have you got on?|en_US/by_book/female/mary_ann/northandsouth/wavs/northandsouth_41_f000119.wav|0.0329
./fake/en/Llasa-8B/pink_fairy_book_13_f000119.wav|en_US/by_book/male/elliot_miller/pink_fairy_book/wavs/pink_fairy_book_13_f000119.wav|en|True|6.26|['multi-dataset']|Llasa-8B|Llasa|but a servant dragged it off at once downstairs, where there was daylight once more.|en_US/by_book/male/elliot_miller/silent_bullet/wavs/silent_bullet_08_f000165.wav|0.0630
./fake/en/Llasa-8B/midnight_passenger_12_f000098.wav|en_US/by_book/female/mary_ann/midnight_passenger/wavs/midnight_passenger_12_f000098.wav|en|True|6.18|['multi-dataset']|Llasa-8B|Llasa|Is it the ten dollars burning in his pocket? murmured the excited man. Some cheap woman foolery?|en_UK/by_book/female/elizabeth_klett/wives_and_daughters/wavs/wives_and_daughters_45_f000147.wav|0.2251
./fake/en/Llasa-8B/jane_eyre_20_f000135.wav|en_UK/by_book/female/elizabeth_klett/jane_eyre/wavs/jane_eyre_20_f000135.wav|en|True|4.38|['multi-dataset']|Llasa-8B|Llasa|I could not forget how the arm had trembled which he rested on my shoulder:|en_US/by_book/female/judy_bieber/emerald_city_of_oz/wavs/emerald_city_of_oz_18_f000027.wav|0.2048
./fake/en/Llasa-8B/pink_fairy_book_39_f000008.wav|en_US/by_book/male/elliot_miller/pink_fairy_book/wavs/pink_fairy_book_39_f000008.wav|en|True|10.42|['multi-dataset']|Llasa-8B|Llasa|But as they drew near the old man, he jumped up, and beat back the raven, which mounted, with hoarse screams of disappointment, into the sky,|en_US/by_book/female/mary_ann/northandsouth/wavs/northandsouth_15_f000034.wav|0.1584
./fake/en/Llasa-8B/silent_bullet_11_f000237.wav|en_US/by_book/male/elliot_miller/silent_bullet/wavs/silent_bullet_11_f000237.wav|en|True|12.14|['multi-dataset']|Llasa-8B|Llasa|Now I dont mind telling you in strict confidence, continued the lieutenant, that its my theory that old Cesare has seen Paoli here, knew he was wanted for that murder of the old music master,|en_US/by_book/female/judy_bieber/emerald_city_of_oz/wavs/emerald_city_of_oz_10_f000108.wav|0.2461
./fake/en/Llasa-8B/jane_eyre_29_f000024.wav|en_UK/by_book/female/elizabeth_klett/jane_eyre/wavs/jane_eyre_29_f000024.wav|en|True|11.0|['multi-dataset']|Llasa-8B|Llasa|These opinions he delivered in a few words, in a quiet, low voice; and added, after a pause, in the tone of a man little accustomed to expansive comment,|en_US/by_book/female/mary_ann/midnight_passenger/wavs/midnight_passenger_11_f000092.wav|0.1488
./fake/en/Llasa-8B/skyisland_30_baum_64kb_f000019.wav|en_US/by_book/female/judy_bieber/sky_island/wavs/skyisland_30_baum_64kb_f000019.wav|en|True|2.72|['multi-dataset']|Llasa-8B|Llasa|added Trot, jus' give her my love.|en_US/by_book/female/mary_ann/northandsouth/wavs/northandsouth_01_f000024.wav|0.0900
./fake/en/Llasa-8B/the_sea_fairies_07_f000163.wav|en_US/by_book/female/judy_bieber/the_sea_fairies/wavs/the_sea_fairies_07_f000163.wav|en|True|2.9|['multi-dataset']|Llasa-8B|Llasa|Oh, we do.|en_UK/by_book/female/elizabeth_klett/wives_and_daughters/wavs/wives_and_daughters_47_f000024.wav|0.1720
./fake/en/Llasa-8B/jane_eyre_30_f000144.wav|en_UK/by_book/female/elizabeth_klett/jane_eyre/wavs/jane_eyre_30_f000144.wav|en|True|5.6|['multi-dataset']|Llasa-8B|Llasa|And when will you commence the exercise of your function?|en_UK/by_book/female/elizabeth_klett/jane_eyre/wavs/jane_eyre_14_f000017.wav|0.3749
./fake/en/Llasa-8B/silent_bullet_07_f000078.wav|en_US/by_book/male/elliot_miller/silent_bullet/wavs/silent_bullet_07_f000078.wav|en|True|2.88|['multi-dataset']|Llasa-8B|Llasa|he added, after a cursory look about the office.|en_UK/by_book/female/elizabeth_klett/jane_eyre/wavs/jane_eyre_28_f000171.wav|0.2448
./fake/en/Llasa-8B/poisoned_pen_12_f000187.wav|en_US/by_book/male/elliot_miller/poisoned_pen/wavs/poisoned_pen_12_f000187.wav|en|True|7.34|['multi-dataset']|Llasa-8B|Llasa|The metric photograph, I believe, will in time rank with the portrait parle, finger prints, and the rest.|en_UK/by_book/female/elizabeth_klett/jane_eyre/wavs/jane_eyre_17_f000357.wav|-0.0007
./fake/en/Llasa-8B/dorothy_and_wizard_oz_14_f000093.wav|en_US/by_book/female/judy_bieber/dorothy_and_wizard_oz/wavs/dorothy_and_wizard_oz_14_f000093.wav|en|True|7.76|['multi-dataset']|Llasa-8B|Llasa|The four nations that inhabit the Land of Oz, was the reply. I wonder if they would treat me nicely if I went there again.|en_UK/by_book/female/elizabeth_klett/wives_and_daughters/wavs/wives_and_daughters_06_f000123.wav|0.1099
./fake/en/Llasa-8B/jane_eyre_27_f000375.wav|en_UK/by_book/female/elizabeth_klett/jane_eyre/wavs/jane_eyre_27_f000375.wav|en|True|9.5|['multi-dataset']|Llasa-8B|Llasa|The voice of Missis Fairfax, speaking to a servant in the hall, wakened you: and how curiously you smiled to and at yourself, Janet!|en_US/by_book/female/mary_ann/midnight_passenger/wavs/midnight_passenger_04_f000136.wav|0.1502
./fake/en/Llasa-8B/wives_and_daughters_29_f000053.wav|en_UK/by_book/female/elizabeth_klett/wives_and_daughters/wavs/wives_and_daughters_29_f000053.wav|en|True|7.78|['multi-dataset']|Llasa-8B|Llasa|he wilfully shut his eyes and waxed up his ears to many small things that he knew would have irritated him if he had attended to them;|en_US/by_book/female/judy_bieber/the_master_key/wavs/the_master_key_02_f000034.wav|0.1231
./fake/en/Llasa-8B/wives_and_daughters_38_f000128.wav|en_UK/by_book/female/elizabeth_klett/wives_and_daughters/wavs/wives_and_daughters_38_f000128.wav|en|True|7.54|['multi-dataset']|Llasa-8B|Llasa|and was, in fact, very glad that she had done so well for herself as to marry a sensible and agreeable man,|en_UK/by_book/female/elizabeth_klett/wives_and_daughters/wavs/wives_and_daughters_04_f000173.wav|0.1602
./fake/en/Llasa-8B/wives_and_daughters_43_f000077.wav|en_UK/by_book/female/elizabeth_klett/wives_and_daughters/wavs/wives_and_daughters_43_f000077.wav|en|True|7.2|['multi-dataset']|Llasa-8B|Llasa|Somehow I never felt as if it was wrong or foolish or anything to accept his offer of money at the time.|en_UK/by_book/female/elizabeth_klett/wives_and_daughters/wavs/wives_and_daughters_29_f000053.wav|0.1132
./fake/en/Llasa-8B/skyisland_24_baum_64kb_f000044.wav|en_US/by_book/female/judy_bieber/sky_island/wavs/skyisland_24_baum_64kb_f000044.wav|en|True|9.96|['multi-dataset']|Llasa-8B|Llasa|But just then in came the soldiers to say that Tiggle could not be found anywhere in the City; he had disappeared as mysteriously as had Ghip-Ghisizzle.|en_US/by_book/female/mary_ann/northandsouth/wavs/northandsouth_39_f000160.wav|0.1897
./fake/en/Llasa-8B/silent_bullet_09_f000143.wav|en_US/by_book/male/elliot_miller/silent_bullet/wavs/silent_bullet_09_f000143.wav|en|True|7.92|['multi-dataset']|Llasa-8B|Llasa|What do you think of that? he cried, opening a copy of the Record, and laying it flat on the library table.|en_UK/by_book/female/elizabeth_klett/jane_eyre/wavs/jane_eyre_28_f000344.wav|-0.0085
./fake/en/Llasa-8B/wives_and_daughters_28_f000145.wav|en_UK/by_book/female/elizabeth_klett/wives_and_daughters/wavs/wives_and_daughters_28_f000145.wav|en|True|7.48|['multi-dataset']|Llasa-8B|Llasa|For some reason or other, unknown to the Gibsons, a longer interval than usual occurred between Osborne's visits,|en_UK/by_book/female/elizabeth_klett/jane_eyre/wavs/jane_eyre_15_f000106.wav|0.2052
./fake/en/Llasa-8B/wives_and_daughters_28_f000044.wav|en_UK/by_book/female/elizabeth_klett/wives_and_daughters/wavs/wives_and_daughters_28_f000044.wav|en|True|11.36|['multi-dataset']|Llasa-8B|Llasa|He was thinking of the visit to London to sell his poems, and the run down to Winchester which he anticipated afterwards - the end of May had been the period fixed for this pleasure for some time,|en_UK/by_book/female/elizabeth_klett/wives_and_daughters/wavs/wives_and_daughters_23_f000177.wav|0.1198
./fake/en/Llasa-8B/skyisland_26_baum_64kb_f000067.wav|en_US/by_book/female/judy_bieber/sky_island/wavs/skyisland_26_baum_64kb_f000067.wav|en|True|10.44|['multi-dataset']|Llasa-8B|Llasa|I neglected to tell you that you're not the Boolooroo any more. We've got the Royal Record Book, and it proves you've already ruled this country longer than you had any right to.|en_US/by_book/female/judy_bieber/emerald_city_of_oz/wavs/emerald_city_of_oz_09_f000087.wav|0.2452
./fake/en/Llasa-8B/wives_and_daughters_52_f000145.wav|en_UK/by_book/female/elizabeth_klett/wives_and_daughters/wavs/wives_and_daughters_52_f000145.wav|en|True|10.0|['multi-dataset']|Llasa-8B|Llasa|and so, strengthening him physically, and encouraging him mentally, Mister Gibson hoped that he would begin his researches during Molly's absence.|en_US/by_book/male/elliot_miller/hunters_space/wavs/hunters_space_13_f000091.wav|0.0809
./fake/en/Llasa-8B/northandsouth_43_f000039.wav|en_US/by_book/female/mary_ann/northandsouth/wavs/northandsouth_43_f000039.wav|en|True|7.44|['multi-dataset']|Llasa-8B|Llasa|and his whole heart is set and bent upon this one thing, and Margaret Hale is not the girl to say him nay.|en_UK/by_book/female/elizabeth_klett/jane_eyre/wavs/jane_eyre_27_f000571.wav|0.2421
./fake/en/Llasa-8B/jane_eyre_24_f000050.wav|en_UK/by_book/female/elizabeth_klett/jane_eyre/wavs/jane_eyre_24_f000050.wav|en|True|11.66|['multi-dataset']|Llasa-8B|Llasa|I will attire my Jane in satin and lace, and she shall have roses in her hair; and I will cover the head I love best with a priceless veil.|en_US/by_book/male/elliot_miller/pink_fairy_book/wavs/pink_fairy_book_31_f000108.wav|-0.0660
./fake/en/Llasa-8B/silent_bullet_08_f000309.wav|en_US/by_book/male/elliot_miller/silent_bullet/wavs/silent_bullet_08_f000309.wav|en|True|17.84|['multi-dataset']|Llasa-8B|Llasa|That may keep some of the poison in his arm from spreading into the rest of his body. This is the only antidote known - artificial respiration.|en_US/by_book/male/elliot_miller/silent_bullet/wavs/silent_bullet_12_f000036.wav|0.0965
./fake/en/Llasa-8B/northandsouth_22_f000086.wav|en_US/by_book/female/mary_ann/northandsouth/wavs/northandsouth_22_f000086.wav|en|True|7.2|['multi-dataset']|Llasa-8B|Llasa|mister Thornton, said Margaret, shaking all over with her passion, go down this instant, if you are not a coward.|en_US/by_book/male/elliot_miller/poisoned_pen/wavs/poisoned_pen_12_f000174.wav|0.0900
./fake/en/Llasa-8B/emerald_city_of_oz_10_f000108.wav|en_US/by_book/female/judy_bieber/emerald_city_of_oz/wavs/emerald_city_of_oz_10_f000108.wav|en|True|5.04|['multi-dataset']|Llasa-8B|Llasa|if you will come with me, it will give me pleasure to show you over my paper kingdom.|en_US/by_book/female/judy_bieber/the_master_key/wavs/the_master_key_10_f000127.wav|0.2375
./fake/en/Llasa-8B/skyisland_21_baum_64kb_f000046.wav|en_US/by_book/female/judy_bieber/sky_island/wavs/skyisland_21_baum_64kb_f000046.wav|en|True|11.76|['multi-dataset']|Llasa-8B|Llasa|shouted to his followers to pursue the enemy, and hobbled after them as fast as he could make his wooden leg go, swinging his sharp stick as he advanced.|en_US/by_book/female/judy_bieber/sky_island/wavs/skyisland_17_baum_64kb_f000077.wav|0.1053
./fake/en/Llasa-8B/piratesofersatz_01_leinster_64kb_f000137.wav|en_US/by_book/male/elliot_miller/pirates_of_ersatz/wavs/piratesofersatz_01_leinster_64kb_f000137.wav|en|True|10.96|['multi-dataset']|Llasa-8B|Llasa|Your machine - killed him. He was outside the building at the foot of a tree. Your receptor killed him through a stone wall! It broke his bones and killed him.|en_UK/by_book/female/elizabeth_klett/wives_and_daughters/wavs/wives_and_daughters_27_f000052.wav|0.2088
./fake/en/Llasa-8B/jane_eyre_19_f000002.wav|en_UK/by_book/female/elizabeth_klett/jane_eyre/wavs/jane_eyre_19_f000002.wav|en|True|3.06|['multi-dataset']|Llasa-8B|Llasa|Recording by Elisabeth Klett.|en_UK/by_book/female/elizabeth_klett/wives_and_daughters/wavs/wives_and_daughters_32_f000093.wav|0.0439
./fake/en/Llasa-8B/wives_and_daughters_53_f000059.wav|en_UK/by_book/female/elizabeth_klett/wives_and_daughters/wavs/wives_and_daughters_53_f000059.wav|en|True|5.04|['multi-dataset']|Llasa-8B|Llasa|For what? Something must be done at last, said Molly.|en_US/by_book/female/judy_bieber/the_sea_fairies/wavs/the_sea_fairies_04_f000077.wav|0.2376
./fake/en/Llasa-8B/pink_fairy_book_12_f000081.wav|en_US/by_book/male/elliot_miller/pink_fairy_book/wavs/pink_fairy_book_12_f000081.wav|en|True|13.68|['multi-dataset']|Llasa-8B|Llasa|Perhaps the river will take me to Kay, thought Gerda. She glided down, past trees and fields, till she came to a large cherry garden, in which stood a little house with strange red and blue windows and a straw roof.|en_US/by_book/female/mary_ann/midnight_passenger/wavs/midnight_passenger_10_f000214.wav|0.2333
./fake/en/Llasa-8B/pink_fairy_book_38_f000095.wav|en_US/by_book/male/elliot_miller/pink_fairy_book/wavs/pink_fairy_book_38_f000095.wav|en|True|9.46|['multi-dataset']|Llasa-8B|Llasa|but no sooner did the little hare begin to feel the heat of the flames than he took some green bay leaves he had plucked for the purpose and held them in the middle of the fire,|en_UK/by_book/female/elizabeth_klett/jane_eyre/wavs/jane_eyre_27_f000262.wav|0.0800
./fake/en/Llasa-8B/dorothy_and_wizard_oz_14_f000133.wav|en_US/by_book/female/judy_bieber/dorothy_and_wizard_oz/wavs/dorothy_and_wizard_oz_14_f000133.wav|en|True|11.36|['multi-dataset']|Llasa-8B|Llasa|bathed in a grateful green light that was especially pleasing to their eyes, and surrounded by merry faced people in gorgeous green-and-gold costumes of many extraordinary designs.|en_UK/by_book/female/elizabeth_klett/wives_and_daughters/wavs/wives_and_daughters_17_f000031.wav|0.0987
./fake/en/Llasa-8B/emerald_city_of_oz_26_f000059.wav|en_US/by_book/female/judy_bieber/emerald_city_of_oz/wavs/emerald_city_of_oz_26_f000059.wav|en|True|7.4|['multi-dataset']|Llasa-8B|Llasa|True, she said, readily. I would like to discover a plan to save ourselves without fighting.|en_US/by_book/male/elliot_miller/pirates_of_ersatz/wavs/piratesofersatz_06_leinster_64kb_f000014.wav|0.2154
./fake/en/Llasa-8B/piratesofersatz_02_leinster_64kb_f000218.wav|en_US/by_book/male/elliot_miller/pirates_of_ersatz/wavs/piratesofersatz_02_leinster_64kb_f000218.wav|en|True|13.02|['multi-dataset']|Llasa-8B|Llasa|There were all sorts of public services that would be delighted to operate impressively in their own lines. There were bureaus which would rejoice in a chance to show off their efficiency.|en_UK/by_book/female/elizabeth_klett/wives_and_daughters/wavs/wives_and_daughters_50_f000199.wav|-0.0522
./fake/en/Llasa-8B/skyisland_12_baum_64kb_f000071.wav|en_US/by_book/female/judy_bieber/sky_island/wavs/skyisland_12_baum_64kb_f000071.wav|en|True|11.22|['multi-dataset']|Llasa-8B|Llasa|They gasped for breath and tried to hang on, and then suddenly the frog landed just at the edge of the Fog Bank, stopping so abruptly that his three riders left his back and shot far ahead of him.|en_US/by_book/female/judy_bieber/dorothy_and_wizard_oz/wavs/dorothy_and_wizard_oz_03_f000002.wav|0.2817
./fake/en/Llasa-8B/silent_bullet_06_f000124.wav|en_US/by_book/male/elliot_miller/silent_bullet/wavs/silent_bullet_06_f000124.wav|en|True|5.54|['multi-dataset']|Llasa-8B|Llasa|He laid them flat on the table and studied them for some minutes with evidently growing satisfaction.|en_US/by_book/male/elliot_miller/pirates_of_ersatz/wavs/piratesofersatz_03_leinster_64kb_f000153.wav|0.0837
./fake/en/Llasa-8B/wives_and_daughters_54_f000186.wav|en_UK/by_book/female/elizabeth_klett/wives_and_daughters/wavs/wives_and_daughters_54_f000186.wav|en|True|10.86|['multi-dataset']|Llasa-8B|Llasa|And my old favourite, Mister Henderson? She could not manage to slip in this last inquiry naturally; in spite of herself there was a change of tone, an accent of eagerness.|en_UK/by_book/female/elizabeth_klett/jane_eyre/wavs/jane_eyre_04_f000189.wav|-0.0274
./fake/en/Llasa-8B/jane_eyre_10_f000057.wav|en_UK/by_book/female/elizabeth_klett/jane_eyre/wavs/jane_eyre_10_f000057.wav|en|True|18.86|['multi-dataset']|Llasa-8B|Llasa|school-rules, school-duties, school-habits and notions, and voices, and faces, and phrases, and costumes, and preferences, and antipathies - such was what I knew of existence.|en_US/by_book/female/mary_ann/northandsouth/wavs/northandsouth_03_f000119.wav|0.0578
./fake/en/Llasa-8B/jane_eyre_24_f000339.wav|en_UK/by_book/female/elizabeth_klett/jane_eyre/wavs/jane_eyre_24_f000339.wav|en|True|3.8|['multi-dataset']|Llasa-8B|Llasa|That was a strange question to be put by his darling Jane.|en_US/by_book/female/judy_bieber/the_sea_fairies/wavs/the_sea_fairies_04_f000075.wav|0.0562
./fake/en/Llasa-8B/piratesofersatz_03_leinster_64kb_f000233.wav|en_US/by_book/male/elliot_miller/pirates_of_ersatz/wavs/piratesofersatz_03_leinster_64kb_f000233.wav|en|True|10.58|['multi-dataset']|Llasa-8B|Llasa|Hoddan painstakingly fastened his bag to the saddle of the lead horse. He unfastened the lead rope. He'd noticed that Thal pulled in the leather reins to stop the horse.|en_US/by_book/female/mary_ann/midnight_passenger/wavs/midnight_passenger_14_f000161.wav|-0.0604
./fake/en/Llasa-8B/midnight_passenger_13_f000161.wav|en_US/by_book/female/mary_ann/midnight_passenger/wavs/midnight_passenger_13_f000161.wav|en|True|5.32|['multi-dataset']|Llasa-8B|Llasa|The three men were as unmoved as sphinxes while McNerney led her along.|en_US/by_book/male/elliot_miller/pink_fairy_book/wavs/pink_fairy_book_39_f000056.wav|-0.0026
./fake/en/Llasa-8B/dorothy_and_wizard_oz_14_f000050.wav|en_US/by_book/female/judy_bieber/dorothy_and_wizard_oz/wavs/dorothy_and_wizard_oz_14_f000050.wav|en|True|5.42|['multi-dataset']|Llasa-8B|Llasa|You can ask Dorothy, said the little man, in an injured tone.|en_US/by_book/female/mary_ann/northandsouth/wavs/northandsouth_16_f000123.wav|-0.0687
./fake/en/Llasa-8B/wives_and_daughters_06_f000195.wav|en_UK/by_book/female/elizabeth_klett/wives_and_daughters/wavs/wives_and_daughters_06_f000195.wav|en|True|14.9|['multi-dataset']|Llasa-8B|Llasa|Who could he have married? she asked herself. Miss Eyre? Miss Browning? Miss Phoebe? Miss Goodenough? One by one, each of these was rejected for sufficient reasons.|en_US/by_book/male/elliot_miller/pink_fairy_book/wavs/pink_fairy_book_24_f000082.wav|-0.0221
./fake/en/Llasa-8B/northandsouth_21_f000141.wav|en_US/by_book/female/mary_ann/northandsouth/wavs/northandsouth_21_f000141.wav|en|True|4.6|['multi-dataset']|Llasa-8B|Llasa|she looked round and heard the first long far-off roll of the tempest;|en_US/by_book/male/elliot_miller/hunters_space/wavs/hunters_space_04_f000089.wav|0.1427
./fake/en/Llasa-8B/wives_and_daughters_14_f000023.wav|en_UK/by_book/female/elizabeth_klett/wives_and_daughters/wavs/wives_and_daughters_14_f000023.wav|en|True|5.54|['multi-dataset']|Llasa-8B|Llasa|but you'll like having Cynthia Kirkpatrick for a companion, shan't you, dear?|en_US/by_book/male/elliot_miller/pink_fairy_book/wavs/pink_fairy_book_26_f000113.wav|0.0999
./fake/en/Llasa-8B/wives_and_daughters_27_f000036.wav|en_UK/by_book/female/elizabeth_klett/wives_and_daughters/wavs/wives_and_daughters_27_f000036.wav|en|True|7.02|['multi-dataset']|Llasa-8B|Llasa|He went into the drawing-room, not quite aware that his father was following him.|en_UK/by_book/female/elizabeth_klett/jane_eyre/wavs/jane_eyre_18_f000268.wav|0.0990
./fake/en/Llasa-8B/wives_and_daughters_05_f000097.wav|en_UK/by_book/female/elizabeth_klett/wives_and_daughters/wavs/wives_and_daughters_05_f000097.wav|en|True|7.2|['multi-dataset']|Llasa-8B|Llasa|Mister Gibson took no notice of this speech, but went on - Inducing one of my servants to risk her place,|en_US/by_book/male/elliot_miller/pink_fairy_book/wavs/pink_fairy_book_40_f000218.wav|0.1285
./fake/en/Llasa-8B/pink_fairy_book_26_f000012.wav|en_US/by_book/male/elliot_miller/pink_fairy_book/wavs/pink_fairy_book_26_f000012.wav|en|True|9.5|['multi-dataset']|Llasa-8B|Llasa|Oh dear, what nonsense! exclaimed the elder; and, besides, what proof have we that you are speaking the truth?|en_US/by_book/female/judy_bieber/the_sea_fairies/wavs/the_sea_fairies_20_f000019.wav|0.1196
./fake/en/Llasa-8B/dorothy_and_wizard_oz_14_f000056.wav|en_US/by_book/female/judy_bieber/dorothy_and_wizard_oz/wavs/dorothy_and_wizard_oz_14_f000056.wav|en|True|5.34|['multi-dataset']|Llasa-8B|Llasa|because I need them, and you prob'ly need yours, too.|en_US/by_book/male/elliot_miller/poisoned_pen/wavs/poisoned_pen_02_f000180.wav|0.1822
./fake/en/Llasa-8B/rinkitink_baum_18_64kb_f000169.wav|en_US/by_book/female/judy_bieber/rinkitink_in_oz/wavs/rinkitink_baum_18_64kb_f000169.wav|en|True|6.54|['multi-dataset']|Llasa-8B|Llasa|He could not stay where he was, that was certain, so he resolved to make the attempt.|en_UK/by_book/female/elizabeth_klett/wives_and_daughters/wavs/wives_and_daughters_06_f000164.wav|0.0053
./fake/en/Llasa-8B/jane_eyre_28_f000187.wav|en_UK/by_book/female/elizabeth_klett/jane_eyre/wavs/jane_eyre_28_f000187.wav|en|True|3.3|['multi-dataset']|Llasa-8B|Llasa|lay between me and the dusky hill.|en_US/by_book/male/elliot_miller/poisoned_pen/wavs/poisoned_pen_06_f000244.wav|0.0984
./fake/en/Llasa-8B/wives_and_daughters_23_f000125.wav|en_UK/by_book/female/elizabeth_klett/wives_and_daughters/wavs/wives_and_daughters_23_f000125.wav|en|True|9.36|['multi-dataset']|Llasa-8B|Llasa|Osborne himself had thought only of how soon and how easily he could get the money requisite for clearing him from all imperious claims at Cambridge,|en_US/by_book/female/mary_ann/midnight_passenger/wavs/midnight_passenger_08_f000156.wav|-0.0061
./fake/en/Llasa-8B/dorothy_and_wizard_oz_19_f000066.wav|en_US/by_book/female/judy_bieber/dorothy_and_wizard_oz/wavs/dorothy_and_wizard_oz_19_f000066.wav|en|True|15.4|['multi-dataset']|Llasa-8B|Llasa|I refuse to be free, cried the kitten, in a sharp voice, unless the Wizard can do his trick with eight piglets. If he can produce but seven, then this is not the piglet that was lost, but another one.|en_US/by_book/female/judy_bieber/the_master_key/wavs/the_master_key_14_f000084.wav|0.3565
./fake/en/Llasa-8B/northandsouth_37_f000073.wav|en_US/by_book/female/mary_ann/northandsouth/wavs/northandsouth_37_f000073.wav|en|True|5.54|['multi-dataset']|Llasa-8B|Llasa|It was very evident that her father expected to see him, and was surprised that he did not come.|en_UK/by_book/female/elizabeth_klett/wives_and_daughters/wavs/wives_and_daughters_17_f000092.wav|0.3844
./fake/en/Llasa-8B/northandsouth_03_f000150.wav|en_US/by_book/female/mary_ann/northandsouth/wavs/northandsouth_03_f000150.wav|en|True|11.08|['multi-dataset']|Llasa-8B|Llasa|Do you-he was going to say-love any one else? But it seemed as if this question would be an insult to the pure serenity of those eyes.|en_UK/by_book/female/elizabeth_klett/jane_eyre/wavs/jane_eyre_14_f000017.wav|0.2217
./fake/en/Llasa-8B/midnight_passenger_05_f000025.wav|en_US/by_book/female/mary_ann/midnight_passenger/wavs/midnight_passenger_05_f000025.wav|en|True|9.36|['multi-dataset']|Llasa-8B|Llasa|He was only vaguely aware by rumor that Hugh Worthington and Miss Alice still lingered somewhere on the Pacific Coast.|en_US/by_book/male/elliot_miller/poisoned_pen/wavs/poisoned_pen_09_f000035.wav|-0.0092
./fake/en/Llasa-8B/jane_eyre_17_f000304.wav|en_UK/by_book/female/elizabeth_klett/jane_eyre/wavs/jane_eyre_17_f000304.wav|en|True|7.48|['multi-dataset']|Llasa-8B|Llasa|Every good, true, vigorous feeling I have gathers impulsively round him.|en_UK/by_book/female/elizabeth_klett/wives_and_daughters/wavs/wives_and_daughters_29_f000280.wav|0.0198
./fake/en/Llasa-8B/midnight_passenger_04_f000033.wav|en_US/by_book/female/mary_ann/midnight_passenger/wavs/midnight_passenger_04_f000033.wav|en|True|8.4|['multi-dataset']|Llasa-8B|Llasa|Some strange fellows are following me, spying upon me, my boy, said the man who now doubted all men but one,|en_US/by_book/female/judy_bieber/ozma_of_oz/wavs/ozma_of_oz_04_f000060.wav|0.0118
./fake/en/Llasa-8B/northandsouth_28_f000079.wav|en_US/by_book/female/mary_ann/northandsouth/wavs/northandsouth_28_f000079.wav|en|True|13.2|['multi-dataset']|Llasa-8B|Llasa|The d-- d fool, who has put his foot in all our plans! And Ive walked my feet sore wi going about for to see men who wouldnt be seen, now the law is raised again us.|en_UK/by_book/female/elizabeth_klett/wives_and_daughters/wavs/wives_and_daughters_23_f000009.wav|-0.1681
./fake/en/Llasa-8B/pink_fairy_book_32_f000177.wav|en_US/by_book/male/elliot_miller/pink_fairy_book/wavs/pink_fairy_book_32_f000177.wav|en|True|9.06|['multi-dataset']|Llasa-8B|Llasa|She therefore told her daughter to heat up the big oven while she was away, take Esben out of his prison, and roast him in there before she came back.|en_UK/by_book/female/elizabeth_klett/wives_and_daughters/wavs/wives_and_daughters_42_f000008.wav|-0.0384
./fake/en/Llasa-8B/midnight_passenger_11_f000011.wav|en_US/by_book/female/mary_ann/midnight_passenger/wavs/midnight_passenger_11_f000011.wav|en|True|7.16|['multi-dataset']|Llasa-8B|Llasa|He dared not disobey her positive injunctions. He feared to leave New York City and go to Detroit to meet her,|en_US/by_book/male/elliot_miller/pink_fairy_book/wavs/pink_fairy_book_39_f000008.wav|0.0541
./fake/en/Llasa-8B/skyisland_29_baum_64kb_f000026.wav|en_US/by_book/female/judy_bieber/sky_island/wavs/skyisland_29_baum_64kb_f000026.wav|en|True|9.36|['multi-dataset']|Llasa-8B|Llasa|The Royal Scribbler wrote it very nicely in pink ink, with a big capital letter at the beginning and a fine flourish at the end.|en_US/by_book/female/judy_bieber/emerald_city_of_oz/wavs/emerald_city_of_oz_24_f000065.wav|0.2455
./fake/en/Llasa-8B/wives_and_daughters_52_f000068.wav|en_UK/by_book/female/elizabeth_klett/wives_and_daughters/wavs/wives_and_daughters_52_f000068.wav|en|True|5.24|['multi-dataset']|Llasa-8B|Llasa|I beg your pardon; I did not see you at first. My mind is a good deal occupied just now.|en_US/by_book/male/elliot_miller/pink_fairy_book/wavs/pink_fairy_book_28_f000038.wav|0.0432
./fake/en/Llasa-8B/pink_fairy_book_04_f000038.wav|en_US/by_book/male/elliot_miller/pink_fairy_book/wavs/pink_fairy_book_04_f000038.wav|en|True|6.62|['multi-dataset']|Llasa-8B|Llasa|And when she was asleep, the old man shook his head over her, and let her fall into the cellar.|en_US/by_book/female/mary_ann/northandsouth/wavs/northandsouth_19_f000207.wav|0.1570
./fake/en/Llasa-8B/jane_eyre_20_f000312.wav|en_UK/by_book/female/elizabeth_klett/jane_eyre/wavs/jane_eyre_20_f000312.wav|en|True|7.4|['multi-dataset']|Llasa-8B|Llasa|but they would have had to wait many minutes - so long was the silence protracted.|en_US/by_book/female/mary_ann/northandsouth/wavs/northandsouth_15_f000256.wav|0.0023
./fake/en/Llasa-8B/pink_fairy_book_34_f000023.wav|en_US/by_book/male/elliot_miller/pink_fairy_book/wavs/pink_fairy_book_34_f000023.wav|en|True|13.26|['multi-dataset']|Llasa-8B|Llasa|Next morning she baked for her the finest cakes, and dressed her prettily to go out with the sheep. But she was afraid to go away there without having a stick to defend herself with if anything should come near her.|en_UK/by_book/female/elizabeth_klett/jane_eyre/wavs/jane_eyre_11_f000034.wav|0.2072
./fake/en/Llasa-8B/northandsouth_08_f000094.wav|en_US/by_book/female/mary_ann/northandsouth/wavs/northandsouth_08_f000094.wav|en|True|6.98|['multi-dataset']|Llasa-8B|Llasa|the power of the machinery of Milton, the power of the men of Milton, impressed him with a sense of grandeur,|en_US/by_book/female/judy_bieber/ozma_of_oz/wavs/ozma_of_oz_02_f000018.wav|0.2892
./fake/en/Llasa-8B/wives_and_daughters_12_f000146.wav|en_UK/by_book/female/elizabeth_klett/wives_and_daughters/wavs/wives_and_daughters_12_f000146.wav|en|True|5.96|['multi-dataset']|Llasa-8B|Llasa|or they want a mother for their children; or they think their last wife would have liked it.|en_US/by_book/female/mary_ann/northandsouth/wavs/northandsouth_48_f000063.wav|0.1126
./fake/en/Llasa-8B/poisoned_pen_12_f000115.wav|en_US/by_book/male/elliot_miller/poisoned_pen/wavs/poisoned_pen_12_f000115.wav|en|True|2.84|['multi-dataset']|Llasa-8B|Llasa|You're not offended at my kicking over the traces, are you?|en_US/by_book/male/elliot_miller/silent_bullet/wavs/silent_bullet_11_f000253.wav|0.0432
./fake/en/Llasa-8B/emerald_city_of_oz_22_f000076.wav|en_US/by_book/female/judy_bieber/emerald_city_of_oz/wavs/emerald_city_of_oz_22_f000076.wav|en|True|5.62|['multi-dataset']|Llasa-8B|Llasa|to satisfy the desire for information on the part of the one who has made the inquiry by|en_US/by_book/female/mary_ann/northandsouth/wavs/northandsouth_11_f000036.wav|0.0927
./fake/en/Llasa-8B/wives_and_daughters_38_f000101.wav|en_UK/by_book/female/elizabeth_klett/wives_and_daughters/wavs/wives_and_daughters_38_f000101.wav|en|True|6.92|['multi-dataset']|Llasa-8B|Llasa|The same request was repeated on her return; but it so happened that he had not seen her either time;|en_UK/by_book/female/elizabeth_klett/jane_eyre/wavs/jane_eyre_27_f000375.wav|0.3068
./fake/en/Llasa-8B/poisoned_pen_03_f000183.wav|en_US/by_book/male/elliot_miller/poisoned_pen/wavs/poisoned_pen_03_f000183.wav|en|True|9.56|['multi-dataset']|Llasa-8B|Llasa|None of us dares touch it. Oh, Professor Kennedy, it is dreadful, dreadful. And I cannot find Boris - mister|en_US/by_book/female/judy_bieber/sky_island/wavs/skyisland_20_baum_64kb_f000039.wav|0.3034
./fake/en/Llasa-8B/midnight_passenger_03_f000102.wav|en_US/by_book/female/mary_ann/midnight_passenger/wavs/midnight_passenger_03_f000102.wav|en|True|11.36|['multi-dataset']|Llasa-8B|Llasa|There was only a mawkish color reprint of Mary Stuart and Rizzio parading its faded romance in the show window. Resolutely entering, he quickly called for the proprietor.|en_US/by_book/female/judy_bieber/ozma_of_oz/wavs/ozma_of_oz_02_f000065.wav|0.1113
./fake/en/Llasa-8B/the_master_key_14_f000084.wav|en_US/by_book/female/judy_bieber/the_master_key/wavs/the_master_key_14_f000084.wav|en|True|18.6|['multi-dataset']|Llasa-8B|Llasa|Thereafter they all avoided coming near the boy, and in a surprisingly short time the Turkish forces were entirely conquered, all having been reduced to unconsciousness except a few cowards who had run away and hidden in the cellars or garrets of the houses.|en_UK/by_book/female/elizabeth_klett/wives_and_daughters/wavs/wives_and_daughters_26_f000015.wav|0.0940
./fake/en/Llasa-8B/wives_and_daughters_14_f000193.wav|en_UK/by_book/female/elizabeth_klett/wives_and_daughters/wavs/wives_and_daughters_14_f000193.wav|en|True|9.96|['multi-dataset']|Llasa-8B|Llasa|the midday saunter into the garden, brilliant with autumnal flowers and glittering dew-drops on the gossamer webs that stretched from scarlet to blue,|en_US/by_book/male/elliot_miller/silent_bullet/wavs/silent_bullet_02_f000279.wav|0.0838
./fake/en/Llasa-8B/midnight_passenger_06_f000036.wav|en_US/by_book/female/mary_ann/midnight_passenger/wavs/midnight_passenger_06_f000036.wav|en|True|6.9|['multi-dataset']|Llasa-8B|Llasa|While Clayton, at last, saw Madame Raffoni cautiously approaching, in his superb Fifth Avenue residence,|en_UK/by_book/female/elizabeth_klett/wives_and_daughters/wavs/wives_and_daughters_38_f000117.wav|0.1620
./fake/en/Llasa-8B/poisoned_pen_03_f000266.wav|en_US/by_book/male/elliot_miller/poisoned_pen/wavs/poisoned_pen_03_f000266.wav|en|True|13.32|['multi-dataset']|Llasa-8B|Llasa|I have analysed them, and find them to be a peculiar species of blasting-gelatine. It is made at only one factory in this country, and I have a list of purchasers for some time back.|en_US/by_book/female/mary_ann/northandsouth/wavs/northandsouth_14_f000089.wav|0.4249
./fake/en/Llasa-8B/poisoned_pen_01_f000086.wav|en_US/by_book/male/elliot_miller/poisoned_pen/wavs/poisoned_pen_01_f000086.wav|en|True|7.7|['multi-dataset']|Llasa-8B|Llasa|That's a thing we must follow up later, remarked Kennedy as we made our adieus. Just now I want to get the facts in hand.|en_US/by_book/male/elliot_miller/pirates_of_ersatz/wavs/piratesofersatz_12_leinster_64kb_f000079.wav|0.4349
./fake/en/Llasa-8B/the_sea_fairies_03_f000077.wav|en_US/by_book/female/judy_bieber/the_sea_fairies/wavs/the_sea_fairies_03_f000077.wav|en|True|7.34|['multi-dataset']|Llasa-8B|Llasa|Never fear, said Merla, I'll take care of you on our journey, and in our palaces you will find no sharks at all.|en_UK/by_book/female/elizabeth_klett/jane_eyre/wavs/jane_eyre_20_f000152.wav|0.0118
./fake/en/Llasa-8B/midnight_passenger_10_f000201.wav|en_US/by_book/female/mary_ann/midnight_passenger/wavs/midnight_passenger_10_f000201.wav|en|True|7.3|['multi-dataset']|Llasa-8B|Llasa|Robert Wade, with indignation against Ferris brutal treatment, announced the policy of a united resistance,|en_UK/by_book/female/elizabeth_klett/wives_and_daughters/wavs/wives_and_daughters_54_f000147.wav|0.2239
./fake/en/Llasa-8B/rinkitink_baum_21_64kb_f000014.wav|en_US/by_book/female/judy_bieber/rinkitink_in_oz/wavs/rinkitink_baum_21_64kb_f000014.wav|en|True|3.66|['multi-dataset']|Llasa-8B|Llasa|Doesn't she like the nomes? inquired the boy.|en_US/by_book/female/mary_ann/northandsouth/wavs/northandsouth_39_f000056.wav|0.2860
./fake/en/Llasa-8B/ozma_of_oz_07_f000064.wav|en_US/by_book/female/judy_bieber/ozma_of_oz/wavs/ozma_of_oz_07_f000064.wav|en|True|4.68|['multi-dataset']|Llasa-8B|Llasa|followed by all her company, except the Lion and the Tiger.|en_UK/by_book/female/elizabeth_klett/wives_and_daughters/wavs/wives_and_daughters_02_f000255.wav|0.1099
./fake/en/Llasa-8B/jane_eyre_20_f000129.wav|en_UK/by_book/female/elizabeth_klett/jane_eyre/wavs/jane_eyre_20_f000129.wav|en|True|9.72|['multi-dataset']|Llasa-8B|Llasa|that the impetuous will of the latter held complete sway over the inertness of the former: the few words which had passed between them assured me of this.|en_US/by_book/male/elliot_miller/poisoned_pen/wavs/poisoned_pen_12_f000408.wav|0.3559
./fake/en/Llasa-8B/wives_and_daughters_17_f000024.wav|en_UK/by_book/female/elizabeth_klett/wives_and_daughters/wavs/wives_and_daughters_17_f000024.wav|en|True|9.36|['multi-dataset']|Llasa-8B|Llasa|Then he returned to the sofa; looked at her for a minute or two, and then softly kissed her, and told Molly he would leave her in charge.|en_US/by_book/female/judy_bieber/the_sea_fairies/wavs/the_sea_fairies_04_f000077.wav|0.3648
./fake/en/Llasa-8B/midnight_passenger_12_f000013.wav|en_US/by_book/female/mary_ann/midnight_passenger/wavs/midnight_passenger_12_f000013.wav|en|True|4.6|['multi-dataset']|Llasa-8B|Llasa|The long, weary hours of the night had brought him one consolation.|en_US/by_book/female/judy_bieber/emerald_city_of_oz/wavs/emerald_city_of_oz_26_f000059.wav|0.1275
./fake/en/Llasa-8B/ozma_of_oz_18_f000018.wav|en_US/by_book/female/judy_bieber/ozma_of_oz/wavs/ozma_of_oz_18_f000018.wav|en|True|15.32|['multi-dataset']|Llasa-8B|Llasa|Dorothy now stepped forward and said: Royal Ozma, and you, Queen of Ev, I welcome you and your people back to the land of the living.|en_US/by_book/female/mary_ann/northandsouth/wavs/northandsouth_03_f000150.wav|0.0676
./fake/en/Llasa-8B/wives_and_daughters_21_f000161.wav|en_UK/by_book/female/elizabeth_klett/wives_and_daughters/wavs/wives_and_daughters_21_f000161.wav|en|True|6.54|['multi-dataset']|Llasa-8B|Llasa|If it was not a very merry affair for all the individuals concerned, it was a very noisy one on the whole.|en_US/by_book/male/elliot_miller/hunters_space/wavs/hunters_space_16_f000049.wav|0.0175
./fake/en/Llasa-8B/silent_bullet_02_f000279.wav|en_US/by_book/male/elliot_miller/silent_bullet/wavs/silent_bullet_02_f000279.wav|en|True|9.76|['multi-dataset']|Llasa-8B|Llasa|Now, mister Jameson, if you will sit at that typewriter over there and write - anything so long as you keep the keys clicking.|en_US/by_book/female/judy_bieber/dorothy_and_wizard_oz/wavs/dorothy_and_wizard_oz_08_f000054.wav|0.0057
./fake/en/Llasa-8B/wives_and_daughters_46_f000129.wav|en_UK/by_book/female/elizabeth_klett/wives_and_daughters/wavs/wives_and_daughters_46_f000129.wav|en|True|7.7|['multi-dataset']|Llasa-8B|Llasa|And as for Missis Dawes, she was too anxious to get into the genteelest of all Hollingford society to object to whatever Miss Browning who,|en_UK/by_book/female/elizabeth_klett/wives_and_daughters/wavs/wives_and_daughters_44_f000020.wav|-0.0005
./fake/en/Llasa-8B/wives_and_daughters_37_f000245.wav|en_UK/by_book/female/elizabeth_klett/wives_and_daughters/wavs/wives_and_daughters_37_f000245.wav|en|True|10.64|['multi-dataset']|Llasa-8B|Llasa|Molly could not imagine how she had at one time wished for her father's eyes to be opened, and how she could ever have fancied that if they were,|en_US/by_book/male/elliot_miller/poisoned_pen/wavs/poisoned_pen_07_f000259.wav|0.1049
./fake/en/Llasa-8B/northandsouth_10_f000117.wav|en_US/by_book/female/mary_ann/northandsouth/wavs/northandsouth_10_f000117.wav|en|True|7.22|['multi-dataset']|Llasa-8B|Llasa|There can be no doubt, too, of the tyranny they exercised over their work-people.|en_UK/by_book/female/elizabeth_klett/wives_and_daughters/wavs/wives_and_daughters_60_f000376.wav|-0.0723
./fake/en/Llasa-8B/the_master_key_04_f000026.wav|en_US/by_book/female/judy_bieber/the_master_key/wavs/the_master_key_04_f000026.wav|en|True|5.58|['multi-dataset']|Llasa-8B|Llasa|What! exclaimed his father, looking at him in surprise, it's your favorite soup.|en_US/by_book/male/elliot_miller/silent_bullet/wavs/silent_bullet_11_f000253.wav|0.0025
./fake/en/Llasa-8B/pink_fairy_book_33_f000033.wav|en_US/by_book/male/elliot_miller/pink_fairy_book/wavs/pink_fairy_book_33_f000033.wav|en|True|14.9|['multi-dataset']|Llasa-8B|Llasa|Good gracious, no! she replied. Run a little quicker and you will be able to stop me, and I shall be for ever grateful. That is what comes of talking in a garden, she added in disgust;|en_US/by_book/female/mary_ann/midnight_passenger/wavs/midnight_passenger_12_f000133.wav|0.1194
./fake/en/Llasa-8B/midnight_passenger_03_f000317.wav|en_US/by_book/female/mary_ann/midnight_passenger/wavs/midnight_passenger_03_f000317.wav|en|True|6.9|['multi-dataset']|Llasa-8B|Llasa|The hardest work is thus veiled from the public. The impresario is always a wily individual.|en_US/by_book/female/mary_ann/northandsouth/wavs/northandsouth_43_f000039.wav|0.0031
./fake/en/Llasa-8B/skyisland_04_baum_64kb_f000044.wav|en_US/by_book/female/judy_bieber/sky_island/wavs/skyisland_04_baum_64kb_f000044.wav|en|True|15.56|['multi-dataset']|Llasa-8B|Llasa|But none of these fanciful, vapory creatures seemed inclined to molest them or to interfere with their flight, and after a while the umbrella dipped below this queer cloudland and entered a clear space where the sky was of an exquisite blue color.|en_US/by_book/male/elliot_miller/hunters_space/wavs/hunters_space_11_f000122.wav|-0.0201
./fake/en/Llasa-8B/rinkitink_baum_09_64kb_f000052.wav|en_US/by_book/female/judy_bieber/rinkitink_in_oz/wavs/rinkitink_baum_09_64kb_f000052.wav|en|True|5.76|['multi-dataset']|Llasa-8B|Llasa|When she tried them on her feet, they fitted as well as if made for her.|en_US/by_book/female/mary_ann/northandsouth/wavs/northandsouth_05_f000035.wav|0.0988
./fake/en/Llasa-8B/silent_bullet_05_f000146.wav|en_US/by_book/male/elliot_miller/silent_bullet/wavs/silent_bullet_05_f000146.wav|en|True|11.36|['multi-dataset']|Llasa-8B|Llasa|Up and down the floor, around and under the bed he pushed the cleaner. He used the various attachments to clean the curtains, the walls, and even the furniture.|en_UK/by_book/female/elizabeth_klett/wives_and_daughters/wavs/wives_and_daughters_50_f000207.wav|-0.0906
./fake/en/Llasa-8B/jane_eyre_28_f000171.wav|en_UK/by_book/female/elizabeth_klett/jane_eyre/wavs/jane_eyre_28_f000171.wav|en|True|6.4|['multi-dataset']|Llasa-8B|Llasa|Well lass, replied a voice within, give it her if she's a beggar. T pig doesn't want it.|en_UK/by_book/female/elizabeth_klett/jane_eyre/wavs/jane_eyre_29_f000024.wav|0.0451
./fake/en/Llasa-8B/pink_fairy_book_12_f000214.wav|en_US/by_book/male/elliot_miller/pink_fairy_book/wavs/pink_fairy_book_12_f000214.wav|en|True|2.94|['multi-dataset']|Llasa-8B|Llasa|Gerda lay awake for some time.|en_UK/by_book/female/elizabeth_klett/wives_and_daughters/wavs/wives_and_daughters_54_f000186.wav|0.0199
./fake/en/Llasa-8B/poisoned_pen_03_f000244.wav|en_US/by_book/male/elliot_miller/poisoned_pen/wavs/poisoned_pen_03_f000244.wav|en|True|18.6|['multi-dataset']|Llasa-8B|Llasa|Well, I exclaimed, this all is truly Russian. For intrigue they are certainly the leaders of the world to-day. There is only one person that I have any real confidence in,|en_US/by_book/male/elliot_miller/pirates_of_ersatz/wavs/piratesofersatz_02_leinster_64kb_f000218.wav|0.1690
./fake/en/Llasa-8B/jane_eyre_27_f000332.wav|en_UK/by_book/female/elizabeth_klett/jane_eyre/wavs/jane_eyre_27_f000332.wav|en|True|6.48|['multi-dataset']|Llasa-8B|Llasa|You already know what she was, and how my liaison with her terminated.|en_US/by_book/female/mary_ann/midnight_passenger/wavs/midnight_passenger_13_f000161.wav|0.0992
./fake/en/Llasa-8B/wives_and_daughters_07_f000063.wav|en_UK/by_book/female/elizabeth_klett/wives_and_daughters/wavs/wives_and_daughters_07_f000063.wav|en|True|7.34|['multi-dataset']|Llasa-8B|Llasa|has given us such a capital reason, I shall keep Molly for a real long visitation.|en_US/by_book/female/judy_bieber/emerald_city_of_oz/wavs/emerald_city_of_oz_14_f000094.wav|0.3205
./fake/en/Llasa-8B/northandsouth_15_f000034.wav|en_US/by_book/female/mary_ann/northandsouth/wavs/northandsouth_15_f000034.wav|en|True|11.16|['multi-dataset']|Llasa-8B|Llasa|The lodge-door was like a common garden-door; on one side of it were great closed gates for the ingress and egress of lorries and wagons.|en_US/by_book/female/mary_ann/midnight_passenger/wavs/midnight_passenger_10_f000201.wav|0.1312
./fake/en/Llasa-8B/pink_fairy_book_38_f000165.wav|en_US/by_book/male/elliot_miller/pink_fairy_book/wavs/pink_fairy_book_38_f000165.wav|en|True|6.76|['multi-dataset']|Llasa-8B|Llasa|The hyaenas soon came up to him and said, Tell me, friend, have you seen the little hare go by?|en_US/by_book/male/elliot_miller/hunters_space/wavs/hunters_space_14_f000002.wav|0.0394
./fake/en/Llasa-8B/jane_eyre_25_f000056.wav|en_UK/by_book/female/elizabeth_klett/jane_eyre/wavs/jane_eyre_25_f000056.wav|en|True|9.78|['multi-dataset']|Llasa-8B|Llasa|How late it grows! I said. I will run down to the gates: it is moonlight at intervals; I can see a good way on the road.|en_US/by_book/female/judy_bieber/emerald_city_of_oz/wavs/emerald_city_of_oz_10_f000050.wav|-0.0199
./fake/en/Llasa-8B/jane_eyre_15_f000072.wav|en_UK/by_book/female/elizabeth_klett/jane_eyre/wavs/jane_eyre_15_f000072.wav|en|True|13.38|['multi-dataset']|Llasa-8B|Llasa|then I closed the casement, all but a chink just wide enough to furnish an outlet to lovers whispered vows: then I stole back to my chair;|en_US/by_book/male/elliot_miller/pink_fairy_book/wavs/pink_fairy_book_10_f000097.wav|-0.0124
./fake/en/Llasa-8B/wives_and_daughters_04_f000082.wav|en_UK/by_book/female/elizabeth_klett/wives_and_daughters/wavs/wives_and_daughters_04_f000082.wav|en|True|5.76|['multi-dataset']|Llasa-8B|Llasa|Use my purse as freely as if it was your own, Gibson, he was wont to say.|en_US/by_book/female/judy_bieber/the_sea_fairies/wavs/the_sea_fairies_04_f000148.wav|0.0423
./fake/en/Llasa-8B/jane_eyre_27_f000049.wav|en_UK/by_book/female/elizabeth_klett/jane_eyre/wavs/jane_eyre_27_f000049.wav|en|True|6.2|['multi-dataset']|Llasa-8B|Llasa|I must leave him, it appears. I do not want to leave him - I cannot leave him.|en_US/by_book/male/elliot_miller/pink_fairy_book/wavs/pink_fairy_book_33_f000103.wav|-0.0162
./fake/en/Llasa-8B/wives_and_daughters_16_f000089.wav|en_UK/by_book/female/elizabeth_klett/wives_and_daughters/wavs/wives_and_daughters_16_f000089.wav|en|True|10.22|['multi-dataset']|Llasa-8B|Llasa|and after a while, when Cynthia and her great French boxes had come home, the old furniture that had filled up the space required for the fresh importation of trunks,|en_UK/by_book/female/elizabeth_klett/wives_and_daughters/wavs/wives_and_daughters_03_f000088.wav|0.1336
./fake/en/Llasa-8B/northandsouth_35_f000096.wav|en_US/by_book/female/mary_ann/northandsouth/wavs/northandsouth_35_f000096.wav|en|True|8.78|['multi-dataset']|Llasa-8B|Llasa|What would be the end of it? She could not have considered all she was entering upon; if there was an inquest and the young man came forward.|en_US/by_book/female/mary_ann/northandsouth/wavs/northandsouth_38_f000034.wav|0.1096
./fake/en/Llasa-8B/silent_bullet_03_f000070.wav|en_US/by_book/male/elliot_miller/silent_bullet/wavs/silent_bullet_03_f000070.wav|en|True|11.3|['multi-dataset']|Llasa-8B|Llasa|Miss Bond was completely prostrated by the death of her uncle, he said, and was in an extremely nervous condition. Meanwhile if we found any need of a machine we might use his uncles,|en_US/by_book/female/mary_ann/northandsouth/wavs/northandsouth_47_f000053.wav|0.1828
./fake/en/Llasa-8B/poisoned_pen_06_f000244.wav|en_US/by_book/male/elliot_miller/poisoned_pen/wavs/poisoned_pen_06_f000244.wav|en|True|9.66|['multi-dataset']|Llasa-8B|Llasa|Cork it again and the gas bubbles cease to rise and finally disappear. If you make a pin-hole in the cork the gas will escape slowly, without a bubble.|en_US/by_book/female/judy_bieber/dorothy_and_wizard_oz/wavs/dorothy_and_wizard_oz_09_f000042.wav|0.1991
./fake/en/Llasa-8B/northandsouth_35_f000262.wav|en_US/by_book/female/mary_ann/northandsouth/wavs/northandsouth_35_f000262.wav|en|True|10.94|['multi-dataset']|Llasa-8B|Llasa|It was some months since he had been so talkative as he was this day. He would not let her sit up, and offended Dixon desperately by insisting on waiting upon her himself.|en_US/by_book/female/judy_bieber/the_sea_fairies/wavs/the_sea_fairies_07_f000128.wav|0.1091
./fake/en/Llasa-8B/skyisland_15_baum_64kb_f000034.wav|en_US/by_book/female/judy_bieber/sky_island/wavs/skyisland_15_baum_64kb_f000034.wav|en|True|12.96|['multi-dataset']|Llasa-8B|Llasa|After a pleasant evening, during which no reference was made to their being prisoners, they were shown to prettily furnished rooms all in pink and slept soundly in the soft beds provided for them.|en_US/by_book/female/judy_bieber/emerald_city_of_oz/wavs/emerald_city_of_oz_05_f000083.wav|0.1835
./fake/en/Llasa-8B/jane_eyre_33_f000207.wav|en_UK/by_book/female/elizabeth_klett/jane_eyre/wavs/jane_eyre_33_f000207.wav|en|True|4.82|['multi-dataset']|Llasa-8B|Llasa|I now clapped my hands in sudden joy - my pulse bounded, my veins thrilled.|en_UK/by_book/female/elizabeth_klett/wives_and_daughters/wavs/wives_and_daughters_09_f000085.wav|0.0894
./fake/en/Llasa-8B/silent_bullet_13_f000264.wav|en_US/by_book/male/elliot_miller/silent_bullet/wavs/silent_bullet_13_f000264.wav|en|True|8.78|['multi-dataset']|Llasa-8B|Llasa|My head was in a whirl. What would that gay throng back of those darkened windows down the street think if they knew what was being prepared for them?|en_UK/by_book/female/elizabeth_klett/wives_and_daughters/wavs/wives_and_daughters_38_f000128.wav|0.2372
./fake/en/Llasa-8B/the_master_key_13_f000079.wav|en_US/by_book/female/judy_bieber/the_master_key/wavs/the_master_key_13_f000079.wav|en|True|13.1|['multi-dataset']|Llasa-8B|Llasa|The other Turks raised their comrade to his feet, and the three stared at one another in surprise, being unable to understand how a bound prisoner could so effectually defend himself.|en_US/by_book/male/elliot_miller/pink_fairy_book/wavs/pink_fairy_book_14_f000006.wav|0.0917
./fake/en/Llasa-8B/jane_eyre_22_f000042.wav|en_UK/by_book/female/elizabeth_klett/jane_eyre/wavs/jane_eyre_22_f000042.wav|en|True|5.6|['multi-dataset']|Llasa-8B|Llasa|and I dwelt on and analysed their separate peculiarities of person and character.|en_US/by_book/female/mary_ann/northandsouth/wavs/northandsouth_16_f000022.wav|0.1701
./fake/en/Llasa-8B/northandsouth_37_f000074.wav|en_US/by_book/female/mary_ann/northandsouth/wavs/northandsouth_37_f000074.wav|en|True|6.96|['multi-dataset']|Llasa-8B|Llasa|The truth was, that there were points in their conversation the other night on which they had no time then to enlarge;|en_US/by_book/female/mary_ann/midnight_passenger/wavs/midnight_passenger_14_f000243.wav|0.1585
./fake/en/Llasa-8B/poisoned_pen_02_f000305.wav|en_US/by_book/male/elliot_miller/poisoned_pen/wavs/poisoned_pen_02_f000305.wav|en|True|9.0|['multi-dataset']|Llasa-8B|Llasa|The Gay Cat is still unconscious, Jameson is groggy, and I have a bad scalp wound. They are trying to beat in our barricade. Hurry.|en_UK/by_book/female/elizabeth_klett/wives_and_daughters/wavs/wives_and_daughters_35_f000221.wav|0.2206
./fake/en/Llasa-8B/wives_and_daughters_17_f000043.wav|en_UK/by_book/female/elizabeth_klett/wives_and_daughters/wavs/wives_and_daughters_17_f000043.wav|en|True|4.76|['multi-dataset']|Llasa-8B|Llasa|as they might very probably have been if she had been in her former sleeping-room.|en_US/by_book/female/mary_ann/northandsouth/wavs/northandsouth_11_f000132.wav|0.1357
./fake/en/Llasa-8B/dorothy_and_wizard_oz_13_f000068.wav|en_US/by_book/female/judy_bieber/dorothy_and_wizard_oz/wavs/dorothy_and_wizard_oz_13_f000068.wav|en|True|2.88|['multi-dataset']|Llasa-8B|Llasa|so that we can not crawl out to get you.|en_US/by_book/male/elliot_miller/pink_fairy_book/wavs/pink_fairy_book_20_f000013.wav|0.2766
./fake/en/Llasa-8B/the_master_key_10_f000127.wav|en_US/by_book/female/judy_bieber/the_master_key/wavs/the_master_key_10_f000127.wav|en|True|3.94|['multi-dataset']|Llasa-8B|Llasa|Their use would give some folks unfair advantage over others, you know.|en_US/by_book/female/judy_bieber/ozma_of_oz/wavs/ozma_of_oz_02_f000018.wav|0.0652
./fake/en/Llasa-8B/northandsouth_51_f000043.wav|en_US/by_book/female/mary_ann/northandsouth/wavs/northandsouth_51_f000043.wav|en|True|5.9|['multi-dataset']|Llasa-8B|Llasa|And now come down with me, and rest on the sofa for a quarter of an hour.|en_UK/by_book/female/elizabeth_klett/jane_eyre/wavs/jane_eyre_05_f000200.wav|0.0358
./fake/en/Llasa-8B/northandsouth_41_f000119.wav|en_US/by_book/female/mary_ann/northandsouth/wavs/northandsouth_41_f000119.wav|en|True|6.18|['multi-dataset']|Llasa-8B|Llasa|Among them she came to four or five of mister Henry Lennoxs, relating to Fredericks affairs;|en_US/by_book/female/judy_bieber/sky_island/wavs/skyisland_20_baum_64kb_f000010.wav|0.2814
./fake/en/Llasa-8B/jane_eyre_12_f000132.wav|en_UK/by_book/female/elizabeth_klett/jane_eyre/wavs/jane_eyre_12_f000132.wav|en|True|5.9|['multi-dataset']|Llasa-8B|Llasa|sir, at so late an hour, in this solitary lane, till I see you are fit to mount your horse.|en_US/by_book/male/elliot_miller/pink_fairy_book/wavs/pink_fairy_book_19_f000065.wav|-0.0096
./fake/en/Llasa-8B/midnight_passenger_01_f000054.wav|en_US/by_book/female/mary_ann/midnight_passenger/wavs/midnight_passenger_01_f000054.wav|en|True|10.94|['multi-dataset']|Llasa-8B|Llasa|the knowledge that the eye of the secret agent would surely follow him, in all the pleasures incident to his time of life and rising financial station.|en_US/by_book/female/judy_bieber/the_master_key/wavs/the_master_key_13_f000079.wav|0.0877
./fake/en/Llasa-8B/northandsouth_48_f000063.wav|en_US/by_book/female/mary_ann/northandsouth/wavs/northandsouth_48_f000063.wav|en|True|9.76|['multi-dataset']|Llasa-8B|Llasa|and no longer looked upon her as a friend, that Margaret came to think that she had expressed too harsh an opinion for the relief of her own wounded pride,|en_UK/by_book/female/elizabeth_klett/jane_eyre/wavs/jane_eyre_29_f000203.wav|0.1909
./fake/en/Llasa-8B/wives_and_daughters_29_f000131.wav|en_UK/by_book/female/elizabeth_klett/wives_and_daughters/wavs/wives_and_daughters_29_f000131.wav|en|True|5.64|['multi-dataset']|Llasa-8B|Llasa|There was a twinkle in his eye as he said this, that would have betrayed his humour to any observer;|en_US/by_book/female/mary_ann/midnight_passenger/wavs/midnight_passenger_05_f000030.wav|0.2193
./fake/en/Llasa-8B/northandsouth_03_f000028.wav|en_US/by_book/female/mary_ann/northandsouth/wavs/northandsouth_03_f000028.wav|en|True|4.22|['multi-dataset']|Llasa-8B|Llasa|The carpet was far from new; the chintz had been often washed;|en_US/by_book/male/elliot_miller/pink_fairy_book/wavs/pink_fairy_book_21_f000052.wav|0.2400
./fake/en/Llasa-8B/pink_fairy_book_26_f000113.wav|en_US/by_book/male/elliot_miller/pink_fairy_book/wavs/pink_fairy_book_26_f000113.wav|en|True|5.94|['multi-dataset']|Llasa-8B|Llasa|The old witch had enchanted you, but now she is dead and you are free.|en_US/by_book/male/elliot_miller/pirates_of_ersatz/wavs/piratesofersatz_09_leinster_64kb_f000140.wav|0.0418
./fake/en/Llasa-8B/wives_and_daughters_44_f000020.wav|en_UK/by_book/female/elizabeth_klett/wives_and_daughters/wavs/wives_and_daughters_44_f000020.wav|en|True|17.82|['multi-dataset']|Llasa-8B|Llasa|In the drawing-room, for instance, she might constantly be disturbed by callers; and the dining-room is so - so what shall I call it?|en_US/by_book/female/judy_bieber/emerald_city_of_oz/wavs/emerald_city_of_oz_04_f000053.wav|0.2275
./fake/en/Llasa-8B/the_sea_fairies_04_f000010.wav|en_US/by_book/female/judy_bieber/the_sea_fairies/wavs/the_sea_fairies_04_f000010.wav|en|True|5.4|['multi-dataset']|Llasa-8B|Llasa|What bothers me most is how we manage to breathe, havin' no gills like fishes have.|en_US/by_book/male/elliot_miller/silent_bullet/wavs/silent_bullet_06_f000111.wav|-0.0703
./fake/en/Llasa-8B/northandsouth_01_f000024.wav|en_US/by_book/female/mary_ann/northandsouth/wavs/northandsouth_01_f000024.wav|en|True|9.72|['multi-dataset']|Llasa-8B|Llasa|Edith had rolled herself up into a soft ball of muslin and ribbon, and silken curls, and gone off into a peaceful little after-dinner nap.|en_US/by_book/female/mary_ann/northandsouth/wavs/northandsouth_38_f000023.wav|0.1254
./fake/en/Llasa-8B/jane_eyre_10_f000105.wav|en_UK/by_book/female/elizabeth_klett/jane_eyre/wavs/jane_eyre_10_f000105.wav|en|True|8.84|['multi-dataset']|Llasa-8B|Llasa|that might or might not be awaiting me at the little burgh whither I was bound, than of the charms of lea and water.|en_UK/by_book/female/elizabeth_klett/wives_and_daughters/wavs/wives_and_daughters_52_f000153.wav|0.3684
./fake/en/Llasa-8B/pink_fairy_book_14_f000088.wav|en_US/by_book/male/elliot_miller/pink_fairy_book/wavs/pink_fairy_book_14_f000088.wav|en|True|3.44|['multi-dataset']|Llasa-8B|Llasa|so that all of these were now loaded except one.|en_US/by_book/female/mary_ann/midnight_passenger/wavs/midnight_passenger_10_f000095.wav|0.1245
./fake/en/Llasa-8B/piratesofersatz_10_leinster_64kb_f000029.wav|en_US/by_book/male/elliot_miller/pirates_of_ersatz/wavs/piratesofersatz_10_leinster_64kb_f000029.wav|en|True|11.22|['multi-dataset']|Llasa-8B|Llasa|Hoddan's jaw dropped. The people of Colin wanted planet-subduing machinery. They wanted it so badly that they did not want anything else.|en_US/by_book/male/elliot_miller/pink_fairy_book/wavs/pink_fairy_book_11_f000001.wav|-0.0075
./fake/en/Llasa-8B/jane_eyre_20_f000087.wav|en_UK/by_book/female/elizabeth_klett/jane_eyre/wavs/jane_eyre_20_f000087.wav|en|True|7.98|['multi-dataset']|Llasa-8B|Llasa|Hold the candle, said Mister Rochester, and I took it: he fetched a basin of water from the washstand: Hold that, said he.|en_US/by_book/female/judy_bieber/sky_island/wavs/skyisland_02_baum_64kb_f000059.wav|0.1764
./fake/en/Llasa-8B/hunters_space_16_f000010.wav|en_US/by_book/male/elliot_miller/hunters_space/wavs/hunters_space_16_f000010.wav|en|True|11.36|['multi-dataset']|Llasa-8B|Llasa|Grim Hagen's shirt was scorched and tattered. It was falling from his lean shoulders. His face was seamed and lined. The muscles upon his neck stood out in cords.|en_US/by_book/female/judy_bieber/emerald_city_of_oz/wavs/emerald_city_of_oz_28_f000068.wav|0.0112
./fake/en/Llasa-8B/jane_eyre_32_f000182.wav|en_UK/by_book/female/elizabeth_klett/jane_eyre/wavs/jane_eyre_32_f000182.wav|en|True|4.46|['multi-dataset']|Llasa-8B|Llasa|Strange indeed! I could not help ejaculating.|en_UK/by_book/female/elizabeth_klett/jane_eyre/wavs/jane_eyre_28_f000118.wav|0.0211
./fake/en/Llasa-8B/northandsouth_44_f000102.wav|en_US/by_book/female/mary_ann/northandsouth/wavs/northandsouth_44_f000102.wav|en|True|7.04|['multi-dataset']|Llasa-8B|Llasa|I know it, said Margaret. Oh, here is tea at last! exclaimed she, as if relieved.|en_US/by_book/male/elliot_miller/pirates_of_ersatz/wavs/piratesofersatz_04_leinster_64kb_f000184.wav|-0.0414
./fake/en/Llasa-8B/wives_and_daughters_27_f000081.wav|en_UK/by_book/female/elizabeth_klett/wives_and_daughters/wavs/wives_and_daughters_27_f000081.wav|en|True|6.5|['multi-dataset']|Llasa-8B|Llasa|Osborne had kept on replying to his unreasonable grumblings, which had only added to his anger;|en_US/by_book/female/judy_bieber/emerald_city_of_oz/wavs/emerald_city_of_oz_21_f000029.wav|0.1402
./fake/en/Llasa-8B/northandsouth_43_f000149.wav|en_US/by_book/female/mary_ann/northandsouth/wavs/northandsouth_43_f000149.wav|en|True|7.92|['multi-dataset']|Llasa-8B|Llasa|and she and  Missis Shaw consulted as to the desirableness of delaying the morrows journey.|en_US/by_book/female/judy_bieber/rinkitink_in_oz/wavs/rinkitink_baum_18_64kb_f000156.wav|0.1308
./fake/en/Llasa-8B/wives_and_daughters_47_f000117.wav|en_UK/by_book/female/elizabeth_klett/wives_and_daughters/wavs/wives_and_daughters_47_f000117.wav|en|True|8.44|['multi-dataset']|Llasa-8B|Llasa|Oh, don't call them lies, sister; it's such a strong, ugly word.|en_US/by_book/male/elliot_miller/poisoned_pen/wavs/poisoned_pen_03_f000183.wav|-0.0341
./fake/en/Llasa-8B/dorothy_and_wizard_oz_03_f000056.wav|en_US/by_book/female/judy_bieber/dorothy_and_wizard_oz/wavs/dorothy_and_wizard_oz_03_f000056.wav|en|True|4.38|['multi-dataset']|Llasa-8B|Llasa|and if you will show me a way to get out of it, I'll go with pleasure.|en_US/by_book/female/judy_bieber/sky_island/wavs/skyisland_24_baum_64kb_f000051.wav|-0.0047
./fake/en/Llasa-8B/wives_and_daughters_11_f000104.wav|en_UK/by_book/female/elizabeth_klett/wives_and_daughters/wavs/wives_and_daughters_11_f000104.wav|en|True|11.3|['multi-dataset']|Llasa-8B|Llasa|I have known some gentlemen annoyed beyond measure by the merest trifles; leaving a door open, or spilling tea in their saucers, or a shawl crookedly put on.|en_US/by_book/male/elliot_miller/pink_fairy_book/wavs/pink_fairy_book_12_f000081.wav|0.2160
./fake/en/Llasa-8B/jane_eyre_29_f000203.wav|en_UK/by_book/female/elizabeth_klett/jane_eyre/wavs/jane_eyre_29_f000203.wav|en|True|6.28|['multi-dataset']|Llasa-8B|Llasa|Mister Rivers, I said, turning to him, and looking at him, as he looked at me, openly and without diffidence,|en_US/by_book/male/elliot_miller/pink_fairy_book/wavs/pink_fairy_book_19_f000100.wav|0.0929
./fake/en/Llasa-8B/wives_and_daughters_01_f000133.wav|en_UK/by_book/female/elizabeth_klett/wives_and_daughters/wavs/wives_and_daughters_01_f000133.wav|en|True|7.88|['multi-dataset']|Llasa-8B|Llasa|Well, perhaps she does; I never said she did not. I knew there was one visitor of the name of Browning;|en_US/by_book/female/judy_bieber/sky_island/wavs/skyisland_02_baum_64kb_f000059.wav|0.0972
./fake/en/Llasa-8B/northandsouth_39_f000160.wav|en_US/by_book/female/mary_ann/northandsouth/wavs/northandsouth_39_f000160.wav|en|True|3.48|['multi-dataset']|Llasa-8B|Llasa|and if there was a tinge of bitterness in much of what she said;|en_UK/by_book/female/elizabeth_klett/jane_eyre/wavs/jane_eyre_37_f000413.wav|0.1237
./fake/en/Llasa-8B/northandsouth_22_f000141.wav|en_US/by_book/female/mary_ann/northandsouth/wavs/northandsouth_22_f000141.wav|en|True|13.52|['multi-dataset']|Llasa-8B|Llasa|She lay like one dead on mister Thorntons shoulder. Then he unfolded his arms, and held her encircled in one for an instant:|en_US/by_book/female/mary_ann/northandsouth/wavs/northandsouth_46_f000245.wav|0.1369
./fake/en/Llasa-8B/northandsouth_42_f000012.wav|en_US/by_book/female/mary_ann/northandsouth/wavs/northandsouth_42_f000012.wav|en|True|11.36|['multi-dataset']|Llasa-8B|Llasa|which had been one of the plans he had formed on the journey to Milton, her physical exhaustion was evidently too complete for her to undertake any such fatigue-putting the sight that she would have to encounter out of the question.|en_US/by_book/female/judy_bieber/the_sea_fairies/wavs/the_sea_fairies_06_f000001.wav|0.1805
./fake/en/Llasa-8B/midnight_passenger_15_f000154.wav|en_US/by_book/female/mary_ann/midnight_passenger/wavs/midnight_passenger_15_f000154.wav|en|True|6.76|['multi-dataset']|Llasa-8B|Llasa|Why are you telling me all these things? suddenly said Alice Worthington, her cheeks paling in a strange dismay.|en_US/by_book/male/elliot_miller/pink_fairy_book/wavs/pink_fairy_book_12_f000209.wav|0.0473
./fake/en/Llasa-8B/jane_eyre_37_f000036.wav|en_UK/by_book/female/elizabeth_klett/jane_eyre/wavs/jane_eyre_37_f000036.wav|en|True|8.82|['multi-dataset']|Llasa-8B|Llasa|The caged eagle, whose gold-ringed eyes cruelty has extinguished, might look as looked that sightless Samson.|en_US/by_book/male/elliot_miller/silent_bullet/wavs/silent_bullet_03_f000070.wav|0.2344
./fake/en/Llasa-8B/the_master_key_20_f000137.wav|en_US/by_book/female/judy_bieber/the_master_key/wavs/the_master_key_20_f000137.wav|en|True|9.56|['multi-dataset']|Llasa-8B|Llasa|The room filled with a flash of white light so like a sheet of lightning that the boy went reeling backwards, half stunned and blinded by its dazzling intensity.|en_US/by_book/female/judy_bieber/the_sea_fairies/wavs/the_sea_fairies_04_f000079.wav|0.0671
./fake/en/Llasa-8B/hunters_space_05_f000107.wav|en_US/by_book/male/elliot_miller/hunters_space/wavs/hunters_space_05_f000107.wav|en|True|12.6|['multi-dataset']|Llasa-8B|Llasa|We improved it. In the beginning, when it brought our ancestors here, it must have been comparatively slow. But during the past forty years we learned much from your scientists about space.|en_US/by_book/female/mary_ann/midnight_passenger/wavs/midnight_passenger_13_f000201.wav|0.1004
./fake/en/Llasa-8B/the_sea_fairies_02_f000002.wav|en_US/by_book/female/judy_bieber/the_sea_fairies/wavs/the_sea_fairies_02_f000002.wav|en|True|9.78|['multi-dataset']|Llasa-8B|Llasa|The next morning, as soon as Trot had helped wipe the breakfast dishes and put them away in the cupboard, the little girl and Captain Bill started out toward the bluff.|en_US/by_book/female/mary_ann/midnight_passenger/wavs/midnight_passenger_06_f000114.wav|0.2081
./fake/en/Llasa-8B/jane_eyre_09_f000130.wav|en_UK/by_book/female/elizabeth_klett/jane_eyre/wavs/jane_eyre_09_f000130.wav|en|True|7.2|['multi-dataset']|Llasa-8B|Llasa|Why are you come here, Jane? It is past eleven o'clock: I heard it strike some minutes since.|en_US/by_book/male/elliot_miller/pirates_of_ersatz/wavs/piratesofersatz_01_leinster_64kb_f000019.wav|-0.0631
./fake/en/Llasa-8B/midnight_passenger_14_f000035.wav|en_US/by_book/female/mary_ann/midnight_passenger/wavs/midnight_passenger_14_f000035.wav|en|True|10.66|['multi-dataset']|Llasa-8B|Llasa|So he did, drily answered Stillwell. He gets one hundred thousand dollars in clear settlement of all his claims for legal services for the past five years,|en_UK/by_book/female/elizabeth_klett/wives_and_daughters/wavs/wives_and_daughters_10_f000308.wav|0.0668
./fake/en/Llasa-8B/piratesofersatz_04_leinster_64kb_f000203.wav|en_US/by_book/male/elliot_miller/pirates_of_ersatz/wavs/piratesofersatz_04_leinster_64kb_f000203.wav|en|True|3.08|['multi-dataset']|Llasa-8B|Llasa|and all the frenzied tumult of combat in the dark.|en_US/by_book/male/elliot_miller/pirates_of_ersatz/wavs/piratesofersatz_10_leinster_64kb_f000096.wav|0.3422
./fake/en/Llasa-8B/silent_bullet_13_f000179.wav|en_US/by_book/male/elliot_miller/silent_bullet/wavs/silent_bullet_13_f000179.wav|en|True|13.46|['multi-dataset']|Llasa-8B|Llasa|You talk like a professor I had at the university, ejaculated DeLong contemptuously as Craig finished his disquisition on the practical fallibility of theoretically infallible systems.|en_UK/by_book/female/elizabeth_klett/wives_and_daughters/wavs/wives_and_daughters_28_f000237.wav|-0.0770
./fake/en/Llasa-8B/northandsouth_39_f000056.wav|en_US/by_book/female/mary_ann/northandsouth/wavs/northandsouth_39_f000056.wav|en|True|4.88|['multi-dataset']|Llasa-8B|Llasa|He refused you, then? said Margaret, sorrowfully.|en_UK/by_book/female/elizabeth_klett/jane_eyre/wavs/jane_eyre_20_f000087.wav|0.0316
./fake/en/Llasa-8B/jane_eyre_34_f000088.wav|en_UK/by_book/female/elizabeth_klett/jane_eyre/wavs/jane_eyre_34_f000088.wav|en|True|6.4|['multi-dataset']|Llasa-8B|Llasa|he feared, indeed, I must have bestowed more thought on the matter than it was worth.|en_UK/by_book/female/elizabeth_klett/wives_and_daughters/wavs/wives_and_daughters_10_f000238.wav|0.1741
./fake/en/Llasa-8B/northandsouth_21_f000037.wav|en_US/by_book/female/mary_ann/northandsouth/wavs/northandsouth_21_f000037.wav|en|True|9.72|['multi-dataset']|Llasa-8B|Llasa|To be sure, I shall. I felt like a great hypocrite to-night, sitting there in my white silk gown, with my idle hands before me,|en_UK/by_book/female/elizabeth_klett/jane_eyre/wavs/jane_eyre_27_f000510.wav|0.1334
./fake/en/Llasa-8B/dorothy_and_wizard_oz_14_f000114.wav|en_US/by_book/female/judy_bieber/dorothy_and_wizard_oz/wavs/dorothy_and_wizard_oz_14_f000114.wav|en|True|4.82|['multi-dataset']|Llasa-8B|Llasa|But she's a girl now, and the sweetest, loveliest girl in all the world.|en_US/by_book/female/judy_bieber/rinkitink_in_oz/wavs/rinkitink_baum_17_64kb_f000070.wav|0.1645
./fake/en/Llasa-8B/jane_eyre_04_f000081.wav|en_UK/by_book/female/elizabeth_klett/jane_eyre/wavs/jane_eyre_04_f000081.wav|en|True|4.76|['multi-dataset']|Llasa-8B|Llasa|and thus clearing a space in the glass through which I might look out on the grounds,|en_US/by_book/female/mary_ann/northandsouth/wavs/northandsouth_25_f000113.wav|0.0885
./fake/en/Llasa-8B/jane_eyre_18_f000247.wav|en_UK/by_book/female/elizabeth_klett/jane_eyre/wavs/jane_eyre_18_f000247.wav|en|True|9.5|['multi-dataset']|Llasa-8B|Llasa|Yes - yes - yes! cried all the juveniles, both ladies and gentlemen. Let her come - it will be excellent sport!|en_US/by_book/female/judy_bieber/dorothy_and_wizard_oz/wavs/dorothy_and_wizard_oz_01_f000016.wav|0.1441
./fake/en/Llasa-8B/midnight_passenger_10_f000222.wav|en_US/by_book/female/mary_ann/midnight_passenger/wavs/midnight_passenger_10_f000222.wav|en|True|7.48|['multi-dataset']|Llasa-8B|Llasa|I can soon whip in those railroad chiefs of his. Have little to do with him, but be civil - that's all.|en_US/by_book/female/mary_ann/northandsouth/wavs/northandsouth_31_f000139.wav|0.0133
./fake/en/Llasa-8B/wives_and_daughters_50_f000009.wav|en_UK/by_book/female/elizabeth_klett/wives_and_daughters/wavs/wives_and_daughters_50_f000009.wav|en|True|11.22|['multi-dataset']|Llasa-8B|Llasa|Cynthia's whole manner was more quiet than it had been, when the weight of her unpleasant secret rested on her mind, and made her alternately despondent or flighty.|en_UK/by_book/female/elizabeth_klett/jane_eyre/wavs/jane_eyre_26_f000090.wav|0.0729
./fake/en/Llasa-8B/wives_and_daughters_20_f000028.wav|en_UK/by_book/female/elizabeth_klett/wives_and_daughters/wavs/wives_and_daughters_20_f000028.wav|en|True|5.68|['multi-dataset']|Llasa-8B|Llasa|Oh! but he might keep a brougham! I've often said so.|en_US/by_book/female/judy_bieber/rinkitink_in_oz/wavs/rinkitink_baum_08_64kb_f000040.wav|0.1364
./fake/en/Llasa-8B/skyisland_20_baum_64kb_f000039.wav|en_US/by_book/female/judy_bieber/sky_island/wavs/skyisland_20_baum_64kb_f000039.wav|en|True|8.84|['multi-dataset']|Llasa-8B|Llasa|They paid no attention to the fact that Ghip-Ghisizzle did not want to marry any of them, for they had determined that when it was agreed who should have him,|en_UK/by_book/female/elizabeth_klett/jane_eyre/wavs/jane_eyre_12_f000033.wav|0.1656
./fake/en/Llasa-8B/piratesofersatz_10_leinster_64kb_f000088.wav|en_US/by_book/male/elliot_miller/pirates_of_ersatz/wavs/piratesofersatz_10_leinster_64kb_f000088.wav|en|True|12.96|['multi-dataset']|Llasa-8B|Llasa|They looked estimatingly at the tool-shop equipment. It could be made to duplicate itselfThe new machine shop, in the ancient ark of space, made another machine shop for another ship.|en_US/by_book/male/elliot_miller/pink_fairy_book/wavs/pink_fairy_book_15_f000023.wav|0.2621
./fake/en/Llasa-8B/ozma_of_oz_18_f000047.wav|en_US/by_book/female/judy_bieber/ozma_of_oz/wavs/ozma_of_oz_18_f000047.wav|en|True|6.64|['multi-dataset']|Llasa-8B|Llasa|I think that is true, said the Scarecrow. But I have another idea, due to my excellent brains.|en_US/by_book/female/judy_bieber/the_master_key/wavs/the_master_key_04_f000092.wav|0.2342
./fake/en/Llasa-8B/wives_and_daughters_03_f000088.wav|en_UK/by_book/female/elizabeth_klett/wives_and_daughters/wavs/wives_and_daughters_03_f000088.wav|en|True|11.52|['multi-dataset']|Llasa-8B|Llasa|Yet the annoyance he felt at this dull sense of imperfectly fulfilled duties only made his sarcasms on their inefficiency, or stupidity, or ill manners, more bitter than before.|en_US/by_book/male/elliot_miller/poisoned_pen/wavs/poisoned_pen_11_f000387.wav|0.0321
./fake/en/Llasa-8B/pink_fairy_book_26_f000122.wav|en_US/by_book/male/elliot_miller/pink_fairy_book/wavs/pink_fairy_book_26_f000122.wav|en|True|11.76|['multi-dataset']|Llasa-8B|Llasa|When the old king heard the news he welcomed him as a son, and made ready a feast, and all the court sat down. And in the evening, when the young man was alone with his wife,|en_US/by_book/female/mary_ann/northandsouth/wavs/northandsouth_21_f000037.wav|0.3646
./fake/en/Llasa-8B/the_master_key_05_f000019.wav|en_US/by_book/female/judy_bieber/the_master_key/wavs/the_master_key_05_f000019.wav|en|True|13.2|['multi-dataset']|Llasa-8B|Llasa|There were two open spaces, one on each side of the island, and Rob saw that these spaces were occupied by queer-looking huts built from brushwood and branches of trees.|en_US/by_book/female/judy_bieber/emerald_city_of_oz/wavs/emerald_city_of_oz_04_f000058.wav|0.6626
./fake/en/Llasa-8B/midnight_passenger_08_f000211.wav|en_US/by_book/female/mary_ann/midnight_passenger/wavs/midnight_passenger_08_f000211.wav|en|True|7.2|['multi-dataset']|Llasa-8B|Llasa|It was merry enough in Magdal's Pharmacy that Fourth of July night, while Arthur Ferris, rage in his heart,|en_US/by_book/female/mary_ann/midnight_passenger/wavs/midnight_passenger_03_f000257.wav|0.1628
./fake/en/Llasa-8B/wives_and_daughters_36_f000113.wav|en_UK/by_book/female/elizabeth_klett/wives_and_daughters/wavs/wives_and_daughters_36_f000113.wav|en|True|5.06|['multi-dataset']|Llasa-8B|Llasa|It's quite enough, little one. It's a great relief.|en_US/by_book/female/judy_bieber/the_sea_fairies/wavs/the_sea_fairies_03_f000115.wav|-0.1815
./fake/en/Llasa-8B/midnight_passenger_13_f000163.wav|en_US/by_book/female/mary_ann/midnight_passenger/wavs/midnight_passenger_13_f000163.wav|en|True|9.06|['multi-dataset']|Llasa-8B|Llasa|He had only a leather valise; no diamonds. I saw no money, and I was with the sick woman. Mister Clayton loved her, and used to come and see her.|en_US/by_book/female/judy_bieber/emerald_city_of_oz/wavs/emerald_city_of_oz_16_f000088.wav|0.0911
./fake/en/Llasa-8B/wives_and_daughters_18_f000187.wav|en_UK/by_book/female/elizabeth_klett/wives_and_daughters/wavs/wives_and_daughters_18_f000187.wav|en|True|9.86|['multi-dataset']|Llasa-8B|Llasa|Not at all. It is I who am disturbing you. I must just write a letter for the post, and then I shall be gone. Is not this open door too cold for you?|en_UK/by_book/female/elizabeth_klett/jane_eyre/wavs/jane_eyre_23_f000038.wav|0.2028
./fake/en/Llasa-8B/pink_fairy_book_32_f000173.wav|en_US/by_book/male/elliot_miller/pink_fairy_book/wavs/pink_fairy_book_32_f000173.wav|en|True|11.58|['multi-dataset']|Llasa-8B|Llasa|So Esben was fed for a while longer on sweet milk and nut-kernels, until one day the witch thought that now he must surely be fat enough, and told her daughter again to go and cut a finger off him.|en_UK/by_book/female/elizabeth_klett/jane_eyre/wavs/jane_eyre_34_f000481.wav|0.0273
./fake/en/Llasa-8B/northandsouth_24_f000033.wav|en_US/by_book/female/mary_ann/northandsouth/wavs/northandsouth_24_f000033.wav|en|True|7.58|['multi-dataset']|Llasa-8B|Llasa|One moment, he glowed with impatience at the thought that she might do this, the next, he feared a passionate rejection,|en_US/by_book/female/judy_bieber/sky_island/wavs/skyisland_30_baum_64kb_f000019.wav|0.1300
./fake/en/Llasa-8B/northandsouth_36_f000074.wav|en_US/by_book/female/mary_ann/northandsouth/wavs/northandsouth_36_f000074.wav|en|True|9.36|['multi-dataset']|Llasa-8B|Llasa|Government takes care o fools and madmen; and if any man is inclined to do himsel or his neighbour a hurt, it puts a bit of a check on him, whether he likes it or no.|en_UK/by_book/female/elizabeth_klett/wives_and_daughters/wavs/wives_and_daughters_56_f000121.wav|0.4006
./fake/en/Llasa-8B/poisoned_pen_10_f000093.wav|en_US/by_book/male/elliot_miller/poisoned_pen/wavs/poisoned_pen_10_f000093.wav|en|True|3.88|['multi-dataset']|Llasa-8B|Llasa|What about the partner? What role does he play in your suspicions?|en_US/by_book/male/elliot_miller/pink_fairy_book/wavs/pink_fairy_book_19_f000068.wav|0.2396
./fake/en/Llasa-8B/pink_fairy_book_24_f000015.wav|en_US/by_book/male/elliot_miller/pink_fairy_book/wavs/pink_fairy_book_24_f000015.wav|en|True|13.1|['multi-dataset']|Llasa-8B|Llasa|This time she was not afraid at all, and ran towards him, washing the wound and laying soothing herbs upon it; and when she had bound it up the lion thanked her in the same manner as before.|en_US/by_book/female/mary_ann/northandsouth/wavs/northandsouth_21_f000045.wav|-0.0217
./fake/en/Llasa-8B/the_sea_fairies_15_f000069.wav|en_US/by_book/female/judy_bieber/the_sea_fairies/wavs/the_sea_fairies_15_f000069.wav|en|True|5.24|['multi-dataset']|Llasa-8B|Llasa|Then if we could escape from this castle, we could swim up to the hole in the dome and get free!|en_US/by_book/female/judy_bieber/dorothy_and_wizard_oz/wavs/dorothy_and_wizard_oz_01_f000016.wav|0.1042
./fake/en/Llasa-8B/wives_and_daughters_09_f000099.wav|en_UK/by_book/female/elizabeth_klett/wives_and_daughters/wavs/wives_and_daughters_09_f000099.wav|en|True|6.9|['multi-dataset']|Llasa-8B|Llasa|Till my lady's dying day, if Providence keeps her in her senses, she'll have everything done her own way, or not at all.|en_UK/by_book/female/elizabeth_klett/jane_eyre/wavs/jane_eyre_36_f000024.wav|0.1211
./fake/en/Llasa-8B/hunters_space_02_f000028.wav|en_US/by_book/male/elliot_miller/hunters_space/wavs/hunters_space_02_f000028.wav|en|True|15.68|['multi-dataset']|Llasa-8B|Llasa|Not even a single out-cropping. The wall was smooth and glassy as though at one time, for ages and ages, water had flown down it and had left a glossy coating upon its face.|en_UK/by_book/female/elizabeth_klett/jane_eyre/wavs/jane_eyre_04_f000189.wav|-0.0152
./fake/en/Llasa-8B/poisoned_pen_06_f000229.wav|en_US/by_book/male/elliot_miller/poisoned_pen/wavs/poisoned_pen_06_f000229.wav|en|True|5.76|['multi-dataset']|Llasa-8B|Llasa|too many cases of the bends, too many deaths, too many delays to the work.|en_UK/by_book/female/elizabeth_klett/wives_and_daughters/wavs/wives_and_daughters_44_f000016.wav|0.4108
./fake/en/Llasa-8B/jane_eyre_36_f000082.wav|en_UK/by_book/female/elizabeth_klett/jane_eyre/wavs/jane_eyre_36_f000082.wav|en|True|8.16|['multi-dataset']|Llasa-8B|Llasa|A peep, and then a long stare; and then a departure from my niche and a straying out into the meadow;|en_UK/by_book/female/elizabeth_klett/wives_and_daughters/wavs/wives_and_daughters_35_f000220.wav|0.2159
./fake/en/Llasa-8B/jane_eyre_31_f000155.wav|en_UK/by_book/female/elizabeth_klett/jane_eyre/wavs/jane_eyre_31_f000155.wav|en|True|3.64|['multi-dataset']|Llasa-8B|Llasa|Not to-night, Miss Rosamond, not to-night.|en_US/by_book/female/mary_ann/northandsouth/wavs/northandsouth_19_f000066.wav|0.1606
./fake/en/Llasa-8B/northandsouth_37_f000068.wav|en_US/by_book/female/mary_ann/northandsouth/wavs/northandsouth_37_f000068.wav|en|True|5.76|['multi-dataset']|Llasa-8B|Llasa|and she had used the word chivalric-and her father had corrected her with the higher word, Christian;|en_UK/by_book/female/elizabeth_klett/wives_and_daughters/wavs/wives_and_daughters_27_f000036.wav|0.1928
./fake/en/Llasa-8B/emerald_city_of_oz_09_f000055.wav|en_US/by_book/female/judy_bieber/emerald_city_of_oz/wavs/emerald_city_of_oz_09_f000055.wav|en|True|9.14|['multi-dataset']|Llasa-8B|Llasa|Once free of the Emerald City the Sawhorse dashed away at tremendous speed. Indeed, he went so fast that Aunt Em had hard work to catch her breath,|en_UK/by_book/female/elizabeth_klett/wives_and_daughters/wavs/wives_and_daughters_18_f000206.wav|0.0905
./fake/en/Llasa-8B/midnight_passenger_06_f000104.wav|en_US/by_book/female/mary_ann/midnight_passenger/wavs/midnight_passenger_06_f000104.wav|en|True|4.82|['multi-dataset']|Llasa-8B|Llasa|His heart panted for the day when they could be all in all to each other.|en_US/by_book/female/judy_bieber/the_sea_fairies/wavs/the_sea_fairies_06_f000151.wav|-0.0475
./fake/en/Llasa-8B/pink_fairy_book_12_f000209.wav|en_US/by_book/male/elliot_miller/pink_fairy_book/wavs/pink_fairy_book_12_f000209.wav|en|True|12.52|['multi-dataset']|Llasa-8B|Llasa|The robber-girl looked at her very seriously, and nodded her head, saying, They shall not kill you, even if you are naughty, for then I will kill you myself!|en_US/by_book/female/mary_ann/northandsouth/wavs/northandsouth_19_f000056.wav|0.0785
./fake/en/Llasa-8B/wives_and_daughters_09_f000081.wav|en_UK/by_book/female/elizabeth_klett/wives_and_daughters/wavs/wives_and_daughters_09_f000081.wav|en|True|5.04|['multi-dataset']|Llasa-8B|Llasa|She went on in something of this kind of manner as long as Lord Cumnor remained at the Towers.|en_US/by_book/female/judy_bieber/emerald_city_of_oz/wavs/emerald_city_of_oz_10_f000070.wav|0.2312
./fake/en/Llasa-8B/poisoned_pen_07_f000052.wav|en_US/by_book/male/elliot_miller/poisoned_pen/wavs/poisoned_pen_07_f000052.wav|en|True|18.74|['multi-dataset']|Llasa-8B|Llasa|He is a fascinating, romantic sort of fellow, one that, I imagine, possesses much attraction for a girl who has been brought up as simply as Georgette was,|en_US/by_book/male/elliot_miller/pirates_of_ersatz/wavs/piratesofersatz_03_leinster_64kb_f000078.wav|-0.0923
./fake/en/Llasa-8B/ozma_of_oz_16_f000017.wav|en_US/by_book/female/judy_bieber/ozma_of_oz/wavs/ozma_of_oz_16_f000017.wav|en|True|9.5|['multi-dataset']|Llasa-8B|Llasa|Then I thank you for the gracious favor, said the Queen, with a graceful courtesy. But, my children tell me, I beg of you where are my children?|en_UK/by_book/female/elizabeth_klett/jane_eyre/wavs/jane_eyre_07_f000129.wav|0.2768
./fake/en/Llasa-8B/hunters_space_18_f000049.wav|en_US/by_book/male/elliot_miller/hunters_space/wavs/hunters_space_18_f000049.wav|en|True|9.5|['multi-dataset']|Llasa-8B|Llasa|One side of his face was barely recognizable. Gunnar was badly burned. He had been thrust through at least a dozen times. But Gunnar lived.|en_US/by_book/male/elliot_miller/pink_fairy_book/wavs/pink_fairy_book_26_f000113.wav|0.3954
./fake/en/Llasa-8B/poisoned_pen_03_f000041.wav|en_US/by_book/male/elliot_miller/poisoned_pen/wavs/poisoned_pen_03_f000041.wav|en|True|9.06|['multi-dataset']|Llasa-8B|Llasa|Upstairs in a small back room we found the venerable Saratovsky, tossing, half-delirious with the fever, on a disordered bed.|en_UK/by_book/female/elizabeth_klett/jane_eyre/wavs/jane_eyre_02_f000116.wav|0.0465
./fake/en/Llasa-8B/rinkitink_baum_09_64kb_f000036.wav|en_US/by_book/female/judy_bieber/rinkitink_in_oz/wavs/rinkitink_baum_09_64kb_f000036.wav|en|True|11.3|['multi-dataset']|Llasa-8B|Llasa|That was foolish, for Choggenmugger could run like the wind. In a moment it overtook the charcoal burner and snapped its four rows of sharp teeth together.|en_US/by_book/female/mary_ann/northandsouth/wavs/northandsouth_25_f000104.wav|0.0719
./fake/en/Llasa-8B/silent_bullet_09_f000281.wav|en_US/by_book/male/elliot_miller/silent_bullet/wavs/silent_bullet_09_f000281.wav|en|True|15.26|['multi-dataset']|Llasa-8B|Llasa|If you will go over in your mind all the points proved to have been discovered - not the added points in the Record story - I think you will agree with me that mine is a more logical interpretation than spontaneous combustion, reasoned Craig.|en_US/by_book/male/elliot_miller/poisoned_pen/wavs/poisoned_pen_05_f000078.wav|0.1647
./fake/en/Llasa-8B/jane_eyre_17_f000060.wav|en_UK/by_book/female/elizabeth_klett/jane_eyre/wavs/jane_eyre_17_f000060.wav|en|True|2.72|['multi-dataset']|Llasa-8B|Llasa|no one pitied her solitude or isolation.|en_US/by_book/male/elliot_miller/hunters_space/wavs/hunters_space_02_f000007.wav|0.1184
./fake/en/Llasa-8B/the_sea_fairies_20_f000019.wav|en_US/by_book/female/judy_bieber/the_sea_fairies/wavs/the_sea_fairies_20_f000019.wav|en|True|2.0|['multi-dataset']|Llasa-8B|Llasa|Then I made inquiries.|en_US/by_book/male/elliot_miller/hunters_space/wavs/hunters_space_13_f000051.wav|0.1871
./fake/en/Llasa-8B/midnight_passenger_09_f000176.wav|en_US/by_book/female/mary_ann/midnight_passenger/wavs/midnight_passenger_09_f000176.wav|en|True|6.98|['multi-dataset']|Llasa-8B|Llasa|I can hardly say, replied Ferris, caught off his guard. He was to have met Clayton to-day, in Cheyenne!|en_US/by_book/female/mary_ann/midnight_passenger/wavs/midnight_passenger_04_f000148.wav|0.4748
./fake/en/Llasa-8B/wives_and_daughters_45_f000176.wav|en_UK/by_book/female/elizabeth_klett/wives_and_daughters/wavs/wives_and_daughters_45_f000176.wav|en|True|6.52|['multi-dataset']|Llasa-8B|Llasa|You see, there are others depending upon me - upon my health.|en_US/by_book/female/judy_bieber/the_sea_fairies/wavs/the_sea_fairies_03_f000035.wav|-0.0276
./fake/en/Llasa-8B/midnight_passenger_08_f000059.wav|en_US/by_book/female/mary_ann/midnight_passenger/wavs/midnight_passenger_08_f000059.wav|en|True|11.58|['multi-dataset']|Llasa-8B|Llasa|It was nine o'clock, the streets were dark and dismal, and a heavy rain was falling, when a carriage drew up before No. one hundred ninety-two Layte Street.|en_US/by_book/female/mary_ann/northandsouth/wavs/northandsouth_05_f000148.wav|0.1624
./fake/en/Llasa-8B/northandsouth_23_f000101.wav|en_US/by_book/female/mary_ann/northandsouth/wavs/northandsouth_23_f000101.wav|en|True|3.66|['multi-dataset']|Llasa-8B|Llasa|She was very silent and trembling while she made tea.|en_UK/by_book/female/elizabeth_klett/jane_eyre/wavs/jane_eyre_28_f000171.wav|0.0880
./fake/en/Llasa-8B/the_sea_fairies_17_f000002.wav|en_US/by_book/female/judy_bieber/the_sea_fairies/wavs/the_sea_fairies_17_f000002.wav|en|True|2.9|['multi-dataset']|Llasa-8B|Llasa|Goodness me!|en_US/by_book/female/mary_ann/midnight_passenger/wavs/midnight_passenger_10_f000175.wav|0.0923
./fake/en/Llasa-8B/wives_and_daughters_28_f000237.wav|en_UK/by_book/female/elizabeth_klett/wives_and_daughters/wavs/wives_and_daughters_28_f000237.wav|en|True|6.84|['multi-dataset']|Llasa-8B|Llasa|In short, mamma, one man may steal a horse, but another must not look over the hedge, said Cynthia, pouting a little.|en_US/by_book/female/judy_bieber/sky_island/wavs/skyisland_05_baum_64kb_f000084.wav|0.1236
./fake/en/Llasa-8B/midnight_passenger_10_f000095.wav|en_US/by_book/female/mary_ann/midnight_passenger/wavs/midnight_passenger_10_f000095.wav|en|True|4.6|['multi-dataset']|Llasa-8B|Llasa|When the young men separated, Atwater heartily grasped his friend's hand.|en_US/by_book/female/mary_ann/northandsouth/wavs/northandsouth_19_f000207.wav|0.6063
./fake/en/Llasa-8B/ozma_of_oz_15_f000010.wav|en_US/by_book/female/judy_bieber/ozma_of_oz/wavs/ozma_of_oz_15_f000010.wav|en|True|7.26|['multi-dataset']|Llasa-8B|Llasa|The good Scarecrow was much distressed by the thought that his little friend was about to suffer the fate of Ozma and the rest of their party;|en_US/by_book/male/elliot_miller/poisoned_pen/wavs/poisoned_pen_07_f000238.wav|0.0371
./fake/en/Llasa-8B/hunters_space_11_f000078.wav|en_US/by_book/male/elliot_miller/hunters_space/wavs/hunters_space_11_f000078.wav|en|True|11.0|['multi-dataset']|Llasa-8B|Llasa|A few unfamiliar stars were out. There was enough light now for them to see Maya's tomb not far away. It seemed to be fashioned of moonbeams.|en_UK/by_book/female/elizabeth_klett/jane_eyre/wavs/jane_eyre_14_f000066.wav|-0.0048
./fake/en/Llasa-8B/midnight_passenger_14_f000161.wav|en_US/by_book/female/mary_ann/midnight_passenger/wavs/midnight_passenger_14_f000161.wav|en|True|11.44|['multi-dataset']|Llasa-8B|Llasa|The athletic young men worked with a will. In five minutes the panting McNerney said, Safe enough now from the ox-eyed German detective! Let us go down. How badly is he hurt?|en_US/by_book/female/mary_ann/midnight_passenger/wavs/midnight_passenger_08_f000188.wav|0.7510
./fake/en/Llasa-8B/midnight_passenger_09_f000286.wav|en_US/by_book/female/mary_ann/midnight_passenger/wavs/midnight_passenger_09_f000286.wav|en|True|9.62|['multi-dataset']|Llasa-8B|Llasa|And while they were mute, a ghastly, gleaming corpse was whirled hither and thither, under the blackened waters rushing inward from the sea,|en_UK/by_book/female/elizabeth_klett/wives_and_daughters/wavs/wives_and_daughters_52_f000153.wav|0.2562
./fake/en/Llasa-8B/pink_fairy_book_12_f000113.wav|en_US/by_book/male/elliot_miller/pink_fairy_book/wavs/pink_fairy_book_12_f000113.wav|en|True|7.2|['multi-dataset']|Llasa-8B|Llasa|It had not changed in the beautiful garden, where were sunshine and flowers all the year round.|en_UK/by_book/female/elizabeth_klett/wives_and_daughters/wavs/wives_and_daughters_10_f000009.wav|0.0016
./fake/en/Llasa-8B/northandsouth_01_f000086.wav|en_US/by_book/female/mary_ann/northandsouth/wavs/northandsouth_01_f000086.wav|en|True|4.94|['multi-dataset']|Llasa-8B|Llasa|and how she was bidden not to cry by the nurse, because it would disturb Miss Edith;|en_US/by_book/male/elliot_miller/silent_bullet/wavs/silent_bullet_11_f000237.wav|-0.0088
./fake/en/Llasa-8B/silent_bullet_10_f000139.wav|en_US/by_book/male/elliot_miller/silent_bullet/wavs/silent_bullet_10_f000139.wav|en|True|9.06|['multi-dataset']|Llasa-8B|Llasa|When I did, I saw that he had deliberately turned his back on the aviation field, and was anxiously, scanning the country back of us.|en_US/by_book/female/mary_ann/midnight_passenger/wavs/midnight_passenger_08_f000271.wav|0.0970
./fake/en/Llasa-8B/piratesofersatz_02_leinster_64kb_f000020.wav|en_US/by_book/male/elliot_miller/pirates_of_ersatz/wavs/piratesofersatz_02_leinster_64kb_f000020.wav|en|True|9.5|['multi-dataset']|Llasa-8B|Llasa|So he'd abandoned it. He'd studied electronics in books from looted passenger-ship libraries. Within months after arrival on a law-abiding planet,|en_US/by_book/female/judy_bieber/the_sea_fairies/wavs/the_sea_fairies_04_f000148.wav|-0.0316
./fake/en/Llasa-8B/jane_eyre_13_f000074.wav|en_UK/by_book/female/elizabeth_klett/jane_eyre/wavs/jane_eyre_13_f000074.wav|en|True|10.0|['multi-dataset']|Llasa-8B|Llasa|Miss Eyre, you are not so unsophisticated as Adele: she demands a cadeau, clamorously, the moment she sees me: you beat about the bush.|en_US/by_book/male/elliot_miller/pirates_of_ersatz/wavs/piratesofersatz_07_leinster_64kb_f000037.wav|-0.0983
./fake/en/Llasa-8B/jane_eyre_20_f000280.wav|en_UK/by_book/female/elizabeth_klett/jane_eyre/wavs/jane_eyre_20_f000280.wav|en|True|11.08|['multi-dataset']|Llasa-8B|Llasa|Now, my little friend, while the sun drinks the dew - while all the flowers in this old garden awake and expand,|en_US/by_book/male/elliot_miller/pink_fairy_book/wavs/pink_fairy_book_38_f000095.wav|0.0632
./fake/en/Llasa-8B/piratesofersatz_04_leinster_64kb_f000017.wav|en_US/by_book/male/elliot_miller/pirates_of_ersatz/wavs/piratesofersatz_04_leinster_64kb_f000017.wav|en|True|9.42|['multi-dataset']|Llasa-8B|Llasa|There was, though, the star-pattern. Hoddan tried to organize it in his mind. He knew where the sun had set, which would be west.|en_US/by_book/male/elliot_miller/poisoned_pen/wavs/poisoned_pen_06_f000247.wav|0.0999
./fake/en/Llasa-8B/wives_and_daughters_03_f000033.wav|en_UK/by_book/female/elizabeth_klett/wives_and_daughters/wavs/wives_and_daughters_03_f000033.wav|en|True|7.92|['multi-dataset']|Llasa-8B|Llasa|Then his mother must have been a Frenchwoman, because his hair was so black; and he was so sallow; and because he had been in Paris.|en_US/by_book/female/judy_bieber/rinkitink_in_oz/wavs/rinkitink_baum_18_64kb_f000024.wav|0.3106
./fake/en/Llasa-8B/silent_bullet_10_f000176.wav|en_US/by_book/male/elliot_miller/silent_bullet/wavs/silent_bullet_10_f000176.wav|en|True|5.76|['multi-dataset']|Llasa-8B|Llasa|I heard the wireless operator cursing the way his receiver was acting.|en_US/by_book/female/judy_bieber/the_sea_fairies/wavs/the_sea_fairies_06_f000151.wav|0.0260
./fake/en/Llasa-8B/wives_and_daughters_26_f000015.wav|en_UK/by_book/female/elizabeth_klett/wives_and_daughters/wavs/wives_and_daughters_26_f000015.wav|en|True|7.98|['multi-dataset']|Llasa-8B|Llasa|such a night as this brought a regular harvest of gains to the two old men who, in what was called the town's livery,|en_US/by_book/male/elliot_miller/poisoned_pen/wavs/poisoned_pen_04_f000303.wav|0.0315
./fake/en/Llasa-8B/rinkitink_baum_01_64kb_f000022.wav|en_US/by_book/female/judy_bieber/rinkitink_in_oz/wavs/rinkitink_baum_01_64kb_f000022.wav|en|True|7.04|['multi-dataset']|Llasa-8B|Llasa|thus, although Pingaree is four miles long, from north to south, it cannot be called a very big island.|en_US/by_book/female/judy_bieber/sky_island/wavs/skyisland_24_baum_64kb_f000076.wav|0.1079
./fake/en/Llasa-8B/pink_fairy_book_14_f000178.wav|en_US/by_book/male/elliot_miller/pink_fairy_book/wavs/pink_fairy_book_14_f000178.wav|en|True|11.5|['multi-dataset']|Llasa-8B|Llasa|But Hans was also tired of service now. Of all the gold and silver he brought with him he let the squire keep one half, and he was glad enough,|en_US/by_book/female/mary_ann/northandsouth/wavs/northandsouth_46_f000162.wav|0.0404
./fake/en/Llasa-8B/poisoned_pen_05_f000165.wav|en_US/by_book/male/elliot_miller/poisoned_pen/wavs/poisoned_pen_05_f000165.wav|en|True|11.52|['multi-dataset']|Llasa-8B|Llasa|I felt an arm grasp me tightly, and for a moment a chill ran over me at being caught in the nefarious work of breaking and entering a dwelling-house at night.|en_US/by_book/female/judy_bieber/sky_island/wavs/skyisland_15_baum_64kb_f000032.wav|0.1089
./fake/en/Llasa-8B/northandsouth_38_f000023.wav|en_US/by_book/female/mary_ann/northandsouth/wavs/northandsouth_38_f000023.wav|en|True|6.98|['multi-dataset']|Llasa-8B|Llasa|He mocked at himself, for having valued the mechanical way in which she had protected him from the fury of the mob;|en_US/by_book/female/mary_ann/northandsouth/wavs/northandsouth_25_f000104.wav|0.2154
./fake/en/Llasa-8B/skyisland_30_baum_64kb_f000052.wav|en_US/by_book/female/judy_bieber/sky_island/wavs/skyisland_30_baum_64kb_f000052.wav|en|True|10.28|['multi-dataset']|Llasa-8B|Llasa|Let me know if you get home safe, Button-Bright, and come and see me again as quick as you can. I'll try to come again, said the boy.|en_US/by_book/female/mary_ann/midnight_passenger/wavs/midnight_passenger_03_f000047.wav|0.0824
./fake/en/Llasa-8B/poisoned_pen_11_f000206.wav|en_US/by_book/male/elliot_miller/poisoned_pen/wavs/poisoned_pen_11_f000206.wav|en|True|2.72|['multi-dataset']|Llasa-8B|Llasa|Now a few words as to my theory.|en_US/by_book/female/judy_bieber/ozma_of_oz/wavs/ozma_of_oz_07_f000070.wav|0.4176
./fake/en/Llasa-8B/wives_and_daughters_42_f000115.wav|en_UK/by_book/female/elizabeth_klett/wives_and_daughters/wavs/wives_and_daughters_42_f000115.wav|en|True|6.98|['multi-dataset']|Llasa-8B|Llasa|I do not know what you will say at home; but can you deny that you are my promised wife?|en_UK/by_book/female/elizabeth_klett/wives_and_daughters/wavs/wives_and_daughters_14_f000005.wav|0.0173
./fake/en/Llasa-8B/skyisland_17_baum_64kb_f000029.wav|en_US/by_book/female/judy_bieber/sky_island/wavs/skyisland_17_baum_64kb_f000029.wav|en|True|11.4|['multi-dataset']|Llasa-8B|Llasa|What did I tell you, Tourmaline? Just then one of the maidens tripped lightly down the span of the arch until near the very end, leaning over to observe the group below.|en_UK/by_book/female/elizabeth_klett/wives_and_daughters/wavs/wives_and_daughters_60_f000322.wav|0.1548
./fake/en/Llasa-8B/silent_bullet_09_f000314.wav|en_US/by_book/male/elliot_miller/silent_bullet/wavs/silent_bullet_09_f000314.wav|en|True|4.52|['multi-dataset']|Llasa-8B|Llasa|Jameson, whose name is opposite the sign on this glass?|en_US/by_book/female/judy_bieber/the_master_key/wavs/the_master_key_14_f000067.wav|0.1587
./fake/en/Llasa-8B/emerald_city_of_oz_07_f000017.wav|en_US/by_book/female/judy_bieber/emerald_city_of_oz/wavs/emerald_city_of_oz_07_f000017.wav|en|True|2.82|['multi-dataset']|Llasa-8B|Llasa|with a fine bathroom between them.|en_UK/by_book/female/elizabeth_klett/jane_eyre/wavs/jane_eyre_15_f000192.wav|-0.0150
./fake/en/Llasa-8B/the_sea_fairies_04_f000079.wav|en_US/by_book/female/judy_bieber/the_sea_fairies/wavs/the_sea_fairies_04_f000079.wav|en|True|6.9|['multi-dataset']|Llasa-8B|Llasa|The floor glittered with gems arranged in patterns of flowers, like a brilliant carpet.|en_US/by_book/male/elliot_miller/pirates_of_ersatz/wavs/piratesofersatz_04_leinster_64kb_f000109.wav|0.2349
./fake/en/Llasa-8B/northandsouth_40_f000011.wav|en_US/by_book/female/mary_ann/northandsouth/wavs/northandsouth_40_f000011.wav|en|True|6.06|['multi-dataset']|Llasa-8B|Llasa|it was an hereditary power which she had, to walk in and take possession of his regard;|en_US/by_book/female/mary_ann/northandsouth/wavs/northandsouth_15_f000088.wav|0.1660
./fake/en/Llasa-8B/rinkitink_baum_04_64kb_f000035.wav|en_US/by_book/female/judy_bieber/rinkitink_in_oz/wavs/rinkitink_baum_04_64kb_f000035.wav|en|True|5.82|['multi-dataset']|Llasa-8B|Llasa|But never mind! So long as I'm not actually drowned, what does it matter?|en_UK/by_book/female/elizabeth_klett/jane_eyre/wavs/jane_eyre_19_f000214.wav|0.1028
./fake/en/Llasa-8B/piratesofersatz_03_leinster_64kb_f000049.wav|en_US/by_book/male/elliot_miller/pirates_of_ersatz/wavs/piratesofersatz_03_leinster_64kb_f000049.wav|en|True|2.8|['multi-dataset']|Llasa-8B|Llasa|but it'll be well worth doing.|en_US/by_book/female/judy_bieber/the_master_key/wavs/the_master_key_02_f000034.wav|0.5024
./fake/en/Llasa-8B/northandsouth_30_f000037.wav|en_US/by_book/female/mary_ann/northandsouth/wavs/northandsouth_30_f000037.wav|en|True|9.14|['multi-dataset']|Llasa-8B|Llasa|You wish me to be a friend to Miss Hale, said  Missis Thornton, in her measured voice, that would not soften with her heart, but came out distinct and clear.|en_UK/by_book/female/elizabeth_klett/jane_eyre/wavs/jane_eyre_17_f000060.wav|0.1865
./fake/en/Llasa-8B/pink_fairy_book_35_f000004.wav|en_US/by_book/male/elliot_miller/pink_fairy_book/wavs/pink_fairy_book_35_f000004.wav|en|True|3.3|['multi-dataset']|Llasa-8B|Llasa|and their wives were very good friends.|en_UK/by_book/female/elizabeth_klett/wives_and_daughters/wavs/wives_and_daughters_55_f000058.wav|0.0864
./fake/en/Llasa-8B/northandsouth_04_f000152.wav|en_US/by_book/female/mary_ann/northandsouth/wavs/northandsouth_04_f000152.wav|en|True|8.7|['multi-dataset']|Llasa-8B|Llasa|I could not bear it, Margaret. And a hundred a year would go a very little way, after the necessary wants of housekeeping are met,|en_UK/by_book/female/elizabeth_klett/wives_and_daughters/wavs/wives_and_daughters_06_f000195.wav|0.2477
./fake/en/Llasa-8B/emerald_city_of_oz_04_f000058.wav|en_US/by_book/female/judy_bieber/emerald_city_of_oz/wavs/emerald_city_of_oz_04_f000058.wav|en|True|8.92|['multi-dataset']|Llasa-8B|Llasa|So you will be very careful not to hurt me until I have carried out your wishes. After that Well, what then? inquired the King.|en_US/by_book/male/elliot_miller/pink_fairy_book/wavs/pink_fairy_book_39_f000056.wav|-0.0084
./fake/en/Llasa-8B/the_sea_fairies_13_f000155.wav|en_US/by_book/female/judy_bieber/the_sea_fairies/wavs/the_sea_fairies_13_f000155.wav|en|True|3.3|['multi-dataset']|Llasa-8B|Llasa|Well, how do you like him? asked Sacho with a laugh.|en_US/by_book/female/judy_bieber/the_sea_fairies/wavs/the_sea_fairies_04_f000069.wav|0.5201
./fake/en/Llasa-8B/jane_eyre_05_f000072.wav|en_UK/by_book/female/elizabeth_klett/jane_eyre/wavs/jane_eyre_05_f000072.wav|en|True|7.62|['multi-dataset']|Llasa-8B|Llasa|Led by her, I passed from compartment to compartment, from passage to passage, of a large and irregular building;|en_UK/by_book/female/elizabeth_klett/jane_eyre/wavs/jane_eyre_28_f000346.wav|0.1631
./fake/en/Llasa-8B/piratesofersatz_06_leinster_64kb_f000014.wav|en_US/by_book/male/elliot_miller/pirates_of_ersatz/wavs/piratesofersatz_06_leinster_64kb_f000014.wav|en|True|9.86|['multi-dataset']|Llasa-8B|Llasa|He'd gone back to sleep while he tried to make sense of things. Now, long after daybreak, he shook himself and made sure a stun-pistol was handy. Then he said:|en_UK/by_book/female/elizabeth_klett/jane_eyre/wavs/jane_eyre_12_f000076.wav|-0.0174
./fake/en/Llasa-8B/emerald_city_of_oz_07_f000051.wav|en_US/by_book/female/judy_bieber/emerald_city_of_oz/wavs/emerald_city_of_oz_07_f000051.wav|en|True|10.36|['multi-dataset']|Llasa-8B|Llasa|Good morning, my dear Mistress, called Billina, fluttering down to meet them. I was expecting you to call, for I heard you had come back and brought your uncle and aunt with you.|en_US/by_book/female/mary_ann/northandsouth/wavs/northandsouth_42_f000008.wav|0.0058
./fake/en/Llasa-8B/northandsouth_25_f000144.wav|en_US/by_book/female/mary_ann/northandsouth/wavs/northandsouth_25_f000144.wav|en|True|9.18|['multi-dataset']|Llasa-8B|Llasa|Missis Hale cried without restraint. At last, she sat straight, stiff up on the sofa, and turning round to her daughter,|en_UK/by_book/female/elizabeth_klett/wives_and_daughters/wavs/wives_and_daughters_20_f000028.wav|0.1636
./fake/en/Llasa-8B/silent_bullet_12_f000246.wav|en_US/by_book/male/elliot_miller/silent_bullet/wavs/silent_bullet_12_f000246.wav|en|True|8.9|['multi-dataset']|Llasa-8B|Llasa|Some water, Juanita, quick! I cried as soon as I had recovered from the shock. Have you any smelling-salts or anything of that sort?|en_US/by_book/male/elliot_miller/hunters_space/wavs/hunters_space_14_f000114.wav|0.0544
./fake/en/Llasa-8B/skyisland_23_baum_64kb_f000040.wav|en_US/by_book/female/judy_bieber/sky_island/wavs/skyisland_23_baum_64kb_f000040.wav|en|True|9.36|['multi-dataset']|Llasa-8B|Llasa|Then Trot came up and took his hand, the touch at once rendering her visible to him. Dear me! said the bewildered sailor.|en_US/by_book/male/elliot_miller/pink_fairy_book/wavs/pink_fairy_book_14_f000006.wav|0.1227
./fake/en/Llasa-8B/skyisland_17_baum_64kb_f000036.wav|en_US/by_book/female/judy_bieber/sky_island/wavs/skyisland_17_baum_64kb_f000036.wav|en|True|11.98|['multi-dataset']|Llasa-8B|Llasa|Polychrome straightened up and glanced at her sisters. Tell Father to call for me in an hour or two, said she. There is work for me to do here,|en_US/by_book/female/mary_ann/northandsouth/wavs/northandsouth_41_f000005.wav|0.1454
./fake/en/Llasa-8B/hunters_space_08_f000069.wav|en_US/by_book/male/elliot_miller/hunters_space/wavs/hunters_space_08_f000069.wav|en|True|11.3|['multi-dataset']|Llasa-8B|Llasa|All right. Nea threw a switch that put the batteries in circuit. The needle of the gauge moved over to its farthest point. Now, she told them.|en_US/by_book/male/elliot_miller/pink_fairy_book/wavs/pink_fairy_book_26_f000012.wav|0.5261
./fake/en/Llasa-8B/wives_and_daughters_10_f000139.wav|en_UK/by_book/female/elizabeth_klett/wives_and_daughters/wavs/wives_and_daughters_10_f000139.wav|en|True|7.06|['multi-dataset']|Llasa-8B|Llasa|He felt that he was doing his business very awkwardly, but he was determined to plunge on. Can you guess it?|en_UK/by_book/female/elizabeth_klett/jane_eyre/wavs/jane_eyre_28_f000168.wav|0.0458
./fake/en/Llasa-8B/wives_and_daughters_56_f000112.wav|en_UK/by_book/female/elizabeth_klett/wives_and_daughters/wavs/wives_and_daughters_56_f000112.wav|en|True|7.48|['multi-dataset']|Llasa-8B|Llasa|that Faithful John had worn all during the time of his master's tribulation, to keep it from breaking.|en_US/by_book/female/judy_bieber/the_sea_fairies/wavs/the_sea_fairies_04_f000079.wav|-0.0409
./fake/en/Llasa-8B/northandsouth_19_f000066.wav|en_US/by_book/female/mary_ann/northandsouth/wavs/northandsouth_19_f000066.wav|en|True|3.38|['multi-dataset']|Llasa-8B|Llasa|My dear Bessy, it is quite a fancy of yours.|en_US/by_book/female/mary_ann/northandsouth/wavs/northandsouth_25_f000104.wav|0.0249
./fake/en/Llasa-8B/jane_eyre_15_f000106.wav|en_UK/by_book/female/elizabeth_klett/jane_eyre/wavs/jane_eyre_15_f000106.wav|en|True|7.04|['multi-dataset']|Llasa-8B|Llasa|But I stayed out a few minutes longer with Adele and Pilot - ran a race with her, and played a game of battledore and shuttlecock.|en_UK/by_book/female/elizabeth_klett/wives_and_daughters/wavs/wives_and_daughters_16_f000089.wav|-0.0426
./fake/en/Llasa-8B/rinkitink_baum_13_64kb_f000074.wav|en_US/by_book/female/judy_bieber/rinkitink_in_oz/wavs/rinkitink_baum_13_64kb_f000074.wav|en|True|14.06|['multi-dataset']|Llasa-8B|Llasa|The woman sailed through the air, over Bilbil's head, and landed on the ground outside the gates, where her crown rolled into a ditch and she picked herself up,|en_UK/by_book/female/elizabeth_klett/wives_and_daughters/wavs/wives_and_daughters_44_f000118.wav|0.0557
./fake/en/Llasa-8B/midnight_passenger_09_f000101.wav|en_US/by_book/female/mary_ann/midnight_passenger/wavs/midnight_passenger_09_f000101.wav|en|True|9.42|['multi-dataset']|Llasa-8B|Llasa|And in the spacious rooms of the Western Trading Company the usual business was now moving on, while a detective sat on guard in Clayton's office,|en_US/by_book/female/mary_ann/northandsouth/wavs/northandsouth_41_f000119.wav|0.2792
./fake/en/Llasa-8B/wives_and_daughters_23_f000103.wav|en_UK/by_book/female/elizabeth_klett/wives_and_daughters/wavs/wives_and_daughters_23_f000103.wav|en|True|9.2|['multi-dataset']|Llasa-8B|Llasa|so there are two old horses eating their heads off, while he is constantly talking about money and expense.|en_US/by_book/male/elliot_miller/pink_fairy_book/wavs/pink_fairy_book_10_f000010.wav|0.3193
./fake/en/Llasa-8B/the_sea_fairies_06_f000151.wav|en_US/by_book/female/judy_bieber/the_sea_fairies/wavs/the_sea_fairies_06_f000151.wav|en|True|2.54|['multi-dataset']|Llasa-8B|Llasa|We won't hurt them.|en_US/by_book/female/mary_ann/northandsouth/wavs/northandsouth_46_f000197.wav|0.0930
./fake/en/Llasa-8B/piratesofersatz_09_leinster_64kb_f000206.wav|en_US/by_book/male/elliot_miller/pirates_of_ersatz/wavs/piratesofersatz_09_leinster_64kb_f000206.wav|en|True|6.76|['multi-dataset']|Llasa-8B|Llasa|Hoddan, breathing hard, reached the spaceboat. He put Fani down and said anxiously:|en_US/by_book/male/elliot_miller/pink_fairy_book/wavs/pink_fairy_book_20_f000047.wav|0.4052
./fake/en/Llasa-8B/wives_and_daughters_05_f000184.wav|en_UK/by_book/female/elizabeth_klett/wives_and_daughters/wavs/wives_and_daughters_05_f000184.wav|en|True|8.78|['multi-dataset']|Llasa-8B|Llasa|Osborne may marry where he likes. If Lord Hollingford had a daughter, Osborne would have been as good a match as she could have required.|en_US/by_book/female/judy_bieber/sky_island/wavs/skyisland_22_baum_64kb_f000064.wav|-0.0967
./fake/en/Llasa-8B/midnight_passenger_03_f000182.wav|en_US/by_book/female/mary_ann/midnight_passenger/wavs/midnight_passenger_03_f000182.wav|en|True|7.82|['multi-dataset']|Llasa-8B|Llasa|Tossed from the fingers of the spendthrift, dragged from the reluctant miser, filched from yokel and rounder,|en_US/by_book/female/mary_ann/northandsouth/wavs/northandsouth_19_f000207.wav|0.1776
./fake/en/Llasa-8B/emerald_city_of_oz_21_f000029.wav|en_US/by_book/female/judy_bieber/emerald_city_of_oz/wavs/emerald_city_of_oz_21_f000029.wav|en|True|3.44|['multi-dataset']|Llasa-8B|Llasa|and when you are no longer King you can't have 'em.|en_US/by_book/male/elliot_miller/pink_fairy_book/wavs/pink_fairy_book_12_f000090.wav|0.3258
./fake/en/Llasa-8B/jane_eyre_13_f000173.wav|en_UK/by_book/female/elizabeth_klett/jane_eyre/wavs/jane_eyre_13_f000173.wav|en|True|6.32|['multi-dataset']|Llasa-8B|Llasa|As I saw them with the spiritual eye, before I attempted to embody them, they were striking;|en_US/by_book/female/judy_bieber/the_master_key/wavs/the_master_key_20_f000129.wav|0.0319
./fake/en/Llasa-8B/rinkitink_baum_17_64kb_f000051.wav|en_US/by_book/female/judy_bieber/rinkitink_in_oz/wavs/rinkitink_baum_17_64kb_f000051.wav|en|True|11.4|['multi-dataset']|Llasa-8B|Llasa|However, they have a son who is a terrible wizard and who by magic art is trying to find this awful King and Queen of Pingaree,|en_UK/by_book/female/elizabeth_klett/wives_and_daughters/wavs/wives_and_daughters_44_f000020.wav|0.0312
./fake/en/Llasa-8B/wives_and_daughters_02_f000129.wav|en_UK/by_book/female/elizabeth_klett/wives_and_daughters/wavs/wives_and_daughters_02_f000129.wav|en|True|4.32|['multi-dataset']|Llasa-8B|Llasa|Bless us and save us! who'd ha thought of any one being in the bed?|en_US/by_book/female/mary_ann/midnight_passenger/wavs/midnight_passenger_02_f000148.wav|0.0872
./fake/en/Llasa-8B/northandsouth_21_f000139.wav|en_US/by_book/female/mary_ann/northandsouth/wavs/northandsouth_21_f000139.wav|en|True|8.36|['multi-dataset']|Llasa-8B|Llasa|some fierce with anger, some lowering with relentless threats, some dilated with fear, or imploring entreaty;|en_UK/by_book/female/elizabeth_klett/wives_and_daughters/wavs/wives_and_daughters_42_f000136.wav|0.1487
./fake/en/Llasa-8B/jane_eyre_13_f000133.wav|en_UK/by_book/female/elizabeth_klett/jane_eyre/wavs/jane_eyre_13_f000133.wav|en|True|2.22|['multi-dataset']|Llasa-8B|Llasa|Rochester.|en_US/by_book/female/judy_bieber/rinkitink_in_oz/wavs/rinkitink_baum_17_64kb_f000051.wav|0.1157
./fake/en/Llasa-8B/midnight_passenger_07_f000126.wav|en_US/by_book/female/mary_ann/midnight_passenger/wavs/midnight_passenger_07_f000126.wav|en|True|5.46|['multi-dataset']|Llasa-8B|Llasa|It would mean two to five years of voluntary assistance to the State at Sing Sing.|en_UK/by_book/female/elizabeth_klett/wives_and_daughters/wavs/wives_and_daughters_55_f000058.wav|0.0283
./fake/en/Llasa-8B/poisoned_pen_08_f000185.wav|en_US/by_book/male/elliot_miller/poisoned_pen/wavs/poisoned_pen_08_f000185.wav|en|True|10.8|['multi-dataset']|Llasa-8B|Llasa|The man seemed to notice that the photographer was a little suspicious and he hastened to make some kind of excuse about wanting the home folks to see how swell he and his wife were dining in evening dress.|en_UK/by_book/female/elizabeth_klett/wives_and_daughters/wavs/wives_and_daughters_07_f000042.wav|0.1158
./fake/en/Llasa-8B/the_sea_fairies_06_f000135.wav|en_US/by_book/female/judy_bieber/the_sea_fairies/wavs/the_sea_fairies_06_f000135.wav|en|True|2.12|['multi-dataset']|Llasa-8B|Llasa|We're not afraid of the mermaids.|en_US/by_book/female/judy_bieber/emerald_city_of_oz/wavs/emerald_city_of_oz_03_f000050.wav|0.1414
./fake/en/Llasa-8B/jane_eyre_32_f000231.wav|en_UK/by_book/female/elizabeth_klett/jane_eyre/wavs/jane_eyre_32_f000231.wav|en|True|3.08|['multi-dataset']|Llasa-8B|Llasa|And may I not paint one like it for you?|en_US/by_book/female/mary_ann/midnight_passenger/wavs/midnight_passenger_14_f000243.wav|0.3760
./fake/en/Llasa-8B/midnight_passenger_01_f000115.wav|en_US/by_book/female/mary_ann/midnight_passenger/wavs/midnight_passenger_01_f000115.wav|en|True|9.2|['multi-dataset']|Llasa-8B|Llasa|He was left alone absently checking up his deposit list before he recalled all the proud and womanly bearing of the beautiful unknown.|en_US/by_book/female/mary_ann/northandsouth/wavs/northandsouth_28_f000079.wav|0.0315
./fake/en/Llasa-8B/rinkitink_baum_18_64kb_f000185.wav|en_US/by_book/female/judy_bieber/rinkitink_in_oz/wavs/rinkitink_baum_18_64kb_f000185.wav|en|True|8.78|['multi-dataset']|Llasa-8B|Llasa|never to let adverse circumstances discourage you, but to believe there is a way out of every difficulty, which may be found by earnest thought.|en_UK/by_book/female/elizabeth_klett/wives_and_daughters/wavs/wives_and_daughters_42_f000153.wav|0.0183
./fake/en/Llasa-8B/northandsouth_10_f000158.wav|en_US/by_book/female/mary_ann/northandsouth/wavs/northandsouth_10_f000158.wav|en|True|2.66|['multi-dataset']|Llasa-8B|Llasa|neck to neck, in the struggle for bread.|en_UK/by_book/female/elizabeth_klett/wives_and_daughters/wavs/wives_and_daughters_39_f000096.wav|0.2381
./fake/en/Llasa-8B/piratesofersatz_12_leinster_64kb_f000020.wav|en_US/by_book/male/elliot_miller/pirates_of_ersatz/wavs/piratesofersatz_12_leinster_64kb_f000020.wav|en|True|9.5|['multi-dataset']|Llasa-8B|Llasa|They continued their insurance. Risk companies appeared financially sound once more. They had more business than ever, and no more claims than usual.|en_US/by_book/male/elliot_miller/pink_fairy_book/wavs/pink_fairy_book_37_f000036.wav|0.1533
./fake/en/Llasa-8B/northandsouth_26_f000017.wav|en_US/by_book/female/mary_ann/northandsouth/wavs/northandsouth_26_f000017.wav|en|True|9.64|['multi-dataset']|Llasa-8B|Llasa|She could not make him change. He loved her, and would love her; and defy her, and this miserable bodily pain.|en_US/by_book/male/elliot_miller/hunters_space/wavs/hunters_space_11_f000078.wav|-0.0103
./fake/en/Llasa-8B/jane_eyre_12_f000033.wav|en_UK/by_book/female/elizabeth_klett/jane_eyre/wavs/jane_eyre_12_f000033.wav|en|True|9.2|['multi-dataset']|Llasa-8B|Llasa|It is in vain to say human beings ought to be satisfied with tranquillity: they must have action; and they will make it if they cannot find it.|en_US/by_book/male/elliot_miller/poisoned_pen/wavs/poisoned_pen_02_f000180.wav|0.0509
./fake/en/Llasa-8B/pink_fairy_book_16_f000054.wav|en_US/by_book/male/elliot_miller/pink_fairy_book/wavs/pink_fairy_book_16_f000054.wav|en|True|2.34|['multi-dataset']|Llasa-8B|Llasa|the fox suddenly stood in front of him.|en_UK/by_book/female/elizabeth_klett/jane_eyre/wavs/jane_eyre_37_f000162.wav|0.4928
./fake/en/Llasa-8B/rinkitink_baum_18_64kb_f000117.wav|en_US/by_book/female/judy_bieber/rinkitink_in_oz/wavs/rinkitink_baum_18_64kb_f000117.wav|en|True|9.72|['multi-dataset']|Llasa-8B|Llasa|So he dressed himself and discovered that a small table, containing a breakfast that was smoking hot, had suddenly appeared in the center of his room.|en_US/by_book/female/mary_ann/northandsouth/wavs/northandsouth_50_f000010.wav|0.3137
./fake/en/Llasa-8B/the_master_key_10_f000012.wav|en_US/by_book/female/judy_bieber/the_master_key/wavs/the_master_key_10_f000012.wav|en|True|10.42|['multi-dataset']|Llasa-8B|Llasa|yet he congratulated himself on his foresight in not being burdened with umbrella or raincoat, since his elevated position rendered him secure from rain-clouds.|en_US/by_book/female/mary_ann/northandsouth/wavs/northandsouth_14_f000023.wav|0.1658
./fake/en/Llasa-8B/poisoned_pen_12_f000331.wav|en_US/by_book/male/elliot_miller/poisoned_pen/wavs/poisoned_pen_12_f000331.wav|en|True|11.94|['multi-dataset']|Llasa-8B|Llasa|McLoughlin motioned to Hanford to reply. A fake? repeated the latter contemptuously. How about the affidavits? There's no negative.|en_UK/by_book/female/elizabeth_klett/wives_and_daughters/wavs/wives_and_daughters_05_f000097.wav|0.0469
./fake/en/Llasa-8B/midnight_passenger_08_f000158.wav|en_US/by_book/female/mary_ann/midnight_passenger/wavs/midnight_passenger_08_f000158.wav|en|True|7.26|['multi-dataset']|Llasa-8B|Llasa|rested upon the fragments of a broken trunk floating idly along upon the sunlit waters.|en_UK/by_book/female/elizabeth_klett/wives_and_daughters/wavs/wives_and_daughters_42_f000171.wav|-0.0015
./fake/en/Llasa-8B/jane_eyre_06_f000058.wav|en_UK/by_book/female/elizabeth_klett/jane_eyre/wavs/jane_eyre_06_f000058.wav|en|True|3.24|['multi-dataset']|Llasa-8B|Llasa|and the confusion to rise to clamour.|en_US/by_book/female/judy_bieber/dorothy_and_wizard_oz/wavs/dorothy_and_wizard_oz_14_f000121.wav|0.2933
./fake/en/Llasa-8B/midnight_passenger_14_f000165.wav|en_US/by_book/female/mary_ann/midnight_passenger/wavs/midnight_passenger_14_f000165.wav|en|True|4.74|['multi-dataset']|Llasa-8B|Llasa|There was little sleep in the old schloss of Adler's Horst on this eventful night.|en_UK/by_book/female/elizabeth_klett/wives_and_daughters/wavs/wives_and_daughters_38_f000128.wav|-0.0124
./fake/en/Llasa-8B/the_sea_fairies_13_f000083.wav|en_US/by_book/female/judy_bieber/the_sea_fairies/wavs/the_sea_fairies_13_f000083.wav|en|True|2.94|['multi-dataset']|Llasa-8B|Llasa|Jes' take it easy and let us live as long as we can.|en_US/by_book/female/judy_bieber/the_master_key/wavs/the_master_key_10_f000028.wav|0.1424
./fake/en/Llasa-8B/poisoned_pen_12_f000340.wav|en_US/by_book/male/elliot_miller/poisoned_pen/wavs/poisoned_pen_12_f000340.wav|en|True|15.0|['multi-dataset']|Llasa-8B|Llasa|ten feet east, and three point forty-three feet north. You see I am exact. I have to be. In one minute it moved zero point eighty feet upward, zero point fifty-three feet to the right, and zero.|en_US/by_book/male/elliot_miller/poisoned_pen/wavs/poisoned_pen_11_f000206.wav|0.0305
./fake/en/Llasa-8B/northandsouth_27_f000126.wav|en_US/by_book/female/mary_ann/northandsouth/wavs/northandsouth_27_f000126.wav|en|True|8.88|['multi-dataset']|Llasa-8B|Llasa|The girl looked wistfully at Margaret. Dixons coming might be a compliment, but it was not the same thing to the poor sister,|en_UK/by_book/female/elizabeth_klett/wives_and_daughters/wavs/wives_and_daughters_46_f000068.wav|0.3457
./fake/en/Llasa-8B/emerald_city_of_oz_28_f000068.wav|en_US/by_book/female/judy_bieber/emerald_city_of_oz/wavs/emerald_city_of_oz_28_f000068.wav|en|True|11.3|['multi-dataset']|Llasa-8B|Llasa|and they were so many that they filled the gardens and trampled upon the flowers and grass because they did not know that the tender plants would be injured by their clumsy feet.|en_US/by_book/female/mary_ann/midnight_passenger/wavs/midnight_passenger_03_f000271.wav|0.0938
./fake/en/Llasa-8B/jane_eyre_12_f000110.wav|en_UK/by_book/female/elizabeth_klett/jane_eyre/wavs/jane_eyre_12_f000110.wav|en|True|11.3|['multi-dataset']|Llasa-8B|Llasa|I did; whereupon began a heaving, stamping, clattering process, accompanied by a barking and baying which removed me effectually some yards distance;|en_UK/by_book/female/elizabeth_klett/jane_eyre/wavs/jane_eyre_17_f000304.wav|0.1184
./fake/en/Llasa-8B/the_sea_fairies_10_f000121.wav|en_US/by_book/female/judy_bieber/the_sea_fairies/wavs/the_sea_fairies_10_f000121.wav|en|True|6.62|['multi-dataset']|Llasa-8B|Llasa|She sank slowly beneath the water again, and the others followed after her.|en_UK/by_book/female/elizabeth_klett/wives_and_daughters/wavs/wives_and_daughters_30_f000081.wav|0.3486
./fake/en/Llasa-8B/the_master_key_04_f000098.wav|en_US/by_book/female/judy_bieber/the_master_key/wavs/the_master_key_04_f000098.wav|en|True|7.4|['multi-dataset']|Llasa-8B|Llasa|He pointed the indicator to the word down, and at once began dropping through the air.|en_US/by_book/female/judy_bieber/ozma_of_oz/wavs/ozma_of_oz_18_f000005.wav|0.0904
./fake/en/Llasa-8B/wives_and_daughters_45_f000165.wav|en_UK/by_book/female/elizabeth_klett/wives_and_daughters/wavs/wives_and_daughters_45_f000165.wav|en|True|5.6|['multi-dataset']|Llasa-8B|Llasa|Why did you not come and see papa? said Molly; or write to him?|en_US/by_book/female/mary_ann/northandsouth/wavs/northandsouth_10_f000117.wav|0.2085
./fake/en/Llasa-8B/ozma_of_oz_19_f000026.wav|en_US/by_book/female/judy_bieber/ozma_of_oz/wavs/ozma_of_oz_19_f000026.wav|en|True|5.96|['multi-dataset']|Llasa-8B|Llasa|It was in the shape of a little fat pig, made of tin and painted green.|en_UK/by_book/female/elizabeth_klett/wives_and_daughters/wavs/wives_and_daughters_14_f000005.wav|0.2376
./fake/en/Llasa-8B/wives_and_daughters_42_f000171.wav|en_UK/by_book/female/elizabeth_klett/wives_and_daughters/wavs/wives_and_daughters_42_f000171.wav|en|True|9.0|['multi-dataset']|Llasa-8B|Llasa|could hardly believe that the Cynthia before her was the same girl as she who was sobbing and crying as if her heart would break, but two hours before.|en_US/by_book/female/mary_ann/northandsouth/wavs/northandsouth_46_f000069.wav|-0.0621
./fake/en/Llasa-8B/jane_eyre_27_f000384.wav|en_UK/by_book/female/elizabeth_klett/jane_eyre/wavs/jane_eyre_27_f000384.wav|en|True|9.14|['multi-dataset']|Llasa-8B|Llasa|You entered the room with a look and air at once shy and independent: you were quaintly dressed - much as you are now.|en_US/by_book/female/judy_bieber/the_master_key/wavs/the_master_key_13_f000027.wav|-0.0367
./fake/en/Llasa-8B/jane_eyre_27_f000131.wav|en_UK/by_book/female/elizabeth_klett/jane_eyre/wavs/jane_eyre_27_f000131.wav|en|True|6.12|['multi-dataset']|Llasa-8B|Llasa|and hear all you have to say, whether reasonable or unreasonable.|en_US/by_book/female/judy_bieber/emerald_city_of_oz/wavs/emerald_city_of_oz_26_f000035.wav|0.0452
./fake/en/Llasa-8B/ozma_of_oz_02_f000018.wav|en_US/by_book/female/judy_bieber/ozma_of_oz/wavs/ozma_of_oz_02_f000018.wav|en|True|14.78|['multi-dataset']|Llasa-8B|Llasa|Not very. The sun has helped to dry my feathers, as it has your dress, and I feel better since I laid my morning egg. But what's to become of us,|en_US/by_book/female/judy_bieber/the_sea_fairies/wavs/the_sea_fairies_04_f000010.wav|-0.0159
./fake/en/Llasa-8B/jane_eyre_30_f000004.wav|en_UK/by_book/female/elizabeth_klett/jane_eyre/wavs/jane_eyre_30_f000004.wav|en|True|5.32|['multi-dataset']|Llasa-8B|Llasa|The more I knew of the inmates of Moor House, the better I liked them.|en_US/by_book/female/judy_bieber/ozma_of_oz/wavs/ozma_of_oz_03_f000008.wav|-0.0925
./fake/en/Llasa-8B/pink_fairy_book_18_f000031.wav|en_US/by_book/male/elliot_miller/pink_fairy_book/wavs/pink_fairy_book_18_f000031.wav|en|True|10.72|['multi-dataset']|Llasa-8B|Llasa|The man now asked her to come and help him home with the two sacks of money. She did not believe him very much, but he continued to assure her that it was quite true,|en_US/by_book/female/judy_bieber/the_master_key/wavs/the_master_key_20_f000129.wav|0.1613
./fake/en/Llasa-8B/poisoned_pen_04_f000302.wav|en_US/by_book/male/elliot_miller/poisoned_pen/wavs/poisoned_pen_04_f000302.wav|en|True|8.64|['multi-dataset']|Llasa-8B|Llasa|The person who wrote the second and third A. Spark letters did it. She was murdered with this deadly instrument|en_US/by_book/male/elliot_miller/pink_fairy_book/wavs/pink_fairy_book_24_f000015.wav|0.0886
./fake/en/Llasa-8B/jane_eyre_17_f000357.wav|en_UK/by_book/female/elizabeth_klett/jane_eyre/wavs/jane_eyre_17_f000357.wav|en|True|10.86|['multi-dataset']|Llasa-8B|Llasa|and then we sermonised her on the presumption of attempting to teach such clever blades as we were, when she was herself so ignorant.|en_UK/by_book/female/elizabeth_klett/jane_eyre/wavs/jane_eyre_25_f000167.wav|0.2034
./fake/en/Llasa-8B/midnight_passenger_13_f000201.wav|en_US/by_book/female/mary_ann/midnight_passenger/wavs/midnight_passenger_13_f000201.wav|en|True|4.28|['multi-dataset']|Llasa-8B|Llasa|Leave me a free hand, and I'll get your murderer and the money.|en_UK/by_book/female/elizabeth_klett/jane_eyre/wavs/jane_eyre_05_f000056.wav|0.0702
./fake/en/Llasa-8B/poisoned_pen_07_f000230.wav|en_US/by_book/male/elliot_miller/poisoned_pen/wavs/poisoned_pen_07_f000230.wav|en|True|2.94|['multi-dataset']|Llasa-8B|Llasa|he dealt in mysteries beyond human ken.|en_US/by_book/female/mary_ann/northandsouth/wavs/northandsouth_37_f000068.wav|0.2095
./fake/en/Llasa-8B/wives_and_daughters_12_f000099.wav|en_UK/by_book/female/elizabeth_klett/wives_and_daughters/wavs/wives_and_daughters_12_f000099.wav|en|True|9.56|['multi-dataset']|Llasa-8B|Llasa|Now Mister Gibson came in; for his story was not half told, and he did not want them to run away too far with the idea of Molly's love-affair.|en_US/by_book/male/elliot_miller/poisoned_pen/wavs/poisoned_pen_08_f000198.wav|0.0465
./fake/en/Llasa-8B/emerald_city_of_oz_26_f000035.wav|en_US/by_book/female/judy_bieber/emerald_city_of_oz/wavs/emerald_city_of_oz_26_f000035.wav|en|True|2.76|['multi-dataset']|Llasa-8B|Llasa|So they kept still and listened.|en_UK/by_book/female/elizabeth_klett/wives_and_daughters/wavs/wives_and_daughters_52_f000068.wav|0.0435
./fake/en/Llasa-8B/pink_fairy_book_19_f000065.wav|en_US/by_book/male/elliot_miller/pink_fairy_book/wavs/pink_fairy_book_19_f000065.wav|en|True|5.6|['multi-dataset']|Llasa-8B|Llasa|Twice has he got the better of me. But I will pay him out!|en_UK/by_book/female/elizabeth_klett/wives_and_daughters/wavs/wives_and_daughters_55_f000110.wav|0.1221
./fake/en/Llasa-8B/the_master_key_02_f000078.wav|en_US/by_book/female/judy_bieber/the_master_key/wavs/the_master_key_02_f000078.wav|en|True|9.86|['multi-dataset']|Llasa-8B|Llasa|But it seems you're more like a genius, for you answer the summons of the Master Key of Electricity in the same way Aladdin's genius answered the rubbing of the lamp.|en_US/by_book/female/mary_ann/midnight_passenger/wavs/midnight_passenger_04_f000086.wav|0.1117
./fake/en/Llasa-8B/midnight_passenger_04_f000136.wav|en_US/by_book/female/mary_ann/midnight_passenger/wavs/midnight_passenger_04_f000136.wav|en|True|8.78|['multi-dataset']|Llasa-8B|Llasa|Two hours sped by in a lingering day dream, until, yielding to his murmured entreaties, Irma Gluyas sat down at the piano,|en_UK/by_book/female/elizabeth_klett/jane_eyre/wavs/jane_eyre_22_f000046.wav|0.0192
./fake/en/Llasa-8B/silent_bullet_06_f000331.wav|en_US/by_book/male/elliot_miller/silent_bullet/wavs/silent_bullet_06_f000331.wav|en|True|2.04|['multi-dataset']|Llasa-8B|Llasa|which it was built to record.|en_US/by_book/female/judy_bieber/the_master_key/wavs/the_master_key_16_f000054.wav|0.2249
./fake/en/Llasa-8B/skyisland_14_baum_64kb_f000001.wav|en_US/by_book/female/judy_bieber/sky_island/wavs/skyisland_14_baum_64kb_f000001.wav|en|True|9.64|['multi-dataset']|Llasa-8B|Llasa|This is there librivox recording. All librivox recordings are in the public domain. For more information or to volunteer please visit librivox dot org.|en_US/by_book/male/elliot_miller/pink_fairy_book/wavs/pink_fairy_book_31_f000108.wav|0.2325
./fake/en/Llasa-8B/wives_and_daughters_15_f000011.wav|en_UK/by_book/female/elizabeth_klett/wives_and_daughters/wavs/wives_and_daughters_15_f000011.wav|en|True|8.76|['multi-dataset']|Llasa-8B|Llasa|Then there was luggage to be seen about; and both the travellers were occupied in this, while Molly stood by trembling with excitement,|en_US/by_book/male/elliot_miller/pirates_of_ersatz/wavs/piratesofersatz_08_leinster_64kb_f000015.wav|0.0878
./fake/en/Llasa-8B/northandsouth_22_f000085.wav|en_US/by_book/female/mary_ann/northandsouth/wavs/northandsouth_22_f000085.wav|en|True|9.56|['multi-dataset']|Llasa-8B|Llasa|The only reason that does with men that make themselves into wild beasts. By heaven! theyve turned to the mill-door!|en_US/by_book/male/elliot_miller/poisoned_pen/wavs/poisoned_pen_03_f000213.wav|-0.0385
./fake/en/Llasa-8B/piratesofersatz_10_leinster_64kb_f000178.wav|en_US/by_book/male/elliot_miller/pirates_of_ersatz/wavs/piratesofersatz_10_leinster_64kb_f000178.wav|en|True|5.76|['multi-dataset']|Llasa-8B|Llasa|lying on the ground, and thinner smoke drifting out of the still-open boatport.|en_UK/by_book/female/elizabeth_klett/wives_and_daughters/wavs/wives_and_daughters_35_f000050.wav|0.0240
./fake/en/Llasa-8B/wives_and_daughters_60_f000363.wav|en_UK/by_book/female/elizabeth_klett/wives_and_daughters/wavs/wives_and_daughters_60_f000363.wav|en|True|13.46|['multi-dataset']|Llasa-8B|Llasa|but it is a touch beyond the reach of art to make their likeness in unlikeness so natural a thing that we no more wonder about it than we wonder at seeing the fruit and the bloom on the same bramble:|en_US/by_book/male/elliot_miller/pink_fairy_book/wavs/pink_fairy_book_14_f000176.wav|-0.0404
./fake/en/Llasa-8B/jane_eyre_04_f000117.wav|en_UK/by_book/female/elizabeth_klett/jane_eyre/wavs/jane_eyre_04_f000117.wav|en|True|2.54|['multi-dataset']|Llasa-8B|Llasa|Jane Eyre, sir.|en_US/by_book/male/elliot_miller/pink_fairy_book/wavs/pink_fairy_book_04_f000011.wav|0.4829
./fake/en/Llasa-8B/piratesofersatz_09_leinster_64kb_f000025.wav|en_US/by_book/male/elliot_miller/pirates_of_ersatz/wavs/piratesofersatz_09_leinster_64kb_f000025.wav|en|True|7.64|['multi-dataset']|Llasa-8B|Llasa|This is a special one, explained Hoddan. It's so dignified they won't talk to you unless you're a great-grandson of a client.|en_UK/by_book/female/elizabeth_klett/jane_eyre/wavs/jane_eyre_30_f000072.wav|-0.0134
./fake/en/Llasa-8B/pink_fairy_book_12_f000069.wav|en_US/by_book/male/elliot_miller/pink_fairy_book/wavs/pink_fairy_book_12_f000069.wav|en|True|11.44|['multi-dataset']|Llasa-8B|Llasa|Are you cold now? she asked, and kissed his forehead. The kiss was cold as ice and reached down to his heart, which was already half a lump of ice.|en_US/by_book/female/mary_ann/midnight_passenger/wavs/midnight_passenger_06_f000036.wav|0.4294
./fake/en/Llasa-8B/silent_bullet_02_f000167.wav|en_US/by_book/male/elliot_miller/silent_bullet/wavs/silent_bullet_02_f000167.wav|en|True|3.74|['multi-dataset']|Llasa-8B|Llasa|Just then I heard a key in the lock, and Kennedy came in.|en_US/by_book/female/judy_bieber/sky_island/wavs/skyisland_17_baum_64kb_f000040.wav|0.0822
./fake/en/Llasa-8B/jane_eyre_21_f000174.wav|en_UK/by_book/female/elizabeth_klett/jane_eyre/wavs/jane_eyre_21_f000174.wav|en|True|6.76|['multi-dataset']|Llasa-8B|Llasa|She wanted to know if I was happy at Thornfield Hall, and what sort of a person the mistress was;|en_UK/by_book/female/elizabeth_klett/jane_eyre/wavs/jane_eyre_34_f000071.wav|-0.0453
./fake/en/Llasa-8B/poisoned_pen_12_f000174.wav|en_US/by_book/male/elliot_miller/poisoned_pen/wavs/poisoned_pen_12_f000174.wav|en|True|6.86|['multi-dataset']|Llasa-8B|Llasa|If it is yes, well and good; if not, then they know what to expect. Good-bye.|en_US/by_book/female/mary_ann/northandsouth/wavs/northandsouth_51_f000117.wav|-0.0450
./fake/en/Llasa-8B/silent_bullet_10_f000089.wav|en_US/by_book/male/elliot_miller/silent_bullet/wavs/silent_bullet_10_f000089.wav|en|True|8.88|['multi-dataset']|Llasa-8B|Llasa|Could you fly in this machine without the gyroscope at all? yelled Kennedy. The noise was deafening, conversation almost impossible.|en_UK/by_book/female/elizabeth_klett/jane_eyre/wavs/jane_eyre_20_f000280.wav|0.0896
./fake/en/Llasa-8B/northandsouth_18_f000044.wav|en_US/by_book/female/mary_ann/northandsouth/wavs/northandsouth_18_f000044.wav|en|True|5.96|['multi-dataset']|Llasa-8B|Llasa|said mister Hale, anxiously, as she prepared to write the note of acceptance, the next day.|en_US/by_book/male/elliot_miller/poisoned_pen/wavs/poisoned_pen_03_f000183.wav|0.0775
./fake/en/Llasa-8B/pink_fairy_book_25_f000061.wav|en_US/by_book/male/elliot_miller/pink_fairy_book/wavs/pink_fairy_book_25_f000061.wav|en|True|13.1|['multi-dataset']|Llasa-8B|Llasa|Afterwards the boar got up, saying, Thank you; when in need you be you must quickly call for me, and he rolled off.|en_UK/by_book/female/elizabeth_klett/jane_eyre/wavs/jane_eyre_33_f000255.wav|0.0322
./fake/en/Llasa-8B/skyisland_02_baum_64kb_f000059.wav|en_US/by_book/female/judy_bieber/sky_island/wavs/skyisland_02_baum_64kb_f000059.wav|en|True|10.0|['multi-dataset']|Llasa-8B|Llasa|So he made me go right home to put the umbrella back where I got it. I was sorry Uncle Bob was so cross, and I didn't want to go home yet, where the governess was crosser 'n he was.|en_US/by_book/male/elliot_miller/poisoned_pen/wavs/poisoned_pen_04_f000145.wav|-0.0458
./fake/en/Llasa-8B/jane_eyre_04_f000189.wav|en_UK/by_book/female/elizabeth_klett/jane_eyre/wavs/jane_eyre_04_f000189.wav|en|True|7.56|['multi-dataset']|Llasa-8B|Llasa|No doubt, no doubt, madam; and now I wish you good morning.|en_US/by_book/female/judy_bieber/emerald_city_of_oz/wavs/emerald_city_of_oz_24_f000036.wav|0.0577
./fake/en/Llasa-8B/silent_bullet_09_f000139.wav|en_US/by_book/male/elliot_miller/silent_bullet/wavs/silent_bullet_09_f000139.wav|en|True|11.34|['multi-dataset']|Llasa-8B|Llasa|At this point the groom interrupted us to say that he had caught the rabbits. Kennedy at once hurried to the stable. There he rolled up his sleeves,|en_US/by_book/female/judy_bieber/rinkitink_in_oz/wavs/rinkitink_baum_13_64kb_f000016.wav|0.1106
./fake/en/Llasa-8B/northandsouth_23_f000118.wav|en_US/by_book/female/mary_ann/northandsouth/wavs/northandsouth_23_f000118.wav|en|True|6.14|['multi-dataset']|Llasa-8B|Llasa|I would do it again, let who will say what they like of me.|en_US/by_book/male/elliot_miller/poisoned_pen/wavs/poisoned_pen_07_f000052.wav|0.3187
./fake/en/Llasa-8B/jane_eyre_24_f000006.wav|en_UK/by_book/female/elizabeth_klett/jane_eyre/wavs/jane_eyre_24_f000006.wav|en|True|8.64|['multi-dataset']|Llasa-8B|Llasa|While arranging my hair, I looked at my face in the glass, and felt it was no longer plain: there was hope in its aspect and life in its colour;|en_US/by_book/female/judy_bieber/sky_island/wavs/skyisland_01_baum_64kb_f000046.wav|0.2928
./fake/en/Llasa-8B/the_sea_fairies_20_f000021.wav|en_US/by_book/female/judy_bieber/the_sea_fairies/wavs/the_sea_fairies_20_f000021.wav|en|True|5.54|['multi-dataset']|Llasa-8B|Llasa|Was the third pain as bad as the other two? asked Trot.|en_UK/by_book/female/elizabeth_klett/wives_and_daughters/wavs/wives_and_daughters_35_f000008.wav|0.1866
./fake/en/Llasa-8B/wives_and_daughters_55_f000110.wav|en_UK/by_book/female/elizabeth_klett/wives_and_daughters/wavs/wives_and_daughters_55_f000110.wav|en|True|7.92|['multi-dataset']|Llasa-8B|Llasa|Indeed, my little sister-in-law is never weary of talking about Monsieur le Docteur, as she calls your husband!|en_US/by_book/male/elliot_miller/pink_fairy_book/wavs/pink_fairy_book_12_f000090.wav|0.0086
./fake/en/Llasa-8B/northandsouth_51_f000117.wav|en_US/by_book/female/mary_ann/northandsouth/wavs/northandsouth_51_f000117.wav|en|True|13.86|['multi-dataset']|Llasa-8B|Llasa|and even then I am sure that it would lose its vitality, cease to be living, as soon as it was no longer carried on by that sort of common interest which invariably makes people find means and ways of seeing each other,|en_US/by_book/female/mary_ann/northandsouth/wavs/northandsouth_52_f000035.wav|0.0928
./fake/en/Llasa-8B/wives_and_daughters_37_f000259.wav|en_UK/by_book/female/elizabeth_klett/wives_and_daughters/wavs/wives_and_daughters_37_f000259.wav|en|True|7.34|['multi-dataset']|Llasa-8B|Llasa|Of fever! - and who took care of him? he would want nursing, - and so far from home. Oh, Cynthia!|en_US/by_book/female/judy_bieber/the_master_key/wavs/the_master_key_02_f000078.wav|0.3112
./fake/en/Llasa-8B/northandsouth_03_f000102.wav|en_US/by_book/female/mary_ann/northandsouth/wavs/northandsouth_03_f000102.wav|en|True|13.7|['multi-dataset']|Llasa-8B|Llasa|Margaret, my child, you might have gathered us some pears for our dessert, said mister Hale, as the hospitable luxury of a freshly-decanted bottle of wine was placed on the table.|en_US/by_book/male/elliot_miller/pink_fairy_book/wavs/pink_fairy_book_13_f000019.wav|0.1281
./fake/en/Llasa-8B/jane_eyre_24_f000371.wav|en_UK/by_book/female/elizabeth_klett/jane_eyre/wavs/jane_eyre_24_f000371.wav|en|True|7.12|['multi-dataset']|Llasa-8B|Llasa|I laughed in my sleeve at his menaces. I can keep you in reasonable check now, I reflected;|en_UK/by_book/female/elizabeth_klett/wives_and_daughters/wavs/wives_and_daughters_46_f000071.wav|0.0276
./fake/en/Llasa-8B/jane_eyre_34_f000071.wav|en_UK/by_book/female/elizabeth_klett/jane_eyre/wavs/jane_eyre_34_f000071.wav|en|True|11.44|['multi-dataset']|Llasa-8B|Llasa|A spare parlour and bedroom I refurnished entirely, with old mahogany and crimson upholstery: I laid canvas on the passage, and carpets on the stairs.|en_US/by_book/male/elliot_miller/silent_bullet/wavs/silent_bullet_12_f000340.wav|0.2807
./fake/en/Llasa-8B/midnight_passenger_03_f000066.wav|en_US/by_book/female/mary_ann/midnight_passenger/wavs/midnight_passenger_03_f000066.wav|en|True|9.64|['multi-dataset']|Llasa-8B|Llasa|He was under the spell of the unknown beauty again, as he absently exclaimed, Pardon me! when he rudely jostled a sedate-looking gentleman emerging from the gallery.|en_US/by_book/male/elliot_miller/pirates_of_ersatz/wavs/piratesofersatz_12_leinster_64kb_f000079.wav|0.1864
./fake/en/Llasa-8B/pink_fairy_book_25_f000080.wav|en_US/by_book/male/elliot_miller/pink_fairy_book/wavs/pink_fairy_book_25_f000080.wav|en|True|9.5|['multi-dataset']|Llasa-8B|Llasa|At these words the griffin appeared, and, seizing the bird, gave it to the youth, who carried it off carefully, while the griffin flew away.|en_US/by_book/female/mary_ann/northandsouth/wavs/northandsouth_14_f000023.wav|-0.0578
./fake/en/Llasa-8B/wives_and_daughters_36_f000099.wav|en_UK/by_book/female/elizabeth_klett/wives_and_daughters/wavs/wives_and_daughters_36_f000099.wav|en|True|9.5|['multi-dataset']|Llasa-8B|Llasa|She thought that he would probably have poured out his heart to the one sole person, and that it was not fair to listen, as it were, to his confidences.|en_US/by_book/female/judy_bieber/sky_island/wavs/skyisland_30_baum_64kb_f000052.wav|0.1690
./fake/en/Llasa-8B/jane_eyre_12_f000076.wav|en_UK/by_book/female/elizabeth_klett/jane_eyre/wavs/jane_eyre_12_f000076.wav|en|True|11.44|['multi-dataset']|Llasa-8B|Llasa|From my seat I could look down on Thornfield: the grey and battlemented hall was the principal object in the vale below me; its woods and dark rookery rose against the west.|en_US/by_book/female/mary_ann/midnight_passenger/wavs/midnight_passenger_01_f000117.wav|0.1928
./fake/en/Llasa-8B/emerald_city_of_oz_21_f000027.wav|en_US/by_book/female/judy_bieber/emerald_city_of_oz/wavs/emerald_city_of_oz_21_f000027.wav|en|True|5.9|['multi-dataset']|Llasa-8B|Llasa|I should think you'd feel pretty safe with such a fine Bodyguard, remarked Dorothy.|en_UK/by_book/female/elizabeth_klett/jane_eyre/wavs/jane_eyre_14_f000017.wav|0.3455
./fake/en/Llasa-8B/midnight_passenger_01_f000117.wav|en_US/by_book/female/mary_ann/midnight_passenger/wavs/midnight_passenger_01_f000117.wav|en|True|14.18|['multi-dataset']|Llasa-8B|Llasa|And, with a secret pride, he recalled how daintily, like the swift Camilla, she had sped onward through all those human billows heaving to and fro,|en_US/by_book/female/mary_ann/northandsouth/wavs/northandsouth_01_f000086.wav|0.0174
./fake/en/Llasa-8B/northandsouth_20_f000093.wav|en_US/by_book/female/mary_ann/northandsouth/wavs/northandsouth_20_f000093.wav|en|True|7.62|['multi-dataset']|Llasa-8B|Llasa|The expression on her face, always stern, deepened into dark anger, as she said this.|en_US/by_book/female/judy_bieber/the_master_key/wavs/the_master_key_16_f000054.wav|0.0844
./fake/en/Llasa-8B/jane_eyre_24_f000103.wav|en_UK/by_book/female/elizabeth_klett/jane_eyre/wavs/jane_eyre_24_f000103.wav|en|True|6.18|['multi-dataset']|Llasa-8B|Llasa|You will not exclude me from your confidence if you admit me to your heart?|en_US/by_book/female/judy_bieber/sky_island/wavs/skyisland_01_baum_64kb_f000046.wav|0.0636
./fake/en/Llasa-8B/jane_eyre_27_f000134.wav|en_UK/by_book/female/elizabeth_klett/jane_eyre/wavs/jane_eyre_27_f000134.wav|en|True|5.68|['multi-dataset']|Llasa-8B|Llasa|Now, however, I considered it well to let them flow as freely and as long as they liked.|en_US/by_book/female/judy_bieber/rinkitink_in_oz/wavs/rinkitink_baum_01_64kb_f000022.wav|0.0776
./fake/en/Llasa-8B/jane_eyre_32_f000239.wav|en_UK/by_book/female/elizabeth_klett/jane_eyre/wavs/jane_eyre_32_f000239.wav|en|True|3.3|['multi-dataset']|Llasa-8B|Llasa|What is the matter? I asked.|en_US/by_book/male/elliot_miller/silent_bullet/wavs/silent_bullet_09_f000012.wav|0.0843
./fake/en/Llasa-8B/silent_bullet_02_f000266.wav|en_US/by_book/male/elliot_miller/silent_bullet/wavs/silent_bullet_02_f000266.wav|en|True|7.84|['multi-dataset']|Llasa-8B|Llasa|It was the only way I could think of to stop this thing between another mans wife and the man I loved better than my own husband.|en_US/by_book/male/elliot_miller/pink_fairy_book/wavs/pink_fairy_book_25_f000064.wav|0.0388
./fake/en/Llasa-8B/midnight_passenger_04_f000149.wav|en_US/by_book/female/mary_ann/midnight_passenger/wavs/midnight_passenger_04_f000149.wav|en|True|6.84|['multi-dataset']|Llasa-8B|Llasa|I am absolutely incognito. I live apart from the world, and I dare not take you to my home.|en_UK/by_book/female/elizabeth_klett/wives_and_daughters/wavs/wives_and_daughters_17_f000043.wav|0.0428
./fake/en/Llasa-8B/hunters_space_13_f000035.wav|en_US/by_book/male/elliot_miller/hunters_space/wavs/hunters_space_13_f000035.wav|en|True|13.6|['multi-dataset']|Llasa-8B|Llasa|Nothing was still. The forges of space were white-hot. As they sped toward this sun, they passed two planets, perilously close together, pelting each other with splashing gobs and spears of flame and slag.|en_US/by_book/female/judy_bieber/the_sea_fairies/wavs/the_sea_fairies_17_f000167.wav|0.0315
./fake/en/Llasa-8B/pink_fairy_book_24_f000082.wav|en_US/by_book/male/elliot_miller/pink_fairy_book/wavs/pink_fairy_book_24_f000082.wav|en|True|7.84|['multi-dataset']|Llasa-8B|Llasa|who had long ago been enchanted by a giant and lost to them.|en_US/by_book/female/mary_ann/northandsouth/wavs/northandsouth_30_f000101.wav|0.0440
./fake/en/Llasa-8B/pink_fairy_book_31_f000058.wav|en_US/by_book/male/elliot_miller/pink_fairy_book/wavs/pink_fairy_book_31_f000058.wav|en|True|9.78|['multi-dataset']|Llasa-8B|Llasa|She had now devised a plan by which they could perhaps succeed in getting to see each other again, and spending the rest of their lives together.|en_UK/by_book/female/elizabeth_klett/wives_and_daughters/wavs/wives_and_daughters_18_f000187.wav|-0.0340
./fake/en/Llasa-8B/dorothy_and_wizard_oz_01_f000018.wav|en_US/by_book/female/judy_bieber/dorothy_and_wizard_oz/wavs/dorothy_and_wizard_oz_01_f000018.wav|en|True|11.3|['multi-dataset']|Llasa-8B|Llasa|Princess Ozma, whom I love as much as my readers do, is again introduced in this story, and so are several of our old friends of Oz.|en_US/by_book/male/elliot_miller/silent_bullet/wavs/silent_bullet_05_f000253.wav|0.0113
./fake/en/Llasa-8B/pink_fairy_book_34_f000046.wav|en_US/by_book/male/elliot_miller/pink_fairy_book/wavs/pink_fairy_book_34_f000046.wav|en|True|10.78|['multi-dataset']|Llasa-8B|Llasa|She then got a dress made for her own daughter, like the finest robe for a queen, and she had a mask prepared and put upon her face, so that she looked quite pretty,|en_UK/by_book/female/elizabeth_klett/wives_and_daughters/wavs/wives_and_daughters_15_f000011.wav|0.0449
./fake/en/Llasa-8B/jane_eyre_24_f000153.wav|en_UK/by_book/female/elizabeth_klett/jane_eyre/wavs/jane_eyre_24_f000153.wav|en|True|9.06|['multi-dataset']|Llasa-8B|Llasa|Now, can you tell me whether it is actually true that Mister Rochester has asked you to marry him? Don't laugh at me.|en_US/by_book/male/elliot_miller/poisoned_pen/wavs/poisoned_pen_02_f000305.wav|0.1866
./fake/en/Llasa-8B/ozma_of_oz_14_f000053.wav|en_US/by_book/female/judy_bieber/ozma_of_oz/wavs/ozma_of_oz_14_f000053.wav|en|True|12.74|['multi-dataset']|Llasa-8B|Llasa|Why, you don't want to go away and leave me all alone, do you? asked the girl. Besides, if I go now I can wind up Tiktok, so that he can make his last guess.|en_UK/by_book/female/elizabeth_klett/jane_eyre/wavs/jane_eyre_22_f000148.wav|0.0441
./fake/en/Llasa-8B/wives_and_daughters_56_f000061.wav|en_UK/by_book/female/elizabeth_klett/wives_and_daughters/wavs/wives_and_daughters_56_f000061.wav|en|True|4.88|['multi-dataset']|Llasa-8B|Llasa|He felt he ought to talk, but he could not think of anything to say.|en_UK/by_book/female/elizabeth_klett/jane_eyre/wavs/jane_eyre_27_f000076.wav|0.0353
./fake/en/Llasa-8B/jane_eyre_07_f000129.wav|en_UK/by_book/female/elizabeth_klett/jane_eyre/wavs/jane_eyre_07_f000129.wav|en|True|11.66|['multi-dataset']|Llasa-8B|Llasa|They now proceeded to address divers remarks and reproofs to Miss Smith, who was charged with the care of the linen and the inspection of the dormitories:|en_UK/by_book/female/elizabeth_klett/wives_and_daughters/wavs/wives_and_daughters_29_f000053.wav|0.2530
./fake/en/Llasa-8B/midnight_passenger_05_f000183.wav|en_US/by_book/female/mary_ann/midnight_passenger/wavs/midnight_passenger_05_f000183.wav|en|True|4.74|['multi-dataset']|Llasa-8B|Llasa|he could see the gleam of white hands thrown up despairingly in the icy waters.|en_UK/by_book/female/elizabeth_klett/jane_eyre/wavs/jane_eyre_29_f000203.wav|0.0558
./fake/en/Llasa-8B/ozma_of_oz_07_f000062.wav|en_US/by_book/female/judy_bieber/ozma_of_oz/wavs/ozma_of_oz_07_f000062.wav|en|True|8.78|['multi-dataset']|Llasa-8B|Llasa|Ozma now drove her chariot around to the third door of the wing, upon which the Tin Woodman boldly proceeded to knock.|en_US/by_book/female/judy_bieber/rinkitink_in_oz/wavs/rinkitink_baum_18_64kb_f000156.wav|0.1108
./fake/en/Llasa-8B/northandsouth_38_f000007.wav|en_US/by_book/female/mary_ann/northandsouth/wavs/northandsouth_38_f000007.wav|en|True|9.86|['multi-dataset']|Llasa-8B|Llasa|It was not merely that Margaret was known to mister Thornton to have spoken falsely,-though she imagined that for this reason only was she so turned in his opinion,|en_UK/by_book/female/elizabeth_klett/jane_eyre/wavs/jane_eyre_33_f000256.wav|0.1926
./fake/en/Llasa-8B/wives_and_daughters_54_f000147.wav|en_UK/by_book/female/elizabeth_klett/wives_and_daughters/wavs/wives_and_daughters_54_f000147.wav|en|True|9.2|['multi-dataset']|Llasa-8B|Llasa|but making a long pull upon her strength, which seemed to lessen day by day, until at last her father feared that she might become a permanent invalid.|en_UK/by_book/female/elizabeth_klett/wives_and_daughters/wavs/wives_and_daughters_15_f000002.wav|0.3642
./fake/en/Llasa-8B/the_master_key_02_f000030.wav|en_US/by_book/female/judy_bieber/the_master_key/wavs/the_master_key_02_f000030.wav|en|True|2.3|['multi-dataset']|Llasa-8B|Llasa|cried Rob, rather nettled at this statement.|en_UK/by_book/female/elizabeth_klett/wives_and_daughters/wavs/wives_and_daughters_46_f000071.wav|0.0507
./fake/en/Llasa-8B/emerald_city_of_oz_20_f000007.wav|en_US/by_book/female/judy_bieber/emerald_city_of_oz/wavs/emerald_city_of_oz_20_f000007.wav|en|True|9.2|['multi-dataset']|Llasa-8B|Llasa|They now entered the great hall of the palace, where they met a gaily dressed attendant, from whom the Keeper of the Wicket inquired if the King were at leisure.|en_US/by_book/female/mary_ann/northandsouth/wavs/northandsouth_28_f000080.wav|0.1127
./fake/en/Llasa-8B/dorothy_and_wizard_oz_15_f000089.wav|en_US/by_book/female/judy_bieber/dorothy_and_wizard_oz/wavs/dorothy_and_wizard_oz_15_f000089.wav|en|True|7.62|['multi-dataset']|Llasa-8B|Llasa|Oz can do some good tricks, humbug or no humbug, announced Zeb, who was now feeling more at ease.|en_UK/by_book/female/elizabeth_klett/jane_eyre/wavs/jane_eyre_37_f000162.wav|0.0403
./fake/en/Llasa-8B/northandsouth_26_f000080.wav|en_US/by_book/female/mary_ann/northandsouth/wavs/northandsouth_26_f000080.wav|en|True|3.74|['multi-dataset']|Llasa-8B|Llasa|Yet her head was down over the book; she did not look up.|en_US/by_book/female/judy_bieber/the_master_key/wavs/the_master_key_02_f000078.wav|0.1647
./fake/en/Llasa-8B/wives_and_daughters_39_f000196.wav|en_UK/by_book/female/elizabeth_klett/wives_and_daughters/wavs/wives_and_daughters_39_f000196.wav|en|True|9.5|['multi-dataset']|Llasa-8B|Llasa|And as for your health, why, what's to make you well, if you cower over the fire all day, and shudder away from a good honest tankard as if it were poison?|en_US/by_book/male/elliot_miller/poisoned_pen/wavs/poisoned_pen_05_f000159.wav|0.3351
./fake/en/Llasa-8B/ozma_of_oz_02_f000065.wav|en_US/by_book/female/judy_bieber/ozma_of_oz/wavs/ozma_of_oz_02_f000065.wav|en|True|4.88|['multi-dataset']|Llasa-8B|Llasa|and made a pet of me because I was the only yellow chicken in the whole brood.|en_UK/by_book/female/elizabeth_klett/jane_eyre/wavs/jane_eyre_24_f000006.wav|-0.0111
./fake/en/Llasa-8B/pink_fairy_book_33_f000103.wav|en_US/by_book/male/elliot_miller/pink_fairy_book/wavs/pink_fairy_book_33_f000103.wav|en|True|7.56|['multi-dataset']|Llasa-8B|Llasa|they were better than nothing, for he felt that somehow they might be the means of leading him back to her.|en_US/by_book/female/mary_ann/midnight_passenger/wavs/midnight_passenger_14_f000218.wav|0.4650
./fake/en/Llasa-8B/pink_fairy_book_21_f000052.wav|en_US/by_book/male/elliot_miller/pink_fairy_book/wavs/pink_fairy_book_21_f000052.wav|en|True|11.3|['multi-dataset']|Llasa-8B|Llasa|And after Catherine had gone her way her ladys Destiny went to find her sister, and said to her, Dear sister, has not Catherine suffered enough?|en_UK/by_book/female/elizabeth_klett/jane_eyre/wavs/jane_eyre_27_f000158.wav|0.2755
./fake/en/Llasa-8B/the_master_key_04_f000113.wav|en_US/by_book/female/judy_bieber/the_master_key/wavs/the_master_key_04_f000113.wav|en|True|7.98|['multi-dataset']|Llasa-8B|Llasa|You'll have to catch me first, said Rob, still laughing, and to the amazement of the policeman he began rising straight into the air.|en_US/by_book/male/elliot_miller/poisoned_pen/wavs/poisoned_pen_09_f000035.wav|0.0881
./fake/en/Llasa-8B/piratesofersatz_01_leinster_64kb_f000168.wav|en_US/by_book/male/elliot_miller/pirates_of_ersatz/wavs/piratesofersatz_01_leinster_64kb_f000168.wav|en|True|9.72|['multi-dataset']|Llasa-8B|Llasa|It was natural, it was inevitable, it should have been infallibly certain that any possible excuse for not thinking about the receptor would be seized upon.|en_US/by_book/female/judy_bieber/sky_island/wavs/skyisland_14_baum_64kb_f000001.wav|0.1436
./fake/en/Llasa-8B/dorothy_and_wizard_oz_14_f000130.wav|en_US/by_book/female/judy_bieber/dorothy_and_wizard_oz/wavs/dorothy_and_wizard_oz_14_f000130.wav|en|True|6.12|['multi-dataset']|Llasa-8B|Llasa|Not at all, replied the Wizard. It will all happen as quick as a wink.|en_UK/by_book/female/elizabeth_klett/wives_and_daughters/wavs/wives_and_daughters_08_f000120.wav|-0.0998
./fake/en/Llasa-8B/northandsouth_04_f000006.wav|en_US/by_book/female/mary_ann/northandsouth/wavs/northandsouth_04_f000006.wav|en|True|2.88|['multi-dataset']|Llasa-8B|Llasa|I shall no gentler calm implore.|en_US/by_book/female/judy_bieber/rinkitink_in_oz/wavs/rinkitink_baum_19_64kb_f000068.wav|0.2999
./fake/en/Llasa-8B/jane_eyre_04_f000195.wav|en_UK/by_book/female/elizabeth_klett/jane_eyre/wavs/jane_eyre_04_f000195.wav|en|True|9.5|['multi-dataset']|Llasa-8B|Llasa|With these words Mister Brocklehurst put into my hand a thin pamphlet sewn in a cover, and having rung for his carriage, he departed.|en_US/by_book/male/elliot_miller/pink_fairy_book/wavs/pink_fairy_book_20_f000047.wav|0.0078
./fake/en/Llasa-8B/wives_and_daughters_49_f000161.wav|en_UK/by_book/female/elizabeth_klett/wives_and_daughters/wavs/wives_and_daughters_49_f000161.wav|en|True|11.7|['multi-dataset']|Llasa-8B|Llasa|But he will excuse me, I hope, continued she, still in that gracious manner which made him feel that he now held a much higher place in her esteem than he had had at the beginning of their interview,|en_US/by_book/male/elliot_miller/pink_fairy_book/wavs/pink_fairy_book_20_f000047.wav|0.0701
./fake/en/Llasa-8B/piratesofersatz_06_leinster_64kb_f000124.wav|en_US/by_book/male/elliot_miller/pirates_of_ersatz/wavs/piratesofersatz_06_leinster_64kb_f000124.wav|en|True|5.96|['multi-dataset']|Llasa-8B|Llasa|Ten minutes later he trudged up to Thal, waiting in the nearby woodland with two horses.|en_US/by_book/female/mary_ann/northandsouth/wavs/northandsouth_01_f000024.wav|-0.0328
./fake/en/Llasa-8B/jane_eyre_17_f000048.wav|en_UK/by_book/female/elizabeth_klett/jane_eyre/wavs/jane_eyre_17_f000048.wav|en|True|5.76|['multi-dataset']|Llasa-8B|Llasa|The party were expected to arrive on Thursday afternoon, in time for dinner at six.|en_US/by_book/female/judy_bieber/the_sea_fairies/wavs/the_sea_fairies_07_f000128.wav|0.2212
./fake/en/Llasa-8B/wives_and_daughters_59_f000192.wav|en_UK/by_book/female/elizabeth_klett/wives_and_daughters/wavs/wives_and_daughters_59_f000192.wav|en|True|5.96|['multi-dataset']|Llasa-8B|Llasa|Take whichever you like, said she, eagerly offering him the whole nosegay to choose from.|en_US/by_book/male/elliot_miller/silent_bullet/wavs/silent_bullet_10_f000293.wav|0.0990
./fake/en/Llasa-8B/wives_and_daughters_19_f000054.wav|en_UK/by_book/female/elizabeth_klett/wives_and_daughters/wavs/wives_and_daughters_19_f000054.wav|en|True|6.76|['multi-dataset']|Llasa-8B|Llasa|She ran past Molly and Mister Gibson, who rather averted their eyes from this first greeting between mother and child.|en_US/by_book/female/judy_bieber/sky_island/wavs/skyisland_26_baum_64kb_f000044.wav|0.0165
./fake/en/Llasa-8B/jane_eyre_19_f000016.wav|en_UK/by_book/female/elizabeth_klett/jane_eyre/wavs/jane_eyre_19_f000016.wav|en|True|8.12|['multi-dataset']|Llasa-8B|Llasa|It's like your impudence to say so: I expected it of you; I heard it in your step as you crossed the threshold.|en_US/by_book/male/elliot_miller/poisoned_pen/wavs/poisoned_pen_04_f000178.wav|-0.0014
./fake/en/Llasa-8B/poisoned_pen_08_f000198.wav|en_US/by_book/male/elliot_miller/poisoned_pen/wavs/poisoned_pen_08_f000198.wav|en|True|6.62|['multi-dataset']|Llasa-8B|Llasa|Looked very attractive, as the druggist put it, but she might have been a negress for all I could tell you of her face.|en_UK/by_book/female/elizabeth_klett/jane_eyre/wavs/jane_eyre_19_f000095.wav|0.0342
./fake/en/Llasa-8B/skyisland_26_baum_64kb_f000044.wav|en_US/by_book/female/judy_bieber/sky_island/wavs/skyisland_26_baum_64kb_f000044.wav|en|True|18.6|['multi-dataset']|Llasa-8B|Llasa|Then she gave Rosalie back her magic ring, thanking the kind Witch for all she had done for them. And now, said she, I want to say to Ghip-'Sizzle that jus' as soon as we can find Button-Bright's umbrel we're going to fly home again.|en_UK/by_book/female/elizabeth_klett/jane_eyre/wavs/jane_eyre_05_f000247.wav|0.1397
./fake/en/Llasa-8B/wives_and_daughters_54_f000216.wav|en_UK/by_book/female/elizabeth_klett/wives_and_daughters/wavs/wives_and_daughters_54_f000216.wav|en|True|5.46|['multi-dataset']|Llasa-8B|Llasa|and to the scenes which had then so deeply impressed themselves upon her susceptible nature.|en_UK/by_book/female/elizabeth_klett/wives_and_daughters/wavs/wives_and_daughters_17_f000024.wav|0.1121
./fake/en/Llasa-8B/poisoned_pen_04_f000145.wav|en_US/by_book/male/elliot_miller/poisoned_pen/wavs/poisoned_pen_04_f000145.wav|en|True|11.52|['multi-dataset']|Llasa-8B|Llasa|I lost no time in doing so. Kennedy dumped the two chemicals into a pan in the middle of the main office, about three-fifths saltpeter and two-fifths sulphur, I should say.|en_US/by_book/male/elliot_miller/pink_fairy_book/wavs/pink_fairy_book_07_f000037.wav|0.0086
./fake/en/Llasa-8B/wives_and_daughters_47_f000086.wav|en_UK/by_book/female/elizabeth_klett/wives_and_daughters/wavs/wives_and_daughters_47_f000086.wav|en|True|6.84|['multi-dataset']|Llasa-8B|Llasa|For a good while the Miss Brownings were kept in ignorance of the evil tongues that whispered hard words about Molly.|en_US/by_book/female/mary_ann/midnight_passenger/wavs/midnight_passenger_03_f000271.wav|0.0307
./fake/en/Llasa-8B/wives_and_daughters_18_f000016.wav|en_UK/by_book/female/elizabeth_klett/wives_and_daughters/wavs/wives_and_daughters_18_f000016.wav|en|True|4.2|['multi-dataset']|Llasa-8B|Llasa|But it was several days before Molly could ask Roger any questions;|en_US/by_book/female/mary_ann/midnight_passenger/wavs/midnight_passenger_09_f000072.wav|0.0465
./fake/en/Llasa-8B/poisoned_pen_12_f000414.wav|en_US/by_book/male/elliot_miller/poisoned_pen/wavs/poisoned_pen_12_f000414.wav|en|True|6.62|['multi-dataset']|Llasa-8B|Llasa|But how did you do it? I asked, not comprehending. The faked photographs did not move him, that I could see.|en_US/by_book/female/mary_ann/midnight_passenger/wavs/midnight_passenger_13_f000191.wav|-0.0275
./fake/en/Llasa-8B/pink_fairy_book_31_f000049.wav|en_US/by_book/male/elliot_miller/pink_fairy_book/wavs/pink_fairy_book_31_f000049.wav|en|True|9.78|['multi-dataset']|Llasa-8B|Llasa|He swam and he pondered and he thought over this until he remembered the sound of what the troll said, and then he tried to say it himself.|en_US/by_book/male/elliot_miller/poisoned_pen/wavs/poisoned_pen_06_f000247.wav|0.1413
./fake/en/Llasa-8B/dorothy_and_wizard_oz_01_f000007.wav|en_US/by_book/female/judy_bieber/dorothy_and_wizard_oz/wavs/dorothy_and_wizard_oz_01_f000007.wav|en|True|5.34|['multi-dataset']|Llasa-8B|Llasa|and as one of my small friends aptly states:|en_UK/by_book/female/elizabeth_klett/jane_eyre/wavs/jane_eyre_30_f000144.wav|0.0460
./fake/en/Llasa-8B/jane_eyre_27_f000392.wav|en_UK/by_book/female/elizabeth_klett/jane_eyre/wavs/jane_eyre_27_f000392.wav|en|True|7.78|['multi-dataset']|Llasa-8B|Llasa|snarl as I would, you showed no surprise, fear, annoyance, or displeasure at my moroseness;|en_UK/by_book/female/elizabeth_klett/jane_eyre/wavs/jane_eyre_17_f000183.wav|0.0793
./fake/en/Llasa-8B/wives_and_daughters_35_f000220.wav|en_UK/by_book/female/elizabeth_klett/wives_and_daughters/wavs/wives_and_daughters_35_f000220.wav|en|True|11.66|['multi-dataset']|Llasa-8B|Llasa|How came you, sir, said he, firing round on Mister Gibson, suddenly - to say when you were last here, that there was nothing between my sons and either of your girls?|en_US/by_book/female/mary_ann/midnight_passenger/wavs/midnight_passenger_14_f000243.wav|0.1087
./fake/en/Llasa-8B/pink_fairy_book_02_f000017.wav|en_US/by_book/male/elliot_miller/pink_fairy_book/wavs/pink_fairy_book_02_f000017.wav|en|True|10.0|['multi-dataset']|Llasa-8B|Llasa|But on one condition I will spare you, and that is, if you will bring me the flying horse that belongs to the great dragon.|en_US/by_book/male/elliot_miller/hunters_space/wavs/hunters_space_08_f000069.wav|0.1340
./fake/en/Llasa-8B/skyisland_01_baum_64kb_f000046.wav|en_US/by_book/female/judy_bieber/sky_island/wavs/skyisland_01_baum_64kb_f000046.wav|en|True|3.52|['multi-dataset']|Llasa-8B|Llasa|Do you like girls? asked Trot, making room for him.|en_UK/by_book/female/elizabeth_klett/wives_and_daughters/wavs/wives_and_daughters_46_f000129.wav|0.0642
./fake/en/Llasa-8B/silent_bullet_11_f000018.wav|en_US/by_book/male/elliot_miller/silent_bullet/wavs/silent_bullet_11_f000018.wav|en|True|9.06|['multi-dataset']|Llasa-8B|Llasa|Luigi merely replied, Friends, in English also, and then dropped off into a voluble, low-toned explanation in Italian.|en_US/by_book/female/mary_ann/midnight_passenger/wavs/midnight_passenger_02_f000148.wav|0.1971
./fake/en/Llasa-8B/jane_eyre_27_f000510.wav|en_UK/by_book/female/elizabeth_klett/jane_eyre/wavs/jane_eyre_27_f000510.wav|en|True|9.3|['multi-dataset']|Llasa-8B|Llasa|Little Jane's love would have been my best reward, he answered;|en_UK/by_book/female/elizabeth_klett/wives_and_daughters/wavs/wives_and_daughters_24_f000100.wav|0.0330
./fake/en/Llasa-8B/wives_and_daughters_17_f000127.wav|en_UK/by_book/female/elizabeth_klett/wives_and_daughters/wavs/wives_and_daughters_17_f000127.wav|en|True|6.76|['multi-dataset']|Llasa-8B|Llasa|And, besides, I think all doctors are ignorant quacks, pretending to knowledge they haven't got.|en_UK/by_book/female/elizabeth_klett/wives_and_daughters/wavs/wives_and_daughters_39_f000176.wav|0.0519
./fake/en/Llasa-8B/emerald_city_of_oz_25_f000051.wav|en_US/by_book/female/judy_bieber/emerald_city_of_oz/wavs/emerald_city_of_oz_25_f000051.wav|en|True|11.38|['multi-dataset']|Llasa-8B|Llasa|The second story contained a fine banquet room, where the Scarecrow might entertain his guests, and the three stories above that were bed-chambers exquisitely furnished and decorated.|en_UK/by_book/female/elizabeth_klett/jane_eyre/wavs/jane_eyre_11_f000034.wav|0.1061
./fake/en/Llasa-8B/wives_and_daughters_42_f000045.wav|en_UK/by_book/female/elizabeth_klett/wives_and_daughters/wavs/wives_and_daughters_42_f000045.wav|en|True|8.42|['multi-dataset']|Llasa-8B|Llasa|Now jump down, lassie, and make the best of your way home before it gets dark. You'll find the cut over Croston Heath shorter than the road we've come by.|en_UK/by_book/female/elizabeth_klett/jane_eyre/wavs/jane_eyre_12_f000033.wav|0.0161
./fake/en/Llasa-8B/rinkitink_baum_23_64kb_f000010.wav|en_US/by_book/female/judy_bieber/rinkitink_in_oz/wavs/rinkitink_baum_23_64kb_f000010.wav|en|True|3.88|['multi-dataset']|Llasa-8B|Llasa|which they crossed safely on the Magic Carpet.|en_UK/by_book/female/elizabeth_klett/wives_and_daughters/wavs/wives_and_daughters_58_f000032.wav|0.3386
./fake/en/Llasa-8B/piratesofersatz_09_leinster_64kb_f000080.wav|en_US/by_book/male/elliot_miller/pirates_of_ersatz/wavs/piratesofersatz_09_leinster_64kb_f000080.wav|en|True|9.14|['multi-dataset']|Llasa-8B|Llasa|Yes, sir, said the clerk without intonation when he was through. If you will come to the office in the morning, sir, the papers will be drawn up and matters can be concluded.|en_US/by_book/male/elliot_miller/poisoned_pen/wavs/poisoned_pen_03_f000266.wav|0.1383
./fake/en/Llasa-8B/wives_and_daughters_41_f000152.wav|en_UK/by_book/female/elizabeth_klett/wives_and_daughters/wavs/wives_and_daughters_41_f000152.wav|en|True|7.98|['multi-dataset']|Llasa-8B|Llasa|Miss Browning had been on the watch for the signs of deterioration in Cynthia's character ever since her return home.|en_US/by_book/male/elliot_miller/pink_fairy_book/wavs/pink_fairy_book_20_f000013.wav|0.1408
./fake/en/Llasa-8B/wives_and_daughters_04_f000173.wav|en_UK/by_book/female/elizabeth_klett/wives_and_daughters/wavs/wives_and_daughters_04_f000173.wav|en|True|10.68|['multi-dataset']|Llasa-8B|Llasa|About this unseen pond in the deep shade Missis Hamley had written many a pretty four-versed poem since she lay on her sofa, alternately reading and composing verse.|en_US/by_book/female/judy_bieber/emerald_city_of_oz/wavs/emerald_city_of_oz_04_f000058.wav|0.2550
./fake/en/Llasa-8B/midnight_passenger_05_f000049.wav|en_US/by_book/female/mary_ann/midnight_passenger/wavs/midnight_passenger_05_f000049.wav|en|True|6.68|['multi-dataset']|Llasa-8B|Llasa|He has been secretly coached up by Ferris, thought the suspicious Clayton. But he gave no sign of his secret distrust.|en_UK/by_book/female/elizabeth_klett/jane_eyre/wavs/jane_eyre_24_f000121.wav|0.1258
./fake/en/Llasa-8B/piratesofersatz_07_leinster_64kb_f000250.wav|en_US/by_book/male/elliot_miller/pirates_of_ersatz/wavs/piratesofersatz_07_leinster_64kb_f000250.wav|en|True|9.42|['multi-dataset']|Llasa-8B|Llasa|They were very much afraid that they knew what it was. They did. It was the surface of the planet Darth, well below them.|en_US/by_book/female/mary_ann/northandsouth/wavs/northandsouth_19_f000056.wav|0.0237
./fake/en/Llasa-8B/jane_eyre_33_f000018.wav|en_UK/by_book/female/elizabeth_klett/jane_eyre/wavs/jane_eyre_33_f000018.wav|en|True|6.76|['multi-dataset']|Llasa-8B|Llasa|I shall sully the purity of your floor, said he, but you must excuse me for once.|en_US/by_book/female/judy_bieber/the_sea_fairies/wavs/the_sea_fairies_12_f000039.wav|0.0163
./fake/en/Llasa-8B/silent_bullet_13_f000219.wav|en_US/by_book/male/elliot_miller/silent_bullet/wavs/silent_bullet_13_f000219.wav|en|True|11.52|['multi-dataset']|Llasa-8B|Llasa|Au contrarie, monsieur, let me demonstrate how to lose, answered Craig with a smile that showed a row of faultless teeth beneath his black moustache, decidedly foreign.|en_US/by_book/female/judy_bieber/sky_island/wavs/skyisland_14_baum_64kb_f000077.wav|0.0203
./fake/en/Llasa-8B/wives_and_daughters_04_f000147.wav|en_UK/by_book/female/elizabeth_klett/wives_and_daughters/wavs/wives_and_daughters_04_f000147.wav|en|True|5.64|['multi-dataset']|Llasa-8B|Llasa|Perhaps if she had had a daughter it would have been better for her:|en_UK/by_book/female/elizabeth_klett/jane_eyre/wavs/jane_eyre_24_f000017.wav|0.0478
./fake/en/Llasa-8B/silent_bullet_09_f000032.wav|en_US/by_book/male/elliot_miller/silent_bullet/wavs/silent_bullet_09_f000032.wav|en|True|13.2|['multi-dataset']|Llasa-8B|Llasa|Tom, he said, first of all, let me ask that when we get to the camp we are to be simply two old classmates whom you had asked to spend a few days before the tragedy occurred.|en_US/by_book/female/judy_bieber/the_master_key/wavs/the_master_key_10_f000072.wav|0.1233
./fake/en/Llasa-8B/emerald_city_of_oz_24_f000038.wav|en_US/by_book/female/judy_bieber/emerald_city_of_oz/wavs/emerald_city_of_oz_24_f000038.wav|en|True|7.44|['multi-dataset']|Llasa-8B|Llasa|Usually it begs his pardon and goes away, said the Wizard, gravely.|en_US/by_book/female/judy_bieber/rinkitink_in_oz/wavs/rinkitink_baum_23_64kb_f000010.wav|0.0201
./fake/en/Llasa-8B/poisoned_pen_11_f000387.wav|en_US/by_book/male/elliot_miller/poisoned_pen/wavs/poisoned_pen_11_f000387.wav|en|True|6.26|['multi-dataset']|Llasa-8B|Llasa|Prescott had fallen back a step and Missis Martin was making an effort to appear stately and end the interview.|en_US/by_book/male/elliot_miller/hunters_space/wavs/hunters_space_10_f000047.wav|-0.0272
./fake/en/Llasa-8B/northandsouth_19_f000198.wav|en_US/by_book/female/mary_ann/northandsouth/wavs/northandsouth_19_f000198.wav|en|True|7.84|['multi-dataset']|Llasa-8B|Llasa|She took out her purse; she had not much in it of what she could call her own, but what she had she put into Bessys hand without speaking.|en_UK/by_book/female/elizabeth_klett/jane_eyre/wavs/jane_eyre_34_f000479.wav|0.1962
./fake/en/Llasa-8B/poisoned_pen_08_f000143.wav|en_US/by_book/male/elliot_miller/poisoned_pen/wavs/poisoned_pen_08_f000143.wav|en|True|9.2|['multi-dataset']|Llasa-8B|Llasa|Our ride uptown to the laboratory was completed in silence which I did not interrupt, for I could see that Kennedy was thinking out a course of action.|en_UK/by_book/female/elizabeth_klett/jane_eyre/wavs/jane_eyre_34_f000230.wav|-0.0562
./fake/en/Llasa-8B/wives_and_daughters_55_f000017.wav|en_UK/by_book/female/elizabeth_klett/wives_and_daughters/wavs/wives_and_daughters_55_f000017.wav|en|True|6.32|['multi-dataset']|Llasa-8B|Llasa|No! Roger! Roger come home! said Molly, turning first red, then very white.|en_UK/by_book/female/elizabeth_klett/wives_and_daughters/wavs/wives_and_daughters_54_f000216.wav|0.1563
./fake/en/Llasa-8B/the_master_key_16_f000054.wav|en_US/by_book/female/judy_bieber/the_master_key/wavs/the_master_key_16_f000054.wav|en|True|4.48|['multi-dataset']|Llasa-8B|Llasa|And, as I'm the heavier, I suppose you'll drop me first.|en_UK/by_book/female/elizabeth_klett/wives_and_daughters/wavs/wives_and_daughters_21_f000161.wav|0.0885
./fake/en/Llasa-8B/wives_and_daughters_58_f000201.wav|en_UK/by_book/female/elizabeth_klett/wives_and_daughters/wavs/wives_and_daughters_58_f000201.wav|en|True|8.28|['multi-dataset']|Llasa-8B|Llasa|I'm glad to hear she's like to be so well off. And now, I suppose, you'll be turning your mind to doing something for Miss Molly there?|en_US/by_book/female/judy_bieber/dorothy_and_wizard_oz/wavs/dorothy_and_wizard_oz_15_f000002.wav|0.0643
./fake/en/Llasa-8B/the_sea_fairies_10_f000009.wav|en_US/by_book/female/judy_bieber/the_sea_fairies/wavs/the_sea_fairies_10_f000009.wav|en|True|7.2|['multi-dataset']|Llasa-8B|Llasa|They were of various colors, some rich and brilliant, others of dark brown hues.|en_UK/by_book/female/elizabeth_klett/jane_eyre/wavs/jane_eyre_15_f000075.wav|0.1819
./fake/en/Llasa-8B/northandsouth_11_f000043.wav|en_US/by_book/female/mary_ann/northandsouth/wavs/northandsouth_11_f000043.wav|en|True|6.12|['multi-dataset']|Llasa-8B|Llasa|Margaret was collecting her mothers working materials, and preparing to go to bed.|en_US/by_book/female/mary_ann/northandsouth/wavs/northandsouth_12_f000103.wav|0.1900
./fake/en/Llasa-8B/midnight_passenger_02_f000189.wav|en_US/by_book/female/mary_ann/midnight_passenger/wavs/midnight_passenger_02_f000189.wav|en|True|14.62|['multi-dataset']|Llasa-8B|Llasa|The Chicago Limited, my boy! coolly answered the jovial Westerner as he dragged his friend back into the cafe. I do confess the need of an eye-opener after my meal of cinders.|en_UK/by_book/female/elizabeth_klett/wives_and_daughters/wavs/wives_and_daughters_53_f000079.wav|0.0370
./fake/en/Llasa-8B/silent_bullet_05_f000188.wav|en_US/by_book/male/elliot_miller/silent_bullet/wavs/silent_bullet_05_f000188.wav|en|True|11.3|['multi-dataset']|Llasa-8B|Llasa|That night six men gathered in Kennedys laboratory. In my utter ignorance of what was about to happen I was perfectly calm, and so were all the rest, except Gregory.|en_US/by_book/female/judy_bieber/the_master_key/wavs/the_master_key_04_f000098.wav|0.1139
./fake/en/Llasa-8B/midnight_passenger_04_f000086.wav|en_US/by_book/female/mary_ann/midnight_passenger/wavs/midnight_passenger_04_f000086.wav|en|True|9.62|['multi-dataset']|Llasa-8B|Llasa|Gloomily recalling the past, he went over all the brief memories of his boyhood, and tried to recall his stern father's few confidences,|en_US/by_book/male/elliot_miller/pirates_of_ersatz/wavs/piratesofersatz_05_leinster_64kb_f000128.wav|0.0316
./fake/en/Llasa-8B/pink_fairy_book_27_f000003.wav|en_US/by_book/male/elliot_miller/pink_fairy_book/wavs/pink_fairy_book_27_f000003.wav|en|True|13.72|['multi-dataset']|Llasa-8B|Llasa|There was once a man who had a son who was very clever at reading, and took great delight in it. He went out into the world to seek service somewhere,|en_UK/by_book/female/elizabeth_klett/wives_and_daughters/wavs/wives_and_daughters_03_f000088.wav|0.0410
./fake/en/Llasa-8B/jane_eyre_18_f000177.wav|en_UK/by_book/female/elizabeth_klett/jane_eyre/wavs/jane_eyre_18_f000177.wav|en|True|3.78|['multi-dataset']|Llasa-8B|Llasa|A post-chaise was approaching.|en_US/by_book/female/judy_bieber/the_master_key/wavs/the_master_key_10_f000127.wav|0.2494
./fake/en/Llasa-8B/northandsouth_08_f000042.wav|en_US/by_book/female/mary_ann/northandsouth/wavs/northandsouth_08_f000042.wav|en|True|9.08|['multi-dataset']|Llasa-8B|Llasa|She asked Margaret if she remembered the day twelve-month on which she, Edith, wrote-how it rained all day long in Harley Street;|en_US/by_book/male/elliot_miller/pink_fairy_book/wavs/pink_fairy_book_14_f000006.wav|0.0888
./fake/en/Llasa-8B/wives_and_daughters_10_f000100.wav|en_UK/by_book/female/elizabeth_klett/wives_and_daughters/wavs/wives_and_daughters_10_f000100.wav|en|True|6.88|['multi-dataset']|Llasa-8B|Llasa|Altogether, this second tete-a-tete, done to command, was not so satisfactory as the first;|en_US/by_book/male/elliot_miller/pink_fairy_book/wavs/pink_fairy_book_21_f000052.wav|0.2208
./fake/en/Llasa-8B/hunters_space_10_f000016.wav|en_US/by_book/male/elliot_miller/hunters_space/wavs/hunters_space_10_f000016.wav|en|True|5.96|['multi-dataset']|Llasa-8B|Llasa|Toward the outskirts of the city, in the bend of a wide river, was the Taj Mahal.|en_UK/by_book/female/elizabeth_klett/wives_and_daughters/wavs/wives_and_daughters_47_f000227.wav|0.1719
./fake/en/Llasa-8B/the_sea_fairies_17_f000167.wav|en_US/by_book/female/judy_bieber/the_sea_fairies/wavs/the_sea_fairies_17_f000167.wav|en|True|9.56|['multi-dataset']|Llasa-8B|Llasa|As their former nap had been interrupted, they readily agreed to Aquareine's proposal and at once went to their couches and composed themselves to slumber.|en_UK/by_book/female/elizabeth_klett/jane_eyre/wavs/jane_eyre_17_f000395.wav|0.0113
./fake/en/Llasa-8B/wives_and_daughters_14_f000107.wav|en_UK/by_book/female/elizabeth_klett/wives_and_daughters/wavs/wives_and_daughters_14_f000107.wav|en|True|11.26|['multi-dataset']|Llasa-8B|Llasa|Lady Harriet, will you allow me the pleasure of showing you some alterations I have made in the flower-garden - in which I have tried to consult your taste - before it grows dark?|en_US/by_book/female/judy_bieber/rinkitink_in_oz/wavs/rinkitink_baum_02_64kb_f000059.wav|-0.0564
./fake/en/Llasa-8B/ozma_of_oz_07_f000085.wav|en_US/by_book/female/judy_bieber/ozma_of_oz/wavs/ozma_of_oz_07_f000085.wav|en|True|7.26|['multi-dataset']|Llasa-8B|Llasa|metallic voice said suddenly in his ear: Get off my foot, please.|en_US/by_book/female/mary_ann/midnight_passenger/wavs/midnight_passenger_01_f000115.wav|0.0357
./fake/en/Llasa-8B/pink_fairy_book_25_f000064.wav|en_US/by_book/male/elliot_miller/pink_fairy_book/wavs/pink_fairy_book_25_f000064.wav|en|True|14.46|['multi-dataset']|Llasa-8B|Llasa|He heard a sound overhead like the flapping of wings, and a shadow was cast upon the ground. Then a huge griffin appeared, saying: I heard someone giving an invitation to eat; is there anything for me?|en_UK/by_book/female/elizabeth_klett/wives_and_daughters/wavs/wives_and_daughters_43_f000077.wav|0.0271
./fake/en/Llasa-8B/the_master_key_10_f000028.wav|en_US/by_book/female/judy_bieber/the_master_key/wavs/the_master_key_10_f000028.wav|en|True|15.68|['multi-dataset']|Llasa-8B|Llasa|How long it was since he had left the ocean behind him he could not guess, but his first thought was to set the indicator of the traveling machine to zero and to hover over the country until he could determine where he was.|en_US/by_book/female/judy_bieber/the_master_key/wavs/the_master_key_04_f000113.wav|0.1499
./fake/en/Llasa-8B/northandsouth_23_f000132.wav|en_US/by_book/female/mary_ann/northandsouth/wavs/northandsouth_23_f000132.wav|en|True|6.9|['multi-dataset']|Llasa-8B|Llasa|Good-night, Margaret. I have every chance of a good night myself, and you are looking very pale with your watching.|en_US/by_book/female/judy_bieber/dorothy_and_wizard_oz/wavs/dorothy_and_wizard_oz_01_f000007.wav|-0.1277
./fake/en/Llasa-8B/pink_fairy_book_39_f000045.wav|en_US/by_book/male/elliot_miller/pink_fairy_book/wavs/pink_fairy_book_39_f000045.wav|en|True|9.92|['multi-dataset']|Llasa-8B|Llasa|Then her voice softened, and she begged him quite politely to tell her where he had spent his evening, and how he had come by these wonderful riches.|en_UK/by_book/female/elizabeth_klett/jane_eyre/wavs/jane_eyre_27_f000384.wav|0.0526
./fake/en/Llasa-8B/piratesofersatz_10_leinster_64kb_f000096.wav|en_US/by_book/male/elliot_miller/pirates_of_ersatz/wavs/piratesofersatz_10_leinster_64kb_f000096.wav|en|True|9.14|['multi-dataset']|Llasa-8B|Llasa|So he made it. It was an electric motor very far ahead of those in the machines of Colin. Hoddan waked from a cat nap with a diagram in his head.|en_US/by_book/female/mary_ann/midnight_passenger/wavs/midnight_passenger_15_f000133.wav|0.0010
./fake/en/Llasa-8B/piratesofersatz_10_leinster_64kb_f000162.wav|en_US/by_book/male/elliot_miller/pirates_of_ersatz/wavs/piratesofersatz_10_leinster_64kb_f000162.wav|en|True|9.88|['multi-dataset']|Llasa-8B|Llasa|He was well-meaning. He might be capable of splendid things - even heroism. But he was horribly, terribly, appallingly civilized!|en_US/by_book/male/elliot_miller/pink_fairy_book/wavs/pink_fairy_book_18_f000031.wav|-0.0798
./fake/en/Llasa-8B/northandsouth_05_f000148.wav|en_US/by_book/female/mary_ann/northandsouth/wavs/northandsouth_05_f000148.wav|en|True|6.18|['multi-dataset']|Llasa-8B|Llasa|In consequence of this, Margaret felt herself touched, and started up into a sitting posture;|en_US/by_book/male/elliot_miller/poisoned_pen/wavs/poisoned_pen_03_f000244.wav|-0.0213
./fake/en/Llasa-8B/jane_eyre_25_f000167.wav|en_UK/by_book/female/elizabeth_klett/jane_eyre/wavs/jane_eyre_25_f000167.wav|en|True|3.44|['multi-dataset']|Llasa-8B|Llasa|it is too much as if some spirit were near me.|en_US/by_book/female/judy_bieber/emerald_city_of_oz/wavs/emerald_city_of_oz_04_f000053.wav|0.2088
./fake/en/Llasa-8B/northandsouth_11_f000036.wav|en_US/by_book/female/mary_ann/northandsouth/wavs/northandsouth_11_f000036.wav|en|True|7.98|['multi-dataset']|Llasa-8B|Llasa|That really is fine, said Margaret. What a pity such a nature should be tainted by his position as a Milton manufacturer.|en_US/by_book/male/elliot_miller/hunters_space/wavs/hunters_space_10_f000047.wav|0.1134
./fake/en/Llasa-8B/dorothy_and_wizard_oz_06_f000031.wav|en_US/by_book/female/judy_bieber/dorothy_and_wizard_oz/wavs/dorothy_and_wizard_oz_06_f000031.wav|en|True|8.3|['multi-dataset']|Llasa-8B|Llasa|I have heard of this wonderful magic. But it accomplishes nothing of value. What else can you do?|en_US/by_book/female/judy_bieber/the_sea_fairies/wavs/the_sea_fairies_20_f000145.wav|0.0226
./fake/en/Llasa-8B/midnight_passenger_06_f000254.wav|en_US/by_book/female/mary_ann/midnight_passenger/wavs/midnight_passenger_06_f000254.wav|en|True|6.48|['multi-dataset']|Llasa-8B|Llasa|Tell him not to leave there till I get him on the phone from Jersey City.|en_US/by_book/male/elliot_miller/pink_fairy_book/wavs/pink_fairy_book_40_f000218.wav|0.1734
./fake/en/Llasa-8B/pink_fairy_book_14_f000085.wav|en_US/by_book/male/elliot_miller/pink_fairy_book/wavs/pink_fairy_book_14_f000085.wav|en|True|13.26|['multi-dataset']|Llasa-8B|Llasa|he was unfortunate enough to break it in pieces, so he took a huge stone that was lying on the field, seven ells long, and seven ells broad, and set this in the gap,|en_UK/by_book/female/elizabeth_klett/wives_and_daughters/wavs/wives_and_daughters_51_f000062.wav|0.0707
./fake/en/Llasa-8B/midnight_passenger_14_f000012.wav|en_US/by_book/female/mary_ann/midnight_passenger/wavs/midnight_passenger_14_f000012.wav|en|True|6.44|['multi-dataset']|Llasa-8B|Llasa|Let me know to whom I can make restitution, she cried. This will - who has it?|en_US/by_book/female/mary_ann/northandsouth/wavs/northandsouth_41_f000160.wav|0.0771
./fake/en/Llasa-8B/wives_and_daughters_23_f000088.wav|en_UK/by_book/female/elizabeth_klett/wives_and_daughters/wavs/wives_and_daughters_23_f000088.wav|en|True|11.94|['multi-dataset']|Llasa-8B|Llasa|He never did conceal anything long from Roger; the feminine part of his character made him always desirous of a confidant, and as sweet sympathy as he could extract.|en_UK/by_book/female/elizabeth_klett/jane_eyre/wavs/jane_eyre_21_f000324.wav|0.4344
./fake/en/Llasa-8B/midnight_passenger_02_f000209.wav|en_US/by_book/female/mary_ann/midnight_passenger/wavs/midnight_passenger_02_f000209.wav|en|True|7.48|['multi-dataset']|Llasa-8B|Llasa|Clayton frankly unbosomed himself to his visitor, pacing up and down in a sudden indignation.|en_US/by_book/male/elliot_miller/pirates_of_ersatz/wavs/piratesofersatz_07_leinster_64kb_f000196.wav|0.1539
./fake/en/Llasa-8B/wives_and_daughters_46_f000154.wav|en_UK/by_book/female/elizabeth_klett/wives_and_daughters/wavs/wives_and_daughters_46_f000154.wav|en|True|5.6|['multi-dataset']|Llasa-8B|Llasa|Well! Now so much has come out, I'll tell you what I know.|en_US/by_book/female/mary_ann/midnight_passenger/wavs/midnight_passenger_15_f000131.wav|0.0293
./fake/en/Llasa-8B/the_master_key_20_f000014.wav|en_US/by_book/female/judy_bieber/the_master_key/wavs/the_master_key_20_f000014.wav|en|True|4.52|['multi-dataset']|Llasa-8B|Llasa|But that is the only time I saw fit to interfere in any way.|en_UK/by_book/female/elizabeth_klett/wives_and_daughters/wavs/wives_and_daughters_23_f000174.wav|0.1070
./fake/en/Llasa-8B/pink_fairy_book_33_f000093.wav|en_US/by_book/male/elliot_miller/pink_fairy_book/wavs/pink_fairy_book_33_f000093.wav|en|True|4.82|['multi-dataset']|Llasa-8B|Llasa|and when it becomes useless your difficulties will be past.|en_US/by_book/female/judy_bieber/the_master_key/wavs/the_master_key_04_f000092.wav|0.0293
./fake/en/Llasa-8B/the_sea_fairies_04_f000077.wav|en_US/by_book/female/judy_bieber/the_sea_fairies/wavs/the_sea_fairies_04_f000077.wav|en|True|10.62|['multi-dataset']|Llasa-8B|Llasa|Its coral walls were thickly inlaid with mother-of-pearl, exquisitely shaded and made into borders and floral decorations.|en_US/by_book/female/mary_ann/northandsouth/wavs/northandsouth_38_f000142.wav|0.2364
./fake/en/Llasa-8B/midnight_passenger_08_f000156.wav|en_US/by_book/female/mary_ann/midnight_passenger/wavs/midnight_passenger_08_f000156.wav|en|True|4.88|['multi-dataset']|Llasa-8B|Llasa|But the vengeance of God was following him out on the dark waters!|en_US/by_book/male/elliot_miller/hunters_space/wavs/hunters_space_13_f000051.wav|-0.0080
./fake/en/Llasa-8B/midnight_passenger_12_f000133.wav|en_US/by_book/female/mary_ann/midnight_passenger/wavs/midnight_passenger_12_f000133.wav|en|True|5.4|['multi-dataset']|Llasa-8B|Llasa|My God! whispered Witherspoon, as Doctor Atwater grasped both his hands.|en_US/by_book/female/mary_ann/northandsouth/wavs/northandsouth_12_f000057.wav|0.7000
./fake/en/Llasa-8B/piratesofersatz_03_leinster_64kb_f000153.wav|en_US/by_book/male/elliot_miller/pirates_of_ersatz/wavs/piratesofersatz_03_leinster_64kb_f000153.wav|en|True|7.54|['multi-dataset']|Llasa-8B|Llasa|which looked like weapons but weren't because nothing happened when one pulled the trigger.|en_US/by_book/female/judy_bieber/emerald_city_of_oz/wavs/emerald_city_of_oz_07_f000051.wav|0.1196
./fake/en/Llasa-8B/silent_bullet_05_f000215.wav|en_US/by_book/male/elliot_miller/silent_bullet/wavs/silent_bullet_05_f000215.wav|en|True|7.92|['multi-dataset']|Llasa-8B|Llasa|whereas the X-ray at best varies slightly with changing conditions of the current and vacuum in the X-ray tube.|en_UK/by_book/female/elizabeth_klett/wives_and_daughters/wavs/wives_and_daughters_13_f000181.wav|0.1874
./fake/en/Llasa-8B/jane_eyre_27_f000044.wav|en_UK/by_book/female/elizabeth_klett/jane_eyre/wavs/jane_eyre_27_f000044.wav|en|True|11.94|['multi-dataset']|Llasa-8B|Llasa|At first I did not know to what room he had borne me; all was cloudy to my glazed sight: presently I felt the reviving warmth of a fire; for,|en_US/by_book/male/elliot_miller/silent_bullet/wavs/silent_bullet_05_f000253.wav|0.1332
./fake/en/Llasa-8B/northandsouth_46_f000245.wav|en_US/by_book/female/mary_ann/northandsouth/wavs/northandsouth_46_f000245.wav|en|True|9.4|['multi-dataset']|Llasa-8B|Llasa|Please, mister Bell, let me tell you about it-you could perhaps help me a little;|en_UK/by_book/female/elizabeth_klett/jane_eyre/wavs/jane_eyre_21_f000324.wav|0.1550
./fake/en/Llasa-8B/rinkitink_baum_17_64kb_f000070.wav|en_US/by_book/female/judy_bieber/rinkitink_in_oz/wavs/rinkitink_baum_17_64kb_f000070.wav|en|True|5.7|['multi-dataset']|Llasa-8B|Llasa|But King Gos assured him the talking goat had never been to Oz.|en_US/by_book/female/judy_bieber/dorothy_and_wizard_oz/wavs/dorothy_and_wizard_oz_16_f000050.wav|0.0286
./fake/en/Llasa-8B/northandsouth_15_f000256.wav|en_US/by_book/female/mary_ann/northandsouth/wavs/northandsouth_15_f000256.wav|en|True|15.0|['multi-dataset']|Llasa-8B|Llasa|He might be the wisest of men, or the most powerful-I should equally rebel and resent his interference I imagine this is a stronger feeling in the North of England that in the South.|en_US/by_book/female/judy_bieber/sky_island/wavs/skyisland_26_baum_64kb_f000067.wav|0.0852
./fake/en/Llasa-8B/northandsouth_15_f000198.wav|en_US/by_book/female/mary_ann/northandsouth/wavs/northandsouth_15_f000198.wav|en|True|6.54|['multi-dataset']|Llasa-8B|Llasa|as Captain Lennox used to call those men in his company who questioned and would know the reason for every order.|en_US/by_book/female/mary_ann/midnight_passenger/wavs/midnight_passenger_01_f000117.wav|0.0761
./fake/en/Llasa-8B/pink_fairy_book_14_f000147.wav|en_US/by_book/male/elliot_miller/pink_fairy_book/wavs/pink_fairy_book_14_f000147.wav|en|True|5.9|['multi-dataset']|Llasa-8B|Llasa|I am certain that all the fish are out of the lake, for the yard is just filled with them.|en_US/by_book/male/elliot_miller/pink_fairy_book/wavs/pink_fairy_book_32_f000173.wav|0.1597
./fake/en/Llasa-8B/northandsouth_38_f000156.wav|en_US/by_book/female/mary_ann/northandsouth/wavs/northandsouth_38_f000156.wav|en|True|9.86|['multi-dataset']|Llasa-8B|Llasa|You are not worthy to know him. He said this. Listen, young lady, that you may understand, if you can, what sort of a man you rejected.|en_US/by_book/female/mary_ann/northandsouth/wavs/northandsouth_41_f000165.wav|0.0464
./fake/en/Llasa-8B/midnight_passenger_09_f000268.wav|en_US/by_book/female/mary_ann/midnight_passenger/wavs/midnight_passenger_09_f000268.wav|en|True|10.0|['multi-dataset']|Llasa-8B|Llasa|As the lonely night hours advanced, Witherspoon sat in his room, vainly striving to reconcile the dozen theories of the flaring editions of the evening papers.|en_US/by_book/female/mary_ann/midnight_passenger/wavs/midnight_passenger_03_f000257.wav|0.7192
./fake/en/Llasa-8B/silent_bullet_05_f000229.wav|en_US/by_book/male/elliot_miller/silent_bullet/wavs/silent_bullet_05_f000229.wav|en|True|9.26|['multi-dataset']|Llasa-8B|Llasa|In one night the maid became extremely nervous. If she had stayed under them several nights no doubt the beginning of a dermatitis would have affected her,|en_UK/by_book/female/elizabeth_klett/wives_and_daughters/wavs/wives_and_daughters_44_f000169.wav|0.1610
./fake/en/Llasa-8B/jane_eyre_11_f000099.wav|en_UK/by_book/female/elizabeth_klett/jane_eyre/wavs/jane_eyre_11_f000099.wav|en|True|3.74|['multi-dataset']|Llasa-8B|Llasa|and now you are here I shall be quite gay.|en_US/by_book/female/judy_bieber/ozma_of_oz/wavs/ozma_of_oz_18_f000077.wav|0.0120
./fake/en/Llasa-8B/skyisland_06_baum_64kb_f000055.wav|en_US/by_book/female/judy_bieber/sky_island/wavs/skyisland_06_baum_64kb_f000055.wav|en|True|2.58|['multi-dataset']|Llasa-8B|Llasa|How vulgar! cried Turquoise.|en_US/by_book/female/mary_ann/midnight_passenger/wavs/midnight_passenger_10_f000095.wav|0.1718
./fake/en/Llasa-8B/pink_fairy_book_20_f000047.wav|en_US/by_book/male/elliot_miller/pink_fairy_book/wavs/pink_fairy_book_20_f000047.wav|en|True|15.04|['multi-dataset']|Llasa-8B|Llasa|But the old woman looked at her steadily, and knew her again, and said: How have you managed to grow so young and beautiful? I should like to be young and beautiful too.|en_US/by_book/female/mary_ann/midnight_passenger/wavs/midnight_passenger_08_f000180.wav|-0.0156
./fake/en/Llasa-8B/wives_and_daughters_58_f000133.wav|en_UK/by_book/female/elizabeth_klett/wives_and_daughters/wavs/wives_and_daughters_58_f000133.wav|en|True|11.46|['multi-dataset']|Llasa-8B|Llasa|to reconcile the long-fixed idea of the house as a place wherein to suffer all a child's tortures of dismay and forlornness with her new and fresh conception.|en_US/by_book/female/mary_ann/midnight_passenger/wavs/midnight_passenger_05_f000183.wav|0.1592
./fake/en/Llasa-8B/hunters_space_10_f000007.wav|en_US/by_book/male/elliot_miller/hunters_space/wavs/hunters_space_10_f000007.wav|en|True|9.56|['multi-dataset']|Llasa-8B|Llasa|Not a single blast was fired at them. Every man was at his post, while Ato guided them in, and Odin worked the screens.|en_US/by_book/male/elliot_miller/pirates_of_ersatz/wavs/piratesofersatz_03_leinster_64kb_f000142.wav|0.3466
./fake/en/Llasa-8B/wives_and_daughters_60_f000376.wav|en_UK/by_book/female/elizabeth_klett/wives_and_daughters/wavs/wives_and_daughters_60_f000376.wav|en|True|11.92|['multi-dataset']|Llasa-8B|Llasa|And she was herself what her works show her to have been - a wise, good woman.|en_UK/by_book/female/elizabeth_klett/wives_and_daughters/wavs/wives_and_daughters_41_f000152.wav|0.0223
./fake/en/Llasa-8B/pink_fairy_book_12_f000075.wav|en_US/by_book/male/elliot_miller/pink_fairy_book/wavs/pink_fairy_book_12_f000075.wav|en|True|3.96|['multi-dataset']|Llasa-8B|Llasa|But what happened to little Gerda when Kay did not come back?|en_UK/by_book/female/elizabeth_klett/jane_eyre/wavs/jane_eyre_17_f000183.wav|0.0863
./fake/en/Llasa-8B/skyisland_13_baum_64kb_f000057.wav|en_US/by_book/female/judy_bieber/sky_island/wavs/skyisland_13_baum_64kb_f000057.wav|en|True|9.12|['multi-dataset']|Llasa-8B|Llasa|The two men walked on either side of them, holding the pointed sticks ready to jab them if they attempted to escape, and the two women followed in the rear,|en_UK/by_book/female/elizabeth_klett/wives_and_daughters/wavs/wives_and_daughters_01_f000164.wav|0.1004
./fake/en/Llasa-8B/wives_and_daughters_08_f000120.wav|en_UK/by_book/female/elizabeth_klett/wives_and_daughters/wavs/wives_and_daughters_08_f000120.wav|en|True|4.92|['multi-dataset']|Llasa-8B|Llasa|and it was brought. Molly testified with quiet vehemence of action;|en_US/by_book/female/mary_ann/northandsouth/wavs/northandsouth_25_f000113.wav|0.2585
./fake/en/Llasa-8B/wives_and_daughters_43_f000196.wav|en_UK/by_book/female/elizabeth_klett/wives_and_daughters/wavs/wives_and_daughters_43_f000196.wav|en|True|12.78|['multi-dataset']|Llasa-8B|Llasa|I have promised once, said Molly, but I promise again; so now do go to bed, and try and rest. You are looking as white as a sheet;|en_UK/by_book/female/elizabeth_klett/wives_and_daughters/wavs/wives_and_daughters_47_f000117.wav|0.2533
./fake/en/Llasa-8B/rinkitink_baum_19_64kb_f000025.wav|en_US/by_book/female/judy_bieber/rinkitink_in_oz/wavs/rinkitink_baum_19_64kb_f000025.wav|en|True|11.36|['multi-dataset']|Llasa-8B|Llasa|Now, see here, Kaliko, said Rinkitink; if you are trying to harm me or my companions, give it up, for you will never succeed.|en_UK/by_book/female/elizabeth_klett/wives_and_daughters/wavs/wives_and_daughters_26_f000015.wav|0.1289
./fake/en/Llasa-8B/skyisland_13_baum_64kb_f000061.wav|en_US/by_book/female/judy_bieber/sky_island/wavs/skyisland_13_baum_64kb_f000061.wav|en|True|9.0|['multi-dataset']|Llasa-8B|Llasa|The houses were big and substantial, all round in shape, with domed roofs and circular windows and doorways.|en_US/by_book/male/elliot_miller/poisoned_pen/wavs/poisoned_pen_03_f000072.wav|0.1927
./fake/en/Llasa-8B/jane_eyre_36_f000024.wav|en_UK/by_book/female/elizabeth_klett/jane_eyre/wavs/jane_eyre_36_f000024.wav|en|True|13.74|['multi-dataset']|Llasa-8B|Llasa|it had opened the doors of the soul's cell and loosed its bands - it had wakened it out of its sleep, whence it sprang trembling, listening, aghast;|en_US/by_book/female/judy_bieber/emerald_city_of_oz/wavs/emerald_city_of_oz_28_f000037.wav|0.1481
./fake/en/Llasa-8B/northandsouth_06_f000108.wav|en_US/by_book/female/mary_ann/northandsouth/wavs/northandsouth_06_f000108.wav|en|True|9.86|['multi-dataset']|Llasa-8B|Llasa|and Dixon showed her sorrow by extreme crossness, and a continual irritable attempt to keep her petticoats from even touching the unconscious mister Hale,|en_UK/by_book/female/elizabeth_klett/wives_and_daughters/wavs/wives_and_daughters_05_f000097.wav|0.2918
./fake/en/Llasa-8B/wives_and_daughters_01_f000164.wav|en_UK/by_book/female/elizabeth_klett/wives_and_daughters/wavs/wives_and_daughters_01_f000164.wav|en|True|4.96|['multi-dataset']|Llasa-8B|Llasa|Certainly, said he. And you see you are going this year; and last year it rained.|en_US/by_book/male/elliot_miller/silent_bullet/wavs/silent_bullet_02_f000266.wav|0.1785
./fake/en/Llasa-8B/pink_fairy_book_22_f000028.wav|en_US/by_book/male/elliot_miller/pink_fairy_book/wavs/pink_fairy_book_22_f000028.wav|en|True|8.7|['multi-dataset']|Llasa-8B|Llasa|praying that he might earn his bread, he replied, Oh, father, I could not suffer you to work, but you shall be overseer, and look after the rest.|en_US/by_book/female/judy_bieber/emerald_city_of_oz/wavs/emerald_city_of_oz_24_f000065.wav|0.2577
./fake/en/Llasa-8B/silent_bullet_08_f000165.wav|en_US/by_book/male/elliot_miller/silent_bullet/wavs/silent_bullet_08_f000165.wav|en|True|11.14|['multi-dataset']|Llasa-8B|Llasa|Let me take these samples and make some further tests. I am sure of it, but it is new to me. Wait till to-morrow night, when my chain of evidence is completed.|en_UK/by_book/female/elizabeth_klett/jane_eyre/wavs/jane_eyre_29_f000016.wav|0.0798
